date,r_p,r_b,excess,nav_p,nav_b,nav_ex
2019-01-07,0.0035101850900545184,0.009063897870857485,-0.005553712780802966,1.0035101850900545,1.0090638978708575,0.994446287219197
2019-01-08,0.0027526484347346614,-0.002261471831882078,0.0050141202666167395,1.0062724958302829,1.0067819282892534,0.9994325605020046
2019-01-09,0.004166873051212994,0.008279534126815369,-0.004112661075602375,1.0104655055753349,1.0151176136227853,0.9953222331127384
2019-01-10,0.0009727118232831788,-0.0018149870908837906,0.0027876989141669695,1.0114483973196278,1.013275188258331,0.9980968918212331
2019-01-11,0.007750875583424133,0.007316661943438829,0.0004342136399853036,1.019288008006306,1.0206889802664916,0.9985302791056888
2019-01-14,-0.002448239845027622,-0.008196065396624874,0.005747825551597252,1.0167925464915462,1.012323346634613,1.004269656957976
2019-01-15,0.009437023976437642,0.01829604152539388,-0.008859017548956238,1.0263880421318499,1.0308448566217656,0.9953728144431011
2019-01-16,-0.0015612697267132214,-0.00042646557466141655,-0.0011348041520518048,1.024785573553809,1.0304052367775995,0.9942432612404316
2019-01-17,-0.00827806079764648,-0.006027084374630731,-0.002250976423015749,1.0163023362713794,1.0241948974754795,0.9920052431006371
2019-01-18,0.0063393178943997874,0.016301756989294258,-0.00996243909489447,1.0227449998578249,1.0408910738038,0.982122451284431
2019-01-21,0.003824348020363244,0.00561478556080508,-0.001790437540441836,1.0266563326733675,1.0467354539753644,0.9803640223783405
2019-01-22,-0.00877123607231678,-0.013685808171963965,0.004914572099647185,1.0176512876143504,1.032410033345464,0.9851820920502189
2019-01-23,0.0015376010147927222,-0.0001312691744010941,0.0016688701891938162,1.0192160292668913,1.0322745097327433,0.9868262330745691
2019-01-24,0.007057255969577625,0.0055394512360007475,0.0015178047335768774,1.0264088976737242,1.0379927440415744,0.9883240426023475
2019-01-25,-0.008467788797231646,0.005073894231308662,-0.013541683028540308,1.0177174839086238,1.0432594094377072,0.974940471687941
2019-01-28,-0.010299232697722815,-0.0007861659155864453,-0.00951306678213637,1.0072357747213079,1.0424392344488924,0.965665797872166
2019-01-29,-0.020554587899653365,-0.0004923841513388982,-0.020062203748314467,0.9865324584541233,1.0419259538911159,0.946292413882476
2019-01-30,-0.015911914228969426,-0.008462480600146649,-0.007449433628822777,0.970834838591107,1.033108675719523,0.9392430713518
2019-01-31,-0.022211846205868246,0.006037592701977346,-0.028249438907845592,0.9492708044650224,1.0393461651203966,0.9127099815880301
2019-02-01,0.02611946077642968,0.017519832200324714,0.008599628576104967,0.9740652460084565,1.057555335531357,0.9205589484273907
2019-02-11,0.022055408354589634,0.019854717913475817,0.0022006904411138173,0.9955486527731868,1.0785527983962233,0.9225848137056767
2019-02-12,0.012730562568280535,0.007476085047303904,0.00525447752097663,1.0082225471870834,1.0866161508450412,0.9274325148704876
2019-02-13,0.014187733677064385,0.019176863738721073,-0.004989130061656688,1.022526940173785,1.10745404070609,0.9228054334303893
2019-02-14,0.0012269462103777773,0.0021810848812759964,-0.0009541386708982191,1.0237815257280405,1.109869491970982,0.9219249490806384
2019-02-15,-0.0018346046319260845,-0.01578180716536437,0.013947202533438285,1.0219032913988595,1.092353745669975,0.934783223066096
2019-02-18,0.027428441378136048,0.03279515689670198,-0.005366715518565934,1.0499325059211173,1.128177658145922,0.929766507436372
2019-02-19,0.0023789831691272134,-0.001034814187271027,0.0034137973563982404,1.0524302776814232,1.1270102038995105,0.932940541881526
2019-02-20,0.0036172825016271837,0.0027430146802989164,0.0008742678213282673,1.056237215309063,1.1301016094336536,0.9337561817765055
2019-02-21,-0.0030621932166414734,-0.0024678289516213425,-0.0005943642650201308,1.0530028128731792,1.1273127119636193,0.933201190469816
2019-02-22,0.015585580838059387,0.023171539767601557,-0.007585958929542169,1.069414473335918,1.1534342832994071,0.9261219645659121
2019-02-25,0.04474815685237621,0.05862139076794293,-0.013873233915566718,1.117268799928955,1.2210502051458438,0.913273657917145
2019-02-26,0.005030663851179229,-0.009419542852556084,0.014450206703735313,1.122889403692808,1.2095484704133501,0.9264706510511241
2019-02-27,0.0014554988440496075,-0.002284976061991739,0.0037404749060413467,1.1245237679218785,1.2067846811126368,0.9299360912725646
2019-02-28,0.006318341727426846,-0.001509488779197321,0.007827830506624167,1.1316288933682226,1.2049630531775901,0.9372154733770388
2019-03-01,0.004874820381717049,0.01863287142115544,-0.01375805103943839,1.137145380962154,1.227414974814691,0.9243212150593662
2019-03-04,0.010634479968075095,0.013298029654991161,-0.002663549686916067,1.149238330736785,1.243737175548757,0.9218592395763849
2019-03-05,0.02617644227370164,0.010753466884571905,0.015422975389129734,1.1793213015600417,1.2571116620791316,0.9360770519406134
2019-03-06,0.026134092038978762,0.010712875622175488,0.015421216416803274,1.21014179299854,1.2705789429581718,0.9505124987413928
2019-03-07,0.02231913863167856,-0.004583111218197211,0.02690224984987577,1.2371511154404626,1.264755738351095,0.9760834234679633
2019-03-08,-0.051093226475831366,-0.039538623180168764,-0.011554603295662602,1.1739410733144358,1.214749037797475,0.9648051667263188
2019-03-11,0.047335741522418706,0.0248678759652452,0.022467865557173505,1.2295104445233986,1.2449572661983235,0.986482279501192
2019-03-12,0.015886640619903636,0.00947417312535448,0.006412467494549157,1.2490432350939598,1.2567522068719543,0.9928080650524422
2019-03-13,-0.01548822179901832,-0.011975976557140555,-0.003512245241877765,1.2296977764322612,1.241701371904321,0.9893210796498639
2019-03-14,-0.03158504345455937,-0.011037378354045613,-0.020547665100513757,1.1908577187276732,1.2279962440598755,0.9689928414283399
2019-03-15,0.023137624290822112,0.012289366106946975,0.010848258183875137,1.2184113372074197,1.2430875394810832,0.9795047259504812
2019-03-18,0.022306639046838272,0.02801172203121438,-0.005705082984376109,1.2455899991170811,1.2779085620974935,0.9739165702053452
2019-03-19,0.005491179983935668,-0.002521199272271679,0.008012379256207347,1.2524297579884234,1.2746866999607036,0.981719959129735
2019-03-20,0.005931376225023932,-7.119586266091105e-07,0.005932088183650541,1.2598583900784683,1.2746857924365114,0.9875436084989425
2019-03-21,0.011595884502534348,0.0036217361123471736,0.007974148390187175,1.274467562459367,1.2793023680028746,0.995418427774894
2019-03-22,0.009891879153316685,0.0008723131265981898,0.009019566026718495,1.2870744415720372,1.2804183202513717,1.004396670008422
2019-03-25,-0.00752127804910574,-0.020981412463749294,0.013460134414643554,1.2773939968270764,1.2535533353480366,1.0179159841923557
2019-03-26,-0.02794642343635889,-0.015560282755179844,-0.012386140681179048,1.241695403296684,1.2340476910013223,1.0053079336105284
2019-03-27,0.010259140107791165,0.011156514847111554,-0.000897374739320389,1.254434130410305,1.2478153623880222,1.004405795665668
2019-03-28,-0.013182932172565054,-0.006593797012509062,-0.006589135160055992,1.2378970103541553,1.239587521179345,0.9977876301224834
2019-03-29,0.022591332706926925,0.03722020208527921,-0.014628869378352283,1.2658627535719762,1.2857252192200306,0.9831911252140859
2019-04-01,0.03246669263668789,0.02913685839173419,0.0033298342449537,1.306961130512429,1.323187212863126,0.9864649886921584
2019-04-02,0.00799244860898951,0.00027560232425005715,0.007716846284739454,1.3174069501819963,1.323551886334409,0.994077387375173
2019-04-03,0.015304632358242642,0.012220755262285499,0.0030838770959571438,1.3375693792207255,1.339726690014238,0.9971429998617083
2019-04-04,0.006037049440135611,0.008987677168434516,-0.0029506277282989046,1.3456443516926926,1.3517677209980212,0.9942008020772372
2019-04-08,0.003208032874844946,-0.0019449329528506976,0.005152965827695644,1.3499612230107723,1.3491386234128522,0.9993238848362087
2019-04-09,0.005129809670915586,0.0038087659353966963,0.0013210437355188898,1.356886267147934,1.354277176643835,1.000644035394026
2019-04-10,0.007131222593779629,0.0016066055668855217,0.0055246170268941075,1.3665625251534086,1.3564529658949371,1.0061722104698239
2019-04-11,-0.011015343583753778,-0.021483946612667504,0.010468603028913726,1.3515093694101616,1.327311002793056,1.0167054279199572
2019-04-12,-0.002753430446983729,-0.002240245888039394,-0.0005131845589443351,1.347788082363044,1.3243374997768993,1.0161836703933538
2019-04-15,-0.011180673171830469,-0.005011125873529254,-0.0061695472983012145,1.3327189043092547,1.3177010778664822,1.0099142771751006
2019-04-16,0.01893313618282244,0.026164389363855456,-0.007231253181033015,1.3579514528179637,1.3521779219329528,1.0026113313457075
2019-04-17,0.013008045599291584,0.0015795688954796105,0.011428476703811974,1.375615747237844,1.3543137801195924,1.0140696515889698
2019-04-18,-0.001535009630260542,-0.004179741971712447,0.0026447323414519053,1.3735041638182959,1.348653097969958,1.016751594393012
2019-04-19,0.00883019308320443,0.010469718028768504,-0.0016395249455640748,1.3856324707853966,1.3627731156243286,1.0150846047905626
2019-04-22,-0.010609257657484328,-0.021069986892094494,0.010460729234610167,1.3709319388842578,1.3340595039412253,1.025703129991498
2019-04-23,-0.018690842212862102,-0.005346716261566242,-0.01334412595129586,1.345308066329999,1.3269266662976058,1.0120160182362532
2019-04-24,0.011954024282173403,0.004331097074092849,0.007622927208080554,1.3613899116219115,1.332673714499543,1.0197305426766796
2019-04-25,-0.04270981753977243,-0.026103553682961356,-0.016606263856811077,1.3032451968960528,1.2978861946512328,1.0027966282221414
2019-04-26,-0.01522187286398713,-0.01233376184630941,-0.002888111017677719,1.2834073641982993,1.2818783754227916,0.999900440231683
2019-04-29,-0.038903325134261535,-0.004267491114752442,-0.03463583401950909,1.2334785502291872,1.2764079708454816,0.9652680545477844
2019-04-30,0.015949639769694324,0.004413641881415797,0.011535997888278526,1.2531520887689875,1.2820415785233783,0.9764033847866703
2019-05-06,-0.06272650069099073,-0.062413211670203306,-0.0003132890207874217,1.1745462434069032,1.2020252461129972,0.976097488326357
2019-05-07,0.022261846873793623,0.010580953654259151,0.011680893219534472,1.200693812023817,1.2147438195333682,0.987499178859353
2019-05-08,-0.00042445529427259654,-0.012139544149966097,0.0117150888556935,1.2001841711785033,1.1999973833052444,0.9990678194846148
2019-05-09,-0.00635989041026741,-0.01693097210989314,0.010571081699625728,1.1925511313776704,1.1796802610765587,1.0096290470278537
2019-05-10,0.028841354914745043,0.03624201870647625,-0.00740066379173121,1.2269459218117145,1.222434255166156,1.0021571218964347
2019-05-13,-0.0058074975241827476,-0.01534757292893485,0.009540075404752102,1.2198204364084868,1.2036728562841652,1.011717776406736
2019-05-14,-0.007223029762598476,-0.006815758142904915,-0.00040727161969356107,1.2110096370912824,1.1954689132125529,1.011305732469266
2019-05-15,0.019292146927398113,0.02244671999854253,-0.0031545730711444175,1.2343726129405426,1.222303269174397,1.0081154946389246
2019-05-16,0.010440688740941395,0.004943554603790812,0.005497134137150583,1.2472603131825972,1.2283457921279526,1.0136572407386946
2019-05-17,-0.03539325122405623,-0.027115304150508113,-0.00827794707354812,1.2031157155763306,1.1950388223724064,1.0052662397491408
2019-05-20,-0.0017865864273789445,-0.007379374872838462,0.005592788445459518,1.2009662453683156,1.1862201829145251,1.0108884811594203
2019-05-21,0.017847087683538154,0.014496844082595883,0.003350243600942271,1.2223999952543736,1.2034166319538653,1.014275203824691
2019-05-22,-0.007146167842667528,-0.005210613049860147,-0.0019355547928073813,1.2136645197174099,1.1971460935469878,1.0123120185927024
2019-05-23,-0.018406102430399973,-0.018613725708575668,0.00020762327817569481,1.191325686251349,1.1748627445286113,1.0125221981325394
2019-05-24,-0.003800938808952381,0.0005781797585457937,-0.004379118567498175,1.1867975302163745,1.1755420263865672,1.0080882433746932
2019-05-27,0.022947017413458948,0.015133997853697734,0.007813019559761214,1.2140309938084997,1.193332676890833,1.015964456538145
2019-05-28,0.0012857270182873304,0.006962083276164099,-0.005676356257876769,1.2155919062582774,1.2016407583635147,1.0101974803374942
2019-05-29,0.003627171607849977,-0.0016659910437640812,0.005293162651614058,1.2200010667073897,1.1996388356222591,1.015544619911171
2019-05-30,-0.008097826929286955,-0.006188908859031006,-0.0019089180702559494,1.2101217092156478,1.1922143802048388,1.0136060284350714
2019-05-31,-0.001191622205710452,-0.0030801049301090178,0.0018884827243985658,1.208679701315334,1.188542234814623,1.0155202059091173
2019-06-03,-0.020503571497318407,-0.002360357147902059,-0.018143214349416348,1.1838974506420576,1.185736850655095,0.9970954051371448
2019-06-04,-0.015434290392245087,-0.009897155684698511,-0.005537134707546576,1.1656248335942094,1.1740014284430773,0.9915743535626247
2019-06-05,0.002837942708806107,-0.00085908062912321,0.003697023337929317,1.1689328100919114,1.1729928665573388,0.9952402270890378
2019-06-06,-0.026125722928445838,-0.01206267912364456,-0.014063043804801278,1.1383935953734805,1.1588434299937336,0.9812441201791843
2019-06-10,0.010596830582026762,0.012226083412010702,-0.0016292528299839404,1.1504569594393177,1.1730115464302975,0.9796454254194772
2019-06-11,0.03729538049489767,0.031740468688176815,0.0055549118067208525,1.19336368948461,1.2102434826906383,0.9850872693595399
2019-06-12,-0.00449105950904094,-0.007616982860429444,0.0031259233513885043,1.188004222139206,1.2010250788260373,0.9881665766579865
2019-06-13,0.010388392303720462,-0.0005029941627993084,0.01089138646651977,1.2003456760572644,1.200420970222012,0.9989290807376663
2019-06-14,-0.02262488970301557,-0.010287463321159929,-0.012337426381855643,1.1731879875309772,1.188071683520902,0.9866048667433706
2019-06-17,0.005122197492444247,0.00035099512273362166,0.004771202369710625,1.1791972880988741,1.1884886908872758,0.9913121582215446
2019-06-18,-0.00033098639772044525,0.002383180442495858,-0.0027141668402163033,1.1788069898362845,1.1913210738915259,0.9886215716333965
2019-06-19,0.0147384047619743,0.013103753250418793,0.0016346515115555071,1.1961807243887361,1.2069318512858243,0.9902376233798234
2019-06-20,0.01594596173768248,0.027783062150996463,-0.011837100413313983,1.2152549764511922,1.2404641139221155,0.978516081198835
2019-06-21,0.02458163441236083,0.0042498064611786734,0.020331827951182158,1.2451279300001175,1.245735846328322,0.9984111018092348
2019-06-24,-0.003365834456998895,0.0015939071767470114,-0.004959741633745907,1.2409370355099514,1.2477214336341156,0.9934592406999974
2019-06-25,-0.009905371716118494,-0.010257749317568399,0.0003523776014499047,1.2286450928969272,1.2349226199497398,0.9938093134843736
2019-06-26,-0.0011859202501359745,-0.0019917791038340793,0.0008058588536981048,1.2271880178010306,1.2324629268804719,0.9946101835185326
2019-06-27,0.002342106274065836,0.010283988140836309,-0.007941881866770473,1.2300622225569808,1.245137561004531,0.9867111069375415
2019-06-28,-0.008359065295244994,-0.004537909244244576,-0.0038211560510004183,1.2197800521214128,1.2394872397560923,0.9829407298206778
2019-07-01,0.020551855953382603,0.029152669118117647,-0.008600813164735044,1.2448487960474217,1.2756216011328307,0.9744866402514819
2019-07-02,-0.0012099683711929154,-0.00046978545555143025,-0.0007401829156414852,1.2433425683772867,1.2750223326578314,0.9737653418888469
2019-07-03,-0.005135082829395121,-0.010496845963812396,0.0053617631344172745,1.2369579013033565,1.2616386196315013,0.9789864410005596
2019-07-04,0.0025654218732269474,-0.004744946464473321,0.007310368337700268,1.240131220159621,1.2556522119238378,0.986143192481888
2019-07-05,0.0003082521376451819,0.004793225989917715,-0.0044849738522725335,1.240513493259196,1.2616708367403289,0.9817203660490101
2019-07-08,-0.03114029619962022,-0.025784930904309555,-0.005355365295310666,1.201883535639479,1.229138741390997,0.9764628948709716
2019-07-09,0.0030504732629359488,-0.0014257375155213303,0.004476210778457279,1.2055498492301102,1.2273863121756152,0.9808337486057567
2019-07-10,-0.006049290124304441,-0.0031046610335803138,-0.002944629090724127,1.1982571284328059,1.2235756937190538,0.9779455570164481
2019-07-11,0.0014365581811386363,-0.00027430480913559485,0.0017108629902742312,1.1999784945137637,1.2232400610219252,0.9796186878764507
2019-07-12,0.005366927061515536,0.005581019279311539,-0.00021409221779600252,1.2064186915692063,1.2300669873857148,0.9794089591389687
2019-07-15,0.007435933498078029,0.006168738047509059,0.0012671954505689698,1.2153895407305533,1.237654948411786,0.9806500617162361
2019-07-16,0.005044996253856793,-0.003150700609566015,0.008195696863422808,1.2215211764105156,1.2337554682113927,0.9886871723511592
2019-07-17,-0.0006910061848544036,-0.0005844785424655718,-0.00010652764238883172,1.2206770977226853,1.2330343646135735,0.9885818498376285
2019-07-18,-0.015425484172301274,-0.011342632232574923,-0.004082851939726351,1.2018475624722733,1.2190485092856351,0.9845456165144407
2019-07-19,0.0062860324378744,0.009709837076483874,-0.0034238046386094734,1.2094024152353544,1.2308852716991292,0.981174724665696
2019-07-22,-0.02368949049635638,-0.010177051911941293,-0.013512438584415087,1.180752288213366,1.2183584883914031,0.9679166614580704
2019-07-23,0.006149142817272413,0.003963663531241446,0.002185479286030967,1.1880129026654114,1.2231876514998186,0.9700320232722913
2019-07-24,0.0071003251801851075,0.008425708721387926,-0.001325383541202818,1.1964481805925915,1.2334938743629547,0.9687463587942066
2019-07-25,0.0003610429006533078,0.007162438195223331,-0.006801395294570023,1.196880149714194,1.2423286980022659,0.9621575318678718
2019-07-26,0.001478560529892592,0.0018027583651816226,-0.0003241978352890307,1.1986498094625735,1.2445683164548946,0.9618456024788332
2019-07-29,-0.002060491743133719,-0.0009072920798098849,-0.001153199663323834,1.196180001427267,1.2434391294785927,0.9607364024538851
2019-07-30,0.005325285177162797,0.00442471632550645,0.000900568851656347,1.2025500010580863,1.2489409948945702,0.9616016117325875
2019-07-31,-0.005422143367905585,-0.007864491299212406,0.002442347931306821,1.1960296025452744,1.2391187093069922,0.9639501774397438
2019-08-01,-0.0054066784343174135,-0.00793244682630112,0.002525768391983707,1.1895630550863876,1.2292894660339395,0.9663848923293682
2019-08-02,-0.01588685226368436,-0.014194659812088006,-0.0016921924515963527,1.1706646425718932,1.2118401202530045,0.9647495831092316
2019-08-05,-0.014061171171245945,-0.0174845644678997,0.003423393296653754,1.1542037266485643,1.1906516235456535,0.9680523003649972
2019-08-06,-0.02502687902008538,-0.013210462016190028,-0.011816417003895352,1.125317609617199,1.1749225654982887,0.9566133907023042
2019-08-07,-0.001479901374396353,-0.0043551158643624355,0.0028752144899660825,1.123652250540094,1.1698056415938896,0.9593638593845472
2019-08-08,0.006247352274857176,0.011633626177036005,-0.005386273902178829,1.130672101983654,1.1834147231279806,0.9541964628660506
2019-08-09,-0.008974405744246794,-0.010263264886431145,0.001288859142184351,1.1205249917767524,1.1712690243540156,0.9554262877006554
2019-08-12,0.01175944417380359,0.0181312059150891,-0.006371761741285509,1.1337017428629028,1.1925055442165438,0.949338539034066
2019-08-13,-0.006574978230798223,-0.00824600171179446,0.0016710234809962365,1.1262476785833613,1.1826721414576098,0.9509249060242065
2019-08-14,0.004136831562554288,0.004756103043165538,-0.0006192714806112498,1.1309067755273785,1.1882970520286635,0.9503360253497029
2019-08-15,5.653828001994654e-05,0.0035446075124423437,-0.003488069232422397,1.1309707150513297,1.1925090986862974,0.9470211874992179
2019-08-16,0.0022289333462539584,0.004231782827502917,-0.0020028494812489583,1.1334915733917443,1.197555538211759,0.9451244466051033
2019-08-19,0.02557574060378176,0.024163274028714765,0.0014124665750669951,1.162481459849384,1.2264924008461748,0.9464594032952117
2019-08-20,0.0007217856977002057,-0.0007958613483372012,0.001517647046037407,1.1633205223409449,1.2255162829503121,0.947895794612817
2019-08-21,0.0011674958377032585,-0.0007213937747357901,0.0018888896124390486,1.1646786942086926,1.2246322031329544,0.9496862651329357
2019-08-22,0.0024604747040457564,0.0026264968456841675,-0.00016602214163841111,1.1675443566741341,1.2278486957516064,0.9495285961853138
2019-08-23,-0.0002719105155628565,0.005519481499370871,-0.005791392014933727,1.1672268890861683,1.234625783911834,0.944029503855415
2019-08-26,-0.00818687522125916,-0.012575653767076034,0.004388778545816874,1.1576709481903213,1.2190995575214538,0.9481726402885536
2019-08-27,0.017481228217868017,0.01427050238230465,0.003210725835563366,1.177908458236832,1.2364967206613302,0.9512169626813024
2019-08-28,0.0026483693284791165,-0.0032553648228793586,0.005903734151358475,1.1810279948693825,1.2324714727332837,0.9568326947492354
2019-08-29,-0.0038128753534828475,-0.002205660050750069,-0.0016072153027327785,1.1765248823359717,1.2297530596421868,0.9552948586000793
2019-08-30,-0.009508965501996425,-0.000391740511085481,-0.009117224990910944,1.1653373478175986,1.2292713155500936,0.946585220441562
2019-09-02,0.01874863930217896,0.015662411037901558,0.003086228264277402,1.1871858374171886,1.2485246681713411,0.949506598503436
2019-09-03,0.004112569325617432,0.0027445068219551505,0.0013680625036622818,1.192068221475958,1.2519512526405165,0.9508055828778285
2019-09-04,0.008925210115586779,0.008720279449080381,0.00020493066650639769,1.2027076808247448,1.262868617420168,0.9510004320996456
2019-09-05,0.006872427021120231,0.009819959033799286,-0.002947532012679055,1.2109732015889536,1.2752699355083048,0.9481973278819602
2019-09-06,0.0026570495168920516,0.005253749357158277,-0.0025966998402662256,1.2141908173492049,1.281969884112185,0.9457351440321082
2019-09-09,0.01525804340596082,0.00972767971336097,0.005530363692599849,1.232716993543438,1.2944404765470028,0.9509654033354791
2019-09-10,0.003023390929705938,-0.003445291781217552,0.00646868271092349,1.2364439789206116,1.28998075141188,0.9571168967987217
2019-09-11,-0.003065459103784307,-0.006880636861673506,0.0038151777578891988,1.2326537104691102,1.281104862302866,0.9607684678950881
2019-09-12,0.006945269736607473,0.009340027950779595,-0.0023947582141721213,1.2412148229801483,1.2930704175246543,0.9584676597146787
2019-09-16,0.0008099460061667951,-0.0024570130908908583,0.0032669590970576534,1.2422201399688162,1.2898933265813526,0.9615989343548192
2019-09-17,-0.023012480133177582,-0.017791935335781828,-0.005220544797395754,1.2136335736767507,1.2669436279247606,0.9565788640408919
2019-09-18,0.001166614713556946,0.0037162751625470225,-0.0025496604489900765,1.2150494164606687,1.2716519390615646,0.954139912744907
2019-09-19,0.0077312117671612945,0.0051313177736924676,0.002599893993468827,1.2244432208068918,1.2781771892584217,0.9566205753729813
2019-09-20,0.0008448601674482248,0.0027750912279733697,-0.001930231060525145,1.2254777041114535,1.2817242475641284,0.9547740766252589
2019-09-23,-0.009826321806757243,-0.010213672813165542,0.00038735100640829856,1.2134357658238484,1.2686331354628075,0.9551439093247323
2019-09-24,0.002893692551803717,0.002463864542115335,0.0004298280096883822,1.216947075861505,1.271758875662227,0.9555544569302433
2019-09-25,-0.017466375053469263,-0.010203733329020026,-0.007262641724449237,1.1956914218142853,1.258782187236155,0.9486146072613583
2019-09-26,-0.01866293620274251,-0.011337904582925051,-0.007325031619817457,1.173376309090799,1.244510234906586,0.9416659752681481
2019-09-27,0.008275135853534454,0.003967332071576735,0.00430780378195772,1.1830861574558442,1.2494476202749363,0.9457224875177491
2019-09-30,-0.010651777314933275,-0.010611892697017233,-3.98846179160417e-05,1.1704841871622444,1.236188616198035,0.9456847677376798
2019-10-08,0.0030056104920401783,0.004681491215512645,-0.001675880723472467,1.1740022067159464,1.2419758223454829,0.9440999128649468
2019-10-09,0.012021429293304298,0.0030625275272169183,0.00895890176608738,1.1881153912341653,1.2457794074895538,0.9525580112416755
2019-10-10,0.011697266299130815,0.009243002822188595,0.00245426347694222,1.2020130933595274,1.2572941500688042,0.9548958395783347
2019-10-11,0.0038524582870218538,0.007737955531131657,-0.0038854972441098035,1.2066437986621492,1.2670230362915886,0.9511855944252412
2019-10-14,0.012817331603095283,0.011633873769165914,0.0011834578339293689,1.2221097523564206,1.2817634223584302,0.9523112824684845
2019-10-15,-0.007416256592284287,-0.006507011894749781,-0.0009092446975345059,1.2130462728490123,1.2734229725228887,0.9514453984844977
2019-10-16,-0.006586241381589142,-0.003686735674034547,-0.002899505707554595,1.2050568572889917,1.2687281986219534,0.9486866771211654
2019-10-17,-0.0033668105523224634,0.0001006191895100983,-0.0034674297418325617,1.2009996591457226,1.2688558570250072,0.9453971727212351
2019-10-18,-0.01205357754041958,-0.014063871975678377,0.002010294435258797,1.186523316628192,1.251010830696218,0.947297699396666
2019-10-21,0.000392112974956893,0.0017632246838639176,-0.0013711117089070246,1.1869885678157308,1.2532166438726826,0.9459988484292026
2019-10-22,0.010763150574584657,0.00553593026089283,0.005227220313691827,1.1997643045014421,1.260154363814952,0.9509437928264408
2019-10-23,-0.0012867003070308192,-0.006668405474869243,0.005381705167838424,1.1982205674024755,1.251751143556108,0.9560614919506187
2019-10-24,0.0025765222595082182,-0.0005035754765086997,0.003080097736016918,1.2013078093661886,1.2511207923775214,0.9590062547874687
2019-10-25,0.0067375869528514265,0.00688387235803245,-0.00014628540518102362,1.2094017251889329,1.2597333482167286,0.958865966168916
2019-10-28,0.007784647930720867,0.010063103692117936,-0.002278455761397069,1.2188164918263351,1.2724101755242525,0.9566812324838908
2019-10-29,-0.011659408652920589,-0.006738382186782466,-0.004921026466138123,1.2046058122752128,1.263836189463219,0.95197337881918
2019-10-30,-0.011038443938995113,-0.006512724997094765,-0.004525718941900347,1.1913088385478252,1.2556051719198689,0.9476650148664731
2019-10-31,-0.008956618754208945,-0.0023124087605309596,-0.006644209993677985,1.180638739462433,1.2527016995205533,0.9413685295040384
2019-11-01,0.010260362607498408,0.015095378233877632,-0.004835015626379224,1.1927525210377774,1.2716117054890375,0.9368169979537048
2019-11-04,-0.0009077210507051348,0.006195101631639721,-0.007102822682344856,1.1916698344661498,1.2794894692405248,0.930162952931433
2019-11-05,0.0015373784724415085,0.006506400302912496,-0.004969021830470988,1.193501882015916,1.2878143399107647,0.9255409529124213
2019-11-06,-0.008371629868563879,-0.005763398012367027,-0.002608231856196852,1.1835103260122444,1.2803921533038252,0.9231269275148204
2019-11-07,0.0028331034690816104,0.00284116918051458,-8.065711432969636e-06,1.1868633332225635,1.2840299640287647,0.9231194818394071
2019-11-08,-0.003289557733550552,-0.004501351595221581,0.0012117938616710289,1.1829590777660937,1.2782500937018715,0.9242381123610891
2019-11-11,-0.024652745777985596,-0.01874283739882132,-0.005909908379164275,1.1537958883561659,1.2542920600405891,0.9187759497965033
2019-11-12,0.003310186993435993,0.00039655746875633113,0.0029136295246796617,1.1576151684988825,1.254789458925,0.921452922530396
2019-11-13,-0.005324519014875073,-0.0010170677529853789,-0.004307451261889694,1.1514514245223024,1.2535132530295414,0.9174838089764705
2019-11-14,0.002247488028791045,0.002879769097203333,-0.0006322810684122881,1.1540392978146508,1.2571230817585508,0.9169037013334799
2019-11-15,-0.011584118150748446,-0.007716328638380121,-0.003867789512368325,1.140670770238159,1.2474227069208086,0.9133573108136105
2019-11-18,0.006889809196420238,0.007260097756778938,-0.0003702885603587003,1.1485297742010336,1.2564791177170795,0.9130191050498963
2019-11-19,0.013577819227215127,0.011587407052912724,0.001990412174302403,1.1641243038522096,1.271038452707552,0.9148363893919582
2019-11-20,-0.006588913201301838,-0.008973103062878796,0.0023841898615769574,1.1564539898586015,1.2596332936745251,0.9170175330365481
2019-11-21,0.0022745182009289433,-0.0036189656687878324,0.005893483869716776,1.1590843655070717,1.2550747240294549,0.9224219610757464
2019-11-22,-0.0007609602126614767,-0.00977247746644938,0.009011517253787904,1.158202348421803,1.2428095345701669,0.9307343824932534
2019-11-25,0.010271819746125344,0.005501841462333346,0.004769978283791998,1.1700991941743308,1.2496472755972483,0.9351739652857247
2019-11-26,-0.0016620031800246293,0.0017533474854272146,-0.003415350665451844,1.1681544855926689,1.2518383415055878,0.9319800182610729
2019-11-27,-0.001741361572160649,-0.0021325102053774136,0.00039114863321676463,1.1661203062611107,1.2491687834668443,0.9323445609714012
2019-11-28,-0.00358244418661946,-0.003348328747690199,-0.000234115438929261,1.1619427453490467,1.2449861557184452,0.932126284715276
2019-11-29,0.0027531405074829873,-0.006423690459615661,0.009176830967098648,1.1651417369886432,1.2369887500276031,0.9406802500700979
2019-12-02,0.001201641262673192,0.0019789758651638234,-0.0007773346024906314,1.1665418193766715,1.2394367209093868,0.9399490267618389
2019-12-03,0.007304712908334121,0.004004012738204388,0.0033007001701297334,1.1750630724627837,1.2443994413281063,0.9430515166743849
2019-12-04,0.0015433867467875562,-0.00052654513100725,0.002069931877794806,1.1768766492354623,1.243744208861247,0.945003569071152
2019-12-05,0.005351926194754997,0.0081089564329202,-0.0027570302381652034,1.1831752062025012,1.2538296764645995,0.9423981656560488
2019-12-06,0.004595307312946106,0.006565787191168848,-0.0019704798782227417,1.1886122598800601,1.262062055294238,0.9405411890333496
2019-12-09,0.0014463972054534757,-0.0007035004058909555,0.0021498976113444312,1.1903314653311183,1.261174194126079,0.9425632562890236
2019-12-10,0.00025211739166541847,0.0021125866569793317,-0.0018604692653139132,1.1906315685953748,1.2638385339007163,0.9408096463200837
2019-12-11,0.00028928763820679215,-0.0005521357817197536,0.0008414234199265458,1.1909760035898282,1.2631407234238334,0.9416012655901902
2019-12-12,-0.003995240068489947,-0.0030124099507120583,-0.0009828301177778886,1.1862177685396762,1.259335625739442,0.9406758315074304
2019-12-13,0.0139682798062859,0.01807262198107029,-0.004104342174784392,1.2027871902418266,1.2820951224507255,0.936814976019374
2019-12-16,0.008103244119613828,0.008024127121351476,7.911699826235186e-05,1.2125336684683006,1.292382816694935,0.9368890940082039
2019-12-17,0.011920578439804208,0.013593381998049825,-0.0016728035582456169,1.2269877711741806,1.3099506700099848,0.9353218625980654
2019-12-18,-0.0021404419082827753,-0.001740526060550085,-0.0003999158477326903,1.224361475127809,1.3076706667307973,0.9349478125624816
2019-12-19,0.003939919715820306,-0.0007601619612270794,0.004700081677047385,1.2291853610429557,1.3066766252321362,0.9393421436453021
2019-12-20,-0.0037975231429983047,-0.00447901447328003,0.0006814913302817249,1.2245175011873604,1.3008240017158248,0.9399822971723646
2019-12-23,-0.018388332851519418,-0.014119108026966587,-0.004269224824552831,1.2020006657930165,1.2824575271115282,0.9359693014146361
2019-12-24,0.014108459190925515,0.008594462067416764,0.0055139971235087515,1.2189590431338224,1.2934795596813613,0.9411302334503289
2019-12-25,2.044592958294622e-05,0.0005718159295289293,-0.0005513699999459831,1.218983965884583,1.2942191918981072,0.9406113224735622
2019-12-26,0.008010368044687688,0.008358817580782496,-0.0003484495360948081,1.2287484760918914,1.3050373340327313,0.9402835668946007
2019-12-27,-0.00197320723597072,-0.0025763445924926742,0.0006031373565219544,1.226323900707679,1.301675108154195,0.9408506870395187
2019-12-30,0.007390629789045811,0.014177271907009681,-0.00678664211796387,1.235387206659268,1.3201293100970832,0.934465470140141
2019-12-31,0.005257617708132711,0.003957540735767262,0.0013000769723654493,1.2418824003134004,1.3253537756182727,0.9356803471793409
2020-01-02,0.01531681207122082,0.014798624492093237,0.0005181875791275825,1.2609040796535573,1.3449671884628256,0.936165205113283
2020-01-03,0.003607186671797935,-0.0006911746910855943,0.004298361362883529,1.2654523960440993,1.3440375811818195,0.9401891814602179
2020-01-06,0.004917625144954529,-0.00046815415145817774,0.005385779296412707,1.2716754165666286,1.3434083644084733,0.9452528328884375
2020-01-07,0.015283855941158997,0.008570670681467663,0.006713185259691334,1.2911115204373464,1.3549222750905474,0.9515984902728657
2020-01-08,-0.01333938795577283,-0.012076569071520438,-0.0012628188842523924,1.273888882972065,1.3385594626488748,0.950396793729123
2020-01-09,0.015344651131459885,0.012885118484783353,0.002459532646676532,1.2934362634615164,1.3558069599240334,0.9527343256705965
2020-01-10,-0.0026358955590454203,-0.00097871722334808,-0.0016571783356973402,1.29002690055875,1.3544800083008206,0.95115547498642
2020-01-13,0.007153143718066746,0.010933667120751833,-0.0037805234026850876,1.299254648378619,1.369289441833295,0.9475596094536417
2020-01-14,0.003277663420607757,-0.0032952932713805616,0.006572956691988319,1.3035131678136642,1.3647772315490494,0.9537878777296579
2020-01-15,-0.0069218856319062105,-0.004723553376452361,-0.00219833225545385,1.2944903987463743,1.3583306334488605,0.9516911350731839
2020-01-16,-0.007408715752119099,-0.003316645619115932,-0.004092070133003167,1.2848998873382151,1.3538255321041215,0.947796748203507
2020-01-17,-0.003976367060667618,0.00028076097956430957,-0.004257128040231928,1.279790653749948,1.354205633486674,0.9437618560902892
2020-01-20,0.00392601631897449,0.009062359582124202,-0.005136343263149712,1.2848151327414412,1.3664779318854687,0.9389143712387421
2020-01-21,-0.012207238391163555,-0.015691932235328276,0.0034846938441647213,1.269131088127492,1.3450352527772504,0.9421862003683954
2020-01-22,0.0007371437199044095,0.005523944853663032,-0.0047868011337586225,1.2700666201388406,1.3524651533398246,0.9376761423962602
2020-01-23,-0.03110406501179297,-0.03209117302341391,0.0009871080116209408,1.230562385416734,1.3090629600958583,0.9386017300287253
2020-02-03,-0.08709674535846756,-0.08077408760595794,-0.0063226577525096195,1.1233844066863843,1.2033245938753607,0.9326672725238402
2020-02-04,0.0010550173281849151,0.024190723250498758,-0.023135705922313843,1.1245695967016511,1.2324338861063184,0.9110893567833621
2020-02-05,0.022413541966285644,0.014768646848727807,0.007644895117557837,1.1497751845513324,1.250635266934628,0.9180545393586942
2020-02-06,0.022551804569230338,0.021649845179427585,0.0009019593898027534,1.1757046898118848,1.2777113268396947,0.9188825872708198
2020-02-07,0.006290094896797882,0.0020844152669450278,0.004205679629852854,1.1830999838814118,1.280374607836108,0.9227471130503312
2020-02-10,0.011688775550973363,0.005975857704982879,0.005712917845990484,1.1969289740473619,1.2880259443016098,0.9280186914998126
2020-02-11,-0.0034436943380002916,0.005719588893245531,-0.009163283231245822,1.1928071165164464,1.2953929231868493,0.9195149933857097
2020-02-12,0.010397468545187083,0.010641784615837313,-0.0002443160706502301,1.2052092909909016,1.3091782156682836,0.9192903410956218
2020-02-13,-0.012356830683024955,-0.006769805024393172,-0.0055870256586317835,1.1903167238445185,1.3003153344060263,0.9141542423721882
2020-02-14,0.0017824188187434142,0.005641570441055732,-0.003859151622312318,1.192438366773364,1.3076511549606629,0.9106263825446939
2020-02-17,0.028965154294665174,0.02485727376082325,0.004107880533841923,1.226977528053833,1.3401557977031768,0.9143671269351521
2020-02-18,0.02520430677121399,-0.0007009922239635813,0.025905298995177573,1.2579026460722877,1.3392163589100872,0.9380540807497687
2020-02-19,0.0012669643585956347,-0.0037126357579273517,0.004979600116522986,1.2594963638914445,1.3342443363683962,0.9427252149595751
2020-02-20,0.022041604825632666,0.021890635246958556,0.00015096957867410943,1.287257685023661,1.363451792466157,0.942867537788083
2020-02-21,0.013116244532825894,0.004266879010356606,0.008849365522469288,1.3041416715971907,1.369269476301064,0.9512113172692404
2020-02-24,0.01289035456064802,0.0005591652508953882,0.012331189309752633,1.3209525201413947,1.3700351242113233,0.9629408840960665
2020-02-25,-0.003546116711196645,-0.00020865897197142047,-0.0033374577392252247,1.316268268335024,1.3697492540907408,0.9597271095900237
2020-02-26,-0.003927148690553772,-0.015892972930951932,0.01196582424039816,1.3110990871286146,1.3479798662732851,0.9712110355021233
2020-02-27,0.002057725979147884,0.002628470787674919,-0.000570744808527035,1.3137969697814362,1.3515229919741585,0.9706567218456262
2020-02-28,-0.06902519130444384,-0.03981209230513383,-0.029213098999310017,1.223111882607074,1.2977160338651725,0.9423008309360043
2020-03-02,0.04325545308926837,0.034086691954228865,0.009168761135039505,1.2760181412681109,1.3419508805555984,0.9509405621722057
2020-03-03,0.014052458006520663,0.006376345979099085,0.007676112027421578,1.2939493326138396,1.3505076236569775,0.9582400884588588
2020-03-04,0.01744369008181712,0.004613193936253923,0.012830496145563197,1.3165205837535294,1.3567377772372966,0.9705347842203543
2020-03-05,0.0277197037318917,0.02039280582854186,0.007326897903349838,1.3530141442921144,1.3844054672887443,0.9776457934959866
2020-03-06,0.0014497825377555174,-0.01376128746783789,0.015211070005593408,1.3549757205718453,1.3653542656813373,0.992516832101528
2020-03-09,-0.03268196039892135,-0.03596363976760564,0.003281679368684287,1.3106924577306163,1.31625115671521,0.9957739541125075
2020-03-10,0.023350912566346027,0.02282224549843681,0.0005286670679092165,1.341298322712453,1.346290963751366,0.9963003870091285
2020-03-11,-0.0013809635148155364,-0.013749345568855098,0.012368382054039562,1.3394460386663039,1.3277803440545215,1.0086230108362448
2020-03-12,-0.021206335783831243,-0.018705974007570125,-0.0025003617762611174,1.3110412962060236,1.302942919450875,1.0061010884132926
2020-03-13,-0.013896935181936687,-0.01220683960531066,-0.0016900955766260273,1.2928218402918061,1.287038104218263,1.0044006814141266
2020-03-16,-0.041067728451792296,-0.04403665433636117,0.0029689258845688737,1.2397285840181558,1.2303612521050777,1.0073826725956556
2020-03-17,-0.0046866543105947844,-0.0030599049493859054,-0.001626749361208879,1.2339184047058995,1.2265964636202287,1.0057439134765178
2020-03-18,-0.015152883463655398,-0.01927785424832873,0.004124970784673332,1.2152209829157314,1.2029503157730423,1.0098925777364716
2020-03-19,0.010163971754205248,-0.007768277802390533,0.01793224955659578,1.2275724546612046,1.1936054635376439,1.028002223465796
2020-03-20,0.013807973563133347,0.01633164778449836,-0.002523674221365013,1.2445227426619971,1.2130990075617936,1.0254078807549294
2020-03-23,-0.04337270111573288,-0.035850202402648135,-0.0075224987130847465,1.1905444297127863,1.1696091626062517,1.0176942512915634
2020-03-24,0.02146378798059878,0.02496034074307607,-0.0034965527624772896,1.2160980229336245,1.1988030058411276,1.0141358296458527
2020-03-25,0.02524860844472543,0.02609497714982245,-0.0008463687050970226,1.2468028057450802,1.2300857428856904,1.013277496816923
2020-03-26,-0.012666506083962692,-0.0073997413982264115,-0.00526676468573628,1.2310101704206085,1.2209834264906911,1.0079408026798362
2020-03-27,-0.006417075329369526,0.0010208856656985787,-0.007437960995068105,1.2231106854257994,1.222229910968851,1.000443778304166
2020-03-30,-0.030978760159672825,-0.012624489621402057,-0.018354270538270767,1.1852202328532604,1.2067998821428576,0.9820813625388415
2020-03-31,-0.004691933995283559,0.003153862452191847,-0.007845796447475406,1.1796592577508382,1.2106059629784576,0.9743761520735025
2020-04-01,0.005630620525989505,-0.003354971823983921,0.008985592349973426,1.1863014713812037,1.206544414082718,0.9831314989715708
2020-04-02,0.03809253675195201,0.018494183327555147,0.019598353424396864,1.2314907037786869,1.2288584676696013,1.0023992575510727
2020-04-03,-0.008472364094622264,-0.006231239155058521,-0.0022411249395637434,1.2210570661571312,1.2212011566698333,1.000152755575575
2020-04-07,0.04007772542776489,0.024961412422982665,0.015116313004782223,1.2699942559862087,1.2516840623928924,1.0152713776814508
2020-04-08,0.008569185959187875,-0.003258703697650467,0.011827889656838342,1.280877072932855,1.2476051949104825,1.0272798955084133
2020-04-09,0.008854355737275998,0.004891427856485553,0.0039629278807904456,1.2922184141923232,1.2537077657147637,1.031350931647699
2020-04-10,-0.03593248945175076,-0.010080885479075485,-0.025851603972675274,1.2457857896549995,1.2410692813043656,1.004688855805893
2020-04-13,-0.022615707657782202,-0.005058561658109917,-0.017557145999672286,1.2176114624319427,1.2347912558229013,0.9870493868802653
2020-04-14,0.02710685729815432,0.020251806428501107,0.006855050869653212,1.2506170825886824,1.2597980093154324,0.9938156606381896
2020-04-15,-0.005393314057962395,-0.0064902585790094225,0.0010969445210470274,1.243872111896029,1.2516215944776539,0.9949058212820575
2020-04-16,0.006358957650937969,0.003291011495095919,0.0030679461558420495,1.2517818419787585,1.25574069553259,0.9979581387718847
2020-04-17,0.003165230654790463,0.00736064245166923,-0.004195411796878767,1.2557440202380998,1.264983753804416,0.99377129342369
2020-04-20,0.010360890542149948,0.005715323581368503,0.004645566960781444,1.2687546465807462,1.2722135452825825,0.9983879245109921
2020-04-21,-0.006362273756940762,-0.010585529487504908,0.004223255730564146,1.260682482188809,1.2587464912845905,1.0026043720345093
2020-04-22,0.007707300443043241,0.008217908311022093,-0.0005106078679788517,1.2703989408423195,1.269090754536788,1.0020924343536783
2020-04-23,-0.008452442053050069,-0.0032766383817619538,-0.005175803671288115,1.2596609674105936,1.2649324030605336,0.9969058006529805
2020-04-24,-0.02330353082377634,-0.010372216605196272,-0.01293131421858007,1.230306419229033,1.2518122501850584,0.9840144984984117
2020-04-27,-0.016121338789120143,0.004710904393114612,-0.020832243182234755,1.2104722326302124,1.2577094180138098,0.9635152691708481
2020-04-28,-0.026692241311282672,0.0033756804170668175,-0.03006792172834949,1.1781620156962398,1.2619550430665594,0.9345443674733495
2020-04-29,0.00046691377233187836,0.0034478638022783503,-0.002980950029946472,1.1787121157674068,1.2663060921796512,0.9317585374131435
2020-04-30,0.031043641978879544,0.014866791562423431,0.016176850416456112,1.2153036326854578,1.285132000906313,0.9468314558971319
2020-05-06,0.020395109085371343,0.009075133637159949,0.011319975448211395,1.2400898828459257,1.2967947455559286,0.9575495647314817
2020-05-07,-0.0061828659328457825,-0.002417414998866829,-0.0037654509339789533,1.232422573355611,1.29365985448757,0.9539439588286324
2020-05-08,0.014317154122840181,0.01024612134253955,0.004071032780300632,1.2500673572828105,1.3069148503326216,0.9578274959555935
2020-05-11,-0.002604075918302362,-0.0011755067311272072,-0.001428569187175155,1.2468120869814545,1.3053785631290455,0.9564591731082421
2020-05-12,-0.005299987563869402,0.0007554714906843341,-0.006055459054553736,1.2402039984259707,1.30636473941804,0.9506673737481328
2020-05-13,0.003941567365796317,0.0026026723501926252,0.0013388950156036916,1.2450923460330967,1.3097647788045899,0.9519402175563413
2020-05-14,-0.006008227833486313,-0.010349366022081696,0.004341138188595384,1.2376115475443998,1.2962095437059102,0.9560727215880349
2020-05-15,0.00015163232885817557,-0.0014015574779759898,0.0015531898068341654,1.2377992094655759,1.2943928315269053,0.9575576839937976
2020-05-18,-0.010562014351795601,0.0005819292731574777,-0.011143943624953079,1.2247255564505592,1.295146076606536,0.9468867151457301
2020-05-19,0.010311336954371031,0.009535169953569733,0.0007761670008012977,1.2373541143397506,1.3074955145616782,0.9476216573675234
2020-05-20,-0.004634829664803886,-0.006624891490042972,0.0019900618252390867,1.2316191887847416,1.2988334986539891,0.9495074830526202
2020-05-21,-0.00948460710954202,-0.006991067997344835,-0.002493539112197185,1.2199377646705456,1.2897532653476698,0.9471398490063047
2020-05-22,-0.015140966412240053,-0.021702479879658454,0.006561513467418401,1.2014667279506457,1.2617624210567382,0.9533545198810881
2020-05-25,-0.0045427659045468305,0.00047884151640453787,-0.005021607420951368,1.196008745863464,1.2623666052877793,0.9485671477492557
2020-05-26,0.02415554879508197,0.013392878003997799,0.010762670791084172,1.2248989934835137,1.2792733272287193,0.9587762636837186
2020-05-27,-0.007235353226504593,-0.00760518717677694,0.0003698339502723469,1.2160364165988706,1.2695442141248867,0.9591308516967442
2020-05-28,-0.0010973266877498666,0.0017499345025535629,-0.0028472611903034295,1.214702027385661,1.271765833347701,0.9563999556462853
2020-05-29,0.013906413704687814,0.0041369410256364425,0.009769472679051372,1.231594176306409,1.2770270535986799,0.9657434788832177
2020-06-01,0.02752307435015955,0.027784670462110972,-0.0002615961119514232,1.2654914343901138,1.3125088294541196,0.9654908441439993
2020-06-02,-0.002922400610606002,0.0021607573506372546,-0.0050831579612432565,1.2617931614495355,1.3153448425551388,0.9605831016730813
2020-06-03,0.001756599320479335,0.0002815002260165844,0.0014750990944627507,1.264009626459523,1.315715112425608,0.9620000569365155
2020-06-04,0.007426656826931222,-7.288436183250369e-05,0.007499541188763725,1.2733969921811754,1.3156192173692853,0.9692146159871039
2020-06-05,0.0028899927563734717,0.003969498085611312,-0.0010795053292378398,1.2770771002645667,1.3208415653340262,0.9681683436439706
2020-06-08,-0.006918034105061421,0.0034106665090962718,-0.010328700614157693,1.2682422373301434,1.3253465154247333,0.9581684226783671
2020-06-09,0.008803325725338151,0.006248524945482892,0.0025548007798552597,1.2794069868439923,1.3336279761877736,0.9606163521118585
2020-06-10,-0.00014396600293731243,-0.0011374436608696525,0.00099347765793234,1.2792227957339664,1.3321110495003003,0.961570702995526
2020-06-11,-0.004031084664170126,-0.009289198239922247,0.005258113575752121,1.2740661403400264,1.3197368058839012,0.9666267509629923
2020-06-12,-0.00026295321138625205,0.001453818206823776,-0.001716771418210028,1.2737311205569055,1.3216554632805106,0.9649672737848618
2020-06-15,-0.0008780120810797376,-0.009080926552288648,0.00820291447120891,1.2726127692450093,1.3096536070910294,0.9728828177992346
2020-06-16,0.017141988342963987,0.015976881347131267,0.001165106995832721,1.2944278825005144,1.3305777873773652,0.9740163303763779
2020-06-17,0.005676161842981031,0.0023269365124871655,0.0033492253304938657,1.3017752646556546,1.333673957413518,0.9772785305423891
2020-06-18,0.0015422556108923846,0.004947692324442254,-0.0034054367135498698,1.3037829348616907,1.3402725658159214,0.973950470355116
2020-06-19,0.007144036563869971,0.012373449256128266,-0.005229412692258295,1.3130972078196923,1.3568563603984254,0.96885728140381
2020-06-22,-0.0043965568669462884,0.00047666227608234024,-0.004873219143028629,1.3073241012736847,1.3575031226394898,0.9641358275532103
2020-06-23,0.002432257509134006,0.004490145279302915,-0.002057887770168909,1.3105038501358794,1.3635985088772484,0.9621517442249068
2020-06-24,0.00034752782091596046,0.0024791224061972983,-0.002131594585281338,1.3109592866832191,1.3669790364936631,0.960100826776698
2020-06-29,-0.005043650590631277,-0.006460870247388728,0.0014172196567574513,1.3043472661026458,1.358147162307977,0.961461500540875
2020-06-30,0.013598456485095944,0.0143161240932701,-0.0007176676081741551,1.3220843756421965,1.3775905656205008,0.9607714907654302
2020-07-01,0.011016653463211235,0.015858615159719314,-0.004841961696508079,1.3366493210577726,1.3994372442483363,0.956119472008047
2020-07-02,0.01708039042040732,0.019537341858412383,-0.0024569514380050617,1.3594798133166117,1.4267785280986105,0.9537703328963922
2020-07-03,0.013086258828616915,0.017708797683026356,-0.0046225388544094415,1.3772703180259527,1.452045060391195,0.9493614924743956
2020-07-06,0.03890796951565778,0.05286497704905879,-0.013957007533401011,1.4308571095745268,1.5288073891829748,0.9361112469720096
2020-07-07,0.01177744102307332,0.007623609603436998,0.004153831419636322,1.447708944794986,1.5404624198769554,0.9399996952819569
2020-07-08,0.0209586118019236,0.01813904595603333,0.0028195658458902706,1.4780509145711165,1.568404938504646,0.9426500863179212
2020-07-09,0.02499621121817941,0.016483204384308614,0.008513006833870795,1.5149965874229594,1.594257277663377,0.9506748729446945
2020-07-10,-0.009212555635899178,-0.014290630129437987,0.005078074493538809,1.501039597073128,1.5714743365771249,0.9555024707686433
2020-07-13,0.030629817383435842,0.024088524371787434,0.006541293011648408,1.547016165816784,1.6093288344334014,0.961752692403295
2020-07-14,-0.006397289641879467,-0.010480448748283244,0.0040831591064037775,1.5371194553233842,1.5924623460649876,0.9656796816673897
2020-07-15,-0.0212400602793259,-0.01591306026103123,-0.00532700001829467,1.504470945435791,1.5671213967886324,0.9605355059854808
2020-07-16,-0.043408967272744126,-0.048082798556142614,0.0046738312833984885,1.4391634154025743,1.4917698143538238,0.9650248868821707
2020-07-17,0.003690290508825189,0.005701899626044726,-0.002011609117219537,1.4444743464950829,1.5002757361004326,0.9630836340213748
2020-07-20,0.035577775953551605,0.02956220812076804,0.006015567832783564,1.4958655311653377,1.5446271996495722,0.9688771289504741
2020-07-21,0.008104511198248954,0.003109338797679939,0.004995172400569015,1.5079887901137419,1.5494299689293942,0.97371683724455
2020-07-22,0.0047235542323438295,0.005918648888527889,-0.0011950946561840592,1.5151118569456108,1.55860050089285,0.9725531534557227
2020-07-23,-0.008208199958426254,-0.0003429562283432386,-0.007865243730083016,1.5026755158644187,1.5580659691435699,0.9649037858633326
2020-07-24,-0.04177189265389514,-0.04560339260661206,0.0038314999527169213,1.4399059155220937,1.487012875045714,0.9686008146732443
2020-07-27,-0.0026446128139215874,0.004399450404364513,-0.007044063218286101,1.4360979218870624,1.4935549144401292,0.9617779293014026
2020-07-28,0.013772762525906979,0.009008373099140377,0.004764389426766602,1.4558769575291615,1.5070094143534607,0.9663602138986637
2020-07-29,0.025181133960902047,0.024881283388968445,0.000299850571933602,1.4925375902272937,1.5445057426618325,0.9666499775614951
2020-07-30,-0.0033959571815375122,-0.004390120940100273,0.0009941637585627605,1.4874689964790466,1.5377251756588677,0.9676109859364022
2020-07-31,0.011021968580583241,0.008880237824062887,0.0021417307565203547,1.5038638330228304,1.5513805409267674,0.9696833481453291
2020-08-03,0.02755744311284447,0.018253667717417876,0.009303775395426594,1.5453064750508214,1.5796989258241125,0.9787050642211584
2020-08-04,-0.0016425127334875889,-0.0008541736642968534,-0.0007883390691907355,1.5427682894884096,1.5783495886041556,0.9779335127818181
2020-08-05,0.009647951859545811,0.002992594889685174,0.006655356969860637,1.5576528436758277,1.5830729495171492,0.9844420094021709
2020-08-06,-0.0011300398680996748,-0.0023446638689303967,0.0012146240008307219,1.555892633861815,1.5793611755705352,0.9856377362942167
2020-08-07,-0.016600614374071454,-0.011642364773282399,-0.004958249600789055,1.5300638602396168,1.560973676655783,0.9807506983817132
2020-08-10,0.013080145039058078,0.004061738266617043,0.009018406772441034,1.5500773174505722,1.5673139431714376,0.9895955071220751
2020-08-11,-0.017505359940455434,-0.01147650145288659,-0.0060288584875688445,1.5229426560730643,1.549326662425501,0.9836293758497022
2020-08-12,-0.007276652381944304,-0.008209634305030744,0.00093298192308644,1.5118607317671857,1.5366072571079539,0.9845470842763869
2020-08-13,0.0036448301617011403,-0.0010063867761722634,0.004651216937873404,1.5173712073626222,1.5350608358842301,0.9891264263509071
2020-08-14,0.011716250582763266,0.013856487979180487,-0.0021402373964172217,1.5351491086551527,1.5563313879039706,0.9870094609834463
2020-08-17,0.014956628782424097,0.02220171592066489,-0.007245087138240791,1.5581097639989772,1.5908846152566287,0.9798584914323532
2020-08-18,0.008993084725733125,0.001264693312822418,0.007728391412910707,1.572121977118612,1.5928965963910158,0.9874312213834066
2020-08-19,-0.014505298146497259,-0.015764484938042167,0.0012591867915449084,1.5493178791178457,1.567785401989351,0.9886745817349317
2020-08-20,-0.009709898864250999,-0.012454213585069374,0.002744314720818375,1.5342741592030356,1.5482598677374217,0.9913878159436859
2020-08-21,0.01294443138779755,0.008263942050121154,0.004680489337676397,1.55413446578691,1.561054597562932,0.9960279960457126
2020-08-24,0.013669794121682566,0.007576486469438759,0.006093307652243807,1.5753791639716281,1.5728819065994226,1.002097101055867
2020-08-25,0.005768043151330948,-0.0003918667879867499,0.006159909939317698,1.5844660189691242,1.5722655464188011,1.0082699289488226
2020-08-26,-0.014784026559321095,-0.013535045710541538,-0.0012489808487795573,1.561041231262343,1.5509848603789131,1.0070106191171653
2020-08-27,0.016542821575492805,0.006035397104710238,0.010507424470782567,1.5868652578231035,1.5603456699146934,1.017591707138815
2020-08-28,0.016526197610680526,0.02219325982981868,-0.0056670622191381526,1.6130901066554115,1.5949748267914428,1.0118249516207802
2020-08-31,-0.0011753164888915757,-0.005204263970616574,0.004028947481724998,1.6111942152549916,1.5866741567663316,1.0159015412115593
2020-09-01,0.003792335976489536,0.005606223298705304,-0.001813887322215768,1.6173044050426149,1.5955694063914485,1.0140588102853363
2020-09-02,0.005383765372772631,0.0005352197538748271,0.004848545618897804,1.626011592495716,1.5964233866564275,1.01897552068725
2020-09-03,-0.009258031701214642,-0.006196928273061286,-0.0030611034281533556,1.6109579256258482,1.58653046543588,1.0158563312276698
2020-09-04,-0.003274080257494316,-0.00895027236643331,0.005676192108938993,1.6056835200859025,1.5723305856525847,1.0216225269188
2020-09-07,-0.01806808043353969,-0.02113571165883954,0.0030676312252998494,1.5766719010941812,1.5390982597618572,1.0247564880828457
2020-09-08,0.0022339030779827684,0.005798880359212832,-0.003564977281230064,1.5801940333070044,1.548023306431289,1.0211032544840373
2020-09-09,-0.027048351784268787,-0.024269653348174547,-0.00277869843609424,1.537452389206714,1.5104533174093067,1.0182659164677117
2020-09-10,-0.027084061669972126,-0.004835672260585122,-0.022248389409387004,1.4958119338827933,1.5031492602014016,0.9956111398358317
2020-09-11,0.013475595292358866,0.010462056818373977,0.003013538473984889,1.5159688901372785,1.5188752931681255,0.9986114523108549
2020-09-14,0.00719025892303593,0.005400680330571506,0.0017895785924644247,1.526869098976633,1.5270782530885296,1.0003985459881002
2020-09-15,0.010814712828777662,0.007492881420934516,0.0033218314078431455,1.5433817498091997,1.53852046935941,1.003721701298524
2020-09-16,-0.010755865040961154,-0.006320142079570212,-0.004435722961390942,1.5267813440015694,1.5287968014007314,0.9992694699012278
2020-09-17,0.011099786712352788,-0.00349849883422948,0.014598285546582268,1.543728291276386,1.5234483075732572,1.0138570909608278
2020-09-18,0.014918383059691065,0.020953787570180182,-0.006035404510489117,1.5667582212657296,1.5553703197842979,1.0077380533010514
2020-09-21,-0.004212832704620584,-0.008175983933352837,0.0039631512287322535,1.5601577309909482,1.5426536370393276,1.0117318716052317
2020-09-22,-0.014156176214822125,-0.012276682304334763,-0.001879493910487362,1.5380718632281234,1.5237149684317692,1.0098303277135037
2020-09-23,0.012667808322324614,0.003983172322878481,0.008684635999446133,1.557555862777458,1.5297841877219822,1.0186003365308969
2020-09-24,-0.02384775648098625,-0.020134850621998823,-0.0037129058589874253,1.5204116498564086,1.4989822116183042,1.0148183693734247
2020-09-25,-0.003977648308600146,0.0008492121680319098,-0.0048268604766320555,1.5143639870289813,1.500255165552074,1.009919982695336
2020-09-28,-0.014810695477804225,-0.0003153614285953399,-0.014495334049208886,1.4919352031745416,1.4997820429398079,0.9952808551831959
2020-09-29,0.010576547852750195,0.0036037980364374,0.0069727498163127954,1.5077147272441198,1.5051869545212384,1.0022206995833542
2020-09-30,0.002723183905635418,-0.0021390994458659884,0.004862283351501406,1.5118205117236405,1.5019672099408974,1.0070937806054685
2020-10-09,0.029514170801476558,0.021954871135699827,0.007559299665776731,1.5564406405278277,1.5349427064851964,1.0147067042846052
2020-10-12,0.028015762554074897,0.029968237438475098,-0.0019524748844002016,1.6000455119423675,1.5809422339676003,1.012725514929457
2020-10-13,0.0063227037906252725,0.0028986153388099734,0.003424088451815299,1.6101621257658985,1.5855247773767513,1.0161931766699857
2020-10-14,-0.003890305097560498,-0.006617105471399154,0.002726800373838656,1.6038981038401325,1.5750331926973327,1.0189641326040217
2020-10-15,-0.004422843324324188,-0.0031173999451655776,-0.0013054433791586106,1.596804313818667,1.570123184308784,1.0176339326235138
2020-10-16,-0.003575136659462852,-0.0022871283380325735,-0.0012880083214302784,1.5910955201783454,1.5665321110797494,1.0163232116501248
2020-10-19,-0.01032567512211413,-0.008368188313154779,-0.0019574868089593522,1.5746663847487326,1.5534230753756302,1.0143337723696806
2020-10-20,0.01233038355503746,0.008515045141851862,0.0038153384131855983,1.5940826252439086,1.566650542986848,1.018203798975194
2020-10-21,-0.010558634032162395,-0.0028358491965045918,-0.007722784835657803,1.5772512901869296,1.5622077583033154,1.0103404301168593
2020-10-22,-0.007049294989899257,-0.003592338036656484,-0.0034569569532427735,1.5661327805692027,1.5565957799520025,1.0068477267418245
2020-10-23,-0.016983000700696804,-0.01340155557118905,-0.0035814451295077543,1.5395351464594116,1.5357349751050973,1.0032417568547292
2020-10-26,0.0027862807920633337,-0.004363880331504366,0.0071501611235677,1.5438247236666978,1.5290332114528329,1.0104150970621315
2020-10-27,0.010312694949039303,0.0015731462559109843,0.008739548693128318,1.5597457170966573,1.5314386043245936,1.019245669003178
2020-10-28,0.00528195044661528,0.0071038417595199466,-0.0018218913129046665,1.5679842166836824,1.5423177018341356,1.0173887141731053
2020-10-29,0.0019648042335189686,0.006088829219162317,-0.004124024985643349,1.5710649987107135,1.5517086109222946,1.0131929776957438
2020-10-30,-0.022884311442852745,-0.017842457084087604,-0.005041854358765141,1.5351122579832526,1.5240223166249043,1.0080846062648783
2020-11-02,0.003439760184361873,0.005370828963174645,-0.0019310687788127723,1.5403926760067892,1.532207579823558,1.0061379255553184
2020-11-03,0.016301539000788345,0.012965906905686664,0.0033356320951016816,1.5655034472912426,1.5520740406637377,1.0094940315118999
2020-11-04,0.0023573266637513246,0.005488641724650245,-0.0031313150608989204,1.569193850309737,1.5605928190030711,1.0063329876471392
2020-11-05,0.018512519378651282,0.015792966916832407,0.002719552461818875,1.5982435818724563,1.585239209764233,1.0090697630011045
2020-11-06,-0.01425524625651664,-0.0017792804848482113,-0.012475965771668429,1.5754602260349673,1.5824186245744833,0.9964806431766772
2020-11-09,0.019049529148890798,0.019465124857185323,-0.00041559570829452497,1.6054720015337385,1.613220600678161,0.9960665100979744
2020-11-10,-0.005636104031511602,-0.005992703483158057,0.00035659945164645546,1.5964233943134152,1.6035530479653748,0.9964217068692789
2020-11-11,-0.013307175578786135,-0.010451699304292239,-0.0028554762744938955,1.5751795079072048,1.5867931936895594,0.993576448325923
2020-11-12,0.0011858396831596618,0.0013288640695305887,-0.00014302438637092685,1.5770474182757812,1.588901826150429,0.9934343426640886
2020-11-13,-0.0004838627959949937,-0.008379362839433524,0.00789550004343853,1.5762843437025575,1.575587841232876,1.0012780035597464
2020-11-16,0.010281654859921607,0.010448090167912927,-0.00016643530799131945,1.5924911552856054,1.5920497250655445,1.001111355546839
2020-11-17,-0.009033356737122022,-0.0033205493466067493,-0.005712807390515273,1.578105614579199,1.5867632453912126,0.9953921991961422
2020-11-18,0.0023756022883469896,-0.0003368692530739681,0.0027124715414209577,1.5818545658884466,1.5862287136419324,0.998092172209014
2020-11-19,0.0047438309781677734,0.006408489295933961,-0.0016646583177661878,1.5893586165810645,1.5963940433742099,0.9964306897726489
2020-11-20,0.002391263426954726,0.004671610580999852,-0.002280347154045126,1.5931591917132102,1.603851774678682,0.9941584818850226
2020-11-23,-0.0022820989440487383,0.011381974737864953,-0.013664073681913691,1.5895234448041,1.6221067750613547,0.9805742271370462
2020-11-24,-0.0013455041792905797,-0.00462273508033606,0.0032772309010454803,1.5873847343660357,1.6146082051682278,0.9837877952949886
2020-11-25,-0.012712801341274615,-0.014311354083927141,0.001598552742652526,1.5672046275858682,1.591500975437251,0.9853604319733454
2020-11-26,-0.004855750201492093,0.0007943326579256116,-0.005650082859417704,1.5595946733996888,1.5927651566371614,0.9797930638863044
2020-11-27,-2.7955451217143157e-05,0.01017027086725486,-0.010198226318472003,1.559551074226878,1.608964009708087,0.9698009124755228
2020-11-30,-0.0030264511882349687,-0.00428296323523536,0.001256512047000391,1.554831169025171,1.6020728760076905,0.9710194790052403
2020-12-01,0.014095264826650133,0.02042355811284713,-0.006328293286196995,1.576746926113311,1.6347929044918497,0.964874582955485
2020-12-02,0.002988835275206103,0.0003073575210070789,0.0026814777541990242,1.5814595629461512,1.6352953703863342,0.9674618726852722
2020-12-03,0.0011118229737030472,-0.0013184934452701302,0.0024303164189731774,1.5832178660202172,1.6331392441593993,0.9698131111591898
2020-12-04,0.005379803397808969,0.0022032304847301454,0.0031765729130788234,1.5917352668753046,1.6367374263279404,0.9728937932188467
2020-12-07,-0.006505269589900942,-0.008059889571463752,0.0015546199815628103,1.581380599848528,1.6235455034142554,0.9744062733497232
2020-12-08,-0.0021994216914380527,-0.0019261407248195583,-0.0002732809666184943,1.5779024770548018,1.6204183263015315,0.9741399866614631
2020-12-09,-0.017924943813581784,-0.014506837530887107,-0.0034181062826946773,1.549618663810283,1.596911180909803,0.9708102726528314
2020-12-10,-0.00023283526244144426,0.0001354447688910465,-0.00036828003133249076,1.5492578579420104,1.597127474175641,0.9704527426152009
2020-12-11,-0.013859648632465471,-0.011976525959872641,-0.0018831226725928296,1.527785688389848,1.5779994355199505,0.9686252610529023
2020-12-14,0.00272010629730568,0.00895543046261138,-0.0062353241653057,1.5319414278617707,1.5921310997347895,0.9625855685555336
2020-12-15,0.0020824845172873196,0.0018428292207086638,0.0002396552965786558,1.535131672166684,1.5950651254485797,0.9628162572854481
2020-12-16,-0.005242141562411207,0.0002594445989059224,-0.005501586161317129,1.527084294624245,1.5954789564802805,0.9575192406884753
2020-12-17,0.007503548868913246,0.012598759615257027,-0.005095210746343781,1.538542846255908,1.6155800123241766,0.9526404783634884
2020-12-18,-0.002370157937672257,-0.0033076696367349,0.0009375116990626431,1.5348962567164057,1.610236207371696,0.9535335899569548
2020-12-21,0.00543365232856563,0.011106804813042714,-0.005673152484477084,1.5432363493358194,1.6281207866298677,0.9481240485020581
2020-12-22,-0.020868946033118507,-0.01785919331469621,-0.0030097527184222983,1.5110306332451835,1.5990438627617696,0.9452704295696774
2020-12-23,-0.0009127926456701241,0.008684902603683042,-0.009597695249353166,1.509651375595775,1.6129314029688726,0.9361980120584426
2020-12-24,-0.016548471344883464,-0.004806950666863541,-0.011741520678019923,1.4846689530659645,1.6051781212857663,0.9252056237411372
2020-12-25,0.010393759377168799,0.009170254036173553,0.0012235053409952457,1.5001002449188852,1.6198980124312645,0.9263376177633034
2020-12-28,-0.008298721082825034,0.002207794293517029,-0.010506515376342063,1.487651331390026,1.62347441401919,0.9166050373385891
2020-12-29,0.001575297370877582,-0.004894801092921952,0.006470098463799534,1.4899948246211472,1.615527829683118,0.9225355621825845
2020-12-30,0.005323113167328364,0.013396728793506174,-0.00807361562617781,1.4979262356913392,1.6371706178757444,0.9150873646520424
2020-12-31,0.015708826722610647,0.018304357546854222,-0.002595530824243575,1.5214568993710669,1.6671379742305463,0.9127122271902123
2021-01-04,0.01220011873235638,0.01246739960584664,-0.00026728087349026097,1.5400188541895568,1.6879228495533602,0.9124682766688836
2021-01-05,0.006156486812533224,0.01680851412735107,-0.010652027314817847,1.5494999599564272,1.7162943246159565,0.9027486396619019
2021-01-06,-0.008964228659851248,0.006722159269268779,-0.015686387929120027,1.5356098880069475,1.7278315284189671,0.8885877742976799
2021-01-07,-0.01704773971258211,0.014140567039075513,-0.031188306751657624,1.5094312103361378,1.752264045978804,0.8608742262171112
2021-01-08,0.0014270313234208132,-0.001933895374913619,0.003360926698334432,1.5115852159538365,1.7488753506446582,0.8637675613879122
2021-01-11,-0.016791608645643774,-0.0111288177716522,-0.0056627908739915744,1.486203268572999,1.7294124355619993,0.8588762263240348
2021-01-12,0.0127016435719578,0.025262757605130748,-0.012561114033172949,1.5050804927658918,1.773102162720901,0.8480877841047973
2021-01-13,-0.012043049750012913,-0.0041040967007791584,-0.007938953049233755,1.4869547335137383,1.7658251799847338,0.8413548550051607
2021-01-14,0.006304829509707455,-0.01701399435319484,0.023318823862902294,1.496329729597195,1.7357814403437442,0.8609742606752238
2021-01-15,0.011070850719184566,-0.002525720126508202,0.013596570845692768,1.5128953726602432,1.7313973422246485,0.8726805582068123
2021-01-18,0.009075752206837873,0.011949121818475739,-0.002873369611637866,1.5266260361773791,1.752086019983076,0.8701730244101937
2021-01-19,0.019415716117905824,-0.012755130449766172,0.032170846567671996,1.556266573914003,1.72973793423898,0.8981672272658212
2021-01-20,-0.0026505062937478563,0.007585883115035497,-0.010236389408783353,1.5521416795650944,1.7428595240277598,0.888973237773321
2021-01-21,0.005759924251537152,0.015542409173658678,-0.009782484922121526,1.5610818980670431,1.7699477598824072,0.880276870478634
2021-01-22,-0.01622351515281717,0.001181012666232606,-0.017404527819049775,1.5357556622389639,1.7720380906053983,0.8649560671979225
2021-01-25,-0.029471946174787433,0.008116840716027252,-0.037588786890814685,1.490493954023832,1.7864214415295754,0.8324434179181026
2021-01-26,-0.0020149553835413503,-0.01938668343784844,0.01737172805430709,1.4874906752070358,1.7517886545560566,0.8469043985947738
2021-01-27,0.0017293249990171233,0.002940743487715336,-0.0012114184886982127,1.4900630300174762,1.7569402156337959,0.8458784429481563
2021-01-28,-0.0011891885074032382,-0.026083986809717463,0.024894798302314225,1.488291064186873,1.7111122102237417,0.8669364161736263
2021-01-29,-0.021509168535089218,-0.005990628168690115,-0.015518540366399103,1.4562791608580101,1.7008615732173857,0.8534828284041345
2021-02-01,-0.001758589988449688,0.011213895943340768,-0.012972485931790456,1.4537181629053373,1.7199348579134723,0.8424110344196372
2021-02-02,0.005392684917966628,0.01414313939809353,-0.008750454480126901,1.461557606917411,1.7442601363645827,0.8350395550093915
2021-02-03,-0.023689355598280448,-0.004124699715773228,-0.01956465588250722,1.4269342490397727,1.737065587075885,0.8187022934673508
2021-02-04,-0.02339979361231692,-0.0039875744758661735,-0.019412219136450748,1.3935442821138957,1.7301389086779557,0.8028094651390477
2021-02-05,-0.008499435709258707,-0.001651334119557979,-0.006848101589700728,1.3816999420800635,1.727281871266481,0.7973117443646022
2021-02-08,-0.008136653404967276,0.014491834797303982,-0.022628488202271257,1.3704575285416947,1.752313354793253,0.7792697849637155
2021-02-09,0.01861200906493443,0.02174949595321074,-0.0031374868882763085,1.3959644964860203,1.790425287012086,0.7768248362309619
2021-02-10,0.010493580745120745,0.019049679540114495,-0.00855609879499375,1.4106131626472183,1.8245323149701838,0.7701782461857649
2021-02-18,0.03411452430623774,-0.002484269278972495,0.03659879358521023,1.4587355596710456,1.8199996853916107,0.7983658408417369
2021-02-19,0.035317072420758544,0.00429062885536835,0.031026443565390194,1.5102538290746836,1.8278086285585133,0.8231362935471483
2021-02-22,0.013743163479640108,-0.026147758057251336,0.039890921536891444,1.5310094943434094,1.7800155307640089,0.8559719588472052
2021-02-23,-0.006389649723248736,-0.0033144737629227095,-0.0030751759603260265,1.521226879951587,1.7741157159896965,0.8533396944566451
2021-02-24,0.01047079675361462,-0.023029098388678393,0.03349989514229301,1.5371553374276952,1.7332594306132691,0.8819264847416992
2021-02-25,-0.01020627781546124,0.003331628453178581,-0.013537906268639821,1.521466703008389,1.7390340070490404,0.8699870466554351
2021-02-26,0.0059904685035574445,-0.0235047126581841,0.029495181161741546,1.5305810013719723,1.6981585124105423,0.8956474722049056
2021-03-01,0.02127774604941468,0.01627565923634533,0.005002086813069351,1.5631483152272239,1.7257971616878354,0.9001275786147807
2021-03-02,-0.005450920201186871,-0.011821725383821535,0.0063708051826346646,1.5546277184983006,1.7053952615741832,0.9058621160576522
2021-03-03,0.008952141352115639,0.018078428103137645,-0.009126286751022006,1.5685449655842145,1.7362261271979837,0.8975949586296225
2021-03-04,-0.006763176076520772,-0.02867310603173223,0.02190992995521146,1.5579366197980282,1.6864431313577721,0.9172612013013485
2021-03-05,0.012629985859959891,-0.002585172389670043,0.015215158249629934,1.577613337276791,1.6820833851378374,0.931217475635394
2021-03-08,-0.010294588137390592,-0.0321067976774575,0.021812209540066907,1.5613724577294723,1.628077074214604,0.9515293863413253
2021-03-09,-0.022177665440437533,-0.02197000165089491,-0.00020766378954262255,1.5267448617340345,1.592308218206325,0.9513317881430965
2021-03-10,-0.01830614295558597,0.0034016070669835585,-0.021707750022569527,1.498796052038425,1.5977246250941917,0.930680515497562
2021-03-11,0.0164178540468638,0.024925053395343566,-0.008507199348479766,1.5234030668668075,1.6375479966857196,0.9227630308224783
2021-03-12,-0.0013407782581672523,0.0030600911192240066,-0.004400869377391259,1.5213605211563273,1.6425590427676806,0.918702071257543
2021-03-15,-0.006975295787678748,-0.018491096131028728,0.01151580034334998,1.5107485815215649,1.6121863256069728,0.929281660885167
2021-03-16,0.01903731571343581,0.007527958825379821,0.011509356888055988,1.5395091792316162,1.6243227978849826,0.9399770951698198
2021-03-17,0.011639294750585005,0.004372272451219628,0.007267022299365378,1.5574279803399242,1.631424779706063,0.9468079296813116
2021-03-18,0.0011549397185048882,0.00796885441784112,-0.006813914699336232,1.5592267157731297,1.6444253662691992,0.9403564612118079
2021-03-19,0.0037146968668380076,-0.022739447517389766,0.026454144384227773,1.5650187703689022,1.6070320419566564,0.9652327868093467
2021-03-22,0.012401918115039656,0.011346179222383457,0.0010557388926561995,1.5844280050075175,1.6252657155208095,0.9662518206028482
2021-03-23,-0.004851013809383575,-0.010437241607285541,0.005586227797901966,1.576741922875252,1.6083024245718809,0.9716495233828732
2021-03-24,-0.006873815588485099,-0.015231369980648224,0.008357554392163125,1.565903689666774,1.583805775302453,0.9797701371246649
2021-03-25,-0.0002802074341866634,0.00018211919897348494,-0.0004623266331601483,1.565464911811709,1.5840942167415808,0.9793171632958971
2021-03-26,0.012658890975238979,0.02099422413922336,-0.008335333163984382,1.5852819614558955,1.617351045785501,0.9711542284666177
2021-03-29,-0.002092148250793069,0.0014790125638914908,-0.0035711608146845597,1.5819653165732217,1.6197431283024408,0.9676860805409025
2021-03-30,-0.006786503408897637,0.008256978398992976,-0.015043481807890613,1.5712293035595397,1.6331173123247513,0.9531287125925365
2021-03-31,0.008724026923136785,-0.007995049078546645,0.01671907600168343,1.5849367503062146,1.6200604592616907,0.9690641439777578
2021-04-01,0.0017952722125995635,0.011651074078285806,-0.009855801865686242,1.5877821432127672,1.6389359036838504,0.9595132397795721
2021-04-02,0.00247296227907845,0.008230423811176557,-0.005757461532098107,1.5917086685603268,1.652425040770522,0.9539888792120025
2021-04-06,0.006713585084083373,-0.0026055318191133825,0.009319116903196756,1.6023947401357796,1.6481195947480949,0.9628792131017287
2021-04-07,0.0053667202499891875,-0.005339669144801329,0.010706389394790516,1.6109943444361425,1.639319181401076,0.9731881728973454
2021-04-08,-0.007411657875191158,0.0015926098327350147,-0.009004267707926172,1.599054205516314,1.6419299772483664,0.9644253260583902
2021-04-09,0.0022345816894455695,-0.01239645059263339,0.01463103228207896,1.6026274227643917,1.6215758734088435,0.9785358641376048
2021-04-12,-0.009836529991432252,-0.01734550261140022,0.0075089726199679685,1.586863130055278,1.5934488248620469,0.9858836631490708
2021-04-13,-0.004687349766018811,-0.0018740535047353513,-0.00281329626128346,1.5794249475339095,1.5904626165071978,0.9831100803254731
2021-04-14,0.01059294460201321,0.008882210709759919,0.001710733892253291,1.5961557085061737,1.6045894405930108,0.9847919200597017
2021-04-15,0.0008152009698794149,-0.004927901236104093,0.005743102205983508,1.5974568961878266,1.5966821823052728,0.9904476807082313
2021-04-16,0.015094004739861777,0.004990671442963723,0.010103333296898054,1.6215689181506105,1.6046506984759927,1.0004545037395662
2021-04-19,0.011284286157828616,0.021830755045396444,-0.010546468887567828,1.6398671658476627,1.6396814348078463,0.9899032414424498
2021-04-20,-0.003163309147619864,-0.00043613902577166463,-0.002727170121848199,1.6346797590410553,1.6389663057442934,0.9872036068988672
2021-04-21,-0.0007288931855539138,0.002035465231529532,-0.0027643584170834457,1.6334882521041274,1.6423023646752843,0.9844746222987611
2021-04-22,0.0018692305482492788,-0.0005391462149062498,0.0024083767631555286,1.6365416182451669,1.641416923571638,0.9868456081030218
2021-04-23,-0.005233768149004447,0.007609987934081408,-0.012843756083085855,1.627976338849075,1.6539080865548152,0.9741708038208821
2021-04-26,-0.004722210442690944,-0.009455639958085515,0.004733429515394572,1.6202886919813082,1.6382693271645867,0.9787819726567236
2021-04-27,-0.004916138816081439,0.0021439827225755437,-0.007060121538656983,1.612323127849401,1.641781748296953,0.9718716529699207
2021-04-28,7.21578053035632e-05,0.005894992899696749,-0.005822835094393186,1.6124394695477469,1.6514600400460153,0.9662126046017615
2021-04-29,0.002874306749733213,0.006835675347047765,-0.003961368597314552,1.6170741151986041,1.6627488847283924,0.9623850803315626
2021-04-30,-0.008782946343461995,-0.006296865812408625,-0.0024860805310533696,1.6028714400114135,1.6522787781215256,0.9599925135199741
2021-05-06,0.0014705471178395602,-0.009247916442768567,0.010718463560608127,1.6052285379877895,1.6369986420412979,0.9702821582945945
2021-05-07,-0.005763396974021506,-0.011479978042737926,0.00571658106871642,1.5959769686893377,1.618205933574672,0.9758288549120147
2021-05-10,-0.003318436071576336,0.0005834409876359636,-0.0039018770592122998,1.590680821147034,1.6191500612427552,0.9720212906893161
2021-05-11,0.008519827822190074,0.003979695537690953,0.004540132284499121,1.6042331478632668,1.625593785516335,0.9764343959323951
2021-05-12,0.004933162525299517,0.005299866265839448,-0.00036670374053993093,1.6121470907101492,1.6342092151821512,0.9760763337870149
2021-05-13,-0.004184311605746616,-0.010454536072846632,0.006270224467100016,1.60540136492832,1.617124315991451,0.9821965514968835
2021-05-14,0.01317099274498812,0.021208263129234295,-0.008037270384246176,1.626546094658585,1.6514207139976806,0.9743023722420289
2021-05-17,-0.004391122573454753,0.013045748504354249,-0.017436871077809002,1.619403731385565,1.6729647333073756,0.9573135873864411
2021-05-18,0.0035791272389100737,0.0011389044872582854,0.0024402227516517883,1.6251997833913596,1.6748700803491643,0.959649645782847
2021-05-19,-0.004664317505822413,-0.002805144589300368,-0.001859172916522045,1.6176193355912285,1.6701718276054918,0.9578654911520575
2021-05-20,1.1427325547597178e-05,0.0008530030888873608,-0.0008415757633397636,1.6176378206539883,1.6715964893334119,0.9570593747701645
2021-05-21,-0.003860169688571835,-0.008496520362738957,0.004636350674167122,1.6113934641716123,1.6573937357235076,0.9614966376475981
2021-05-24,0.003549258540364253,0.003787297004302914,-0.00023803846393866124,1.6171127161862107,1.6636707780537636,0.9612677644648903
2021-05-25,0.008673980803789227,0.026979185635878533,-0.018305204832089306,1.6311395208439734,1.7085552608118626,0.9436715611378759
2021-05-26,0.0061873437572712575,0.0005998619680076533,0.005587481789263604,1.6412319417755057,1.709580158133063,0.9489443088007797
2021-05-27,0.0059973234987367174,0.004521571290703186,0.0014757522080335317,1.6510749406667933,1.7173101466952332,0.9503447154597934
2021-05-28,-0.005735879200030269,-0.003067251233814461,-0.0026686279662158086,1.6416045742569314,1.71204272502894,0.9478085989745719
2021-05-31,0.004428152643367822,0.0036002332010394156,0.0008279194423284064,1.6488738498917919,1.7182064780891873,0.9485933081412691
2021-06-01,0.006848408112364757,0.0018284749474899442,0.0050199331648748124,1.660166010941657,1.7213481755889883,0.9533551831487858
2021-06-02,-0.0012710302062426404,-0.009444918598119134,0.008173888391876494,1.6580558897943727,1.7050901821915294,0.9611478020136609
2021-06-03,0.0004481124661415148,-0.0055235405800201365,0.005971653046161651,1.658798885308149,1.6956720473776006,0.9668874432133675
2021-06-04,-0.00010534052749011646,0.004828309527029173,-0.00493365005451929,1.6586241465585707,1.703859276878671,0.9621171589264439
2021-06-07,0.0029210864813744575,0.0002994260482906963,0.002621660433083761,1.6634691311307641,1.7043694567287901,0.9646395034139923
2021-06-08,0.0018458874251088275,-0.007901310033902265,0.009747197459011092,1.666539707881975,1.6909027052388623,0.9740420351305309
2021-06-09,0.0014252396691309954,0.0009252878375101137,0.0004999518316208817,1.6689149263838303,1.6924672769464328,0.9745290092300701
2021-06-10,0.0009980740516464248,0.007655344692484967,-0.006657270640838542,1.6705806270662593,1.7054236973322092,0.9680413058682773
2021-06-11,-0.004487125444385565,-0.008174380154441274,0.0036872547100557096,1.6630845222276527,1.6914829157058229,0.9716107207328686
2021-06-15,-0.00955142062193537,-0.0107154928972929,0.0011640722753575306,1.6471997024260259,1.6733578425366848,0.9727417458353138
2021-06-16,-0.0026269382098150773,-0.016207023845120072,0.013580085635304995,1.642872610588527,1.646237692081274,0.9859516620447935
2021-06-17,-0.0005929665123119987,0.0049614449785857495,-0.005554411490897748,1.6418984421464533,1.6544054098122092,0.9804752808036621
2021-06-18,0.0023198434632862863,0.0014817251460652603,0.000838118317221026,1.6457073895148466,1.6568567839097144,0.981297035096086
2021-06-21,0.0002167792403995339,-0.0001857746295393925,0.0004025538699389264,1.6460641447126656,1.6565489819544836,0.9816920600151237
2021-06-22,0.007470631579424403,0.005932105428567258,0.0015385261508571446,1.6583612834939143,1.6663758051630233,0.9832024189215457
2021-06-23,0.0021495796471941997,0.005490844341783596,-0.0033412646945893965,1.6619260631566077,1.6755256153240878,0.9799172793915683
2021-06-24,0.0019139440726594348,0.00013089525130083324,0.0017830488213586015,1.6651068966943845,1.6757449336705668,0.9816645197416163
2021-06-25,0.00210571270697657,0.014586953166393135,-0.012481240459416565,1.668613133445228,1.7001889465368398,0.9694121288202435
2021-06-28,-0.0006694529660330462,0.0022428480139751183,-0.0029123009800081645,1.6674960754338815,1.7040022119389624,0.9665889089274485
2021-06-29,-0.0077026305488517854,-0.01111946478865733,0.003416834239805544,1.654651969223154,1.685054619343513,0.9698915830072882
2021-06-30,0.0026995557965587835,0.006423914058180102,-0.003724358261621319,1.6591187945379577,1.6958792654015151,0.966279359277238
2021-07-01,-0.0028641022695093943,-0.002155166647253126,-0.0007089356222562682,1.6543669086331358,1.6922243629709537,0.9655943294183954
2021-07-02,-0.006968532297301544,-0.024074983450962706,0.017106451153661162,1.642838399398739,1.6514840894371121,0.9821122216488434
2021-07-05,0.0032514157478815697,0.0024927161071388593,0.0007586996407427105,1.6481799500417686,1.6556007704275355,0.9828573498385774
2021-07-06,0.00268953589928711,-0.00046044936386269164,0.0031499852631498015,1.6526127891858913,1.6548384501059816,0.9859533360063474
2021-07-07,0.0025245839128797964,0.010582052171922873,-0.008057468259043077,1.6567849488476893,1.672350036921107,0.9780090482965786
2021-07-08,-0.008110904891028614,-0.008394379266978502,0.0002834743759498881,1.643346923702698,1.6583116964440459,0.9782862888012178
2021-07-09,0.0047378066770813465,-0.0009939115733372805,0.005731718250418627,1.6511327837305778,1.6566634812567496,0.9838935501768741
2021-07-12,0.006379681330313414,0.012980999018064265,-0.006601317687750852,1.6616664847248122,1.6781686282802064,0.9773985562812275
2021-07-13,0.004500315535915345,0.003312923601676232,0.0011873919342391126,1.669144508221529,1.6837282727364284,0.9785591114434928
2021-07-14,-0.005003161481233476,-0.010922680815692587,0.005919519334459111,1.6607935087113828,1.665337446232971,0.9843517110235936
2021-07-15,-0.005013679312310115,0.011480080020330297,-0.016493759332640412,1.6524668226547377,1.684455653376578,0.9681160508032977
2021-07-16,-0.0010219611746991042,-0.008730043280714028,0.007708082106014924,1.6507780657195061,1.669750282618157,0.9755783688110404
2021-07-19,-0.0032001323752159916,0.0016385888442798091,-0.004838721219495801,1.6454953573871007,1.672486316803988,0.9708578170565934
2021-07-20,-0.0006767210011051628,-0.00028731718460628386,-0.0003894038164988789,1.6443818161215358,1.6720057827441515,0.9704797613173537
2021-07-21,0.005050009254480514,0.008057867855635115,-0.0030078586011546005,1.652685959510849,1.6854785843953617,0.9675606954200289
2021-07-22,0.0037844241188154104,0.0025375642882674576,0.0012468598305479528,1.6589404241168495,1.6897555946597629,0.9687671079847652
2021-07-23,-0.0068073378100753645,-0.01067488748294787,0.0038675496728725056,1.6476474562430965,1.6717176438130883,0.9725138628963415
2021-07-26,-0.013061770565936714,-0.028641603476679767,0.015579832910743052,1.6261262631961,1.6238369699340245,0.9876654663836477
2021-07-27,-0.012931424054407281,-0.03212244684293508,0.0191910227885278,1.6050981349207025,1.571675353185726,1.0066197768564582
2021-07-28,-0.015533541987958865,-0.001964302641766169,-0.013569239346192696,1.5801652756471174,1.5685881071374643,0.9929607121736819
2021-07-29,0.007200535153685239,0.019286626346094904,-0.012086091192409665,1.5915433112630473,1.598840879850753,0.9809596984558707
2021-07-30,0.00305323805443658,-0.0058776411899191805,0.00893087924435576,1.5964026718662796,1.5894434668392154,0.9897205310663598
2021-08-02,0.018183672715082144,0.02311028747662469,-0.004926614761542547,1.6254311355729787,1.6261759622857126,0.9848445592882066
2021-08-03,0.009837474823652936,-0.0017993189654450514,0.011636793789097988,1.6414212734467595,1.623249953035621,0.9963049923389585
2021-08-04,-0.0017848139013986186,0.010842862127973918,-0.012627676029372537,1.6384916419398603,1.6408506284756263,0.9837239756692556
2021-08-05,-0.0056867696095700415,-0.005299811675735677,-0.0003869579338343643,1.6291739174649422,1.632154429156693,0.9833433158721673
2021-08-06,-0.005909986124363775,-0.00327018827862513,-0.002639797845738645,1.619545522218549,1.6268169768735588,0.9807474883053064
2021-08-09,0.02711138522736789,0.011312043444078324,0.015799341783289567,1.6634536447646748,1.6452196011915166,0.9962426530761448
2021-08-10,0.01117073697247628,0.010170269081321015,0.0010004678911552656,1.682035647896248,1.661951927233498,0.9972393618623469
2021-08-11,0.0028508983193784587,-0.002408303231059783,0.005259201550438242,1.68683096049797,1.6579494430372754,1.0024840446604113
2021-08-12,-0.0011827709281485577,-0.005663714811952603,0.004480943883804045,1.6848358258771923,1.6485592902192767,1.0069761194089435
2021-08-13,8.024619101543173e-05,-0.004400934924570721,0.0044811811155861525,1.6849710275347052,1.641304088063725,1.0114885617790852
2021-08-16,0.005607535549664755,-0.0019864886334439724,0.007594024183108727,1.6944195624717613,1.6380436561487615,1.0191698303781733
2021-08-17,-0.014642017388698192,-0.021323110630788178,0.006681093242089986,1.6696098417742993,1.6031154700506407,1.025978999044455
2021-08-18,0.010191558905813025,0.010557959804612382,-0.0003664008987993572,1.6866257688264672,1.6200410987455875,1.0256030794170559
2021-08-19,-0.003917116321413561,-0.004791550155778368,0.0008744338343648073,1.6800190594992803,1.6122785905665258,1.0264999014503269
2021-08-20,-0.005395458712291079,-0.015463146221333712,0.010067687509042633,1.6709545860278898,1.5873476909710698,1.0368343816861918
2021-08-23,0.015311772975611815,0.014242493340134388,0.001069279635477427,1.6965398633017064,1.609955479888203,1.0379430475758917
2021-08-24,0.005327355179763904,0.010511600377675734,-0.00518424519791183,1.7055779337301427,1.626878688518637,1.0325620963157904
2021-08-25,0.009107469264157508,0.003639013843146799,0.0054684554210107095,1.7211114323392152,1.6327989225872768,1.0382086161089188
2021-08-26,-0.0014672090249208125,-0.016076402234092457,0.014609193209171645,1.7185862021127927,1.606549390340371,1.0533760063730806
2021-08-27,-0.0016564089577950636,0.00611145417736858,-0.007767863135163644,1.71573952053287,1.6163677433231156,1.0451935257257092
2021-08-30,-0.002966847455370125,-0.0005418079203896031,-0.002425039534980522,1.7106491831022992,1.615491982477521,1.0426588901041187
2021-08-31,0.008013152406606494,-0.0002174024174924627,0.008230554824098957,1.7243568757207348,1.6151407706150906,1.0512405512619547
2021-09-01,0.009647927506343024,0.007830249143780055,0.0018176783625629689,1.7409933458527527,1.6277877252512838,1.0531513684658322
2021-09-02,0.005525477068671236,0.003879874513401216,0.0016456025552700204,1.7506131646619714,1.6341033373597136,1.0548844370488657
2021-09-03,0.006381802842006623,-0.005030035540598554,0.011411838382605177,1.7617852327314654,1.6258837394957835,1.0669226077567928
2021-09-06,0.008649075984388688,0.01668620581805902,-0.008037129833670331,1.7770230470775337,1.6530135702092457,1.0583476122357733
2021-09-07,0.011276388716288333,0.013842329626038596,-0.002565940909750264,1.797061449714183,1.6758951289243968,1.055631954800801
2021-09-08,0.013339786534185327,-0.0016176890926834497,0.014957475626868777,1.8210338658421839,1.6731840516538545,1.071421544035678
2021-09-09,0.008138547610993196,0.002119673887702289,0.006018873723290907,1.8358544366605714,1.676730656197465,1.077870295013642
2021-09-10,-0.007028381069983269,0.006219190120595908,-0.013247571190579177,1.8229513520907015,1.6871585629293886,1.0635911315462383
2021-09-13,0.007635192226698173,-0.001911431022720067,0.00954662324941824,1.8368699360838334,1.6839336757119576,1.0737448353705326
2021-09-14,-0.0104791640361378,-0.014196791940896514,0.0037176279047587135,1.817621074710561,1.6600272196756058,1.0777366191330968
2021-09-15,-0.001562420730967462,-0.006372063874806044,0.004809643143838582,1.81478118586239,1.6494494201979162,1.0829201476741739
2021-09-16,-0.00481536525200188,-0.01401620884058552,0.00920084358858364,1.8060423516000015,1.6263303926524395,1.09288392657185
2021-09-17,0.0006021455509823692,0.005719421620152154,-0.005117276069169785,1.8071298519669032,1.6356320618616864,1.0872913378080236
2021-09-22,-0.002245703757892792,-0.0032909776093675847,0.0010452738514747928,1.8030715736673408,1.6302492333689358,1.0884278550123694
2021-09-23,0.01009894260815214,0.006539577035911348,0.0035593655722407913,1.821280690008198,1.6409103738182873,1.0923019676473682
2021-09-24,-0.00879149626055753,-0.004733468188138579,-0.004058028072418951,1.8052689076325652,1.633143176764232,1.0878693755990967
2021-09-27,-0.014698388375503413,-0.0028397700806854775,-0.011858618294817935,1.778734364105961,1.6285054256333813,1.0749687479192451
2021-09-28,0.0019642228741723056,0.001967178216594201,-2.955342421895324e-06,1.7822281948310141,1.6317089860322929,1.0749655710185022
2021-09-29,-0.018937211693659917,-0.014144588862807117,-0.0047926228308528,1.74847776221909,1.6086291332811182,1.0698136664804583
2021-09-30,0.014924751543723191,0.00831675251457864,0.006607999029144551,1.774573358399935,1.6220077036703584,1.0768829941499267
2021-10-08,0.02433200252526846,0.009455570131741364,0.014876432393527095,1.8177522818377965,1.6373447112666382,1.0929031712081372
2021-10-11,-0.0007932302009031611,0.0009327369802729635,-0.0017259671811761246,1.8163103858300822,1.638871923228291,1.0910168562024287
2021-10-12,-0.011276057800067352,-0.012748601136958082,0.0014725433368907304,1.7958295649365996,1.6179785987644941,1.0926234258044651
2021-10-13,0.011840509357778028,0.009777795726577665,0.0020627136312003636,1.8170931017052059,1.6337988629931877,1.094877195038641
2021-10-14,0.006326086340222803,-0.0031767257117590875,0.00950281205198189,1.8285881895548162,1.6286087321372744,1.1052816072430944
2021-10-15,-0.005283722152883752,0.0034031510375696072,-0.00868687319045336,1.8189264376291638,1.6341511336338423,1.0956801660812332
2021-10-18,-0.004744737895624795,-0.00734208396747249,0.002597346071847695,1.810296108431191,1.6221530587951623,1.098526026656606
2021-10-19,0.006306631811908048,0.009243527996559031,-0.0029368961846509833,1.8217129794575966,1.6371474760088391,1.0952997697601783
2021-10-20,-0.003628061340618327,-0.0019837715440204073,-0.0016442897965979197,1.815103693023124,1.633899749432568,1.0934987795245457
2021-10-21,-0.007771695401949219,0.002049367938750324,-0.009821063340699543,1.800997259997995,1.6372482111941873,1.0827594587478575
2021-10-22,-0.0009196298579871032,0.00242422439554435,-0.003343854253531453,1.799341009143548,1.6412172682493256,1.079138868926172
2021-10-25,-0.004593481870588723,0.005684592397159571,-0.010278074267748294,1.7910757688390402,1.6505469194545026,1.068047399486135
2021-10-26,-0.004189428818736407,-0.002560111344728777,-0.00162931747400763,1.7835721843965255,1.646321335561,1.0663072111950838
2021-10-27,-0.020721438253235136,-0.011760140287835563,-0.008961297965399573,1.7466140035073652,1.626960365695946,1.0567517145529104
2021-10-28,-0.012472271486839381,-0.008637401319911864,-0.0038348701669275176,1.7248297594729058,1.6129076560858395,1.052699208928922
2021-10-29,0.020650323295641204,0.009467750381485729,0.011182572914155475,1.7604480516359644,1.6281782631620474,1.0644710945894436
2021-11-01,0.01177248350734783,-0.0014888715975285294,0.01326135510487636,1.7811728972893914,1.625754114790312,1.0785874237736706
2021-11-02,-0.010546723238385125,-0.010472623112748436,-7.410012563668911e-05,1.7623873597019677,1.6087282046721132,1.0785075003100588
2021-11-03,0.007417525173028627,-0.0017975850926519321,0.00921511026568056,1.7754599123071846,1.605836378833266,1.0884460658477795
2021-11-04,0.011096645806796923,0.009416287386323052,0.0016803584204738709,1.7951615620982242,1.6209573956717722,1.0902750453597585
2021-11-05,3.0160485620100985e-07,-0.006921570157028434,0.006921871761884635,1.795162103527669,1.609737825336076,1.0978217894089217
2021-11-08,0.0032355540969111196,0.002127485445066135,0.0011080686518449845,1.8009704476263575,1.6131625191298509,1.0990382513190782
2021-11-09,0.011716512508845423,0.0016690649532646873,0.010047447555580735,1.8220715404040326,1.6158549921544507,1.1100807805107837
2021-11-10,0.010019870144042597,-0.004654006242035269,0.014673876386077866,1.8403284606320367,1.60833479293474,1.12636996866256
2021-11-11,0.012124980794461004,0.014127364556839384,-0.002002383762378379,1.8626424078727002,1.6310563248839778,1.1241145437268794
2021-11-12,0.008293408093916765,-0.00033105962448753967,0.008624467718404305,1.8780900614942242,1.6305163479895437,1.1338094333210404
2021-11-15,0.01818537530402997,-0.0029236587134714442,0.021109034017501416,1.9122438341172654,1.6257492746612865,1.157743055218378
2021-11-16,-0.006969130511842669,-0.001646280972666947,-0.0053228495391757225,1.8989171572668357,1.6230728345640846,1.151580563130425
2021-11-17,0.01221568985295085,0.002390321518280114,0.009825368334670737,1.9221137403164545,1.626952500486279,1.162895266330229
2021-11-18,-0.011712478147458572,-0.008134208915528074,-0.0035782692319304976,1.8996010251360682,1.6137185289516829,1.158734113978762
2021-11-19,0.01455700609065147,0.011129889420015804,0.003427116670635666,1.9272535288287818,1.6316790377339456,1.1627052309776127
2021-11-22,0.0030566486566101503,0.006360685942186084,-0.0033040372855759337,1.9331444657386234,1.6420576356514196,1.1588636095423286
2021-11-23,0.00653997585128141,0.0003593308579634691,0.006180644993317941,1.9457871838615923,1.6426476776304637,1.1660261341085847
2021-11-24,0.007317283776388184,0.0003292759768220854,0.006988007799566098,1.9600250608543668,1.64318856204909,1.1741743338282333
2021-11-25,0.006701039561563427,-0.0038653259039889143,0.010566365465552341,1.9731592663288076,1.6368371027350634,1.186581088959734
2021-11-26,-0.0056303112320486015,-0.0060556609243862525,0.00042534969233765096,1.9620497655489757,1.626924972252445,1.1870858008608567
2021-11-29,-0.005604843799114301,-0.0012781415665433782,-0.004326702232570923,1.9510527830869848,1.6248455318197617,1.1819496340760187
2021-11-30,0.01560902711463208,-0.0019491749308866435,0.017558202045518723,1.981506818880268,1.6216784236425754,1.2027025445587525
2021-12-01,0.015868427552341524,0.0025274318883781177,0.013340995663963406,2.0129502162801405,1.6257771054031844,1.2187477939907485
2021-12-02,-0.007119607261880434,0.00043847354640624836,-0.007558080808286682,1.9986188013025086,1.6264899656562566,1.2095363996788453
2021-12-03,0.00012080605546271883,0.009413052619988926,-0.009292246564526208,1.9988602465562675,1.6418002012888628,1.1982970892242601
2021-12-06,-0.021871384716159015,-0.0033754390309425064,-0.01849594568521651,1.9551424051099988,1.6362584048084232,1.1761334513472153
2021-12-07,0.000655867592173287,0.003393157057774987,-0.0027372894656017,1.9564247196515943,1.6418104865630425,1.1729140336407007
2021-12-08,0.005179017732724667,0.014594105976274196,-0.00941508824354953,1.9665570779674106,1.6657712427969018,1.1618709445118758
2021-12-09,0.009497517424021718,0.013096802254048967,-0.0035992848300272495,1.9852344880807393,1.6875875193642942,1.1576890400468447
2021-12-10,0.007912060273311372,-0.003970761400646339,0.01188282167395771,2.0009417830070904,1.6808865119821899,1.1714456524636165
2021-12-13,0.0031334272305671984,0.005832176955229862,-0.0026987497246626635,2.0072115884767445,1.690689739561729,1.168284213831573
2021-12-14,0.011025601845158883,-0.0060567287921003965,0.01708233063725928,2.029342304270278,1.680449690337617,1.1882412310505344
2021-12-15,0.008411965697533219,-0.00695087314577747,0.015362838843310689,2.046413062122353,1.6687690977122192,1.2064959895901408
2021-12-16,0.012430497671736873,0.00655639637483918,0.0058741012968976936,2.0718509949264767,1.6797102093749032,1.2135830692472942
2021-12-17,0.0026730519724149637,-0.014249777537170383,0.016922829509585346,2.0773891603150147,1.655774712564397,1.2341203286238855
2021-12-20,0.0063129130972083836,-0.01529262091395256,0.021605534011160943,2.090503537553166,1.6304535775662408,1.260784157357834
2021-12-21,0.02551075500931388,0.007794466032089664,0.017716288977224215,2.1438338611457888,1.64316209259348,1.2831205738274916
2021-12-22,-0.0023411889093313265,0.001038054448289305,-0.0033792433576206315,2.1388147410866254,1.644867784312957,1.2787845971513587
2021-12-23,-0.013832782473007232,0.006443020141208233,-0.020275802614215466,2.109228982023113,1.65546570057691,1.2528562130734187
2021-12-24,-0.011855682895745234,-0.0061178064449166625,-0.005737876450828572,2.0842226320577315,1.645337881844582,1.2456674789121505
2021-12-27,0.011475237663376436,-0.0005099293738164423,0.011985167037192879,2.108139582103982,1.6444988757287766,1.2605970117197116
2021-12-28,0.005937295203213289,0.006103051479751986,-0.00016575627653869773,2.120656229132512,1.6545353370257436,1.2603880598528332
2021-12-29,0.0023425378086232573,-0.012391687010943175,0.014734224819566433,2.1256239465283473,1.6340328529807753,1.2789589008866018
2021-12-30,0.009237777201496433,0.00801084119710449,0.001226936004391943,2.1452599869605415,1.647122830676856,1.2805281016102372
2021-12-31,0.00700612117474364,0.0045033975899233525,0.002502723584820288,2.160289938380516,1.6545404796628338,1.2837329094911623
2022-01-04,0.023288683792145326,-0.003636681436999689,0.026925365229145015,2.210600247654813,1.6485234430136795,1.3182978869358848
2022-01-05,-0.0064944764473364724,-0.011983442942395506,0.005488966495059033,2.1962435564119427,1.6287684563951237,1.325533979867783
2022-01-06,0.00977951777095143,-0.0075473397700500655,0.017326857541001495,2.217721759301211,1.6164755874479697,1.3485013183027088
2022-01-07,-0.014042306124666282,-0.0011659789408914323,-0.01287632718377485,2.18657983145777,1.6145908109545404,1.3311375741204914
2022-01-10,0.014141246926700823,0.0039428757502790734,0.01019837117642175,2.217500796779358,1.6209569419096765,1.3447130091882538
2022-01-11,0.00421584244531692,-0.009136228822356651,0.013352071267673571,2.2268494307609443,1.6061475083772023,1.362667713121503
2022-01-12,0.014703972251040476,0.009647915588790301,0.005056056662250175,2.2595929629980986,1.6216434839611715,1.3695574382908642
2022-01-13,0.0013644726610717584,-0.015801126801130105,0.017165599462201864,2.2626761158212596,1.5960196896448746,1.3930667127170446
2022-01-14,-0.01197696419696681,-0.006807674246807283,-0.005169289950159528,2.2355761249927366,1.5851545075062818,1.3858655469590946
2022-01-17,0.01933124375238937,0.00912292567204398,0.010208318080345391,2.2787925919919934,1.5996157542569671,1.400012903279045
2022-01-18,-0.020508058273207563,0.007503812989979819,-0.028011871263187382,2.2320589807228677,1.611618971732737,1.3607959220655912
2022-01-19,0.016248985695392237,-0.006692696269411491,0.02294168196480373,2.2683276751719053,1.6008328954529085,1.3920148693286216
2022-01-20,-0.027246600840765245,0.004757487832511398,-0.03200408867327664,2.2065234564304355,1.6084488384749098,1.3474647020161088
2022-01-21,-0.0018484814590062904,-0.009684139374797396,0.007835657915791105,2.2024447387323614,1.592872395745888,1.3580229744747105
2022-01-24,-0.013033272255779327,0.0012745098877069427,-0.01430778214348627,2.173739676824154,1.5949025273641215,1.3385926776100772
2022-01-25,-0.04257137587378934,-0.025247500386219257,-0.017323875487570084,2.0812005879903035,1.5546352251885138,1.3154030647345871
2022-01-26,0.013400414958034235,0.006882846258906783,0.006517568699127452,2.109089539480278,1.5653355404321674,1.3239762945760376
2022-01-27,-0.031981021475375515,-0.021121842101448962,-0.010859179373926553,2.0416387016246698,1.5322727703113728,1.3095989985064098
2022-01-28,0.023374262238246235,-0.010209507782421356,0.03358377002066759,2.0893605000321975,1.5166290195380865,1.3535802700915456
2022-02-07,0.01587934058121032,0.015218660915812476,0.0006606796653978453,2.122538167009137,1.5397100823215177,1.3544745530514788
2022-02-08,0.019554656862624142,-0.001880716686166406,0.02143537354879055,2.1640436725428236,1.5368143238778371,1.3835082210584682
2022-02-09,0.008463684032253393,0.010711496547654908,-0.002247812515401515,2.182359454419223,1.5532759052024412,1.3803983539640121
2022-02-10,-0.0025015254106079965,-0.0020863116629252776,-0.0004152137476827189,2.176900226788913,1.5500352875656764,1.3798251935901678
2022-02-11,-0.019309317272988902,-0.009641493169230686,-0.009667824103758216,2.1348657696382043,1.5350906329285454,1.366485286324604
2022-02-14,0.005898303584609188,-0.009974097182515629,0.015872400767124817,2.147457856059921,1.5197794897717467,1.3881746884315271
2022-02-15,0.0010947200161997017,0.010400621585031855,-0.009305901568832153,2.149808721158895,1.5355861411375555,1.375256471420639
2022-02-16,0.021094821850007106,0.0033769471448277244,0.01771787470517938,2.1951585531433335,1.5407717343725071,1.399623093268757
2022-02-17,-0.003476456975869513,0.001731580228198748,-0.005208037204068261,2.1875271788781188,1.543439704243914,1.3923338041273403
2022-02-18,0.008646995690801296,0.0059566135334478965,0.0026903821573533993,2.2064427169673886,1.5526333780742743,1.3960797141510446
2022-02-21,0.008797074071152267,-0.001656491221541434,0.0104535652926937,2.225852956982305,1.550061454513222,1.4106737245967276
2022-02-22,-0.012592796445694443,-0.0127449400945564,0.00015214364886195764,2.19782324377698,1.5303060141325702,1.4108883496445415
2022-02-23,0.028654233582533273,0.011752855658576644,0.01690137792395663,2.2608001843772865,1.548291479830122,1.4347343068503913
2022-02-24,-0.021137317137274403,-0.01967778601095216,-0.0014595311263222444,2.213012933896095,1.5178245314074443,1.4326402674715408
2022-02-25,0.01298235114856583,0.009334987288409202,0.003647363860156627,2.241743044900252,1.5319934041141685,1.4378656278077218
2022-02-28,-0.004660043905669653,0.0025597781808603948,-0.007219822086530048,2.2312964238857873,1.535914967403242,1.4274844937906133
2022-03-01,0.00899627163690453,0.007030944486992485,0.001965327149912044,2.2513697726175175,1.546713900275795,1.4302899678223384
2022-03-02,0.004953029931417108,-0.006716745216940989,0.011669775148358097,2.2625208744879797,1.5363250170841414,1.4469811301437774
2022-03-03,-0.006929088472196532,-0.005018582785694892,-0.00191050568650164,2.246843667178461,1.5286148428001705,1.4442166644663772
2022-03-04,-0.011305633822072503,-0.01115643498717378,-0.00014919883489872277,2.221441675421899,1.5115609506860415,1.4440011890226976
2022-03-07,-0.018963451875212978,-0.029342099009108447,0.010378647133895469,2.1793154731164432,1.4672085796127095,1.45898796782449
2022-03-08,-0.03161044888706921,-0.023603099040090947,-0.008007349846978262,2.110426332744697,1.4325779101956395,1.4473053407435874
2022-03-09,-0.020388268103994855,-0.011620745835566826,-0.00876752226842803,2.0673983948589676,1.4159302864116086,1.4346160589394032
2022-03-10,0.015344224540464912,0.016118854775413638,-0.0007746302349487255,2.0991210200442803,1.4387534610703872,1.4335047619646057
2022-03-11,0.008984156950560651,0.004642055237471743,0.004342101713088908,2.117979852746579,1.4454322341097796,1.4397291854472534
2022-03-14,-0.028428984783920086,-0.028820711566646673,0.0003917267827265869,2.057767835740197,1.403773848601368,1.440293165929066
2022-03-15,-0.05042925799789988,-0.04840413140877897,-0.002025126589120907,1.9539961306518747,1.33582539476546,1.437376389942614
2022-03-16,0.027448488667948023,0.04055043735792596,-0.013101948689977938,2.007630371301287,1.3899936987570234,1.4185439582334
2022-03-17,0.01954815064289339,0.01926321324216551,0.00028493740072788043,2.0468758322347322,1.4167694437814462,1.4189481544616773
2022-03-18,0.010631595695909324,0.007530943529293399,0.003100652166615925,2.06863738852278,1.4274390544565927,1.4233478191311246
2022-03-21,0.01333628922752128,-0.00026575223033720174,0.013602041457858483,2.096225335042984,1.4270597093442003,1.4427082551758987
2022-03-22,-0.002104604862638748,-0.0006469628464839117,-0.0014576420161548365,2.091813609009666,1.4261364547325406,1.440605303006101
2022-03-23,0.006620225035307792,0.0053005965796102394,0.0013196284556975524,2.1056618858332294,1.4336958287465533,1.4425063667573768
2022-03-24,-0.015822401831301902,-0.006507518730361261,-0.00931488310094064,2.072345257354719,1.4243660262873443,1.4290695885786693
2022-03-25,-0.00039062263241429473,-0.01658566992087218,0.016195047288457887,2.07153575239502,1.4007419615288381,1.4522134381441978
2022-03-28,-0.008393374489056415,-0.004164517387537647,-0.004228857101518768,2.0541485770576995,1.3949085472745977,1.4460722350333808
2022-03-29,-0.01625922671441704,-0.003781924012365656,-0.012477302702051385,2.020749709638221,1.3896331091446057,1.4280291540278374
2022-03-30,0.018200105168818537,0.026816692230630323,-0.008616587061811787,2.057527566873496,1.4268984725460305,1.415724416495351
2022-03-31,0.0027501835520982176,-0.007620056757688398,0.010370240309786616,2.0631861453459,1.4160254251977709,1.4304058189068405
2022-04-01,-0.007894351417945034,0.011134809999079343,-0.019029161417024376,2.046898628873904,1.4317925992612135,1.4031863956870112
2022-04-06,0.008004717675746731,-0.0024756645920804843,0.010480382267827215,2.063283474508913,1.4282479610200196,1.4178923255068256
2022-04-07,-0.025295624055922006,-0.014867977519165576,-0.01042764653675643,2.011091431416939,1.4070128024437798,1.403107045509261
2022-04-08,-0.014851435988189055,0.004016311636801051,-0.018867747624990105,1.9812238357568548,1.4126638043353628,1.3766335758837467
2022-04-11,-0.03502826708873508,-0.030966274315482267,-0.004061992773252809,1.9118249980753954,1.3689188694547612,1.3710417002470898
2022-04-12,0.02029075475655029,0.018680261847406232,0.0016104929091440567,1.9506173702487855,1.3944906323840314,1.3732497531834786
2022-04-13,-0.01566980199976309,-0.010538826991883687,-0.005130975007879401,1.9200515822796884,1.3797943368675336,1.3662036430203177
2022-04-14,0.009622198479322774,0.012773991478524538,-0.0031517929992017635,1.9385266996949213,1.397419817968796,1.3618976519427624
2022-04-15,-0.01595833346012665,-0.0026656873285576532,-0.013292646131568997,1.907591044199831,1.3936947336673613,1.3437944283880725
2022-04-18,0.015316522719620806,-0.003958101921314405,0.019274624640935212,1.9368087057680627,1.3881783478643068,1.3696955615898327
2022-04-19,0.0038428692777257023,-0.005058187185286611,0.008901056463012313,1.9442516084402905,1.3811566819342473,1.3818872991206812
2022-04-20,-0.002776977140307557,-0.01710706968318343,0.014330092542875872,1.9388524661686457,1.3575291383330037,1.4016898720009052
2022-04-21,-0.03221199230993599,-0.021888189179914308,-0.01032380313002168,1.8763981654383208,1.327815283735925,1.3872191017130227
2022-04-22,-0.004372891398326972,0.0025750936071473607,-0.006947985005474333,1.8681928800408392,1.3312345323845458,1.377580724195013
2022-04-25,-0.07864219568177322,-0.05296798796907187,-0.025674207712701347,1.721274089997372,1.260721717689188,1.3422124305410168
2022-04-26,-0.04188673051434011,-0.0120238705392407,-0.02986285997509941,1.649175546048336,1.245562962969684,1.3021301286709326
2022-04-27,0.019839527263818324,0.031562042439456706,-0.011722515175638382,1.6818944092569843,1.2848754740679487,1.2868658884769317
2022-04-28,-0.01938601766731929,0.0042987383602568485,-0.023684756027576137,1.6492891745245628,1.2903988175564778,1.2563867838681455
2022-04-29,0.0456878468824089,0.02750800431585443,0.01817984256655447,1.7246416457950555,1.3258951137989947,1.2792276978015682
2022-05-05,0.011982960875141613,0.0012337418998256133,0.010749218975316,1.7453079591602576,1.3275309261556625,1.2929783964445267
2022-05-06,-0.004937924469438859,-0.02443718290088792,0.019499258431449062,1.7366897602820137,1.2950898101066115,1.3181905163430792
2022-05-09,0.015509307385238591,-0.004304309483297186,0.019813616868535777,1.7636246156070239,1.2895153427552482,1.3443086381936384
2022-05-10,0.01983978071268888,0.011787938622676908,0.008051842090011974,1.7986145412401675,1.3047160704686471,1.3551327990686126
2022-05-11,0.011148017130170773,0.013007199635705735,-0.001859182505534962,1.818665526956487,1.3216867728651462,1.3526133598759076
2022-05-12,0.011835514790143886,-0.0031902480513131826,0.015025762841457069,1.8401903696991053,1.3174702642135667,1.3729374074375895
2022-05-13,0.005620706530087283,0.007967794505709502,-0.0023470879756222196,1.850533539726677,1.3279675965462032,1.3697150025573108
2022-05-16,-0.0005088257483313319,-0.006378679403903353,0.0058698536555720215,1.8495919406135133,1.319496916989063,1.3777550291721639
2022-05-17,-0.000912134451223956,0.010554220369902056,-0.011466354821126012,1.8479048640837736,1.3334231782283719,1.361957201151085
2022-05-18,0.016440776681970304,-0.003432365531558901,0.019873142213529205,1.8782858552837016,1.328846382472439,1.3890235702983007
2022-05-19,0.007649459574057937,0.0031339042040392506,0.004515555370018687,1.8926537270022192,1.3330108597369918,1.3952957831402437
2022-05-20,0.010831009294765437,0.018580719976943216,-0.0077497106821777795,1.9131530771111527,1.3577791612479893,1.3844826445048442
2022-05-23,0.01719781282907107,-0.002988699887142565,0.020186512716213634,1.9460551256446716,1.3537211668220028,1.4124305210135184
2022-05-24,-0.04254284907454764,-0.026598371572507884,-0.015944477502039756,1.8632643961436206,1.3177143882213023,1.389910054348024
2022-05-25,0.01949192017619783,0.008675460968518012,0.010816459207679818,1.8995829970204035,1.3291461679639707,1.4049439597532234
2022-05-26,0.004937953294605002,0.004620422010378489,0.0003175312842265132,1.908963049138916,1.3352873841734416,1.40539007341303
2022-05-27,-0.0011610094365754886,0.0011032937850463664,-0.002264303221621855,1.9067467250247918,1.336760598445651,1.4022078441421655
2022-05-30,0.00913296655756124,0.007010075186829834,0.0021228913707314057,1.9241609790981826,1.3461313907475467,1.4051845790744668
2022-05-31,0.01721404731464382,0.015160556888605958,0.002053490426037863,1.95728357723337,1.3665394922765133,1.4080701121544124
2022-06-01,0.01762061011301319,-0.001656053733088414,0.019276663846101605,1.991772108028403,1.364276429448916,1.4352130063781556
2022-06-02,0.028389618723746457,0.0033582899961184243,0.025031328727628033,2.048317758759922,1.3688580653338744,1.4711382949349745
2022-06-06,0.02062479416245777,0.018524297076483398,0.0021004970859743732,2.090563890913652,1.3942151987916596,1.4742284166365507
2022-06-07,-0.015297073046839804,0.0023476556965476014,-0.017644728743387406,2.0585843823652605,1.397488336045316,1.4482160561192052
2022-06-08,-0.005920853688434868,0.008617276590789036,-0.014538130279223904,2.046395805431979,1.4095308795694201,1.4271617024228804
2022-06-09,-0.026773423782930017,-0.011305333940553886,-0.015468089842376131,1.991606783305538,1.3935956622763652,1.4050862369902049
2022-06-10,0.016353083209782904,0.015800430016030598,0.000552653193752306,2.0241756947541014,1.4156150730088068,1.405862762386575
2022-06-13,0.004376318295751691,-0.009113075929976455,0.013489394225728146,2.0330341318808696,1.4027144653608585,1.4248269994156786
2022-06-14,0.0010221838815227535,0.007587963551033194,-0.006565779669510441,2.0351122666010637,1.4133582115965238,1.4154718992703457
2022-06-15,0.002263996265483792,0.009427704770453849,-0.007163708504970057,2.0397197531724887,1.4266829355503525,1.4053318711869967
2022-06-16,0.007520225394987756,-0.004840992654756793,0.012361218049744549,2.0550589054589548,1.4197763739386864,1.4227034848789946
2022-06-17,0.0009006585860202865,0.012499173032143984,-0.011598514446123698,2.056909811906934,1.437522404503496,1.406202237957075
2022-06-20,0.013721919169778829,0.004300387614639467,0.009421531555139362,2.085134562085446,1.4437043080475895,1.4194508167148954
2022-06-21,0.004649350295367505,-0.0028937972935907386,0.007543147588958243,2.094829083077559,1.4395265204282162,1.430157943720643
2022-06-22,-0.014083448440774915,-0.013380612963140637,-0.0007028354776342782,2.0653266656938003,1.4202647732081897,1.4291527779791757
2022-06-23,0.02218930394391827,0.01773250705809315,0.004456796885825121,2.1111548268223594,1.445449628323465,1.4355222216294417
2022-06-24,0.009572775422806323,0.01148681250135386,-0.001914037078547537,2.1313644378623033,1.4620532371841684,1.432774578870164
2022-06-27,0.005693866828445193,0.010043957249014968,-0.004350090420569774,2.1435001431343754,1.47673803739423,1.426541879899785
2022-06-28,0.023529615372340995,0.011413562447193826,0.01211605292514717,2.193935877052885,1.4935928792021755,1.4438259368165898
2022-06-29,-0.01666916168754129,-0.016396396013217962,-0.00027276567432332754,2.157364805186193,1.4691033388722543,1.4434321106613286
2022-06-30,0.004957531857153752,0.013946411655274993,-0.008988879798121241,2.168060009935406,1.4895920588003058,1.4304572729218454
2022-07-01,-0.00190321617461775,-0.003679018062037187,0.001775801887419437,2.163933723056955,1.4841118227109122,1.4329974816469728
2022-07-04,0.0012878058574328222,0.008137139157900597,-0.006849333300467775,2.166720449580604,1.4961882471381964,1.4231824042764418
2022-07-05,-0.013153436155990517,-0.0015244811658843282,-0.011628954990106188,2.1382206304791667,1.4939073363348168,1.4066322801544
2022-07-06,-0.0067520534304049695,-0.014526552601497822,0.007774499171092852,2.123783250536177,1.4722060128317855,1.4175681416504928
2022-07-07,0.004205233452669432,0.004639006531574896,-0.0004337730789054639,2.132714254907551,1.479035586141136,1.4169532387531307
2022-07-08,0.010450554274630264,-0.004322038777573645,0.014772593052203908,2.15500230098074,1.4726431369844226,1.4378853123232331
2022-07-11,-0.007040781575052613,-0.015923318937608677,0.008882537362556064,2.139829400485799,1.4491937706329392,1.4506573823330149
2022-07-12,-0.019652915986839048,-0.010106781088071393,-0.009546134898767655,2.0977755130518836,1.4345470864389553,1.4368092112693707
2022-07-13,0.01801053670822128,0.002421039446431683,0.015589497261789598,2.1355575759353123,1.4380201815229876,1.4592083445341686
2022-07-14,0.007884208076082588,0.0014102820585153442,0.006473926017567244,2.152394756222441,1.4400481955847724,1.4686551514008996
2022-07-15,-0.02321675601592954,-0.01695469442141284,-0.006262061594516699,2.1024231323172584,1.4156326184765256,1.459458342381723
2022-07-18,0.03401606566731186,0.012369401360464272,0.021646664306847585,2.1739392956466377,1.4331431465134268,1.4910507471890884
2022-07-19,0.015054504518976053,-0.003200713788620524,0.018255218307596577,2.20666687459693,1.4285560654833143,1.5182702040867302
2022-07-20,0.006133736715312255,0.005454884074713728,0.0006788526405985262,2.220201988224108,1.4363486732147548,1.5193008858239165
2022-07-21,-0.0002664702242555217,-0.010825201102707016,0.010558730878451494,2.2196103705024135,1.4207999099735986,1.5353427750007245
2022-07-22,0.0008779124299940211,-0.0018672549903826496,0.0027451674203766707,2.221558994036421,1.4181469142513652,1.5395575479657673
2022-07-25,-0.004108817861286473,-0.006828337418973374,0.0027195195576869002,2.2124310127618227,1.408463328611181,1.5437444048276447
2022-07-26,0.007848319022230488,0.008986130229407419,-0.0011378112071769308,2.229794877164654,1.4211199635054257,1.541987915142815
2022-07-27,0.004908865635901982,-0.0027819452202225703,0.0076908108561245525,2.2407406406122776,1.417166485615589,1.5538470525406085
2022-07-28,0.006714947075109334,0.0007338747669820567,0.005981072308127278,2.2557870954230355,1.4182065083399948,1.5631407241176243
2022-07-29,-0.0037647333433710184,-0.012006093647381144,0.008241360304010126,2.2472946585293503,1.4011793881895394,1.5760231300309488
2022-08-01,0.002065541085587208,0.005441533443965252,-0.003375992358378044,2.2519365379779632,1.4088039526913676,1.5707024879873372
2022-08-02,-0.037127944653120526,-0.021588317483985153,-0.015539627169135373,2.1683267628335776,1.378390245687973,1.5462943569303806
2022-08-03,-0.004472325821206935,-0.00917165116824925,0.004699325347042316,2.158629299063343,1.3657481311808055,1.5535608971958919
2022-08-04,0.013239447152864958,0.007786257022676546,0.005453190130188412,2.187208357590918,1.3763821971584194,1.562032760147127
2022-08-05,0.012584434870473782,0.014648116086004137,-0.0020636812155303552,2.2147331387151765,1.3965436033611054,1.5588092224819685
2022-08-08,0.009678003266659019,0.0004767629506883253,0.009201240315970693,2.23616733326644,1.3972094236102088,1.5731522007447765
2022-08-09,0.001331817688897452,0.0022128276670467795,-0.0008810099781493275,2.239145500476219,1.400301207279432,1.5717662379587727
2022-08-10,0.003726280399842352,-0.009168019288950058,0.01289429968879241,2.2474891844670384,1.3874632188007543,1.592033062871739
2022-08-11,0.012859636886907833,0.019930195640149195,-0.007070558753241363,2.276391079286537,1.4151156321949645,1.5807764995636016
2022-08-12,0.0003665309040636888,-0.001148367867204847,0.0015148987712685358,2.2772254469668307,1.4134905588745725,1.5831712159404405
2022-08-15,-0.0020671327728890576,-0.0001217744875600113,-0.0019453582853290463,2.2725181196141486,1.4133184317860947,1.5800913806984163
2022-08-16,0.006581306297915868,-0.0005292163264039029,0.0071105226243197706,2.287474257426893,1.412570480597586,1.591326656209365
2022-08-17,0.003358117454565601,0.008105847911888286,-0.004747730457322685,2.295155864657628,1.424020562078133,1.5837714661761304
2022-08-18,-0.0009252336522960203,-0.007498968906380132,0.006573735254084112,2.2930323092143823,1.4133418761610632,1.594182760497745
2022-08-19,-0.007960403460525067,-0.008199452920326755,0.0002390494598016879,2.2747788468850163,1.4017532459871542,1.5945638490254672
2022-08-22,0.004352141497572237,0.008653534167578192,-0.004301392670005955,2.284679006302344,1.4138833655958176,1.5877050037734126
2022-08-23,0.0035032828339862654,-0.003876124068491471,0.0073794069024777365,2.2926828830462918,1.408402978252392,1.5994213250373566
2022-08-24,-0.01966879624936302,-0.021238882170200757,0.0015700859208377382,2.247588570555252,1.3784900733491297,1.6019325539412852
2022-08-25,0.0049862388167816185,0.0077263551816975085,-0.00274011636491589,2.258795583929909,1.3891407772702693,1.5975430723347392
2022-08-26,-0.0046150352007958695,-0.0025476480857198336,-0.002067387115076036,2.24837116279867,1.3856017354282613,1.5942403323712153
2022-08-29,0.009430568712977427,-0.0028091558788960747,0.012239724591873502,2.26957458154172,1.3817093641673743,1.6137533949726959
2022-08-30,0.008775476925662051,-0.0034880035905758833,0.012263480516237935,2.2894911809131084,1.3768899569440263,1.6335436282899563
2022-08-31,-0.017918002838246627,-0.004655744893917069,-0.013262257944329559,2.248468071435367,1.3704795085574983,1.6118791513282589
2022-09-01,0.0020674101160351732,-0.007639739625065367,0.00970714974110054,2.2531165770718347,1.3600094019506315,1.6275259036147602
2022-09-02,0.0129876888055247,-0.002822758858920804,0.015810447664445504,2.282379354017413,1.3561704233630598,1.653257816736391
2022-09-05,0.006709639195594974,-0.00017577168061710946,0.006885410876212084,2.297693295990345,1.355932047008542,1.6646411760889306
2022-09-06,0.006220430767428287,0.011299443221176375,-0.0050790124537480885,2.311985938062837,1.3712533241854885,1.656186442824553
2022-09-07,-0.003938009886346294,0.0009000765065030336,-0.004838086392849328,2.302881314581652,1.372487557087052,1.648173669731502
2022-09-08,-0.005686168735414054,-0.004350755604770384,-0.00133541313064367,2.2897867428493086,1.3665161991555779,1.6459726769713614
2022-09-09,1.0672929153132671e-05,0.012169911219971796,-0.012159238290818664,2.289811181580991,1.3831465799799545,1.62595890297189
2022-09-13,0.003024125490687979,0.0025071827115825673,0.0005169427791054115,2.296735857944072,1.3866143811728648,1.6267994306859035
2022-09-14,-0.004649604092230586,-0.010347911208499094,0.005698307116268508,2.286056945500203,1.3722658186760601,1.6360694334585226
2022-09-15,-0.013877258838651318,-0.012756004624919659,-0.0011212542137316595,2.2543327415476,1.3547611895464091,1.6342349837122996
2022-09-16,-0.030988898360756467,-0.023859477540120078,-0.00712942082063639,2.1844734533484558,1.3224372953722001,1.6225838347936088
2022-09-19,-0.017667152962550503,-0.002619077737850639,-0.015048075224699864,2.145880026705518,1.3189737292921875,1.5981670711892526
2022-09-20,0.012821773014227045,0.002813679187133822,0.010008093827093223,2.1733940133236995,1.322684898222673,1.6141616771890854
2022-09-21,0.010336629075812453,-0.00471640774490778,0.015053036820720234,2.195859581075018,1.3164465769246232,1.6384597123504083
2022-09-22,-0.007406187776614281,-0.007135711451894289,-0.0002704763247199926,2.179596632686499,1.307052794009855,1.63801654778921
2022-09-23,-0.0176332385018817,-0.005794172522846641,-0.011839065979035057,2.1411632854244393,1.2994795046248933,1.6186239618051823
2022-09-26,-0.026848797070273545,-0.007296390762312588,-0.019552406307960957,2.0836756268797583,1.2899979943715336,1.586975968444166
2022-09-27,0.028461438026753605,0.015759873884426456,0.012701564142327149,2.1429800316020535,1.310328200073992,1.6071330454996913
2022-09-28,-0.01682978211245567,-0.01860050956378645,0.001770727451330778,2.1069141445988477,1.2859554278568166,1.6099788401012984
2022-09-29,-0.007203361814292819,-0.00020665827801080727,-0.006996703536282012,2.091737279703651,1.285689674522497,1.5987142954574225
2022-09-30,-0.00338571715983782,-0.006855484946767687,0.003469767786929867,2.084655248901886,1.2768756483125934,1.6042614628203051
2022-10-10,-0.015035231597499199,-0.020003368898668605,0.004968137301169406,2.053311974433704,1.25133383368167,1.6122316540345714
2022-10-11,0.0030098129341094015,0.0035132703602693827,-0.0005034574261599811,2.059492059372116,1.255730107750346,1.6114199640356575
2022-10-12,0.027110949231684334,0.01736645424518657,0.009744494986497765,2.1153268440368107,1.2775376872108957,1.6271224377963454
2022-10-13,0.014663135938919325,-0.005833438408866409,0.020496574347785734,2.1463441691061678,1.2700852497975452,1.6604728738155887
2022-10-14,0.021343432650559047,0.024084575577519418,-0.0027411429269603715,2.1921545213244054,1.3006747139861867,1.6559212803421195
2022-10-17,0.020274935943655592,0.0025528902268832088,0.017722045716772383,2.2366003138228527,1.3039951937518761,1.6852675929757188
2022-10-18,0.001952862491487739,-0.0007302905642422308,0.00268315305572997,2.240968086684167,1.3030428983660618,1.6897894238675344
2022-10-19,-0.00887862477039858,-0.01464004930974483,0.005761424539346249,2.2210713719200603,1.2839662860812697,1.6995250181205326
2022-10-20,-4.8012496166482954e-05,-0.005278598040926119,0.005230585544759636,2.2209647327393305,1.277188744158946,1.7084145291132713
2022-10-21,0.002126014807996013,-0.0020360023770730207,0.0041620171850690335,2.2256865366491714,1.2745883848398676,1.7155249797426622
2022-10-24,-0.01747025751855147,-0.024316330529028485,0.006846073010477016,2.1868032196983376,1.2435950723856408,1.7272695890052778
2022-10-25,-0.0057342031449936215,-0.00240546676758413,-0.0033287363774094914,2.174263645798461,1.2406036457666858,1.7215199638907628
2022-10-26,0.022827032009216763,0.010525023440587589,0.012302008568629175,2.223895631637579,1.2536610282188585,1.742698117237613
2022-10-27,0.0043646400784678185,-0.005572213950333471,0.00993685402880129,2.2336021356417537,1.246675360748428,1.7600150540448698
2022-10-28,-0.03563094260476585,-0.026225385701158288,-0.00940555690360756,2.15401678614482,1.2139808185686698,1.7434611323028448
2022-10-31,0.014489777076795773,-0.00564501675189788,0.020134793828693653,2.1852280091957343,1.2071278765113669,1.7785653627501032
2022-11-01,0.024177840503879278,0.032397700079616065,-0.008219859575736788,2.2380621034666786,1.2462360434123259,1.763945805222028
2022-11-02,0.009554860466858717,0.01135707486900528,-0.0018022144021465625,2.259446474581467,1.2603896394618126,1.760766796687251
2022-11-03,0.00010354213137597768,-0.006046430833323124,0.006149972964699102,2.259680422485175,1.2527687806837697,1.7715954648840175
2022-11-04,0.012007146387072343,0.03008699738293097,-0.018079850995858626,2.286812736105956,1.29046083170962,1.7395652828539756
2022-11-07,0.008759142617202675,0.0019305546520671513,0.006828587965135524,2.3068432550003437,1.2929521368715875,1.7514440574090397
2022-11-08,0.0011976184569764126,-0.005383111517069716,0.006580729974046129,2.3096059730598837,1.2859920313325741,1.7629698378154963
2022-11-09,0.00047357443318030157,-0.0074667733057326435,0.007940347738912945,2.310699743399445,1.276389820361635,1.7769684313809662
2022-11-10,0.0006590429412960397,-0.007005568145675212,0.007664611086971251,2.3122225937547873,1.2674479844946456,1.7905882033213267
2022-11-11,0.0064624591723021485,0.022622445611352626,-0.016159986439050478,2.327165237864202,1.2961207575890943,1.7616523222377303
2022-11-14,0.0038850958056615426,0.0007006516971024279,0.0031844441085591146,2.3362064977689094,1.2970288867975488,1.7672622055966096
2022-11-15,0.015886558337496304,0.01856698101226928,-0.0026804226747729754,2.3733207785841532,1.3211107975110836,1.7625251959084591
2022-11-16,0.003395124609352651,-0.007398232090551571,0.010793356699904222,2.3813784983654123,1.311336913213763,1.781548759040468
2022-11-17,0.007668369745040149,-0.0024730774132862843,0.010141447158326433,2.399639789193767,1.3080938755124853,1.7996162416402586
2022-11-18,-0.0077611129196436535,-0.004380848821112671,-0.003380264098530983,2.381015913823364,1.3023633140000417,1.7935330634675088
2022-11-21,-0.0007575883840991171,-0.0063788864606988405,0.005621298076599723,2.3792120838246964,1.2940556862894559,1.8036150474274968
2022-11-22,-0.006281928597101527,-0.0026529096096177263,-0.003629018987483801,2.3642660433967486,1.2906226735239181,1.797069694174271
2022-11-23,-0.0068004300508759385,0.00035650602995618286,-0.007156936080832121,2.348188017546968,1.2910827882894276,1.7842081812402653
2022-11-24,0.002443823697150904,-0.0030833459370277483,0.0055271696341786525,2.353926575069615,1.2871019334197888,1.7940698025206694
2022-11-25,-0.005698876303495415,0.002345720766509407,-0.008044597070004822,2.340511838690783,1.290121115153626,1.7796372338439275
2022-11-28,-0.007985996773632098,-0.009725893631032712,0.0017398968574006135,2.3218205186983507,1.2775735344164925,1.7827336190744054
2022-11-29,0.020862412824947718,0.02747337312713305,-0.006610960302185331,2.37025929686487,1.3126727888248668,1.7709480378893334
2022-11-30,-0.0016308485759901625,0.0005661053278542827,-0.0021969539038444452,2.3663937628658505,1.31341589988435,1.7670573466839867
2022-12-01,0.005933521105460082,0.009288985675147465,-0.003355464569687383,2.380434810201644,1.3256162013638866,1.7611280483645828
2022-12-02,0.010873671416005593,-0.005294625127693187,0.01616829654369878,2.4063188761549985,1.3185975605144682,1.789602488901967
2022-12-05,0.008929415206675007,0.0165251013791603,-0.007595686172485294,2.427805896519846,1.3403875188802832,1.776009230022769
2022-12-06,-0.006693335617016238,0.0038615049036148097,-0.010554840520631048,2.411555776841468,1.3455634318571834,1.75726373583671
2022-12-07,-0.0007690092798863235,-0.0021299340718633486,0.001360924791977025,2.4097012680701133,1.3426974704578174,1.7596552396208525
2022-12-08,-0.003661431304564089,-0.0005884803396424276,-0.0030729509649216613,2.4008783124125537,1.3419073193943654,1.75424790535433
2022-12-09,-0.002529921625519127,0.0076066194778603435,-0.01013654110337947,2.394804278449741,1.352114697747554,1.7364658993561886
2022-12-12,-0.004781484222795784,-0.009873074848845476,0.005091590626049691,2.38335355957565,1.3387651681324684,1.7453072728518053
2022-12-13,0.0037407078496554114,-0.002851847633922322,0.006592555483577733,2.392268988944459,1.3349472138553522,1.7568133078839725
2022-12-14,-0.0019986805462693935,0.000659312370848264,-0.0026579929171176575,2.387487607454812,1.3358273610678764,1.752143710554919
2022-12-15,0.00205265114500941,-0.0003114922289425559,0.0023641433739519657,2.3923882866259496,1.335411261225695,1.7562860294984388
2022-12-16,-0.009146148115383945,-0.000806892794483538,-0.008339255320900407,2.370507149006959,1.3343337275013398,1.741639911881921
2022-12-19,-0.025996817351549795,-0.01723535974379853,-0.008761457607751266,2.308881507623682,1.3113360056895706,1.726380607626
2022-12-20,0.00048059539115841154,-0.014791760647556607,0.015272356038715018,2.309991145434977,1.2919390373648876,1.7527465069239971
2022-12-21,-0.004679704419663255,-0.001112214479908613,-0.0035674899397546422,2.299181069662302,1.2905021240603711,1.7464936013936057
2022-12-22,-0.01633186573341605,-0.0018561845509468267,-0.014475681182469224,2.2616311531357653,1.2881067139547262,1.7212119168326094
2022-12-23,-0.0005117473433905451,-0.0022087365216874044,0.0016969891782968594,2.2604737694014188,1.2852616256117837,1.7241327948290301
2022-12-26,0.008780713453846012,0.006490242688003134,0.002290470765842878,2.280322341840468,1.2936032854795816,1.7280818705920171
2022-12-27,0.004153014668303534,0.010449550489264992,-0.0062965358209614575,2.289792553974592,1.3071208583242795,1.7172009411922804
2022-12-28,-0.014175773092744759,-0.004200122403765549,-0.00997565068897921,2.2573329742999917,1.3016307907228024,1.70007074444016
2022-12-29,-0.00605627797234487,-0.003008856797101944,-0.003047421175242926,2.243661938331491,1.297714370070819,1.694889912854142
2022-12-30,0.009851097206686976,0.003192418943270825,0.006658678263416151,2.2657644701849384,1.3018572180087877,1.706175639475747
2023-01-03,0.022331935178221185,0.007098333223152897,0.015233601955068288,2.3163633754622253,1.311098234351181,1.7321668400329546
2023-01-04,0.009169069415114084,0.0008171258880316223,0.008351943527082462,2.3376022720424663,1.312169566660222,1.7466337996603947
2023-01-05,0.0026241387748457967,0.01694748405525126,-0.014323345280405464,2.3437364648047008,1.334407539468982,1.7216161606694322
2023-01-06,-0.003957907165744734,0.0024125244522570366,-0.006370431618001771,2.334460173456033,1.3376268302872272,1.7106487226454408
2023-01-09,0.004762009049467109,0.007189623928233635,-0.0024276148787665264,2.3455768939276513,1.3472438641533075,1.7064959263540038
2023-01-10,-0.004828422423183709,0.0011572712289888987,-0.005985693652172608,2.3342514578577096,1.348802990715724,1.6962813645201682
2023-01-11,-0.010725541852339648,-0.0028129060850008436,-0.007912635767338805,2.309215346152572,1.3450089345756724,1.6828593079237957
2023-01-12,0.002061260487654204,0.0015085943207131525,0.0005526661669410515,2.313975240503081,1.3470380074156818,1.683789367327007
2023-01-13,0.004365940619629249,0.012295247175464041,-0.007929306555834792,2.3240779189984098,1.3636001726716023,1.670438085258016
2023-01-16,0.015532246156725327,0.014527750496988512,0.0010044956597368149,2.360176069323703,1.3834102157578259,1.6721160330645168
2023-01-17,-0.00016665940186932904,0.0001328410379313194,-0.00029950043980064844,2.359782723791683,1.383593989406772,1.6716152335772163
2023-01-18,0.009719966599802676,-0.00048723774895509386,0.01020720434875777,2.3827197330497296,1.3829198501859055,1.6886777518588354
2023-01-19,0.0069412533038610835,0.006817106980313348,0.0001241463235477358,2.399258794268936,1.3923473627498217,1.6888873949933856
2023-01-20,0.0067201924886945985,0.006505885648975918,0.00021430683971868092,2.4153822751966167,1.4014058154755253,1.6892493351136473
2023-01-30,0.014414873554061236,0.004830740597713268,0.009584132956347968,2.4501997052782967,1.4081756434422144,1.7054393253377989
2023-01-31,0.0071198275945039136,-0.007686892508316889,0.014806720102820803,2.4676447047519825,1.3973511486382442,1.7306912880804193
2023-02-01,0.016599629313249542,0.01011318037603548,0.006486448937214062,2.5086066921276684,1.4114828128530832,1.741917328746634
2023-02-02,0.0017975760011152975,-0.0024565282688816525,0.00425410426999695,2.513116103313674,1.408015465422269,1.749327626692837
2023-02-03,0.0002776732002640614,-0.008097587857700317,0.008375261057964378,2.5138139283047165,1.3966139364860113,1.7639787022422988
2023-02-06,0.001179843014624149,-0.011501083276069468,0.012680926290693617,2.5167798341080916,1.3805513632979665,1.7863475861437865
2023-02-07,0.00830947994254938,0.001945467527389333,0.0063640124151600475,2.5376929656594256,1.3832371811451558,1.7977159243597967
2023-02-08,-0.0029950386661410366,-0.00527833077422879,0.0022832921080877533,2.5300924771044815,1.3759359977638599,1.801820634942471
2023-02-09,0.011608643046534084,0.013511372886563455,-0.0019027298400293713,2.5594634175459086,1.3945267820976932,1.7983922570539854
2023-02-10,0.003784798559947733,-0.005235490792282582,0.009020289352230315,2.5691504710028754,1.3872257499704292,1.8146142755814227
2023-02-13,0.007187846198151382,0.008752879573844963,-0.0015650333756935808,2.5876171294483523,1.3993679699016572,1.8117743436761278
2023-02-14,0.002115341668375459,0.0008477294027857685,0.0012676122655896904,2.5930908237840766,1.4005542552750596,1.8140709710566523
2023-02-15,0.0027903803750068956,-0.004385711027325545,0.007176091402332441,2.6003265335293744,1.394411829033332,1.8270889101552727
2023-02-16,-0.023111137303926665,-0.009272149296789656,-0.01383898800713701,2.5402300299779332,1.3814826343733255,1.8018038486396608
2023-02-17,0.0007605925773159772,-0.012832721995864493,0.01359331457318047,2.5421621100834098,1.363754451784298,1.8262963351533872
2023-02-20,0.009206915865030751,0.022696959002555195,-0.013490043137524443,2.5655675827462168,1.3947075306659984,1.801659518810265
2023-02-21,0.005545902262040769,0.003465473934875174,0.0020804283271655954,2.5797959698067876,1.3995408532602955,1.8054077423091055
2023-02-22,0.0026854684148454044,-0.007037889461008806,0.00972335787585421,2.5867239304004492,1.3896910394388837,1.822962367899415
2023-02-23,0.0008131825448547403,-0.0011953901888320795,0.0020085727336868198,2.588827409149009,1.3880298164048306,1.8266239204061145
2023-02-24,-0.00010463775861557778,-0.008487370123742344,0.008382732365126766,2.588556520051473,1.3762490936102127,1.8419360198626178
2023-02-27,-0.008953714426350179,-0.00451382993045879,-0.0044398844958913886,2.5653793241944656,1.3700369392597083,1.8337580366856059
2023-02-28,0.011259303622537686,0.006761866552496887,0.0044974370700407995,2.5942637089125515,1.3793009462149737,1.842005248057281
2023-03-01,0.00855926069012436,0.012275112176615588,-0.0037158514864912284,2.616468688296063,1.3962320200550744,1.8351606301181627
2023-03-02,-0.00014703441743080248,-0.00245790290151493,0.0023108684840841276,2.6160839773467535,1.392800217321793,1.8394014449815348
2023-03-03,0.00031345197429755167,0.002634347887042976,-0.0023208959127454243,2.616903994034381,1.3964693376313677,1.8351323856859791
2023-03-06,-0.0010318295703054536,-0.003669277015846739,0.0026374474455412855,2.6142037951106856,1.3913453047874622,1.8399724509088367
2023-03-07,-0.017251589126861533,-0.0153422232542485,-0.0019093658726130336,2.569104625343554,1.3699989744976626,1.836459270304523
2023-03-08,0.009207139649642482,-0.001988826403630184,0.011195966053272666,2.592758730403635,1.3672742843642354,1.8570202059530705
2023-03-09,0.008167053772468735,-0.0032571171100810314,0.011424170882549767,2.613933930373879,1.3628209118984589,1.878235122118226
2023-03-10,-0.014375553386871687,-0.013056614176951142,-0.0013189392099205444,2.576357183608034,1.34502708505952,1.8757578441702145
2023-03-13,-0.002782804080269319,0.009429065199183517,-0.012211869279452836,2.5691876863252583,1.357709433139214,1.8528513345772997
2023-03-14,-0.014057147853040908,-0.0067428282669841355,-0.007314319586056772,2.533072235156372,1.348554631595092,1.8392989877707495
2023-03-15,0.017708121122245624,0.0018858600425804006,0.015822261079665223,2.5779281851079183,1.351097816890054,1.8684008565588224
2023-03-16,-0.0129630101861824,-0.012363870031703916,-0.0005991401544784836,2.544510475785118,1.3343930190819064,1.867281422580996
2023-03-17,0.005789519085156014,0.0054878614150351,0.00030165767012091393,2.559241967747055,1.3417159830438183,1.8678447023443918
2023-03-20,-0.0027007179863247632,-0.004649960493147476,0.0019492425068227126,2.5523301769334035,1.3354770567296401,1.8714855846343452
2023-03-21,0.016430422065111472,0.01127204504514201,0.005158377019969462,2.59426603898994,1.3505306142698503,1.881139412867327
2023-03-22,0.00886709676830022,0.0046338346647791795,0.0042332621035210405,2.6172696470003785,1.3567887498460995,1.8891027690552582
2023-03-23,-0.0032362877459842787,0.008826272133543478,-0.012062559879527757,2.6087994093138547,1.3687641365799714,1.8663153537849475
2023-03-24,0.0023675821186635027,-0.0020277500074866728,0.004395332126150175,2.6149759561465262,1.3659886250917739,1.8745184296169661
2023-03-27,-0.0045565205121478325,-0.0026127524598639207,-0.0019437680522839118,2.6030607645635713,1.3624196349514193,1.8708748005800593
2023-03-28,-0.004507356453122391,-0.0036980322937802956,-0.0008093241593420952,2.591327841828546,1.3573813631436886,1.8693606564048455
2023-03-29,-0.01080512852546911,0.0004196482287022185,-0.011224776754171328,2.5633282114459623,1.3579509858284053,1.84837750036367
2023-03-30,-0.0075874168303602385,0.007045150289893609,-0.014632567120253848,2.5438791718327,1.3675179546098757,1.8213309925260315
2023-03-31,0.007690455435112709,0.004487346812370063,0.0032031086227426453,2.563442761235991,1.3736544819443532,1.82716491353306
2023-04-03,0.0036117933161077254,0.010276629965675133,-0.006664836649567407,2.572701386667248,1.3877710207559866,1.8149871578525414
2023-04-04,-0.010351466824742639,0.0020660263031437864,-0.012417493127886425,2.5460701536131927,1.3906381921876092,1.7924495672927054
2023-04-06,-0.008371908760123392,-0.000843479652127499,-0.007528429107995893,2.5247546865902697,1.3894652171690276,1.7789552377956843
2023-04-07,0.0076314916959716594,0.00674221248114848,0.0008892792148231798,2.544022331015349,1.3988332868983464,1.7805372257127567
2023-04-10,-0.013200193630989565,-0.005487099272315388,-0.007713094358674177,2.5104407436443847,1.391157749787716,1.7668037740817024
2023-04-11,0.001670874505240505,-0.00042076687862302453,0.0020916413838635295,2.514635375079857,1.3905723966836654,1.7704992939727378
2023-04-12,0.008580856633111367,0.0003997336414309771,0.00818112299168039,2.536213100717968,1.3911282552514652,1.784983966453412
2023-04-13,0.0026517499499505437,-0.006676961720383678,0.009328711670334222,2.5429385036808605,1.3818397451430071,1.8016355672126254
2023-04-14,-3.824929261975196e-05,0.0052568513599171585,-0.00529510065253691,2.542841238081919,1.3891038712864496,1.792095725545044
2023-04-17,0.005305193499860916,0.011504682154545698,-0.006199488654684782,2.55633150288937,1.4050850698052493,1.7809856484264184
2023-04-18,-0.0031767165405772735,0.0018808188236034695,-0.005057535364180743,2.5482107623209425,1.4077277802533033,1.7719782505264035
2023-04-19,-0.004813116337728962,-0.007994375872121817,0.003181259534392855,2.535945927468839,1.3964738752523307,1.7776153732306272
2023-04-20,-0.006524302206839971,-0.002283204184632348,-0.004241098022207623,2.519400649857827,1.3932854402566248,1.770076332186973
2023-04-21,-0.01668075844684913,-0.021013381122565677,0.0043326226757165465,2.4773751361867142,1.3640078022879907,1.7777454050415555
2023-04-24,-0.0009483760517138284,-0.010903423854953131,0.009955047803239303,2.4750256529364436,1.3491354470781816,1.7954429455307332
2023-04-25,-0.012346551831497465,-0.007509586121274059,-0.0048369657102234065,2.444467620428178,1.3390039982490844,1.7867584495685387
2023-04-26,0.011683922816886794,0.00037118690458015635,0.011312735912306637,2.47302859143364,1.339501018998415,1.80697157604759
2023-04-27,0.006378808690874482,0.006126376458634786,0.0002524322322396966,2.488803567705458,1.347707306507524,1.8074277139161252
2023-04-28,0.020978412731750717,0.011057410004507107,0.00992100272724361,2.541014716157037,1.3626094587616477,1.8253592091951827
2023-05-04,0.01642321273271219,0.0010911616131341617,0.015332051119578027,2.5827463413974363,1.364096285896742,1.8533457099021557
2023-05-05,-0.0037185348650110583,-0.005021079819900631,0.001302544954889573,2.5731423090794703,1.3572470495632245,1.855759776006255
2023-05-08,0.0029487048987002495,0.010452236330132925,-0.007503531431432675,2.580729746411306,1.371433316483635,1.8418350241978036
2023-05-09,-0.009736105915087334,-0.009103696601091005,-0.0006324093139963294,2.555603488262029,1.35894820366174,1.8406702305736562
2023-05-10,0.005567468773500117,-0.006054955277631335,0.011622424051131452,2.569831730880376,1.3507198330639507,1.8620632805316772
2023-05-11,0.008647985968272431,-0.0019615591735897553,0.010609545141862187,2.592055599629851,1.3480703161844545,1.881818924963482
2023-05-12,-0.00531761669273878,-0.012468157525774681,0.007150540833035901,2.578272041504752,1.3312623631264457,1.8952749480268132
2023-05-15,0.0049667814403826505,0.014381980344259526,-0.009415198903876876,2.5910777552287554,1.3504085522659828,1.8774305574136059
2023-05-16,-0.003290109423546017,-0.005872481248214156,0.0025823718246681393,2.582552825889137,1.3424783033653727,1.8822787811878419
2023-05-17,0.015560230222729787,-0.0028922942345762648,0.018452524457306052,2.6227379424223334,1.3385954611085054,1.9170115764331785
2023-05-18,0.002444545791028929,-0.0005071196754976581,0.0029516654665265873,2.629149345420454,1.3379166330126453,1.9226699533022682
2023-05-19,0.002950039406518945,-0.0026280047219522373,0.005578044128471182,2.636905439595068,1.3344005817835096,1.9333946911462738
2023-05-22,0.010388294845714796,0.004577518111030132,0.005810776734684664,2.6642983907818505,1.3405088246139927,1.9446292160365495
2023-05-23,-0.002879370017922378,-0.013145981915981597,0.01026661189805922,2.6566268898766343,1.3228865198474034,1.964593969483224
2023-05-24,0.0016023714695247993,-0.012238564191406343,0.013840935660931142,2.660883793010145,1.3066962882563047,1.9917857882146943
2023-05-25,0.0005557699457894305,-0.0024100934775029836,0.002965863423292414,2.6623626322515386,1.3035470280549009,1.9976931528309942
2023-05-26,-5.4590508324792175e-05,0.002119800706940511,-0.0021743912152653033,2.662217292522099,1.3063102879665018,1.9933493863886829
2023-05-29,-0.013397424448369666,-0.0036874754820569455,-0.00970994896631272,2.626550437480391,1.3014933008076666,1.973994065574818
2023-05-30,0.0018912289575170327,0.0023067666044718216,-0.0004155376469547889,2.631517845726133,1.3044955420899136,1.9731737967257064
2023-05-31,-0.005698622059474245,-0.008114757272682738,0.0024161352132084923,2.6165218200805778,1.2939098774025573,1.9779412514177555
2023-06-01,0.0009229260636010039,0.0017715722677573709,-0.0008486462041563669,2.618936676264311,1.296202132258341,1.9762626790826954
2023-06-02,0.009475889977159202,0.01296976102905778,-0.0034938710518985783,2.6437534320657385,1.3130135641590868,1.9693578721173008
2023-06-05,0.003642650888007193,-0.0037042455519908923,0.007346896439998085,2.6533837028527247,1.3081498395043467,1.9838265404570417
2023-06-06,-0.019911095896846698,-0.011831034836011112,-0.008080061060835586,2.600551925494094,1.2926730731824485,1.9677971008760426
2023-06-07,0.003164126766916686,-0.0034894342873718065,0.006653561054288493,2.6087804014503067,1.2881623754385234,1.980889959029173
2023-06-08,-0.0001044389002282653,0.0050801093259722485,-0.005184548226200514,2.608507943294242,1.2947063811353552,1.97061993950579
2023-06-09,-0.0019170936754828727,0.0050949705215557195,-0.007012064197038592,2.603507189213706,1.30130287198131,1.956801825982011
2023-06-12,0.01080766903818331,0.00228037063374531,0.008527298404438,2.6316450332532586,1.3042703248361847,1.9734880590705088
2023-06-13,0.005155109711415973,0.004631542569939029,0.0005235671414769438,2.645211452121182,1.3103111083683716,1.9745213125723353
2023-06-14,0.00031941502296906066,-0.00016622449795877792,0.0004856395209278386,2.6460563723979194,1.3100933025622132,1.9754802181566347
2023-06-15,-8.70229411796819e-05,0.014006857669586203,-0.014093880610765885,2.645826104789866,1.3284435929850802,1.9476380358130052
2023-06-16,0.0032422079853626773,0.009314729227277052,-0.006072521241914375,2.654404423314697,1.3408176853474472,1.9358109624689703
2023-06-19,-0.007504578001246709,-0.00674305676666731,-0.0007615212345793987,2.6344842382730778,1.331776475581398,1.9343368013149187
2023-06-20,-0.007854873096533432,-0.0014757693415904383,-0.006379103754942994,2.6137906989066253,1.3298110806888834,1.9219974661623263
2023-06-21,-0.005882328815258631,-0.01712370640947558,0.01124137759421695,2.598415522561392,1.3070397861630996,1.943603365414585
2023-06-26,-0.013244470523103846,-0.01492127102751828,0.001676800504414433,2.564000884766052,1.2875370912700104,1.946862400518094
2023-06-27,0.026829445395525564,0.009636748208352142,0.017192697187173422,2.632791606497962,1.2999447620274935,1.980334216235295
2023-06-28,0.0033361897720483036,-0.0011401547999539963,0.0044763445720023,2.641575098927495,1.2984626237673929,1.9891988745548905
2023-06-29,0.012662771622681257,-0.003715586241858748,0.016378357864540005,2.6750247611293756,1.2936380739069548,2.021778685586091
2023-06-30,0.014388780534487777,0.0065508746834790355,0.007837905851008742,2.7135151053415867,1.3021125348148965,2.037625196575291
2023-07-03,0.005745619872052687,0.011575509140146378,-0.005829889268093691,2.7291059316539523,1.3171851503631455,2.0257460673093792
2023-07-04,0.008361551223314168,0.0017243062182277225,0.006637245005086445,2.7519254906953274,1.3194563809084738,2.039191440276202
2023-07-05,-0.0028964999661988955,-0.00720483625392998,0.004308336287731085,2.7439545386045467,1.3099499137398252,2.0479769627559743
2023-07-06,0.00242839077691559,-0.006371155792413763,0.008799546569329353,2.7506179324983697,1.3016040187591298,2.0659982314126593
2023-07-07,-0.0008671142181457814,-0.004454635957792608,0.003587521739646826,2.7482328325804137,1.295805846694358,2.073410044981924
2023-07-10,2.6211070751624987e-05,0.004587909326897011,-0.004561698256145386,2.7483048667056305,1.3017508864242548,2.0639517739954556
2023-07-11,0.00917801917332306,0.006799600482804147,0.002378418690518913,2.7735288614663918,1.3106022723800759,2.068860715471056
2023-07-12,-0.009342525265889079,-0.007863788051760023,-0.0014787372141290556,2.7476170980024692,1.3002959738899238,2.0658014141402394
2023-07-13,0.00772628214554838,0.014128098591459137,-0.006401816445910757,2.768845962929569,1.318666683607118,2.0525765326732106
2023-07-14,0.0014063601671605586,-0.00046052952292463534,0.001866889690085194,2.7727399576008365,1.3180593986684197,2.0564084666401694
2023-07-17,0.004369947849633293,-0.006815075606394605,0.011185023456027898,2.7848566866161466,1.3090767242127754,2.0794094435747144
2023-07-18,0.004812098920984109,-0.0028075678506155333,0.0076196667715996425,2.7982576924729075,1.3054014024878866,2.0952538506164715
2023-07-19,0.003262769196634263,-0.0011463963423768986,0.004409165539011162,2.807387761476153,1.3039048950947407,2.10449217169009
2023-07-20,-0.007746667247631955,-0.00818408958325434,0.00043742233562238386,2.785639862652923,1.2932336206252415,2.1054127235711295
2023-07-21,0.0017559006306382408,-0.0003377747358298544,0.002093675366468095,2.7905311694444865,1.2927967989806686,2.1098207743267188
2023-07-24,0.0019143042850671144,-0.003614287691543927,0.005528591976611041,2.7958730952197675,1.2881242594224454,2.1214851125317487
2023-07-25,0.016535265216339745,0.02572103814603932,-0.009185772929699576,2.8421035983604552,1.3212561526358888,2.1019976320142937
2023-07-26,0.0066129103613881135,-0.0021841152238406547,0.008797025585228768,2.8608981746941917,1.3183703769583237,2.1204889589632137
2023-07-27,-0.0013849727922886634,-0.002637941522206866,0.0012529687299182024,2.856935908560732,1.3148925929992978,2.123145865320931
2023-07-28,0.011385660620445881,0.02072015913914127,-0.009334498518695389,2.8894640112299697,1.3421373767771214,2.1033273633861187
2023-07-31,0.007786296599280984,0.005990038315644375,0.0017962582836366092,2.911962235034354,1.3501768310888749,2.1071054825858004
2023-08-01,-0.0026288747755490727,-0.002619376733522305,-9.498042026767628e-06,2.904307050967321,1.3466402093113798,2.107085469209372
2023-08-02,-0.0006015532225590592,-0.00611613684969925,0.0055145836271401905,2.9025599557015105,1.3384039735039237,2.118705168238859
2023-08-03,-0.002844112234690721,0.007446504102968099,-0.01029061633765882,2.8943047494195766,1.3483704041840494,2.0969023862198983
2023-08-04,-0.005602871669657783,0.004154192758672126,-0.009757064428329909,2.8780883313356975,1.3539717947531187,2.076442774537632
2023-08-07,-0.009767266667506602,-0.007205382789591264,-0.0025618838779153386,2.8499772751109025,1.3442159096856126,2.07112316927013
2023-08-08,0.0004319013203770705,-0.0029836366948605697,0.0034155380152376402,2.8512081840590677,1.3402052577716592,2.0781971691890115
2023-08-09,-0.007466821276414071,-0.004161106016787763,-0.0033057152596263073,2.8299187221268496,1.334628521609815,2.0713272410943113
2023-08-10,0.005706322541709774,0.001950870122753967,0.003755452418955807,2.8460671511221287,1.337232208517599,2.079106011992328
2023-08-11,-0.013972533041955004,-0.02213071892911289,0.008158185887157887,2.806300383813452,1.307638298367939,2.096067745317269
2023-08-14,0.004114422135555129,-0.005254639740011724,0.009369061875566853,2.8178466882316306,1.3007671301997736,2.115705933718526
2023-08-15,0.0008147024879974207,-0.0034280694948908286,0.004242771982888249,2.820142394939328,1.2963080100807791,2.124682391578138
2023-08-16,-0.004626046015641205,-0.007484478851227938,0.0028584328355867328,2.8070962864496782,1.2866058201946522,2.1307556534914176
2023-08-17,0.01016457590104336,0.004307652083912705,0.005856923817130655,2.835629229714833,1.292148070437188,2.1432353270268374
2023-08-18,-0.008495914658908088,-0.013373327558557357,0.004877412899649269,2.8115379657748703,1.2748677510370736,2.153688770657862
2023-08-21,-0.008490671054226073,-0.013664460976148818,0.0051737899219227446,2.7876661217510077,1.257447370403277,2.1648315039144492
2023-08-22,0.0004966273057971371,0.007066956316728934,-0.006570329010931797,2.789050552866515,1.2663336960405025,2.150607848680501
2023-08-23,-0.017533929237800283,-0.017179709924391773,-0.0003542193134085103,2.7401475378319056,1.2445784504750437,2.14984606184493
2023-08-24,0.0012691372072637375,0.006436550198680724,-0.005167412991416986,2.74362516102556,1.2525892421477225,2.138736919375406
2023-08-25,-0.02091647220996018,-0.006112642595824558,-0.014803829614135622,2.6862382015904216,1.2449326117910988,2.1070754224315116
2023-08-28,0.009615129437253511,0.011604971120458218,-0.0019898416832047072,2.7120667295980088,1.2593800187978512,2.1028826759263013
2023-08-29,0.04043464784567985,0.01316599924996309,0.02726864859571676,2.8217281927432887,1.2759610151807623,2.1602254446541562
2023-08-30,0.013789285891357306,-9.483301151358425e-05,0.01388411890287089,2.8606378095007288,1.2758400119551188,2.1902182715847416
2023-08-31,-0.003216030270450476,-0.006149496371167018,0.002933466100716542,2.8514379117125794,1.2679942384314111,2.1966432026376053
2023-09-01,-0.0020730449127913664,0.005673185192377694,-0.007746230105169061,2.8455267528555632,1.2751878045689005,2.1796274989310187
2023-09-04,0.0137805729145839,0.01478785624419321,-0.0010072833296093098,2.8847397417536884,1.2940450985072136,2.1774319964865874
2023-09-05,0.0004825554828178369,-0.007337551934780251,0.007820107417598088,2.886131788732574,1.284549975390969,2.1944597485936277
2023-09-06,0.012782271187664174,-0.0015350892169785357,0.01431736040464271,2.923023107939492,1.2825780765750763,2.2258786197077245
2023-09-07,-0.02031049062556034,-0.01433152323055642,-0.00597896739500392,2.863655074507391,1.264196779075638,2.2125701640152555
2023-09-08,0.0065265124658300255,-0.0033779196068772777,0.009904432072707303,2.882344755049001,1.2599264239886474,2.2344844149108436
2023-09-11,0.012186757135108417,0.008459315691601521,0.003727441443506896,2.9174711905584365,1.270584539357358,2.2428133247238526
2023-09-12,-0.0008879353097491771,-0.0015323198420063022,0.0006443845322571251,2.9148806648731638,1.2686375974567543,2.2442585589390447
2023-09-13,-0.016861761904822248,-0.007217498306698933,-0.009644263598123315,2.8657306411211025,1.2594812077452955,2.222614337814292
2023-09-14,-0.010438734010039918,-0.001227403652476089,-0.00921133035756383,2.8358160412140183,1.2579353159106839,2.2021411028912268
2023-09-15,0.002448334474982383,-0.00478681102830858,0.007235145503290963,2.842759067392431,1.2519138172675837,2.2180739141894223
2023-09-18,0.007815328904108076,0.004459945156973344,0.0033553837471347325,2.864976164499238,1.2574972842338543,2.225516403351037
2023-09-19,-0.013928411862990098,-0.0028784636646735917,-0.011049948198316506,2.8250715965024433,1.2538776239927614,2.2009245623795044
2023-09-20,-0.008234007973411228,-0.004632576663664234,-0.003601431309746994,2.8018099344513847,1.2480689397727618,2.1929980837501595
2023-09-21,-0.006240715868550906,-0.008438248407815041,0.0021975325392641354,2.7843246347327906,1.2375374240288808,2.197817268397744
2023-09-22,0.022460926864294795,0.017423632009763157,0.005037294854531638,2.8468631467199783,1.2590998207034703,2.208888322015045
2023-09-25,-0.007622914294778238,-0.006282551125275648,-0.0013403631695025897,2.8251617529435693,1.2511894617080752,2.2059276094626714
2023-09-26,-0.004215472633699369,-0.00524412977516675,0.0010286571414673817,2.8132523608882614,1.2446280617975571,2.208196752651705
2023-09-27,0.006390343587183267,0.002798488927782339,0.003591854659400928,2.831230010071792,1.2481111396477047,2.216128274446591
2023-09-28,0.009829583310663415,-0.0014392696728919852,0.0112688529835554,2.859059821327443,1.2463147711360112,2.24110149816403
2023-10-09,-0.0069816913581912665,-0.002461747613253462,-0.004519943744937804,2.8390987480803296,1.2432466587228046,2.230971845465633
2023-10-10,-0.00025470861615195517,-0.0068143272535314825,0.006559618637379527,2.838375605167087,1.234774769133408,2.245606169962618
2023-10-11,0.0028699541034202802,0.0020780092563528196,0.0007919448470674606,2.8465216128821846,1.237340642533178,2.247384566197463
2023-10-12,0.009197059571772748,0.008959731480042255,0.00023732809173049318,2.8727012417282007,1.2484268824396183,2.247917933687943
2023-10-13,-0.006202727509650341,-0.009541738259588706,0.0033390107499383648,2.8548826587091267,1.2365147198911453,2.255423755833506
2023-10-16,-0.009221201260640188,-0.009868458876151287,0.0006472576155110987,2.8285572111376585,1.2243122252281438,2.2568835960356735
2023-10-17,-0.00016525794816757422,0.003295360421861515,-0.0034606183700290893,2.828089769576671,1.2283467752791617,2.249073383204215
2023-10-18,-0.018506818332276298,-0.009152718457738018,-0.00935409987453828,2.7757508259837467,1.217104063076561,2.228035326152557
2023-10-19,-0.004022634681264403,-0.018638446096497674,0.01461581141523327,2.764584994444596,1.1944191346030804,2.2605998703060806
2023-10-20,-0.0033710481474975573,-0.006729265635068371,0.0033582174875708137,2.7552654453204743,1.1863815709667278,2.268191456322943
2023-10-23,-0.025501094906596244,-0.0140781647695023,-0.011422930137093945,2.6850031597064916,1.1696794957311571,2.2422820637798124
2023-10-24,0.03150420940170107,0.0057677198038796895,0.025736489597821377,2.769592061494114,1.1764258793228777,2.299990532789663
2023-10-25,0.0176578654344155,0.004842041113088946,0.012815824321326552,2.8184971454242027,1.1821221817970609,2.3294668073986093
2023-10-26,-0.00024038453629127154,0.003155342243731596,-0.0033957267800228674,2.8178196222948615,1.1858521818545373,2.3215565745775515
2023-10-27,0.0151951606005718,0.01464387862659522,0.0005512819739765806,2.8606368439990746,1.2032176572746982,2.322836406868683
2023-10-30,0.007765027666799984,0.007021292162134207,0.0007437355046657768,2.882849768237395,1.2116657999810625,2.3245639827760014
2023-10-31,-0.00010870453065725538,-0.0031773980126829082,0.003068693482025653,2.882536389406383,1.2078158554761669,2.3316973571184976
2023-11-01,0.007367537134410407,-0.001171646089496603,0.00853918322390701,2.903773583296624,1.2064007227522662,2.351608148073632
2023-11-02,-0.008263517699269474,-0.005879332479144739,-0.002384185220124735,2.879778198896381,1.199307891800125,2.34600147868347
2023-11-03,0.008293262554811998,0.008660065578715903,-0.0003668030239039055,2.9036609555994524,1.2096939767921855,2.345140958247006
2023-11-06,0.016137656600513806,0.014479547938620607,0.0016581086618931984,2.950519238985236,1.2272097987202086,2.349029456783236
2023-11-07,0.002547978818607577,-0.0023302942879319666,0.0048782731065395435,2.9580370995100647,1.2243500387361568,2.360488664008731
2023-11-08,-0.0008318682477733708,-0.0019141630461215753,0.0010822947983482045,2.9555764023712467,1.2220064331364906,2.363043408611347
2023-11-09,-0.0037156047497080014,-0.0003898917289234527,-0.0033257130207845487,2.9445946486524712,1.2215299829355195,2.3551846043786493
2023-11-10,0.00021133027220909817,-0.006267446721254677,0.006478776993463775,2.9452169306411164,1.213874108849056,2.370443320208858
2023-11-13,0.010910973691484749,7.775313380009585e-05,0.010833220557684653,2.977352115087057,1.213968491365058,2.396122855516171
2023-11-14,0.0007627208283151887,0.0017220232583405881,-0.0009593024300253994,2.979623003558462,1.2160589733420812,2.393824249038235
2023-11-15,0.005608760477769703,0.0067711504388454635,-0.0011623899610757604,2.9963349952994744,1.2242930915930885,2.391041691762573
2023-11-16,-0.006434270082310678,-0.009692271731508328,0.0032580016491976505,2.9770557666826387,1.21242691027036,2.3988317095376357
2023-11-17,0.007707509024630799,0.0001581869480298259,0.007549322076600973,3.0000014508711743,1.212618700383005,2.4169412627204987
2023-11-20,0.010424723980896111,0.0030370707612479286,0.0073876532196481826,3.031275637938794,1.2163015091824805,2.434796786621736
2023-11-21,-0.0036172231600913873,9.314242328350986e-05,-0.003710365583374897,3.020310837496621,1.2164147984524891,2.425762800422143
2023-11-22,-0.0050680899178322525,-0.01072660799489189,0.005658518077059638,3.0050036305923853,1.2033667937503039,2.4394890230789903
2023-11-23,0.007392343553125791,0.005929412166921555,0.001462931386204236,3.0272176498081147,1.2105020514584364,2.443057828137153
2023-11-24,-0.008767583298717518,-0.007332278242972112,-0.0014353050557454061,3.0006762669000744,1.2016263136034546,2.4395512948849496
2023-11-27,-0.002038104782469685,-0.005598139575866079,0.003560034793396394,2.994560574249862,1.194899441781869,2.448236182375015
2023-11-28,0.01125642516879588,0.0025715349373685026,0.008684890231427378,3.0282686212673324,1.1979721674430532,2.469498844879551
2023-11-29,-0.005871166112821347,-0.008116457199796034,0.002245291086974688,3.0104891531576277,1.1882488776194549,2.4750435886252538
2023-11-30,-0.00597806168425119,0.0012584041853969108,-0.007236465869648101,2.9924922633002824,1.1897441749803443,2.457133020170276
2023-12-01,0.0024292277856365896,-0.0017431008086520317,0.004172328594288621,2.999761708654594,1.187670330946847,2.4673849865303032
2023-12-04,0.003011556230123169,-0.0051531703424403386,0.008164726572563508,3.008795659717178,1.1815500634208154,2.4875305102945715
2023-12-05,-0.012507856181744548,-0.018691658773584696,0.0061838025918401485,2.9711620763251783,1.1594649328114461,2.5029129079114125
2023-12-06,0.009028331708194282,0.002206979824815214,0.006821351883379068,2.997986713109049,1.1620238485257417,2.5199861575897278
2023-12-07,-0.00564857894518922,-0.001819046227529153,-0.003829532717660067,2.9810523484834244,1.159910073427782,2.5103357881511874
2023-12-08,-0.02061044992689276,0.002591404127664454,-0.023201854054557214,2.919611518325561,1.1629158691797825,2.452091343566572
2023-12-11,0.007088202826773138,0.007596610259875236,-0.0005084074331020982,2.9403063169428356,1.1717500878029654,2.450844682100857
2023-12-12,0.0072133826452178695,0.0016245850034364295,0.00558879764178144,2.9615158715010956,1.1736536954233854,2.464541957080555
2023-12-13,0.001280694686853101,-0.01500576004573495,0.01628645473258805,2.9653086691427584,1.156042129693072,2.5046806081011113
2023-12-14,0.0038479741931110034,-0.0047032925337398,0.008551266726850804,2.976719100376228,1.150604925375798,2.5260988000465545
2023-12-15,0.00011740148219963054,-0.004235449699803606,0.004352851182003237,2.977068571610704,1.1457315960900225,2.5370945321941942
2023-12-18,-0.013478006039852164,-0.005897846871034229,-0.007580159168817935,2.936943623421481,1.138974246580978,2.5178629518138247
2023-12-19,0.0013139696262356448,0.0007469913677677908,0.000566978258467854,2.9408026781366234,1.139825050511284,2.519290525365305
2023-12-20,-0.001547224768522204,-0.011548690871247436,0.010001466102725232,2.936252595393674,1.1266615633556252,2.544487124157663
2023-12-21,0.008408065131843001,0.008875586528762636,-0.00046752139691963457,2.960940798459287,1.136661345549819,2.543297521982933
2023-12-22,-0.0157066083746783,1.4970227212085518e-05,-0.015721578601890385,2.91443446091728,1.136678361628425,2.503312870083085
2023-12-25,-0.012486795788451799,0.002423543703127695,-0.014910339491579494,2.878042512964979,1.139433151314231,2.465987625336506
2023-12-26,-0.011185360076085171,-0.007839653089576348,-0.003345706986508823,2.8458505711431847,1.1305003906891646,2.457737153309773
2023-12-27,0.008266725844948475,0.003936483496826071,0.004330242348122404,2.8693764376105153,1.134950586820268,2.468379750811589
2023-12-28,0.023576294166395728,0.022080052049644694,0.0014962421167510342,2.9370257005777454,1.1600103548510343,2.4720730445548886
2023-12-29,0.014501642831856287,0.005864170788791201,0.008637472043065086,2.9796173982755065,1.166812853688647,2.493425506365646
2024-01-02,0.013050875062598832,-0.010517211664969217,0.02356808672756805,3.0185040126747458,1.1545412359329967,2.552190774948402
2024-01-03,-0.002944971929894291,-0.0021381800669634243,-0.0008067918629308668,3.0096146030871456,1.1520726188758375,2.550131688198526
2024-01-04,0.0001791372662320878,-0.009054123211225229,0.009233260477457317,3.0101537372195546,1.1416416114362566,2.5736777183274815
2024-01-05,-0.01312863953521659,-0.0076240329604122525,-0.005504606574804338,2.970634513858014,1.1329376981616885,2.5595106350377486
2024-01-08,-0.018569888365284504,-0.015271155785200774,-0.0032987325800837297,2.9154701625616095,1.1156364300781347,2.5510674939168787
2024-01-09,0.009903854498486186,0.00210679031962413,0.0077970641788620565,2.9443445548462974,1.1179868421092434,2.5709583308915573
2024-01-10,-0.007936957229238484,-0.004585094010290169,-0.0033518632189483144,2.920975418046341,1.112860767335905,2.562340830224793
2024-01-11,0.013345010484212994,0.007557735505013152,0.005787274979199841,2.959955865624298,1.1212714746693357,2.5771698011997355
2024-01-12,-0.005600480016138665,-0.0034625549739703,-0.002137925042168365,2.9433786919502167,1.1173890105475484,2.5716600053438303
2024-01-15,-0.0021434970083363813,-0.0013885619476903255,-0.0007549350606460559,2.9370695685296204,1.1158374466867347,2.569718569041735
2024-01-16,-0.006072137058152349,0.004297473811686547,-0.010369610869838897,2.9192352795601804,1.1206327288919702,2.5430715874357728
2024-01-17,-0.02152134564537367,-0.022572985936120893,0.0010516402907472244,2.856409408088597,1.095336702063135,2.5457459839793746
2024-01-18,-0.017116632789190178,0.010648808066887616,-0.027765440856077794,2.807517297154756,1.107000732372023,2.4750622244265976
2024-01-19,-0.014466325292524895,-0.003644304312526936,-0.01082202097999796,2.766902838669725,1.1029664848290692,2.4482770491070527
2024-01-22,-0.0652315671586936,-0.023905239966396707,-0.0413263271922969,2.586413430327461,1.0765998063343374,2.3470987507182635
2024-01-23,-0.009908876583133441,0.007557715484876715,-0.017466592068010156,2.5607849788533876,1.0847364413616858,2.3061029342961312
2024-01-24,0.018978949026321912,0.013975085127209796,0.005003863899112115,2.609385986434417,1.099895725470302,2.317642359516692
2024-01-25,0.047179167268612376,0.022203309091889167,0.02497585817672321,2.7324946443567795,1.1243170502317668,2.3755274663923474
2024-01-26,0.005041886663857742,-0.004379748814221651,0.009421635478079393,2.7462715726632245,1.119392823964205,2.3979088202488614
2024-01-29,-0.03521370866826967,-0.011751111070274378,-0.023462597597995294,2.649565165579511,1.1062387145585335,2.341647650522679
2024-01-30,-0.03601319698634531,-0.019141059752959433,-0.016872137233385875,2.5541458533433374,1.0850641332221316,2.3021390500108248
2024-01-31,-0.05807650740379544,-0.013085488395842226,-0.044991019007953215,2.40580998278127,1.0708655390981088,2.1985634682528366
2024-02-01,-0.025375234578485006,-0.0004364459794286013,-0.024938788599056405,2.344761990116934,1.0703981641390607,2.1437339586964708
2024-02-02,-0.054813231543388796,-0.015080211122955767,-0.03973302042043303,2.216238008238517,1.0542563338382194,2.058556933539608
2024-02-05,-0.12317701465737585,-0.0007356418211262872,-0.12244137283624956,1.943248426613488,1.0534807787888607,1.8065043965354384
2024-02-06,-0.013390547086709503,0.045214653631638235,-0.05860520071834774,1.917227267055746,1.1011135473093876,1.7006338437779014
2024-02-07,-0.06955726886241542,0.023129246841524065,-0.09268651570393949,1.7838701745707954,1.1265814743456526,1.54300801830993
2024-02-08,0.11388162197339957,0.006785666048268357,0.10709595592513121,1.987020203440889,1.134226080006728,1.7082579370309743
2024-02-19,0.05544636713401663,0.008087610636639875,0.04735875649737675,2.097193255143581,1.143399258915745,1.7891589087055353
2024-02-20,0.022129650551477642,0.00150037112424517,0.020629279427232472,2.1436034090188243,1.1451147821473053,1.8260679677729441
2024-02-21,0.02969175517982592,0.009899409640058199,0.01979234553976772,2.2072507566420514,1.1564507424606676,1.8622101359702077
2024-02-22,0.04104376775532259,0.008272175730534848,0.03277159202478774,2.2978446440754277,1.1660171062260096,1.9232377268106478
2024-02-23,0.049247800908294614,0.0017117658020040505,0.047536035106290564,2.4110084396250455,1.168013054432999,2.014660822910061
2024-02-26,0.031237606883834257,-0.007859423898219586,0.03909703078205384,2.4863225734556593,1.158833144719556,2.0934280791187736
2024-02-27,0.03749072288489219,0.014487106151828577,0.023003616733063614,2.5795366040595376,1.1756212834993653,2.1415844963090556
2024-02-28,-0.09849577719426816,-0.015496310033244809,-0.08299946716102335,2.32546314144163,1.157403491608578,1.9638341242350954
2024-02-29,0.04811393560280064,0.022261549371635825,0.025852386231164814,2.437350325275639,1.183169086579926,2.0146039225087624
2024-03-01,0.017810561437343386,0.006139869914554286,0.0116706915227891,2.48076090298829,1.1904335908584487,2.038115743428963
2024-03-04,-0.004851020648414139,0.0011141710190891718,-0.005965191667503311,2.4687266806241155,1.1917599374655334,2.0259579923788533
2024-03-05,-0.028008162084286137,0.0033521193061041288,-0.031360281390390266,2.3995821836113937,1.1957548589601532,1.9624233796527424
2024-03-06,0.020144568187599576,-0.003092362363342982,0.02323693055094256,2.4479207305309028,1.1920571516385203,2.0080240754372793
2024-03-07,0.0030159561983342797,-0.007975476197379372,0.010991432395713652,2.4553035522311784,1.1825499281997114,2.0300951363114135
2024-03-08,0.006176147918333985,0.006723773258482391,-0.0005476253401484055,2.470467870154169,1.1905011257837608,2.028983404771857
2024-03-11,0.021451253373258705,0.013700832639636396,0.00775042073362231,2.523462502387341,1.2068119824654229,2.0447088798203765
2024-03-12,0.02485993629934158,0.0008673081780956604,0.023992628121245918,2.5861956194504674,1.207858660367239,2.0937668195901162
2024-03-13,-0.0019323720656778676,-0.005586723000359561,0.003654350934681694,2.581198127279063,1.201110688608182,2.101418178324291
2024-03-14,-0.0037173590814870705,-0.0031655898942906102,-0.0005517691871964603,2.571602886979505,1.1973084647503995,2.1002586805240773
2024-03-15,0.02200380437793603,0.004565381123862622,0.01743842325407341,2.6281879338423373,1.202774634214812,2.136883880338098
2024-03-18,0.02704665628820835,0.010500480569898274,0.016546175718310074,2.6992716295497874,1.215404345891351,2.1722411365117966
2024-03-19,0.0009326895513115385,-0.007684944229475188,0.008617633780786726,2.70178921199482,1.2060640312769142,2.190960715109815
2024-03-20,0.01751833275112591,0.0023260029814022865,0.015192329769723623,2.7491200544339476,1.2088693398094263,2.224246512806273
2024-03-21,0.003034930165623173,-0.00220067748860886,0.005235607654232033,2.7574634418160686,1.2062090082666383,2.2358917948736208
2024-03-22,-0.019504364455816936,-0.011330299497549934,-0.008174064958267002,2.703680869873297,1.1925422989463346,2.217615470102668
2024-03-25,-0.027064702134474206,-0.008360214586662473,-0.018704487547811732,2.6305065524635,1.1825723894234714,2.176136109156298
2024-03-26,0.005272056892536403,0.003278142527446626,0.0019939143650897773,2.6443747326642772,1.1864490302650246,2.180475138204735
2024-03-27,-0.028984286132327175,-0.01480147708807733,-0.014182809044249844,2.5677294187716395,1.1688878321273852,2.149549875693843
2024-03-28,0.02685622552932343,0.007183509062784532,0.019672716466538898,2.6366889391404493,1.177284548462851,2.191837360929052
2024-03-29,0.018673856686491686,0.006548089212399688,0.012125767474091997,2.685926090516816,1.1849935127145654,2.218415071108705
2024-04-01,0.02557931329665264,0.017813482717824014,0.007765830578828625,2.754630235477799,1.20610237417404,2.2356429067044554
2024-04-02,0.011013982699511482,-0.004044259744585443,0.015058242444096925,2.784969685234903,1.2012245828943189,2.269307759612037
2024-04-03,-0.002913451328611316,-0.0029835292363703525,7.007790775903633e-05,2.776855811605313,1.197640694231807,2.2694667879518917
2024-04-08,-0.039230072929248405,-0.010184862494031832,-0.029045210435216573,2.667919555602029,1.185442888443799,2.203549647520094
2024-04-09,0.020734118947885127,0.0015471908521031974,0.01918692809578193,2.7232365170112707,1.18727699483649,2.245828996162548
2024-04-10,-0.02466738627622478,-0.009308233484798367,-0.015359152791426411,2.656061389924633,1.1762255433574222,2.2113349654670715
2024-04-11,0.004076200386095019,0.0011960408104401132,0.002880159575654906,2.666888028387736,1.1776323571095597,2.217703963042842
2024-04-12,-0.005023641468976714,-0.007203699200010738,0.002180057731034024,2.6534905390952095,1.169149047840743,2.2225386857126184
2024-04-15,-0.07125341448245226,0.018663390129377566,-0.08991680461182983,2.464420277887793,1.190969332639985,2.022695108967164
2024-04-16,-0.08459149407191568,-0.015114807115980566,-0.06947668695593512,2.2559512845601386,1.1729680608960835,1.8821649540741512
2024-04-17,0.07769266859942991,0.01880572083341825,0.058886947766011666,2.431222160087928,1.1950265707958112,1.9929999034117334
2024-04-18,-0.005357807840727369,0.0014029607033674285,-0.006760768544094797,2.4181961389360587,1.1967031461141178,1.9795256923563633
2024-04-19,-0.007360376281183356,-0.00753525459701343,0.00017487831583007374,2.4003973054317846,1.187685683231101,1.9798718684755852
2024-04-22,-0.005961847778442997,-0.0045515570171026365,-0.0014102907613403604,2.3860865020890154,1.1822798641254781,1.9770796734708365
2024-04-23,0.020540563243076848,-0.00808812824329197,0.028628691486368818,2.4350980627886267,1.1727174329649694,2.033680877486604
2024-04-24,0.0221714945945799,0.005961915298743126,0.016209579295836773,2.489087826325017,1.1797090749696661,2.0666459889326503
2024-04-25,0.01275094469531557,0.0016442034296590968,0.011106741265656472,2.5208260475402704,1.1816487566767313,2.089599691219432
2024-04-26,0.006924855712361122,0.016873869697647148,-0.009949013985286026,2.5382824041954484,1.2015877438252813,2.0688102346678408
2024-04-29,0.035437175662518916,0.0133168726248305,0.022120303037688416,2.6282319636340032,1.21758913475736,2.1145729439861647
2024-04-30,-0.00221466075511334,-0.005757853624517306,0.003543192869403966,2.6224113214488085,1.2105784347446245,2.1220652837631313
2024-05-06,0.02622782833463133,0.015158970119862225,0.011068858214769106,2.6911914754105615,1.2289295570646679,2.145554123511589
2024-05-07,0.006344659152706322,0.00015747813444710879,0.0061871810182592135,2.7082661680367104,1.2291230865986813,2.1588290552582277
2024-05-08,-0.009692255972422292,-0.009034277573439109,-0.0006579783989831833,2.682016959094647,1.2180188474624265,2.1574085923727706
2024-05-09,0.012616427003692143,0.01165805320570068,0.000958373797991463,2.715854430281729,1.2322185759916897,2.1594761962392623
2024-05-10,-0.00971259479731268,-0.0006555429157819592,-0.00905705188153072,2.6894764366719164,1.2314108038335034,2.1399177082929928
2024-05-13,-0.02223502446069081,-0.0017336822356806003,-0.02050134222501021,2.6296758623160645,1.2292759287980721,2.0960465230219185
2024-05-14,0.011210016140569268,-0.001759086970310575,0.012969103110879843,2.659154571177093,1.227113525528807,2.123230366504191
2024-05-15,-0.005285946592816559,-0.008825417102647615,0.0035394705098310553,2.6450984221318072,1.216283736833715,2.1307454777720105
2024-05-16,0.00978126444760985,0.0018802235600052786,0.007901040887604571,2.670970829288634,1.218570622171361,2.1475805849129657
2024-05-17,0.013744671959588617,0.010861607106007698,0.002883064853580919,2.7076824471508365,1.2318062575003097,2.153772199017561
2024-05-20,-0.0037623395183526975,0.00410482300586934,-0.007867162524222038,2.697495226476771,1.2368626041648707,2.136828123087739
2024-05-21,-0.012776376677034906,-0.005057789860965389,-0.007718586816069517,2.6630310113788003,1.2306068130261183,2.1203348297086673
2024-05-22,0.00409395361323539,0.001191552166158738,0.0029024014470766524,2.6739333368099922,1.2320731452398692,2.1264888925867007
2024-05-23,-0.024407256119350795,-0.01359327185402004,-0.010813984265330756,2.6086699610124007,1.2153252400325862,2.1034930751618677
2024-05-24,-0.006327652842535336,-0.010570823077154734,0.004243170234619398,2.592163203118364,1.2024782519390012,2.112418554367123
2024-05-27,0.0006687106609097881,0.009860997860707377,-0.009192287199797589,2.5938966102871075,1.2143358874089187,2.093000596329199
2024-05-28,-0.012998510152393838,-0.008061328876185714,-0.004937181276208125,2.5601798188640306,1.2045467264543606,2.08266707297391
2024-05-29,0.0008105684922112832,0.0014819683181241938,-0.0006713998259129106,2.562255019959597,1.2063318265406662,2.0812687706636805
2024-05-30,-0.007649742284780547,-0.004900674374822556,-0.0027490679099579918,2.542654429389021,1.2004199870708054,2.075547221474251
2024-05-31,0.004203513635991252,-0.0029861589870886496,0.007189672623079901,2.5533425119545714,1.196835342138133,2.0904697265103938
2024-06-03,-0.028481755495617156,0.00016978926416233442,-0.02865154475977949,2.480618834832516,1.197038551930198,2.030574539572317
2024-06-04,-0.011586250584001312,0.008868229823163043,-0.020454480407164355,2.451877763408753,1.2076541649159014,1.9890401924373484
2024-06-05,-0.021549648374023955,-0.0073602777458574575,-0.014189370628166498,2.3990406597512064,1.1987654948411788,1.9608169639525352
2024-06-06,-0.041916913315741544,-0.0028961539514612555,-0.03902075936428029,2.298480280375476,1.1952936854164191,1.8843043970447446
2024-06-07,0.03212041259314091,-0.004729797916687151,0.03685021050982806,2.3723084153183343,1.1896401878333072,1.953741410740438
2024-06-11,-0.004611036160844684,-0.006117406086065369,0.0015063699252206852,2.3613696154306254,1.1823626757080277,1.9566844680432356
2024-06-12,0.019596623097111188,0.0010182849305790942,0.018578338166532093,2.40764448577719,1.1835666578031803,1.9930364137757437
2024-06-13,-0.009165065919872872,-0.005652313848689694,-0.0035127520711831783,2.3855782653534234,1.1768767675924319,1.9860353709853094
2024-06-14,0.00016167955568868742,0.004162620379714266,-0.004000940824025578,2.385963964587426,1.1817756588096244,1.9780893609915755
2024-06-17,-0.013490821084781612,-0.0014135081540695982,-0.012077312930712014,2.353775351626441,1.180105209279616,1.9541993567739682
2024-06-18,0.01731547179137083,0.0031447780259787894,0.01417069376539204,2.3945320823307528,1.1838163782101017,1.981891717415338
2024-06-19,-0.003118596015206143,-0.00657629071547805,0.003457694700271907,2.387064504120513,1.1760312575532477,1.9887444939031582
2024-06-20,-0.01952372847638384,-0.009041946927193956,-0.010481781549189884,2.3404601048864504,1.16539764533773,1.967898908560911
2024-06-21,-0.0022833046773874655,-0.001244856684114004,-0.0010384479932734614,2.3351161213817244,1.1639468922892806,1.965855347888351
2024-06-24,-0.04197331638939117,-0.009470896662207906,-0.03250241972718326,2.2371035536130015,1.1529232715521107,1.9019602922483558
2024-06-25,0.009708021306999548,-0.006300877804059857,0.016008899111059405,2.258821402577441,1.145658842900604,1.9324085826802009
2024-06-26,0.02934243210997578,0.008484498182166789,0.02085793392780899,2.32510071623113,1.1553791832705775,1.9727146332192755
2024-06-27,-0.01742044137719645,-0.010260887141696373,-0.007159554235500076,2.284596435507948,1.1435239678651727,1.9585908758115775
2024-06-28,7.936047100942645e-05,0.0023846315368298843,-0.002305271065820458,2.2847777421571362,1.1462508511820648,1.9540757929357893
2024-07-01,0.013396243065847191,0.006637688372984174,0.006758554692863017,2.3153851801425107,1.1538593071294792,1.9672825210563454
2024-07-02,0.013958608462995237,-0.0040779991816343175,0.018036607644629554,2.3477047353131417,1.149153869819284,2.0027656240147764
2024-07-03,0.00010337382355940505,-0.0037564285873172842,0.0038598024108766893,2.3479474265282194,1.1448371553714687,2.0104959035987697
2024-07-04,-0.03237411588552863,-0.0076928569998861995,-0.024681258885642432,2.271934704448666,1.1360300868470394,1.9608743337135248
2024-07-05,0.014333057609250854,-0.0015993092560422362,0.01593236686529309,2.304498475451985,1.1342132234140025,1.9921157029749859
2024-07-08,-0.029727604840016908,-0.010643601606965314,-0.019084003233051594,2.235991255419327,1.122141109726632,1.9540981604587984
2024-07-09,0.009375575460391916,0.013243981567660157,-0.0038684061072682407,2.256954960163287,1.1370027259001654,1.946538915200678
2024-07-10,-0.011383549818845262,-0.004039550506553469,-0.0073439993122917935,2.231262800935378,1.1324097459628026,1.9322435347460951
2024-07-11,0.039148412716377035,0.013493803166022555,0.02565460955035448,2.318613197945096,1.1476902601781103,1.981814488186203
2024-07-12,0.001419094124256004,-0.00011538209363481933,0.0015344762178908233,2.321903528310722,1.1475578372730466,1.9848555353865962
2024-07-15,-0.015652193538880366,-0.0009631661283964199,-0.014689027410483946,2.2855606449069934,1.1464525484338093,1.9556999380214517
2024-07-16,-0.002178761653475525,0.005503486671778246,-0.007682248325253771,2.2805809530171772,1.152762034753941,1.9406757654478874
2024-07-17,-0.006102792921650391,-0.0013942386166045928,-0.004708554305045798,2.2666630397198535,1.1511548094093313,1.9315379882177897
2024-07-18,-0.001767242695155824,0.005236680069659494,-0.007003922764815318,2.262657296020529,1.1571830388568578,1.9180096453310056
2024-07-19,0.003981696443367877,0.00359599576137426,0.00038570068199361707,2.271666510528654,1.1613442641597211,1.91874942295928
2024-07-22,-0.0007099364951438369,-0.005452517610303409,0.004742581115159572,2.270053771568034,1.1550120141077653,1.9278492477373301
2024-07-23,-0.011079569737415307,-0.02332627204791049,0.012246702310495183,2.2449025524982633,1.1280698896480825,1.9514590435738814
2024-07-24,-0.008475305468130023,-0.007595083180876316,-0.0008802222872537069,2.225876317619656,1.1195021050023635,1.949741325831065
2024-07-25,0.0071135293998585425,-0.004324681740565217,0.01143821114042376,2.2417101542454922,1.1146606146903355,1.9720428787851307
2024-07-26,0.0131106907672216,0.005927163867694318,0.007183526899527282,2.2711005228675454,1.12126739081047,1.986209101851905
2024-07-29,0.002325593515103197,-0.005532540493465632,0.007858134008568829,2.276382179515674,1.1150639335668084,2.0018169991432964
2024-07-30,0.006171379399003918,-0.005252554656207109,0.011423934055211027,2.2904305976025965,1.1092069993105835,2.02468562453211
2024-07-31,0.025995837256017618,0.026066337947129536,-7.050069111191881e-05,2.3499722586640766,1.1381199638079347,2.024542882796296
2024-08-01,-0.0001965751019976647,-0.006682583877501425,0.00648600877550376,2.349510312627638,1.1305143816871293,2.037674085700496
2024-08-02,-0.006892729237645945,-0.010962667153313621,0.004069937915667676,2.3333157742016386,1.118120928808659,2.045967292721662
2024-08-05,-0.016532121463921023,-0.0140391307864981,-0.002492990677422924,2.294741114408854,1.1024234828539936,2.040866715334595
2024-08-06,0.017275271607689824,0.0029222523638428033,0.01435301924384702,2.3343833904296,1.1056450424827196,2.070159314573919
2024-08-07,-0.0013543167139353773,-0.00027326123431992144,-0.001081055479615456,2.331221895987208,1.105342912553691,2.0679213575032223
2024-08-08,0.006842653940764443,0.0005286775227897333,0.006313976417974709,2.347173640680581,1.1059272825065332,2.080978164188724
2024-08-09,-0.0064300817648415,-0.004402725432220422,-0.0020273563326210775,2.332081122254724,1.1010581883336552,2.07675927992951
2024-08-12,-0.005279073048517491,-0.0016235252566804137,-0.003655547791837077,2.319769895655273,1.0992705925558208,2.0691675871295865
2024-08-13,0.0032560542943997905,0.002858946922903227,0.0003971073714965634,2.3273231923860407,1.1024133488338463,2.0699892688312973
2024-08-14,-0.007645757056994107,-0.009074583222942412,0.0014288261659483048,2.309529044663949,1.0924094071537709,2.072946923661836
2024-08-15,0.005797668944582446,0.009096971082399818,-0.0032993021378173726,2.322918929482808,1.1023470239407902,2.0661076454450162
2024-08-16,-0.00981832146620798,-0.0006461947540017388,-0.009172126712206241,2.3001117646932063,1.1016346930768302,2.0471570443199365
2024-08-19,-0.002845215795786782,0.00321686160238821,-0.006062077398174992,2.293567450368226,1.1051784994208478,2.03474701987105
2024-08-20,-0.017679508172888214,-0.009703945128699432,-0.007975563044188783,2.2530183058843707,1.0944539079050495,2.018518766735093
2024-08-21,-0.0026503361840169992,-0.0033001578525638786,0.0006498216685468794,2.247047049945033,1.0908420372466074,2.019830443968086
2024-08-22,-0.011937717520396185,-0.004796112693777221,-0.0071416048266189636,2.2202224370077492,1.0856102359048632,2.005405613120492
2024-08-23,-0.008043887163435293,0.003412100514991634,-0.011455987678426927,2.2023632182467314,1.0893144471498744,1.9824317111263352
2024-08-26,0.016244916661225073,-0.000288327212020989,0.016533243873246062,2.238140425184897,1.0890003681523135,2.015207738068443
2024-08-27,-0.00893633372756275,-0.006922543308605089,-0.0020137904189576616,2.2181396554162958,1.0814617159406923,2.0111495320333113
2024-08-28,0.006206619807145319,-0.004069527849034915,0.010276147656180235,2.231906804936617,1.0770606773700067,2.0318164015831437
2024-08-29,0.010273175668346513,0.0010912286380637681,0.009181947030282744,2.2548355756191087,1.078235996826085,2.05047243215774
2024-08-30,0.013462499820663165,0.01444573672717242,-0.000983236906509255,2.285191299151506,1.093811910165995,2.0484563319866624
2024-09-02,-0.012065899028007143,-0.01770004140841719,0.0056341423804100454,2.2576184116762636,1.0744513940630371,2.059997626621128
2024-09-03,0.002026747581135524,0.004625739138832241,-0.002598991557696717,2.2621940343312557,1.0794215259293274,2.0546437101806645
2024-09-04,-0.006950179870901074,-0.005663785835063551,-0.0012863940358375237,2.246471378889774,1.0733079135807062,2.052000628766117
2024-09-05,0.008024141921416428,0.0023219922769834866,0.005702149644432941,2.2644973840563853,1.075800126266866,2.0637014434218117
2024-09-06,-0.010776688082976382,-0.009529368452627751,-0.0012473196303486311,2.240093602083694,1.0655484304822855,2.061127348100253
2024-09-09,-0.003775081536823599,-0.010592695095880122,0.0068176135590565234,2.231637066085711,1.0542614008482931,2.0751793178556035
2024-09-10,-0.00019151658393601334,0.0006887238594648348,-0.0008802404434008482,2.2312096705782296,1.05498749582917,2.073352661092718
2024-09-11,-0.00898176940013884,-0.0018674001116568695,-0.00711436928848197,2.2111694598337364,1.053017412061662,2.058602064596448
2024-09-12,0.002154485433914388,-0.004229225501668821,0.006383710935583209,2.2159333922268645,1.0485639639688695,2.0717435851082264
2024-09-13,-0.0043530968856997365,-0.00565895024853702,0.0013058533628372837,2.2062872194782437,1.0426301926643609,2.0744489784357762
2024-09-18,-0.007604784865744452,0.0034636837631771833,-0.011068468628921635,2.1895088798220703,1.0462415339336908,2.051488004995661
2024-09-19,0.026348827292669297,0.009130323841659349,0.017218503451009948,2.247199871152268,1.0557940579550997,2.0868115582893845
2024-09-20,-0.006010907109838093,-3.2018816462753286e-05,-0.0059788882933753396,2.2336921614695315,1.0557602526789356,2.0743347450930476
2024-09-23,0.0030622782151419337,0.002549982829628483,0.0005122953855134504,2.240532348314933,1.058452423195471,2.075397417210969
2024-09-24,0.035888226795853795,0.04332347410903292,-0.0074352473131791275,2.320941081374706,1.1043082593474232,2.059966324140872
2024-09-25,0.01177966295473265,0.013355468149163219,-0.0015758051944305684,2.3482809850510926,1.1190568131319956,2.056720218506939
2024-09-26,0.03350111300890468,0.04261930299490091,-0.009118189985996228,2.4269510117079514,1.1667502345193763,2.037966652806553
2024-09-27,0.039475394080308535,0.04680454126284994,-0.007329147182541407,2.522755859308726,1.2213594440143782,2.023030095255023
2024-09-30,0.08997828836135158,0.08959733623566435,0.00038095212568722836,2.749749113482896,1.3307899967843386,2.0238007728701395
2024-10-08,0.04577787576711789,0.06243071875642525,-0.01665284298930736,2.8756267867906584,1.4138721727974457,1.9900987363578941
2024-10-09,-0.08274835923555268,-0.06993382091315625,-0.01281453832239643,2.637673388409927,1.3149946894709341,1.9645965398354832
2024-10-10,0.012723069411343157,0.00591261875502358,0.006810450656319578,2.671232690015119,1.3227697517346564,1.977976327629609
2024-10-11,-0.02914674152773411,-0.03041970180274045,0.0012729602750063407,2.5933749612388146,1.282531490333203,1.9804942129195844
2024-10-14,0.02207903473032302,0.020574406842245985,0.001504627888077037,2.6506341770767565,1.3089188150033104,1.9834741197445185
2024-10-15,-0.014654460080521514,-0.025992578039325753,0.011338117958804239,2.611790564340719,1.274896640557195,2.0059629832824175
2024-10-16,0.0050057594114159,-0.005273498951932187,0.010279258363348087,2.624864559538815,1.2681734744593949,2.0265827950548903
2024-10-17,-0.006207236971593644,-0.010415123000235726,0.004207886028642083,2.6085714031994196,1.254965291737264,2.0351104244840883
2024-10-18,0.029640966598306617,0.03732727336276542,-0.007686306764458806,2.6858919810309514,1.3018097242427236,2.0194679414619556
2024-10-21,0.01677219142461972,0.004765314588724756,0.012006876835894964,2.7309402754826535,1.308013257113401,2.043715444309128
2024-10-22,0.013515169544644934,0.0064881308995556886,0.007027038645089245,2.767849396322101,1.316499818343907,2.058076711715854
2024-10-23,0.005640276530243682,0.0039037677252458103,0.0017365088049978716,2.783460832311426,1.3216391278450499,2.0616505800471097
2024-10-24,0.002009902952827103,-0.010516398891858958,0.01252630184468606,2.789055318457367,1.3077402435855427,2.087475437511052
2024-10-25,0.02661717167924804,0.008922406305076125,0.017694765374171917,2.8632920826916664,1.3194084333803122,2.124412825602157
2024-10-28,0.027611917892768956,0.004715509767194703,0.022896408125574252,2.942353068581964,1.325630116734836,2.1730542486843483
2024-10-29,-0.02326781732234906,-0.0105165716729404,-0.01275124564940866,2.8738909348843458,1.3116890326003858,2.145345100149883
2024-10-30,0.0027852640259602435,-0.0055339581805684546,0.008319222206528698,2.8818954799198124,1.304430200348065,2.1631927027477174
2024-10-31,0.015925478064401144,0.0031250789937318224,0.012800399070669322,2.9277910431691723,1.3085066477659621,2.190882432609648
2024-11-01,-0.02038535365847427,-0.0032783292392266628,-0.017107024419247607,2.868106987316055,1.3042169321628685,2.153402953335294
2024-11-04,0.01915669683039778,0.014741451973467212,0.004415244856930567,2.923050443349214,1.3234429834313302,2.1629107546499067
2024-11-05,0.018981261651230374,0.026753173757169124,-0.00777191210593875,2.9785336286341706,1.3588492835247747,2.146100802371778
2024-11-06,0.005627186661965711,-0.003114353162016248,0.008741539823981959,2.995294393341437,1.3546173469619258,2.1648610280019907
2024-11-07,0.02750915158452827,0.02712220501570517,0.00038694656882309886,3.0776924008481545,1.391357556364058,2.1656987135487547
2024-11-08,-0.0012791993802246937,-0.008142898437004886,0.0068636990567801925,3.0737554186364675,1.380027873093026,2.180563417766209
2024-11-11,0.01478170211386165,0.009424799110205884,0.005356903003655766,3.11919075560562,1.3930343585634124,2.1922444844885027
2024-11-12,-0.004523957547988844,-0.01086917456966685,0.006345217021678007,3.105079669043181,1.3778932249386429,2.206154751507159
2024-11-13,0.0033657236578250593,0.004358605215594835,-0.0009928815577697758,3.115530509144711,1.3838989175353933,2.203964301140801
2024-11-14,-0.02434161838423321,-0.02040242413220128,-0.00393919425203193,3.0396934544266747,1.355664024863742,2.1952824576340637
2024-11-15,-0.011247875641410388,-0.01955052361257814,0.008302647971167754,3.0055033604632744,1.3291600833349206,2.2135091150770796
2024-11-18,-0.002802207717641614,-0.007441621439116308,0.0046394137214746944,2.997081315751186,1.319268977162758,2.2237784996381773
2024-11-19,0.01558591697106504,0.009547354241879358,0.006038562729185681,3.0437935762940147,1.3318645054280527,2.237206925604057
2024-11-20,0.02198616239816742,0.004088135560113004,0.017898026838054415,3.110714916168914,1.3373093480739455,2.2772485152007995
2024-11-21,0.006758184729416694,0.00034688766438284446,0.00641129706503385,3.131737702212935,1.3377732441902563,2.291848631922659
2024-11-22,-0.029499649113539972,-0.03313748382336412,0.0036378347098241504,3.0393525388820097,1.2934428049515723,2.3001859984255306
2024-11-25,0.02225014292095917,-0.004034164926223105,0.026284307847182276,3.1069785672593144,1.288224843353761,2.360644795313926
2024-11-26,-0.005496260561541844,-0.003559954828963652,-0.0019363057325781918,3.089901803494531,1.283638821101873,2.356073865264179
2024-11-27,0.013917416538486993,0.018106690490773625,-0.004189273952286632,3.1329052539567868,1.3068812719375063,2.346203626390764
2024-11-28,0.010367453613272293,-0.008654900803871879,0.01902235441714417,3.1653855038519607,1.2955703441664492,2.3908339433067582
2024-11-29,0.013557622713652684,0.012665071590466148,0.0008925511231865357,3.208300606256451,1.3119788353258022,2.392967884828209
2024-12-02,0.019228460044718787,0.009932892622085188,0.0092955674226336,3.2699912862753004,1.3250105802195418,2.4152118791418267
2024-12-03,0.005540390238236492,0.0002934875556597216,0.005246902682576771,3.2881083140768985,1.3253994543359537,2.427884260829487
2024-12-04,-0.014472769696027066,-0.006311269377219819,-0.008161500318807247,3.2405202797116717,1.3170345013472193,2.4080690826607003
2024-12-05,0.014473605870346518,-0.0006882624663018255,0.015161868336648343,3.2874222930550836,1.3161280359331176,2.4445799090375555
2024-12-06,0.006226835884241888,0.013129204691498808,-0.00690236880725692,3.307892532156136,1.3334077503171038,2.427706516926568
2024-12-09,0.002494462070674164,-0.0026205567259443008,0.005115018796618465,3.3161439446114658,1.329913479668584,2.4401242813933206
2024-12-10,0.0015141026715170813,0.007389069558862316,-0.005874966887345234,3.3211649270171373,1.339740302877124,2.425788632039128
2024-12-11,0.01262589918816448,0.001124125618921168,0.011501773569243312,3.3630976205729235,1.3412463392742893,2.4536895036116864
2024-12-12,0.015889864750088023,0.009649272377312723,0.0062405923727753,3.41653678690517,1.3541883905270204,2.4690019796130844
2024-12-13,-0.015244380102938937,-0.02227871927325953,0.0070343391703205915,3.364453801489914,1.324018807531362,2.4863697769498763
2024-12-16,0.003989886876888171,-0.007320522618668224,0.011310409495556395,3.377877591560375,1.3143262979032864,2.514491637284555
2024-12-17,-0.04646900510382579,-0.0009229499090226412,-0.04554605519480315,3.2209109805180574,1.3131132405662105,2.3999664623859216
2024-12-18,0.0034698930710099773,0.0055425848202195205,-0.002072691749209543,3.232087197211697,1.320391282080602,2.3949920717009547
2024-12-19,-0.004277698871724245,0.0012567547273210078,-0.005534453599045253,3.2182613014548704,1.3220506900662703,2.3817370992100444
2024-12-20,0.011575036226355806,-0.0026558823549601707,0.014230918581315977,3.2555127926050895,1.3185394789661604,2.415631405951002
2024-12-23,-0.05079824803536137,-0.003248222173073967,-0.047550025862287404,3.0901384462840444,1.3142565697945092,2.300768070124278
2024-12-24,0.00749073494484187,0.012854543203022484,-0.0053638082581806135,3.1132858543280237,1.331150737650789,2.2884271913495873
2024-12-25,-0.023130764328203934,-0.002037096333249333,-0.0210936679949546,3.0412731729452314,1.3284390553641183,2.2401558679446327
2024-12-26,0.012497704801984977,0.002391141629228155,0.010106563172756822,3.079282107282897,1.331615541291292,2.262796144740837
2024-12-27,0.016293489781228798,-0.000673910858165816,0.016967400639394614,3.1294543588314316,1.3307181511191135,2.3011899134939324
2024-12-30,-0.011529896490699576,0.003349207572441726,-0.014879104063141302,3.0933720740017367,1.3351750024276272,2.266950269302005
2024-12-31,-0.016768708451716963,-0.01945676219684056,0.0026880537451235975,3.0415002195601186,1.3091968199142268,2.2730439534634113
2025-01-02,-0.011472271447754645,-0.029691820894087728,0.018219549446333083,3.0066073034329195,1.2703243824222243,2.3144577901672263
2025-01-03,-0.03832954803117894,-0.014233358714502375,-0.024096189316676564,2.891365404385094,1.2522433998034301,2.2586881770899
2025-01-06,-0.0010255962650276285,-0.0012604669761094867,0.0002348707110818582,2.8884000308255264,1.2506649883519267,2.259218676788165
2025-01-07,0.03165666934203615,0.008059548856831134,0.023597120485205014,2.979837155528897,1.2607447839290773,2.3125297321067606
2025-01-08,-0.0011419587681890109,-0.0024206143992394624,0.0012786556310504515,2.9764343043613657,1.2576930069513326,2.3154866612706906
2025-01-09,0.004148939560639109,-0.0020736361204862774,0.006222575681125386,2.988783350396374,1.2550850093036352,2.329894952259084
2025-01-10,-0.027631277410536836,-0.013413636754481817,-0.01421764065605502,2.906199448521578,1.2382497548928408,2.296769343061508
2025-01-13,0.008127004122587378,-0.0014148194411888193,0.009541823563776197,2.929818143420774,1.236497855066571,2.3186847108996913
2025-01-14,0.05106322421487697,0.028629875236919622,0.022433348977957346,3.0794241041870833,1.2718986343878458,2.3707005741891582
2025-01-15,-0.0023931015950172663,-0.007058667814322739,0.0046655662193054726,3.0720547294516187,1.2629207244342113,2.381761234704183
2025-01-16,0.0053051986956649255,0.0019227115238673598,0.0033824871717975658,3.0883525901953166,1.265348956664812,2.389817511526855
2025-01-17,-0.002394290773526375,0.004259585292145429,-0.006653876065671804,3.080958176083216,1.270738818470053,2.373915961985583
2025-01-20,0.013673450181252544,0.004621397381731951,0.009052052799520593,3.1230855042144126,1.2766114075185957,2.395404774615101
2025-01-21,-0.008545854521216034,0.001463594204911045,-0.01000944872612708,3.0963960698380775,1.2784798485765632,2.3714280933452714
2025-01-22,-0.009662737241386665,-0.008129869693514369,-0.0015328675478722964,3.0664764082199696,1.2680859740018517,2.36779300817887
2025-01-23,0.003238863697641703,0.00027028264933304236,0.0029685810483086605,3.076408307338228,1.268428715638487,2.3748219936292676
2025-01-24,0.008207848076355218,0.008707522774043852,-0.0004996746976886346,3.1016589993456973,1.2794735875671603,2.3736353551675364
2025-01-27,0.0007127278846419394,-0.0058151548911090645,0.006527882775751004,3.103869638203182,1.2720332504763743,2.389130168518448
2025-02-05,0.011429225143426036,-0.0031453357484197975,0.014574560891845834,3.13934446311405,1.2680322788204723,2.423950691638066
2025-02-06,0.014935632350655093,0.015464496107276071,-0.0005288637566209786,3.186232557837186,1.2876417590601918,2.422668751969422
2025-02-07,0.010768190106822617,0.013496717473420627,-0.0027285273665980103,3.220542515744525,1.3050206960892057,2.4160584339794715
2025-02-10,0.018516677119103653,0.004020280004441323,0.01449639711466233,3.280176261656912,1.3102672446990753,2.451082576490667
2025-02-11,-0.0037860777947744673,-0.004737787660257564,0.0009517098654830969,3.2677572591497066,1.3040594767155003,2.453415295959827
2025-02-12,0.004225991970985943,0.010654687831831655,-0.006428695860845712,3.2815667750900044,1.3179538233540458,2.4376430352017544
2025-02-13,-0.011404189905020456,-0.00463613293927867,-0.006768056965741787,3.2441431644008722,1.3118436142211458,2.421144928277365
2025-02-14,0.0009689225665341361,0.008601062017510541,-0.007632139450976405,3.2472864879219276,1.323126862504337,2.402666412553728
2025-02-17,0.018397584601379524,0.001613907543605908,0.016783677057773616,3.307028715808388,1.3252622669288805,2.442991989699589
2025-02-18,-0.02162869159958003,-0.011218545530038204,-0.010410146069541826,3.2355020116032134,1.3103947518480972,2.417560086240096
2025-02-19,0.015700059449816894,0.009760679703991526,0.005939379745825368,3.286299585535386,1.323185095306678,2.431918893650626
2025-02-20,0.007581386610798546,-0.0015121001159337233,0.00909348672673227,3.311214293212237,1.321184306970663,2.4540335158305275
2025-02-21,-0.004114446840356778,0.013684118939377488,-0.017798565779734266,3.2975904780257856,1.3392635501680885,2.410355238873345
2025-02-24,0.009040775748532903,-0.0021417602707987093,0.011182536019331613,3.327403254048114,1.3363951687042097,2.437309123151431
2025-02-25,-0.0041258027732014035,-0.011009531505805858,0.006883728732604455,3.3136750444750027,1.321682083990154,2.454086897992707
2025-02-26,0.01610329615153816,0.00959446730267377,0.00650882884886439,3.367036135066145,1.3343629195295272,2.470060129591982
2025-02-27,-5.409769711761658e-05,0.0005289050701546838,-0.0005830027672723004,3.3668539861651263,1.3350686708430928,2.468620077701101
2025-02-28,-0.021636415207459736,-0.021872473918518542,0.00023605871105880638,3.2940073353775667,1.305867416160646,2.4692028169747373
2025-03-03,0.0049166379030098906,0.000853525364378438,0.004063112538631453,3.3102027766954767,1.3069820071228544,2.4792354659008113
2025-03-04,0.013930189423692285,0.0016840696065130167,0.012246119817179268,3.356314528405677,1.3091830557973094,2.5095964804712327
2025-03-05,-0.0048113901097778244,0.003869898128652016,-0.00868128823842984,3.340165989878402,1.3142494608550024,2.487809950062113
2025-03-06,0.011998051715164548,0.014424294750812638,-0.00242624303564809,3.380241474162197,1.3332065824544714,2.4817739184967587
2025-03-07,-0.004654223859006823,-0.0037559190384229835,-0.0008983048205838395,3.364509073643947,1.3281991664692798,2.479544529022174
2025-03-10,0.010839604448466211,-0.002850733745362821,0.013690338193829032,3.4009790211655226,1.3244128242848632,2.5134903321911457
2025-03-11,0.005649887504396656,0.0037386016675013956,0.00191128583689526,3.4201941700399208,1.3293642762781948,2.518294330664236
2025-03-12,0.0038688084110014564,-0.0028445943093777792,0.006713402720379236,3.4334262460122296,1.3255827742228037,2.535200654674433
2025-03-13,-0.001659510369532713,-0.004968535877087343,0.0033090255075546304,3.4277284395539467,1.3189965686510288,2.5435896983075197
2025-03-14,0.018231982650809275,0.022541955042001405,-0.0043099723911921295,3.4902227249955797,1.3487293300021144,2.5326268969332935
2025-03-17,0.006883861512674949,-0.0014525095433084445,0.008336371055983394,3.5142489348828403,1.3467702877789463,2.553739814492493
2025-03-18,0.004933738480956018,0.0031054481066941086,0.0018282903742619094,3.5315873200845305,1.3509526130192813,2.558408792413699
2025-03-19,-0.002682895319041867,-0.0009194238933772914,-0.0017634714256645756,3.5221124409946882,1.3497105149080508,2.5538971116131086
2025-03-20,0.007051187257530733,-0.008274025300477383,0.015325212558008117,3.5469475153582204,1.3385429759593812,2.5930361276998624
2025-03-21,-0.005638196222184311,-0.014979826851615918,0.009341630629431608,3.526949129276842,1.318491833946063,2.617259313413606
2025-03-24,-0.021936174319866386,0.003668549600788884,-0.02560472392065527,3.449581358359724,1.3233287866371293,2.550245111264887
2025-03-25,0.00480964604889067,-0.0014499863299413107,0.006259632378831981,3.4661726237102854,1.3214099779864876,2.5662087081373186
2025-03-26,0.01659762951241972,-0.0023624250002460823,0.018960054512665803,3.5237028727447206,1.3182882460189178,2.6148641651344797
2025-03-27,-0.00808521617797242,0.0028590858153707543,-0.010944301993343175,3.495212973271637,1.3220573452436806,2.586246302039677
2025-03-28,-0.01863778390834181,-0.005063701270455856,-0.013574082637885954,3.4300699491621676,1.3153628417849546,2.5511403810138633
2025-03-31,-0.013437055695853184,-0.007829462873181092,-0.005607592822672092,3.383979908214603,1.3050642572504372,2.536834624523661
2025-04-01,0.02139237635554303,0.0016326518312890226,0.019759724524254008,3.456371279990726,1.307194972799987,2.5869617778678378
2025-04-02,0.003628709011609388,-0.00034920932090354295,0.003977918332512931,3.4689134456018964,1.306738488131247,2.5972525005495286
2025-04-03,0.0012938377078950403,-0.006727695085853025,0.008021532793748065,3.47340165662324,1.2979471500261512,2.618086446656331
2025-04-07,-0.12384709779803138,-0.07701282099090578,-0.0468342768071256,3.0432309419635777,1.1979885785055309,2.4954702613086446
2025-04-08,0.005852121131639798,0.014639017384847186,-0.008786896253207388,3.061040298067503,1.2155259541331216,2.473542823019561
2025-04-09,0.027389383012656365,0.01275036176379718,0.014639021248859185,3.1448803032084496,1.2310243497816036,2.5097530689657077
2025-04-10,0.03246753813835834,0.014662995849381577,0.017804542288976766,3.2469868243934417,1.2490748547129389,2.5544380736169967
2025-04-11,0.002058073078477385,0.004792915487121352,-0.002734842408643967,3.253669360562897,1.2550615649286663,2.547452088043014
2025-04-14,0.019132537587044363,0.0038265392973346746,0.015305998289709688,3.315920311899681,1.2598641073274401,2.5864433853457176
2025-04-15,0.0059922507685543636,-0.0007223159057888617,0.006714566674343225,3.335790137937127,1.258954087443585,2.603810231906035
2025-04-16,-0.01495091440298868,0.00017678985309133033,-0.01512770425608001,3.2859170251184953,1.259176657751753,2.5644205607788053
2025-04-17,0.015574891974087457,-0.00011117233297208706,0.015686064307059544,3.337094827820531,1.2590366721450867,2.6046462266055275
2025-04-18,-5.041175641484763e-05,0.000230478481617169,-0.0002808902380320166,3.3369265990089376,1.259326853005583,2.603914606906947
2025-04-21,0.011647367747585902,0.006201727475664498,0.005445640271921404,3.375793010254296,1.2671368549507098,2.6180945891549636
2025-04-22,0.007598701172667477,-0.001014736901914337,0.008613438074581814,3.4014446525599977,1.2658510444242157,2.640645384772048
2025-04-23,0.005290712788169172,0.0010672669744677954,0.004223445813701376,3.4194407192815466,1.2672020454385253,2.6517980074678333
2025-04-24,-0.0028135030552357554,-0.0018268144128436026,-0.0009866886423921528,3.4098201123706504,1.2648871024779333,2.649181508491947
2025-04-25,0.002676709243760511,0.0014953363562126842,0.0011813728875478269,3.4189472093849935,1.2667785341487732,2.652311179700272
2025-04-28,-0.014312571383332418,-0.002377443711006788,-0.01193512767232563,3.3700132833948255,1.2637668394895227,2.620655507143813
2025-04-29,0.018411430781907656,-0.0009811184223400549,0.01939254920424771,3.4320600496961586,1.2625269345617571,2.671476698013482
2025-04-30,0.010955966148069596,0.0003523394995341711,0.010603626648535425,3.469661583418772,1.2629717726700291,2.699804039519479
2025-05-06,0.02835341743203368,0.012452209603731834,0.015901207828301844,3.5680383466413352,1.2786985619069131,2.742734184647567
2025-05-07,0.012036068810199252,0.00493329768937234,0.007102771120826912,3.61098350169894,1.2850067625677721,2.7622151978063867
2025-05-08,0.013814420781437686,0.005171095071074827,0.008643325710362859,3.6608671472262384,1.2916516547039842,2.7860899234431415
2025-05-09,-0.005789676452743975,-0.003636930832269125,-0.0021527456204748496,3.639671910907319,1.2869540069764398,2.7800921805622
2025-05-12,0.00770143936400447,0.011820449053658866,-0.004119009689654396,3.667702623434042,1.302166381250307,2.768640953932332
2025-05-13,-0.0018714197884770467,0.0005412855066160294,-0.002412705295093076,3.6608388121662983,1.3028712250396806,2.7619610392425678
2025-05-14,-0.001762888388848305,0.009722892174703457,-0.011485780563551762,3.654385161930885,1.3155389014782652,2.7302377608207484
2025-05-15,0.0013505559678022028,-0.010494914312611847,0.01184547028041405,3.6593206136199785,1.3017324334323432,2.762578711075015
2025-05-16,0.005626999585669923,-0.0034293618161465034,0.009056361401816426,3.6799116091966515,1.297268321930291,2.7875976222834744
2025-05-19,0.014723050558644202,-0.002063135322089349,0.01678618588073355,3.7340911338701956,1.294591881833089,2.834390754131816
2025-05-20,0.0129364863561241,0.005223122126654767,0.007713364229469333,3.7823971528760314,1.301353693336079,2.856253442387075
2025-05-21,-0.005110330850513378,0.003944437328694095,-0.009054768179207473,3.763067852016795,1.3064868014219078,2.8303907296051967
2025-05-22,-0.01354762031188328,-0.0029067926539232403,-0.01064082765796004,3.712087237549817,1.3026891151850868,2.80027302964678
2025-05-23,-0.009682782357044117,-0.008258954825557163,-0.0014238275314869542,3.676143904738261,1.2919302646310282,2.7962859238114883
2025-05-26,0.008931644331346078,-0.003520943726248227,0.012452588057594305,3.708977914606229,1.2873814508710253,2.8311069205119623
2025-05-27,0.007771064745604628,-0.004774075573590442,0.01254514031919507,3.7378006221206515,1.2812353945325285,2.8666235540884295
2025-05-28,-0.0017371557353342837,-0.001287961210527655,-0.0004491945248066287,3.7313074803323985,1.2795852130428156,2.8653358824832513
2025-05-29,0.01802180169903278,0.008109489515288892,0.009912312183743888,3.7985523638210665,1.289961995911905,2.8937379862617085
2025-05-30,-0.01294848666020576,-0.0057521609737388735,-0.007196325686466887,3.749366859210036,1.2825419268614142,2.8729137052612685
2025-06-03,0.008372432591033707,0.003356019713682157,0.00501641287735155,3.780758180497828,1.286846162851585,2.8873254265678607
2025-06-04,0.011851823779978954,0.005220239621140266,0.006631584158838688,3.825567060207802,1.2935638081772152,2.9064729681281003
2025-06-05,-2.4790074092173597e-05,0.0030810569369967844,-0.003105847011088958,3.8254722241169348,1.2975493519218475,2.8974459077472288
2025-06-06,0.00750546682861164,-0.0010362984213060367,0.008541765249917677,3.85418417899882,1.2962047035768842,2.9221952105155404
2025-06-09,0.010367346151723744,0.004108885704550369,0.006258460447173375,3.894141840514998,1.3015306605535821,2.9404836536594714
2025-06-10,-0.007756488698894892,-0.005899058818826242,-0.0018574298800686506,3.8639369733371494,1.2938528546324708,2.935021911459311
2025-06-11,0.006576032685509325,0.007162938407474062,-0.0005869057219647367,3.8893463491685623,1.3031206429385376,2.933299330305384
2025-06-12,0.0023907473317690275,-0.000150775746438625,0.0025415230782076526,3.8986447935751625,1.3029241639508988,2.9407543782486463
2025-06-13,-0.015593579799234036,-0.00799800792765848,-0.007595571871575557,3.83785096487768,1.2925033661584817,2.918417667012008
2025-06-16,0.011597945408752475,0.0030874466033699033,0.008510498805382571,3.8823621508552595,1.2964939012861718,2.943254857080721
2025-06-17,-7.883341596059967e-05,-0.001413266458476059,0.0013344330425154594,3.8820560909849116,1.2946616099418653,2.9471824336145542
2025-06-18,-0.004568848150812932,0.000652022695670551,-0.005220870846483483,3.864319566192263,1.2955057586947607,2.931795574767628
2025-06-19,-0.015643029850107015,-0.009207132340209978,-0.006435897509897037,3.8038698998679648,1.2835778657269539,2.912926838928454
2025-06-20,-0.004575861287040128,-0.0010093988632655648,-0.0035664624237745635,3.7864639188522218,1.2822822236883762,2.902537994814211
2025-06-23,0.021038077329534444,0.0037520909334436414,0.017285986396090802,3.866123839582527,1.2870934631939932,2.952711227106706
2025-06-24,0.027000808719902958,0.013035693594510178,0.01396511512539278,3.9705123098625514,1.3038716192076871,2.9939461793252913
2025-06-25,0.004916987377794113,0.01497608756150659,-0.010059100183712477,3.990035268773522,1.3233985147459049,2.963829774762815
2025-06-26,-0.0005924052401026225,-0.00370169343216864,0.0031092881920660176,3.9876715509721063,1.3184996991557283,2.9730451756847787
2025-06-27,0.008905133813497557,-0.0034367998333394434,0.012341933646837,4.02318229973779,1.3139682796094119,3.0097383019721287
2025-06-30,0.013461514162300015,0.00499253956585588,0.008468974596444134,4.077340425243225,1.3205283182336414,3.0352276991934755
2025-07-01,0.006514442059472936,0.0021051406597971667,0.004409301399675769,4.103902023200218,1.3233082160887686,3.0486109329358637
2025-07-02,0.005815862069285638,-0.0016622638334915507,0.0074781259027771885,4.127769751313013,1.321108528700602,3.071408829320941
2025-07-03,0.006229534580376006,0.005886401181356193,0.00034313339901981266,4.153483835718648,1.328885103504645,3.0724627322723257
2025-07-04,-0.01136018895987223,0.002146422236925183,-0.013506611196797413,4.106299474503109,1.331737452041126,3.0309641727308736
2025-07-07,0.013454030536083295,-0.0036534141482883475,0.017107444684371642,4.161545753023376,1.3268720635920335,3.0828162246561797
2025-07-08,0.009165988074945508,0.009613023646465102,-0.00044703557151959394,4.1996904317689285,1.3396273161151777,3.0814380961433008
2025-07-09,0.003995036813688957,-0.0023595418844089,0.006354578698097857,4.216468349649943,1.3364664093533056,3.10101933702856
2025-07-10,0.0073441953152946216,0.004743599581072955,0.002600595734221667,4.24743491675053,1.342806070852832,3.1090838346881755
2025-07-11,-0.0007864694864383459,0.002791338414160238,-0.003577807900598584,4.244094438792873,1.346554297021171,3.097960129980805
2025-07-14,0.011204162230070702,0.0002582391370791193,0.010945923092991583,4.291645961404849,1.3469020300408638,3.131870163308729
2025-07-15,-0.01393294762261521,0.00016642522656074021,-0.01409937284917595,4.231850683009787,1.3471261885163686,3.0877127581610297
2025-07-16,0.008999019021047605,-0.0022517561002884934,0.011250775121336098,4.269933187800426,1.3440927889035184,3.1224519200423795
2025-07-17,0.0035151467245169155,0.007861628319552061,-0.004346481595035145,4.284942629459429,1.354659546836868,3.1088802402405333
2025-07-18,0.006242183126262457,0.0051415847903149015,0.0011005983359475557,4.311690026038043,1.3616246437589394,3.1123018686596025
2025-07-21,0.019691727776448564,0.0075658972319880835,0.01212583054446048,4.396594652287213,1.371926555882162,3.1500411137221764
2025-07-22,0.002256193544743157,0.008239486317337175,-0.005983292772594018,4.406514220760556,1.3832305259677447,3.1311934954930685
2025-07-23,-0.00457542724229254,-0.0005550524314599237,-0.0040203748108326165,4.386352535551339,1.3824627605010367,3.118604924035945
2025-07-24,0.011496919250830295,0.009326033265186107,0.0021708859856441887,4.436782076458248,1.3953556541933503,3.125375059760296
2025-07-25,0.004803289372506292,-0.0036393609449547615,0.008442650317461053,4.458093224654226,1.390277451321157,3.151761508500766
2025-07-28,0.006072767770022525,0.0025423013353826907,0.003530466434639834,4.485166189504661,1.3938119555422033,3.162888696716518
2025-07-29,-0.003385304104824627,0.004248489425981772,-0.007633793530806399,4.469982537992511,1.3997335508971314,3.1387438574448625
2025-07-30,-0.0019462070033071655,-0.0018613190349452413,-8.488796836192414e-05,4.461283026672409,1.397128200194995,3.1384774158555957
2025-07-31,-0.014247902744081387,-0.01711027377498997,0.0028623710309085837,4.39771909999456,1.3732229541908996,3.1474609026919014
2025-08-01,0.015326061072706398,-0.0042896080788481505,0.01961566915155455,4.465118811501684,1.3673323659125425,3.209200454426559
2025-08-04,0.009905983019425468,0.00492612090766209,0.004979862111763378,4.509350202628137,1.3740680104679874,3.2251818301786117
2025-08-05,0.012825747405039056,0.007669322654343835,0.005156424750695221,4.567185989287907,1.3846061813892787,3.241812237593237
2025-08-06,0.006032093139371586,0.0040720208927573776,0.0019600722466142084,4.594735680560125,1.3902443266881368,3.2481664237888777
2025-08-07,-0.0009931271269744135,-0.0006189445781858982,-0.0003741825487885153,4.590172523914483,1.3893838424997795,3.246951016597535
2025-08-08,0.007614167612658429,-0.002319676403617632,0.009933844016276061,4.625122866882587,1.3861609215847652,3.2792057215249044
2025-08-11,0.014290662503218643,0.00600373879256999,0.008286923710648653,4.6912189368091255,1.3944830696824282,3.306380249170704
2025-08-12,-0.001555790353186537,0.004893119208388974,-0.006448909561575511,4.683920383642552,1.4013064415764644,3.2850577019676224
2025-08-13,-0.0020235898656212337,0.009531237705201923,-0.011554827570823156,4.6744420498228365,1.4146626263689603,3.247099426661182
2025-08-14,-0.024352430587411766,-0.0037895230694420245,-0.020562907517969742,4.560608024269647,1.4093017297108577,3.1803296214490953
2025-08-15,0.009122887381797229,0.010836871766080947,-0.0017139843842837177,4.60221393766758,1.4245741518354502,3.1748785861410567
2025-08-18,0.00697459406761447,0.010520128586309685,-0.0035455345186952147,4.6343125116951285,1.4395608550934922,3.1636219445212275
2025-08-19,0.014829147788379071,-0.0032836340284175813,0.018112781816796653,4.70303541682859,1.4348338640837293,3.2209239385531703
2025-08-20,0.009743325701080385,0.011252283831380439,-0.0015089581303000532,4.748858622678467,1.4509790219732757,3.2160636991890126
2025-08-21,0.002519086254596292,0.0018914845563335891,0.0006276016982627031,4.760821407159877,1.4537235263849022,3.2180821062283447
2025-08-22,-0.0046975049449567985,0.02009408042064531,-0.02479158536560211,4.738457425057687,1.4829347638334645,3.138300748978268
2025-08-25,0.003359624589828858,0.020322072044964834,-0.016962447455135976,4.754376863140768,1.513071070942071,3.0850674874253103
2025-08-26,0.010257746695625514,-0.002258307559877215,0.012516054255502729,4.8031460566984086,1.509654091103931,3.123680359479813
2025-08-27,-0.03332262016787879,-0.01483260357414018,-0.018490016593738612,4.643092645040203,1.4872619904365074,3.065923457799496
2025-08-28,-0.004126836200440853,0.018765213632838895,-0.02289204983327975,4.623931362230651,1.5151707794150497,2.9957381852185283
2025-08-29,-0.006696316379434464,0.006657322250873454,-0.013353638630307918,4.592968054912364,1.525257759558723,2.9557341800621058
2025-09-01,0.010520858821548629,0.0069142648610482915,0.003606593960500337,4.64129002338998,1.535803795689681,2.9663943131047623
2025-09-02,-0.004786619202465592,-0.011001985068847087,0.006215365866381495,4.61907393543981,1.5189069052608246,2.984831539064662
2025-09-03,-0.02310822718270955,-0.00857251656328184,-0.01453571061942771,4.512335325565934,1.505886050657393,2.941444891565077
2025-09-04,0.010578267228433802,-0.022154968568721234,0.032733235797155036,4.560068014464073,1.4725231925370028,3.037727900785014
2025-09-05,0.014860163178125552,0.02453502058614565,-0.009674857408020099,4.62783136926236,1.508651579379475,3.008338316500555
2025-09-08,0.0161671996455528,0.004203707732580497,0.011963491912972302,4.702650442935177,1.5149935096894822,3.044328547621494
2025-09-09,-0.0024956307023765723,-0.007551951489878528,0.005056320787501956,4.690914364107243,1.5035523521968264,3.0597216493408186
2025-09-10,0.004768435930720738,0.0016244529869846591,0.003143982943736079,4.713282688708986,1.5059948023064402,3.069341362018926
2025-09-11,0.006533217186105,0.02427284071820801,-0.01773962353210301,4.744075588173831,1.5425495742652735,3.014892401765198
2025-09-12,-0.002167438880081196,-0.0032447237082119385,0.0010772848281307423,4.733793094293979,1.5375444270905627,3.0181402996080666
2025-09-15,-7.89046351513667e-05,0.0013919887554854071,-0.0014708933906367738,4.733419576076992,1.5396846716441321,3.0137009369893586
2025-09-16,0.014712496677484754,0.0004581774557437246,0.01425431922174103,4.803059995863166,1.5403901204496337,3.056659192184065
2025-09-17,-0.00019153620647405223,0.007065112902177262,-0.007256649108651314,4.802140035972092,1.551273150564009,3.0344780889816514
2025-09-18,-0.018709214220222425,-0.010717839704417198,-0.007991374515805227,4.712295769323583,1.5346468535984976,3.010228438112594
2025-09-19,-0.0071601128293907745,-0.0005022592302207363,-0.006657853599170038,4.678555199929765,1.5338760630511485,2.990186777871582
2025-09-22,-0.005405114566166547,0.005422510607620001,-0.010827625173786548,4.653267073070011,1.542193522273818,2.957810156241176
2025-09-23,-0.012810724528716566,-0.002128961914561245,-0.010681762614155321,4.593655350438364,1.5389102510000139,2.92621553029447
2025-09-24,0.018777209210257384,0.01286471400312661,0.005912495207130775,4.679911377993363,1.558707891255609,2.943516765592368
2025-09-25,-0.009976814058435202,0.005021721005407764,-0.014998535063842966,4.633220772365169,1.566535287414422,2.8993683261726213
2025-09-26,0.0029724045157168977,-0.010606178518027698,0.013578583033744596,4.64699257871126,1.5499203345013148,2.9387376397349656
2025-09-29,0.01061648563227724,0.015319502994691092,-0.004703017362413853,4.696327308656447,1.5736643437072404,2.924916705591713
2025-09-30,-0.0006695967832293093,0.0055374243748747,-0.006207021158104009,4.693182662997579,1.582378391001956,2.9067616857144136
2025-10-09,-0.0003217728847781931,0.01580284020028433,-0.016124613085062522,4.691672524073315,1.607384463851343,2.8598912782017845
2025-10-10,0.007732421366974274,-0.01975195002339314,0.027484371390367413,4.727950512945306,1.5756354862529727,2.938493592227955
2025-10-13,-0.002895021791676,-0.004398517175576044,0.0015034953839000442,4.7142629931803635,1.568705026504242,2.94291160377949
2025-10-14,-0.001502772706983846,-0.015418470558299813,0.013915697851315967,4.707178527420668,1.5445179942384293,2.983864272460817
2025-10-15,0.010874462416855746,0.01453138188363079,-0.0036569194667750438,4.758366563406534,1.5669619750388473,2.9729525211166408
2025-10-16,-0.008617625597579726,-0.0003942159904005704,-0.008223409607179155,4.717360741907055,1.5663442535719372,2.9485047147928025
2025-10-17,-0.012798909471455455,-0.02450018197674153,0.011701272505286076,4.656983668827189,1.5279685343212013,2.983005971943714
2025-10-20,0.019343791905670926,0.005933081383274308,0.013410710522396618,4.74706739182509,1.5370340959864113,3.0230102015200315
2025-10-21,0.022150671178480907,0.015630581489475714,0.006520089689005193,4.852218120683497,1.5610588326758295,3.04272049916472
2025-10-22,0.005108187596497116,-0.004559735097412698,0.009667922693909814,4.877004161103071,1.5539408179273513,3.072137285729819
2025-10-23,0.006745346418990383,0.002741072727830085,0.004004273691160298,4.909901243656568,1.558200282724034,3.0844389642386996
2025-10-24,0.0012336955759324475,0.012964531896908937,-0.01173083632097649,4.915958567099133,1.5784016199911823,3.048255915607173
2025-10-27,0.0009803031227979542,0.01314961954149485,-0.012169316418696896,4.920777696634006,1.5991570007777456,3.0111607248449848
2025-10-28,0.0054071346858426406,-0.005125485485814929,0.01053262017165757,4.947385004398797,1.59096054478072,3.04287613703559
2025-10-29,-0.00985579812105808,0.013824543063166939,-0.023680341184225018,4.898624576568292,1.6129548473438406,2.9708197919292507
2025-10-30,-0.008411306574894084,-0.009266702175943498,0.0008553956010494135,4.857420743459465,1.5980080751502608,2.973361018110777
2025-10-31,0.014516538247262067,-0.01274304048031527,0.027259578727577338,4.927933677464939,1.5776445935607504,3.0544135868694773
2025-11-03,0.011701423703430303,0.002099242313116534,0.009602181390313769,4.985597517407359,1.5809564518466126,3.0837426201716367
2025-11-04,0.00227782615576011,-0.00995883595670477,0.01223666211246488,4.9969538418346024,1.5652119658879782,3.1214773366564845
2025-11-05,0.012199694358220992,0.0020441170970928457,0.010155577261128146,5.057915151427123,1.568411442428024,3.15317774091776
2025-11-06,0.0025144160560046647,0.014777827732519455,-0.01226341167651479,5.07063285449378,1.5915891565379376,3.1145090241916624
2025-11-07,0.002925512587431456,-0.0029282622783312062,0.005853774865762662,5.085467054735846,1.5869285660482466,3.132740658836667
2025-11-10,0.007144056332584192,0.0031242464360297095,0.004019809896554483,5.12179791785238,1.5918865219649565,3.1453336807403973
2025-11-11,0.005719542561055668,-0.008591119330170538,0.014310661891226206,5.151092259032663,1.5782104348946655,3.1903454875805597
2025-11-12,-0.0017266955993560096,-0.0027638036601086435,0.001037108060752634,5.142197890697115,1.573848571118282,3.193654220602315
2025-11-13,0.00800562520339132,0.012992568330105314,-0.004986943126713994,5.183364399731705,1.5942969062197747,3.1777276486377812
2025-11-14,0.005913203400475631,-0.015875774688642208,0.02178897808911784,5.214014687726102,1.5689862077498302,3.2469670867471336
2025-11-17,0.004114229502535149,-0.0047639172767171,0.00887814677925225,5.235466340780997,1.5615116872477999,3.2757941371306756
2025-11-18,-0.004064527640308624,-0.007883070611130472,0.0038185429708218477,5.214186643128987,1.54920218035712,3.288302897806876
2025-11-19,-0.018547849232552482,0.002160434101975861,-0.020708283334528343,5.1174746954018415,1.552549129578419,3.2202077897093404
2025-11-20,-0.0057288699049515834,-0.006006421736090006,0.00027755183113842286,5.088157348630003,1.5432238647401717,3.2211015642780203
2025-11-21,-0.04385763466467907,-0.027111317109975275,-0.016746317554703793,4.865002802517386,1.5013850331715193,3.1671599746066676
2025-11-24,0.020973771671827457,0.0010753307795654532,0.019898440892262004,4.967040260480187,1.5029995187096674,3.2301815201577164
2025-11-25,0.014878541015772129,0.010304196812654931,0.004574344203117198,5.040942572722733,1.5184867215597775,3.244957482269466
2025-11-26,-0.010286614197291821,0.004848837281113072,-0.015135451478404893,4.98908834128643,1.5258496165861517,3.1958435857470895
2025-11-27,0.012224955526304537,-0.0008853098926615566,0.013110265418966094,5.050079724375461,1.524498766825874,3.237741943393734
2025-11-28,0.014311448607638777,0.004891129749970746,0.00942031885766803,5.12235368081534,1.5319552880980898,3.268242504879349
2025-12-01,0.005407835891637625,0.01073707885580677,-0.005329242964169145,5.150054528900115,1.5484040128299692,3.250825246505022
2025-12-02,-0.0052218971801507585,-0.005858685298749888,0.0006367881185991298,5.123161473678029,1.539332401003477,3.2528953333976385
2025-12-03,-0.008765382396613286,-0.0054128210764269324,-0.0033525613201863536,5.078255004281644,1.5310002701396985,3.241989802324275
2025-12-04,-0.012064071249383801,0.00313987903236157,-0.015203950281745371,5.01699057408745,1.53580742578645,3.192698750555811
2025-12-05,0.016251153913751093,0.00935233490265941,0.006898819011091684,5.098522460090784,1.550170811178396,3.214724601392834
2025-12-08,0.008630605793590762,0.008751667269989882,-0.00012106147639912024,5.1425257975735965,1.5637373903294798,3.214335422086373
2025-12-09,-0.008370791443305214,-0.005630999670744763,-0.0027397917725604515,5.099478786630291,1.5549319855994033,3.205528812342691
2025-12-10,-0.008710571364774933,0.00027450646228288633,-0.008985077827057819,5.055059412736192,1.5553588244778607,3.176726886486916
2025-12-11,-0.022182896792923956,-0.00905622726242794,-0.013126669530496016,4.942923551501366,1.5412731414887664,3.1350270424593605
2025-12-12,-0.008032224652696263,0.007907584364380549,-0.01593980901707681,4.9032208790946035,1.5534608888836425,3.0850553101391873
2025-12-15,0.00327083260123584,-0.006698964864755963,0.009969797465991803,4.919258493797006,1.5430543089702384,3.1158126867526574
2025-12-16,-0.014858346633091712,-0.012995822281297142,-0.00186252435179457,4.8461664459183895,1.5230010494004715,3.11000940974795
2025-12-17,0.0013073414186057786,0.01861893146995386,-0.01731159005134808,4.852502040034596,1.5513577015679267,3.0561702017905583
2025-12-18,0.01437254084384798,-0.005720393536399859,0.02009293438024784,4.922244823799849,1.5424833249992334,3.117577629110005
2025-12-19,0.01926967611736563,0.005044633904901508,0.014225042212464123,5.017094887324851,1.5502645886782698,3.1619253024847285
2025-12-22,-8.400852681855753e-05,0.01017453687578107,-0.010258545402599628,5.016673408574458,1.5660378129029944,3.1294885482095602
2025-12-23,-0.0070715677892597695,0.0014911587585222374,-0.008562726547782007,4.981197662489147,1.5683730239038818,3.1026915935368264
2025-12-24,0.011822840709741156,0.005605772980805002,0.006217067728936154,5.040089568996491,1.5771649670251056,3.1219812373158455
2025-12-25,0.011155651532675392,0.003476369005507518,0.007679282527167874,5.096315051921688,1.5826477744330438,3.145955813281711
2025-12-26,-0.006839646868711302,0.004062117599566095,-0.010901764468277397,5.061458056634845,1.5890766758114825,3.111659343977706
2025-12-29,0.002108693658289029,-0.0038223828413673777,0.005931076499656407,5.0721311211405675,1.5830026163922435,3.130114833587708
2025-12-30,-0.0059512866862309055,0.0029025820539823055,-0.008853868740213211,5.041945414728506,1.5875974113779907,3.1024012077093284
2025-12-31,0.003924890103169432,-0.003109973178946457,0.0070348632821158885,5.061734496387494,1.5826600260096404,3.124226176051835
2026-01-05,0.01476031568957148,0.020563307675788955,-0.005802991986217476,5.136447295490968,1.6152047510706489,3.1060963165890754
2026-01-06,0.003307160434464551,0.017049459417319612,-0.013742298982855061,5.153434350760328,1.6427431189246897,3.0634114123369636
2026-01-07,-0.0057811553237518964,2.670147802863454e-06,-0.00578382547155476,5.123641546327824,1.6427475052916194,3.0456931753804377
2026-01-08,0.01772123434217243,-0.00523807941016774,0.02295931375234017,5.21443879885559,1.634142663408047,3.1156202005873586
2026-01-09,0.010253545216393878,0.008942368451718696,0.0013111767646751815,5.267905282857774,1.6487557692069146,3.1197053294019215
2026-01-12,0.018397413961239284,0.011392611068004266,0.007004802893235018,5.364821117055108,1.6675394024316172,3.1415582503193566
2026-01-13,-0.0008053037699607968,-0.00796398288942346,0.007158679119462663,5.360500806384378,1.6542591471632124,3.1640476577684935
2026-01-14,0.006808327698422989,5.6962817543748656e-05,0.00675136488087924,5.396996852501903,1.6543533784251823,3.18540929800658
2026-01-15,-0.0027014915797484162,0.001276424716175839,-0.003977916295924255,5.382416910948941,1.6564650359666933,3.172738006450851
2026-01-16,-0.0003081381734909572,-0.0026147000472901416,0.0023065618737991844,5.380758382833035,1.6521338767588167,3.180056122972084
2026-01-19,0.013871419129876772,0.002313028728247124,0.011558390401629648,5.45539713759791,1.6559553098786701,3.2168124531404882
2026-01-20,0.0023738174826639646,-0.0037372445612614547,0.006111062043925419,5.468347254698014,1.6497665999031341,3.2364705936253015
2026-01-21,0.008365408597255541,0.0038499138692706936,0.004515494727984848,5.5140922138352435,1.6561180592171607,3.2510848595280946
2026-01-22,0.011034733048985501,0.001744685868409812,0.009290047180575689,5.5749387494224045,1.6590074649914952,3.2812875912611656
2026-01-23,0.010455014333476287,0.003835033740711369,0.006619980592764918,5.633224813955868,1.6653698145958296,3.303009651434595
2026-01-26,-0.005132947578209257,-0.0022133586959838247,-0.0029195888822254323,5.604309766289565,1.661683753834665,3.2933662211783834
2026-01-27,-0.002578490022103308,0.0012707028534197917,-0.0038491928755230997,5.589859109476411,1.663795260122144,3.280689419383335
2026-01-28,-0.009898901372611957,0.0036464525564803285,-0.013545353929092285,5.534525645464908,1.6698622106018761,3.2362513200663594
2026-01-29,-0.006003862433030638,0.002484031645679119,-0.008487894078709757,5.501297114857456,1.6740102011769349,3.2087823616495514
2026-01-30,0.007067477154331314,-0.012132866731643488,0.019200343885974802,5.5401774065359,1.6536996584986434,3.2703920864484735
2026-02-02,-0.018342938710281698,-0.026712252338277898,0.0083693136279962,5.438554271923724,1.6095256159291036,3.2977630235064774
2026-02-03,0.018480015942389016,0.017295686730303572,0.0011843292120854443,5.539058841572422,1.6373634667666124,3.301668660589751
2026-02-04,0.0070259134539254475,0.006302853835775668,0.0007230596181497795,5.577975789609511,1.6476835293736813,3.3040559638707343
2026-02-05,-0.0016046944783071337,-0.009610882100631657,0.008006187622324523,5.569024842659793,1.6318478372337182,3.330508855832144
2026-02-06,0.006537818114232596,-0.00408386891244239,0.010621687026674986,5.605434114154746,1.625183584581403,3.3658844785383626
2026-02-09,0.018603655322599444,0.017399880443704108,0.0012037748788953362,5.709715678348021,1.65346158465219,3.3699362457188906
2026-02-10,0.002251555747169398,0.0006212216487009314,0.0016303340984684667,5.722571421498309,1.6544887507838713,3.375430367689951
2026-02-11,-0.0021406497217238973,-0.0009047877506164204,-0.001235861971107477,5.710321400577334,1.6529917896286292,3.371258801662402
2026-02-12,-0.008247394163206412,0.004267892077470359,-0.01251528624067677,5.66322612918818,1.6600465801917088,3.329066532768196
2026-02-13,-0.0010567097737766984,-0.013173947643154715,0.012117237869378017,5.6572417427863595,1.6381772134590653,3.369405623828733
2026-02-24,0.016024786199117846,0.010443708979205768,0.005581077219912078,5.747897832191236,1.655285859532798,3.388210536800527
2026-02-25,0.006252166378284185,0.008941453050769432,-0.002689286672485247,5.783834645763474,1.670086520331413,3.3790986673603354
2026-02-26,0.0005759936169862367,-0.00032377553977680495,0.0008997691567630417,5.787166097601138,1.6695457871668187,3.382139076118886
2026-02-27,0.004503592288928049,0.0010635054731258364,0.0034400868158022124,5.81322913421304,1.6713213582491047,3.393773928163852
2026-03-02,-0.03253973459711801,0.0026825007303323822,-0.03522223532745039,5.624068201033514,1.675804679013228,3.274237624217899
2026-03-03,-0.029334963559385585,-0.023740715318196215,-0.00559424824118937,5.4590863653006965,1.6360198771998737,3.255920726147382
2026-03-04,-0.008052233759608951,-0.009260406354367201,0.00120817259475825,5.415128525773401,1.620869668333181,3.259854440339418
2026-03-05,0.017584914213996328,0.009063187276693307,0.00852172693730302,5.510353096356891,1.6355599136883963,3.2876340297353455
2026-03-06,0.02699242362322729,0.0037398281806040323,0.02325259544262326,5.659090881447318,1.6416766267446745,3.3640800537921827
2026-03-09,-0.007149927045823623,-0.009657841500433362,0.0025079144546097387,5.618628794499283,1.6258215740886084,3.372516878785553
2026-03-10,0.0237214018371521,0.013712785075598477,0.010008616761553624,5.7519105459073945,1.6481161159053568,3.4062711077471883
2026-03-11,-0.0047538546001723025,0.004252068009961141,-0.009005922610133443,5.724566799498953,1.6551240177184994,3.3755944937616835
2026-03-12,-0.011139194481185166,-0.004072495240424301,-0.007066699240760865,5.660799736598798,1.6483835330340288,3.3517401827155013
2026-03-13,-0.00202231734760161,-0.006957993553562858,0.004935676205961248,5.649351803090176,1.636914091037379,3.368283286983894
2026-03-16,0.0029457262762693226,-0.0015517057212691698,0.004497431997538492,5.665993247140428,1.6343740820770902,3.383431912015549
2026-03-17,-0.021206210024325656,-0.011151274847205017,-0.010054935177120639,5.545839004345158,1.6161487274847002,3.3494117234640313
2026-03-18,0.016369432280730623,0.006081612009962489,0.010287820270768133,5.636621240366621,1.6259775169956567,3.383869869287833
2026-03-19,-0.028363156497102193,-0.019260690580017892,-0.009102465917084301,5.476748870011212,1.5946600671507376,3.353068309134792
2026-03-20,-0.0346394250849813,-0.006757896242466255,-0.027881528842515046,5.287037437819203,1.5838835198749286,3.259579638362727
2026-03-23,-0.06266152740208264,-0.03502886547886597,-0.027632661923216673,4.955743596533458,1.528401877123037,3.169508776204049
2026-03-24,0.04596120223598654,0.015137952830057033,0.03082324940592951,5.183515530203428,1.551538752644296,3.267203335707269
2026-03-25,0.018900338276239603,0.01638494052448114,0.0025153977517584636,5.281485727184414,1.5769606228278006,3.2754216516324446
2026-03-26,-0.018619846601413692,-0.014044532140509935,-0.004575314460903757,5.1831452731166845,1.554812948676177,3.260435567584173
2026-03-27,0.017726997991000637,0.0075423068538187366,0.0101846911371819,5.275026878960288,1.5665398250353835,3.2936420968127003
2026-03-30,0.007077142128915748,-0.0010974207618954512,0.008174562890811199,5.312358993916541,1.5648206717070536,3.320566181272919
2026-03-31,-0.012301103929061363,-0.011682305773849211,-0.0006187981552121524,5.2470111138238895,1.5465399581389316,3.318511421045687
2026-04-01,0.014448302707364524,0.0171807035551359,-0.002732400847771377,5.322821518705323,1.573110602695889,3.309443917625483
2026-04-02,-0.02161714415128635,-0.012759539150887123,-0.008857605000399227,5.2077573186439015,1.5530384363721152,3.280130170632183
2026-04-03,-0.030059082908135637,-0.00872011966790387,-0.021338963240231767,5.0512169096373345,1.5394957553580961,3.2101355934978875
2026-04-07,0.02513205129451168,0.0013230220275406435,0.023809029266971038,5.178164352110045,1.5415325421537402,3.286565805794424
2026-04-08,0.04056099825944948,0.03899220138310877,0.0015687968763407056,5.388195867383124,1.6016402894760144,3.2917217599644424
2026-04-09,-0.0203492626453734,-0.006232177975885489,-0.014117084669487912,5.27855005449303,1.591658582138651,3.2452522451706285
2026-04-10,0.012255683568399345,0.013563516848010826,-0.001307833279611481,5.343242293660853,1.6132470701337698,3.2410079962836607
2026-04-13,-0.0012522247043421642,0.001421082614244451,-0.002673307318586615,5.336551353659445,1.6155396274976177,3.232343785887598
2026-04-14,0.0036981484141920262,0.012802958233471218,-0.009104809819279192,5.356286712585235,1.6362233138729874,3.2029139104465623
2026-04-15,-0.008979905301910396,-0.004005281336163624,-0.004974623965746772,5.3081877651363385,1.6296697791721362,3.186980618147431
2026-04-16,0.020224764421240105,0.012650090877543096,0.007574673543697008,5.4155446121899296,1.6502852499790492,3.211120955919988
2026-04-17,-0.00564876555253524,-8.890366746894252e-06,-0.005639875185788346,5.384953470336373,1.6502705783379399,3.1930106345221296
2026-04-20,0.00744905337819346,0.006985232419624676,0.0004638209585687836,5.425066276175997,1.661798101882899,3.194491619775354
2026-04-21,-0.0031187643917529595,0.0009003529871567384,-0.004019117378909698,5.4081467726509596,1.6632943067679806,3.1816525829895332
2026-04-22,-0.0005089076552282634,0.00839706915551175,-0.008905976810740013,5.405394525357759,1.6772611040878804,3.1533168588655975
2026-04-23,-0.01319523702621106,-0.00475181156446991,-0.00844342546174115,5.33406906337548,1.66929107537684,3.126692063010514
2026-04-24,0.00684023800929201,-0.004161252357099188,0.011001490366391198,5.37055536532697,1.6623447339547435,3.161090335620396
2026-04-27,0.02121823377868437,0.0020070213902732004,0.01921121238841117,5.4845090645898456,1.6656810953937986,3.2218187134369534
2026-04-28,-0.006382900315680229,-0.005188298287923332,-0.001194602027756897,5.449501989950124,1.6570390450183408,3.2179699222688165
2026-04-29,0.017517643621000945,0.012643242956082323,0.004874400664918621,5.544964423722006,1.6779893922522222,3.233655596997612
2026-04-30,0.009647712650928897,-0.00020822349393789796,0.009855936144866795,5.5984606471416996,1.6776399954381767,3.265526300076112
2026-05-06,0.0038728394846454517,0.01855306103147636,-0.014680221546830907,5.620142586589184,1.708765352662387,3.2175876505239915
2026-05-07,0.0013627786566217104,0.007060877530168375,-0.005698098873546664,5.627801596953359,1.720830735545331,3.199253517957003
2026-05-08,0.012842224419330917,-0.004227003565938192,0.01706922798526911,5.700075088048902,1.7135567778898049,3.2538623056376856
2026-05-11,0.003490248287200348,0.01650384116019432,-0.013013592872993973,5.719969765361879,1.7418370467710727,3.2115178663273354
2026-05-12,-0.019857855300384752,-0.0023173903442444965,-0.017540464956140256,5.606383433438746,1.737800530417638,3.1551863497370025
2026-05-13,0.0028663920560496603,0.011586448729093979,-0.008720056673044319,5.622453526375524,1.7579354671647143,3.12767294595328
2026-05-14,-0.012266059894030068,-0.01998278497288508,0.0077167250788550135,5.553488174669601,1.7228070207281534,3.1518083382137743
2026-05-15,-0.006791716286563387,-0.012419935249350367,0.005628218962786979,5.51577045858646,1.7014098690835835,3.169547405669979
2026-05-18,0.0063059838194081674,-0.0032113069867418798,0.009517290806150047,5.550552817849876,1.6959461196836838,3.1997129100536186
2026-05-19,0.006568959759460258,0.005343022222919824,0.0012259375365404335,5.587014175953091,1.7050075974900283,3.2036355582162064
2026-05-20,-0.013325382492503035,0.000637748030002605,-0.01396313052250564,5.51256507506748,1.706094962726467,3.1589027767702933
2026-05-21,-0.03292350168807123,-0.01784148573193567,-0.015082015956135564,5.331072129512893,1.6756556937916554,3.1112601546871628
2026-05-22,0.01931084890708945,0.014608310571363026,0.004702538335726425,5.434019657918712,1.7001341925772366,3.1258909748369974
2026-05-25,-0.010421987098690688,0.015502759411995637,-0.025924746510686325,5.377386375149851,1.726490963932869,3.044853043694306
2026-05-26,-0.02022956015306354,0.0022792038766090705,-0.022508764029672612,5.268604214007493,1.7304259888307953,2.9763171650287608
2026-05-27,-0.02562240382159764,-0.009953823809530471,-0.015668580012067168,5.133609909260023,1.713201633422541,2.9296825013872185
2026-05-28,0.004715960779347661,0.0019608620412159272,0.0027550987381317338,5.1578198122485635,1.7165609854744683,2.937754065949917
2026-05-29,-0.0252203935993226,-0.010029728974564,-0.015190664624758599,5.027737566469271,1.699344344021849,2.893127629184051
2026-06-01,0.02981152509406626,-0.009904642041613565,0.039716167135679825,5.177622091098449,1.682512946588872,3.0080315696495776
2026-06-02,-0.02379762692091325,0.01202210835980222,-0.03581973528071547,5.054406972237009,1.7027402995495335,2.900284675108695
2026-06-03,-0.011942308979972394,0.004922857117223511,-0.016865166097195905,4.994045682464028,1.7111226467519542,2.851370892333835
2026-06-04,-0.016115443062137857,-0.005140412198245126,-0.010975030863892732,4.913564423618563,1.702326771025897,2.8200770087860656
2026-06-05,0.014830784996019197,-0.01641821904043561,0.03124900403645481,4.98643644114934,1.6743775972207962,2.9082016066167347
2026-06-08,-0.030684597587296136,-0.02524740356116595,-0.005437194026130188,4.833429645558043,1.6321039103099872,2.892389150214456
2026-06-09,0.007890580727623941,0.020953466212167315,-0.013062885484543374,4.87156821236761,1.6663021444494137,2.854606201968469
2026-06-10,-0.01330015386512895,-0.011831893382519776,-0.0014682604826091739,4.8067756055786495,1.6465866351332241,2.8504148964887075
2026-06-11,-0.012995496675476725,-0.004941378711993405,-0.00805411796348332,4.7443091691765895,1.6384502269869239,2.827457318667517
2026-06-12,0.016061051169632856,0.010819353719014435,0.005241697450618421,4.820507761507293,1.656177199543695,2.842277994486509
2026-06-15,0.00187749390105596,0.027519352234411265,-0.025641858333355305,4.8295582354295155,1.7017541232605387,2.7693967048078725
2026-06-16,0.004403597243587409,0.0021994553890345436,0.0022041418545528657,4.850825664762798,1.7054970555377558,2.7755008479968004
2026-06-17,-0.020016929763766678,0.010859889747105056,-0.030876819510871734,4.753727028134964,1.724018565524908,2.689802209260932
2026-06-18,-0.0023794809298268715,0.0029786370895106273,-0.005358118019337499,4.742415625325915,1.7291537911671855,2.675389931575037
2026-06-22,0.009243891457855424,0.02352057803467189,-0.014276686576816466,4.786254000614465,1.769824487846282,2.63719422805117
2026-06-23,0.010840973507522778,-0.025659500930133583,0.03650047443765636,4.838141653435402,1.7244116747542173,2.733453068559287
2026-06-24,-0.03153415918515379,0.008436012846506413,-0.0399701720316602,4.685574924375647,1.7389588337951096,2.624196479168503
2026-06-25,-0.02435064077882454,0.01422482604504749,-0.03857546682387203,4.571478172549908,1.7636952207053438,2.522966874947017
2026-06-26,-0.02767817862911337,-0.029120575097911883,0.0014423964687985125,4.444947983090978,1.7123354015809655,2.5266059934583365
2026-06-29,0.0016989576428989572,0.012466561916677499,-0.010767604273778542,4.452499761439139,1.7336823368868934,2.49940049996502
2026-06-30,0.0033388365123241392,0.014387469893056615,-0.011048633380732475,4.467365930213746,1.7586256393129776,2.471785540169287
2026-07-01,0.02826207515505441,-0.003012135495009116,0.03127421065006353,4.593622961878577,1.7533284206023698,2.549088681834322
2026-07-02,-0.0039055499806820437,-0.03172590967262179,0.027820359691939744,4.575682337808551,1.6977024815038984,2.6200052458496055
2026-07-03,0.021740929677170673,0.006113854196921231,0.01562707548024944,4.675161925739919,1.7080819869455646,2.6609482655851466
2026-07-06,-0.014790883046306491,-0.0030903753479096796,-0.011700507698396811,4.606012152473754,1.7028033724808993,2.629813819918632
2026-07-07,-0.03241299213724669,-0.012018489409751587,-0.0203945027274951,4.45671751679156,1.6823382481818483,2.5761800747954973
2026-07-08,-0.00989561686048912,-0.009434663708605573,-0.00046095315188354746,4.412615547789961,1.6664659525661278,2.574992576470201
2026-07-09,-0.0035042825601229177,0.027055556155602067,-0.030559838715724985,4.397152496081313,1.7115531157271795,2.4963012186390823
2026-07-10,0.02509734458942292,-0.018917434740528094,0.044014779329951015,4.507509347487707,1.679174921355463,2.606175365918569
2026-07-13,-0.04091134247100048,-0.02494873076497295,-0.01596261170602753,4.323101088881401,1.6372816383352709,2.5645740005145967
2026-07-14,0.020493228092460347,0.020263168153911604,0.0002300599385487434,4.411695385562611,1.6704581514881702,2.5651640062515586
2026-07-15,0.014200805292458263,-0.0057414589584243725,0.019942264250882635,4.4743450127426225,1.6608672845696355,2.61631918471108
2026-07-16,0.010937710834680203,-0.01984764469273581,0.030785355527416014,4.523284104666595,1.6279029808237084,2.69686350098561
2026-07-17,-0.04089764438630139,-0.0413425691749697,0.00044492478866831053,4.3382924398957305,1.560601289228865,2.698063402408853
2026-07-20,-0.041444264886616344,0.007541082115771314,-0.04898534700238766,4.158495098861087,1.5723699117009184,2.5658978304074123
2026-07-21,0.036689738028217844,0.03637986882280564,0.0003098692054122054,4.311069194629928,1.6295725228295244,2.5666929231292896
2026-07-22,-0.015820252019098202,-0.005074372460609378,-0.010745879558488824,4.242866993499112,1.6213034648971125,2.5391115501137165
2026-07-23,0.027893369538891433,0.0010789176231233988,0.026814451915768034,4.361214850453147,1.6230527177778211,2.607196434683012
2026-07-24,-0.025073259336542586,-0.019159433252869063,-0.0059138260836735235,4.2518649794853545,1.5919559475656693,2.591777928402323
2026-07-27,0.04323119249144414,0.015001356763408635,0.0282298357280355,4.435678172861116,1.6158374466867322,2.664943393564669
2026-07-28,-0.01889189963202431,-0.030292041384121116,0.011400141752096804,4.351879786019463,1.5668904318816852,2.69532412601262
2026-07-29,0.007396106582215234,0.007827340185127873,-0.00043123360291263957,4.384066752749851,1.5791550163248451,2.6941618116787422
2026-07-30,-0.03572484808870158,-0.015644778905361645,-0.020080069183339933,4.227446633997135,1.5544494852371502,2.640062856109121
2026-07-31,0.04020314463603003,0.012842950107024631,0.0273601945290054,4.39740328246482,1.574413202419941,2.712295489421068
2026-08-03,0.017473840984841393,-0.010021360225787812,0.027495201210629205,4.47424280816883,1.5586354405742546,2.7868705996453818
2026-08-04,0.04329161010659699,0.01623396504506225,0.02705764506153474,4.667939983342321,1.5839382738345322,2.862276755163013
2026-08-05,0.03740804661482966,0.016198085568809972,0.021209961046019687,4.842558499834418,1.6095950415298172,2.922985533642948
2026-08-06,0.01833528468942225,-0.00037663272117050006,0.01871191741059275,4.931348188554064,1.6089888153693432,2.9776801975408325
2026-08-07,0.025090209398903163,0.011973875079094087,0.013116334319809075,5.055076747223787,1.6282546464482353,3.016736446509253
2026-08-10,0.006869118571455113,0.0029117421191369175,0.003957376452318195,5.089800668788273,1.632995704082979,3.0286748082855186
2026-08-11,-0.0018599417014967257,-0.008067242551159315,0.006207300849662589,5.080333936272088,1.6198219316531404,3.047474703996341
2026-08-12,0.023083919810655606,0.006895701027921586,0.01618821878273402,5.197607957468345,1.6309917394122908,3.0968078912394814
2026-08-13,-0.015113576709288035,-0.006794595520465352,-0.008318981188822683,5.1190535108983415,1.619909810245764,3.0710456046468626
2026-08-14,0.015460380851231248,0.0010540752065713033,0.014406305644659945,5.198196027774662,1.6216173170136257,3.1152880262760947
2026-08-17,0.0320416967530861,0.018366964517149365,0.013674732235936737,5.364755048559714,1.6514015047356099,3.1578887558732402
2026-08-18,-6.235214998551175e-05,-0.0025867218608131015,0.0025243697108275898,5.364420544548291,1.6471297883623306,3.1658604345987293
2026-08-19,-0.059204358112263544,-0.034297156684993224,-0.02490720142727032,5.04682346956407,1.590637919930348,3.087007711063553
2026-08-20,0.020444777388788582,0.0029836443003807833,0.0174611330884078,5.150004651919821,1.5953838176941177,3.140910363551375
2026-08-21,0.006928045567214713,0.004271922126042327,0.0026561234411723866,5.185684118819689,1.6021991731244551,3.1492530091946254
2026-08-24,-0.015707213335135806,-0.013546126272920067,-0.0021610870622157385,5.104231472076763,1.580495580810943,3.1424471992608107
2026-08-25,0.0190240262802297,-0.00198740984904322,0.02101143612927292,5.201334505741927,1.57735448832727,3.2084745278776916
2026-08-26,-0.003075138672951616,0.008301376073595268,-0.011376514746546884,5.185339680852362,1.5904487011362483,3.171973270097371
2026-08-27,0.018704546678048217,0.012410363284816706,0.006294183393231512,5.282329108954401,1.6101867473032139,3.1919382515777923
2026-08-28,-6.268815491894397e-05,-0.00506341646612174,0.005000728311202796,5.281997969488886,1.6020337012133878,3.2079002675600687
2026-08-31,0.021015645799993488,0.004472096767310418,0.01654354903268307,5.3930025679319495,1.6091981509497066,3.2609703229284057
2026-09-01,-0.014579964918293942,-0.005373697615471573,-0.009206267302822368,5.314372779687233,1.6005508066831269,3.230948958468956
2026-09-02,-0.004674124795764567,-0.014499608386871476,0.00982548359110691,5.289532738103761,1.5773434467829304,3.262694594444097
2026-09-03,-0.0007882171315749531,0.0016605553333532974,-0.0024487724649282505,5.285363437781561,1.5799627128560156,3.254704997759752
2026-09-04,-0.013841196895102659,-0.004336785197739612,-0.009504411697363047,5.212207681777049,1.5731107539499212,3.223770941507578
2026-09-07,0.019031108462522095,0.008097626498071442,0.010933481964450653,5.311401771498139,1.5858492172755072,3.2590179829540715
