date,G1,G2,G3,G4,G5,G6,G7,G8,G9,G10,year
2019-01-02,0.042658273,0.047418773,0.04779774,0.04646423,0.049890738,0.046992358,0.053179514,0.056338463,0.051860414,0.044541374,2019
2019-01-03,0.03559624,0.032115065,0.037038345,0.036746603,0.04214025,0.03353445,0.04221124,0.043166336,0.045572646,0.038898703,2019
2019-01-04,0.0088658165,0.017124359,0.017430931,0.014482995,0.021540713,0.020643663,0.022396082,0.024251144,0.02389532,0.02521915,2019
2019-01-07,0.0013982516,0.0042962106,0.005871518,0.0061796387,0.009768955,0.008180304,0.009309747,0.013199052,0.013095669,0.015625985,2019
2019-01-08,-0.014614741,-0.0038121657,-0.0064601935,-0.011519762,-0.0025957725,-0.004678504,-0.0042207483,-0.004465707,0.0006361974,0.0016451782,2019
2019-01-09,0.005151178,0.0035496766,0.009295127,0.0006101179,0.0061525763,0.007220285,0.0011600484,0.008600455,0.0073393853,0.013818835,2019
2019-01-10,-0.002168021,0.008448016,0.0036329767,0.0025073749,-0.004951036,0.005192207,0.0051202187,0.0033833794,0.01023392,0.013360004,2019
2019-01-11,-0.0033044808,0.0008031926,-0.009242697,-0.0065688505,-0.0053977408,-0.004546043,-0.004678736,-0.00039093016,0.0034734732,0.0009463025,2019
2019-01-14,-0.03995376,-0.027674101,-0.038567938,-0.03528376,-0.037202325,-0.037166957,-0.031443212,-0.03095646,-0.03340593,-0.02687979,2019
2019-01-15,-0.045903996,-0.0495748,-0.049198385,-0.053843744,-0.051839847,-0.04690478,-0.052973624,-0.04843655,-0.039604064,-0.024777047,2019
2019-01-16,-0.051778905,-0.0548962,-0.058549635,-0.06208332,-0.06398001,-0.065907896,-0.06078737,-0.06094798,-0.05008444,-0.031495087,2019
2019-01-17,-0.037601147,-0.040118758,-0.035268534,-0.051020708,-0.043138918,-0.054153465,-0.05225927,-0.05009926,-0.04612772,-0.035925962,2019
2019-01-18,-0.017932914,-0.022200495,-0.026232263,-0.027327633,-0.027887138,-0.035587348,-0.03564901,-0.037928704,-0.02736488,-0.020481855,2019
2019-01-21,0.012742566,0.008621196,0.0007073744,0.0012607989,-0.005927032,-0.010234511,-0.008280787,-0.012695108,-0.011054648,-0.003231136,2019
2019-01-22,0.038469378,0.023543818,0.023810698,0.017339567,0.013010196,0.010008941,0.0067493115,0.013125062,0.008972391,0.017415894,2019
2019-01-23,0.030594347,0.030017305,0.026938356,0.019532043,0.014375793,0.022280905,0.012818168,0.020084672,0.015425602,0.015954528,2019
2019-01-24,0.035736427,0.03078789,0.03234881,0.023185583,0.025312753,0.02465516,0.023592917,0.022241164,0.020111715,0.016602695,2019
2019-01-25,0.05655894,0.057824668,0.062658325,0.050045684,0.054442313,0.056248885,0.05409716,0.04502436,0.051439155,0.039164416,2019
2019-01-28,0.09827742,0.09424883,0.104490295,0.09708086,0.106286205,0.10281591,0.10720263,0.09725921,0.09778708,0.09291253,2019
2019-01-29,0.10925385,0.10150432,0.107400455,0.107183754,0.10599689,0.10620137,0.10960509,0.11045088,0.110672556,0.095885314,2019
2019-01-30,0.13674015,0.12894396,0.1303782,0.1333454,0.13040434,0.14192714,0.14093605,0.14814228,0.14465272,0.13781242,2019
2019-01-31,0.12865373,0.13120979,0.12261757,0.11624727,0.12228481,0.12201827,0.13504793,0.14110582,0.1341073,0.13361375,2019
2019-02-01,0.15453172,0.15251423,0.13665359,0.14699787,0.14612296,0.14310305,0.15286902,0.15084411,0.15845732,0.14241259,2019
2019-02-11,0.136929,0.14693874,0.15027744,0.14324673,0.15680371,0.1616757,0.15945478,0.15917464,0.1634272,0.15175855,2019
2019-02-12,0.116243,0.11869426,0.12968117,0.12853345,0.120922096,0.12548284,0.13207044,0.14404015,0.1433864,0.13695969,2019
2019-02-13,0.102425545,0.11606663,0.11099174,0.111230396,0.120020434,0.117808,0.121108696,0.11810925,0.12754895,0.13203101,2019
2019-02-14,0.108844124,0.107777044,0.111315556,0.11522536,0.11016818,0.114855155,0.11290671,0.11312065,0.11544298,0.12174461,2019
2019-02-15,0.119213514,0.12513138,0.1163852,0.110850215,0.12707444,0.12278815,0.13023938,0.12050397,0.11589559,0.123946965,2019
2019-02-18,0.106793754,0.11988492,0.11752198,0.12269079,0.11578941,0.1138311,0.1214132,0.12063698,0.11821033,0.11464256,2019
2019-02-19,0.13262016,0.14576359,0.14495978,0.14700364,0.14142826,0.15100072,0.14807692,0.15331365,0.14688484,0.14196794,2019
2019-02-20,0.1507389,0.16528927,0.17889088,0.16006157,0.15942606,0.15945907,0.16525885,0.15702349,0.1593442,0.15238306,2019
2019-02-21,0.13230084,0.14196385,0.15559056,0.1387579,0.14044358,0.13537183,0.14503579,0.14786138,0.13834843,0.12667459,2019
2019-02-22,0.0821689,0.101106696,0.10399623,0.088738546,0.09576244,0.09279006,0.10140875,0.10034858,0.09106643,0.05316528,2019
2019-02-25,0.098005876,0.11239831,0.11286197,0.11549371,0.10164084,0.115041725,0.10270747,0.10165566,0.094654284,0.057451446,2019
2019-02-26,0.096042275,0.11238537,0.11827014,0.115648374,0.109731644,0.10854572,0.11314619,0.10718388,0.10009397,0.05001309,2019
2019-02-27,0.067680374,0.06310383,0.06853023,0.06726523,0.077591814,0.059709013,0.06563922,0.05981515,0.063158676,0.03510706,2019
2019-02-28,0.07557333,0.077771954,0.08258459,0.08076205,0.084608234,0.0742685,0.08056663,0.063950926,0.06693896,0.03606403,2019
2019-03-01,0.056596562,0.07005908,0.066605695,0.063436694,0.06656148,0.064768694,0.061625965,0.04958736,0.04727108,0.02593926,2019
2019-03-04,0.061818626,0.06027371,0.05645159,0.06968714,0.065945074,0.067202255,0.066307664,0.0662156,0.061963517,0.0431424,2019
2019-03-05,0.028192649,0.03462511,0.031391814,0.03249876,0.04289888,0.033413317,0.044433564,0.028994441,0.030115731,0.018373262,2019
2019-03-06,0.01738855,0.028814709,0.022148043,0.024709646,0.036514997,0.031259254,0.029746028,0.039351743,0.026803317,0.024647307,2019
2019-03-07,0.042415284,0.038224783,0.033371657,0.04232372,0.05072,0.03701156,0.047488306,0.057907417,0.032983918,0.04055602,2019
2019-03-08,0.044401173,0.05293769,0.053486448,0.05095271,0.042069286,0.04297989,0.04093725,0.047419798,0.040984336,0.03182489,2019
2019-03-11,-0.0125490995,0.002779668,0.0053931465,0.0011541572,-0.0047315313,-0.0073220213,-0.0048937732,-0.00028961984,-0.009520611,-0.015026871,2019
2019-03-12,-0.019970298,-0.013881513,-0.014702203,-0.024281645,-0.019133884,-0.027543921,-0.019123564,-0.005589688,-0.009637275,-0.013286418,2019
2019-03-13,0.01738327,0.02209268,0.027924072,0.025209455,0.015596078,0.018657794,0.028128633,0.031133445,0.029135274,0.019564146,2019
2019-03-14,0.002653479,0.0120778605,0.005886965,0.0098161725,0.01973265,0.015853038,0.017155625,0.02523169,0.029836666,0.017101543,2019
2019-03-15,0.04084678,0.04446404,0.039428312,0.047826573,0.040938288,0.05227777,0.041370463,0.056425273,0.051729728,0.034612533,2019
2019-03-18,0.035025302,0.053209335,0.04718958,0.047107752,0.055648986,0.0487789,0.0528993,0.046195664,0.044394597,0.03841719,2019
2019-03-19,0.04710142,0.05263442,0.043967914,0.05236488,0.0519301,0.06255245,0.062907085,0.057834134,0.05456129,0.051094912,2019
2019-03-20,0.036028787,0.037400868,0.04643257,0.046695415,0.04832049,0.05049788,0.05597623,0.051648814,0.050220843,0.051183198,2019
2019-03-21,0.054921947,0.051803924,0.03909786,0.04180697,0.05463887,0.055519886,0.0424658,0.05006874,0.045754798,0.0519741,2019
2019-03-22,0.04835758,0.045841865,0.041627005,0.040650688,0.046455383,0.054073658,0.041595828,0.044540964,0.040729053,0.039279673,2019
2019-03-25,0.05809998,0.057254925,0.06781458,0.055892892,0.062070705,0.068838105,0.060765456,0.071177125,0.06254522,0.053499773,2019
2019-03-26,0.07360818,0.07152333,0.07188799,0.08502593,0.07204723,0.073221385,0.06819896,0.0738065,0.07491769,0.061980978,2019
2019-03-27,0.061233122,0.053371627,0.06083069,0.06681772,0.060731463,0.05485203,0.050774995,0.06007616,0.054050792,0.03819651,2019
2019-03-28,0.072131135,0.062123038,0.07329557,0.0653961,0.06889426,0.059950847,0.06639916,0.06296851,0.05589393,0.052558586,2019
2019-03-29,0.006651053,0.0088662,0.007546048,0.018326918,0.015892645,0.010143066,0.010560088,-0.0039144424,0.0019212039,-0.010265565,2019
2019-04-01,0.018806491,0.011882468,0.020480005,0.027065123,0.018913336,0.0077441456,0.01895575,0.008615068,0.0109076295,0.0047574937,2019
2019-04-02,0.019137146,0.019947197,0.016388673,0.011994008,0.0242813,0.0112088695,0.014483288,-0.0042211157,0.007124806,0.0010194601,2019
2019-04-03,0.0026639183,-0.0043073776,0.0020335363,-0.0016261846,0.004389654,-0.006438792,-0.0122662345,-0.0035157274,-0.003019998,0.0021155511,2019
2019-04-04,0.01909362,0.006094727,0.004380596,0.0075572804,0.007132989,-0.0010453898,-0.0061718817,-0.01407234,-0.004094939,-0.0014621194,2019
2019-04-08,-0.0047302926,-0.016318185,-0.017362596,-0.016917687,-0.020075787,-0.013935232,-0.017622886,-0.02470841,-0.014992611,-0.016496932,2019
2019-04-09,-0.0031014793,-0.016970703,-0.027980583,-0.02904175,-0.026823329,-0.01587215,-0.022921626,-0.023854101,-0.026614685,-0.023375204,2019
2019-04-10,-0.0072638076,-0.031576414,-0.023681084,-0.024494033,-0.025111254,-0.027542897,-0.024787249,-0.036729973,-0.035901196,-0.029955992,2019
2019-04-11,-0.038011573,-0.04617341,-0.044684708,-0.03941302,-0.047537163,-0.038452927,-0.045373127,-0.041187514,-0.052632,-0.04354692,2019
2019-04-12,-0.08554634,-0.08931295,-0.0875066,-0.081673495,-0.07971432,-0.075753614,-0.070812725,-0.07234369,-0.07804409,-0.069001615,2019
2019-04-15,-0.076574616,-0.07879168,-0.08433251,-0.07949384,-0.07736687,-0.07215362,-0.06595337,-0.062282067,-0.0658497,-0.059739165,2019
2019-04-16,-0.16044219,-0.1533964,-0.15724233,-0.15541254,-0.14938551,-0.1433755,-0.13712817,-0.13166404,-0.1228252,-0.1213429,2019
2019-04-17,-0.17359732,-0.16224603,-0.17039943,-0.16800766,-0.1570824,-0.15043454,-0.14846115,-0.13346662,-0.13036673,-0.12735283,2019
2019-04-18,-0.16486533,-0.16614291,-0.15679748,-0.16060303,-0.15010597,-0.14717638,-0.13791583,-0.12325854,-0.12299822,-0.12067704,2019
2019-04-19,-0.16911131,-0.17378889,-0.16183521,-0.15869305,-0.15724772,-0.15336427,-0.15127787,-0.131804,-0.12617083,-0.119915076,2019
2019-04-22,-0.14009036,-0.13984412,-0.12925108,-0.12681895,-0.12533988,-0.12427831,-0.116886295,-0.10469375,-0.09418019,-0.090847746,2019
2019-04-23,-0.13439475,-0.12124123,-0.11921908,-0.114569075,-0.11577154,-0.110278465,-0.10425008,-0.09106263,-0.08844548,-0.08162712,2019
2019-04-24,-0.124277264,-0.11428813,-0.11128973,-0.103172384,-0.10439702,-0.109092,-0.09924305,-0.09544692,-0.07941218,-0.07649359,2019
2019-04-25,-0.07687461,-0.07165212,-0.0662554,-0.0688038,-0.07087343,-0.07101476,-0.055555455,-0.05227347,-0.048931975,-0.041847866,2019
2019-04-26,-0.026935065,-0.02205129,-0.022925293,-0.024393855,-0.02561395,-0.030995127,-0.032946948,-0.019843243,-0.019746283,-0.01769449,2019
2019-04-29,-0.03401283,-0.033292506,-0.034365732,-0.020210724,-0.033630874,-0.030774716,-0.042850513,-0.033017192,-0.031845152,-0.031459358,2019
2019-04-30,-0.011911852,-0.0016573217,-0.0052202702,0.0039340844,-0.0045147035,-0.004182222,-0.01317794,-0.010625156,-0.0112251155,-0.013373362,2019
2019-05-06,0.033015694,0.04163171,0.024043221,0.036083758,0.032068927,0.020274868,0.021801852,0.013908245,0.013874872,0.009624882,2019
2019-05-07,0.02393717,0.03354522,0.0276614,0.031319793,0.03711465,0.019389296,0.016279493,0.0116833085,0.010079992,0.0071738497,2019
2019-05-08,0.0033140937,0.012251682,0.016162043,0.013560595,0.016622374,0.0066407174,0.004138219,0.0074818665,0.0001845381,-0.0032225915,2019
2019-05-09,-0.03359722,-0.022130543,-0.015532719,-0.018179214,-0.015151889,-0.024411853,-0.023164025,-0.016508617,-0.026837485,-0.02103996,2019
2019-05-10,-0.029755076,-0.02199013,-0.014403129,-0.010887216,-0.013058471,-0.015337216,-0.016434751,-0.017202793,-0.014094731,-0.01972477,2019
2019-05-13,-0.0048238817,0.004958211,0.0059461487,0.013903659,0.0077262935,0.0048451875,0.00011653168,0.004418018,-0.0018075712,-0.0005116296,2019
2019-05-14,-0.018686825,-0.010044748,-0.0022059954,-1.0479836e-05,-0.005077105,-0.010301435,-0.004891053,-0.010002577,-0.012363179,-0.008689571,2019
2019-05-15,-0.046785977,-0.032181542,-0.033977598,-0.033779833,-0.027422791,-0.01795091,-0.020801239,-0.021930842,-0.029133666,-0.029612798,2019
2019-05-16,-0.014236248,-0.00584042,0.004643114,-0.0038846773,-0.006730526,-0.010185033,-4.4418335e-05,-0.012733781,-0.011011922,-0.004794192,2019
2019-05-17,0.0028051652,0.010814575,0.0102743,0.013514971,0.013885959,0.017796282,0.01136495,0.011406678,0.009770211,0.012319652,2019
2019-05-20,-0.044594385,-0.03669458,-0.025756402,-0.0300014,-0.020173714,-0.022080902,-0.025070436,-0.022173032,-0.023995925,-0.016502978,2019
2019-05-21,-0.049462024,-0.038725886,-0.02829787,-0.026509048,-0.029890811,-0.020889802,-0.023654394,-0.021721294,-0.023435473,-0.011845322,2019
2019-05-22,-0.050804656,-0.04515228,-0.033728696,-0.03106025,-0.030465784,-0.033322934,-0.027394475,-0.023624562,-0.019578598,-0.016346084,2019
2019-05-23,-0.0421189,-0.03333854,-0.018085651,-0.013342257,-0.016244197,-0.022469403,-0.0126390625,-0.015216052,-0.012543746,-0.0069220234,2019
2019-05-24,-0.02210083,-0.008986663,-0.0060337083,0.0015726887,-0.0057601808,-0.0019501613,-0.0041807783,9.22038e-05,-0.0045650695,0.0020374218,2019
2019-05-27,-0.025195498,-0.020668324,-0.0059167934,-0.0067230137,-0.004839247,-0.009506876,-0.0114039695,-0.0030367486,-0.003084987,-0.0049489075,2019
2019-05-28,-0.020020798,-0.021350468,-0.009667203,-0.006925954,-0.012091552,-0.007194677,-0.014293167,-0.0048944005,-0.004906358,-0.002891205,2019
2019-05-29,-0.015663734,-0.018131346,-0.00660451,-0.004599922,-0.0054235784,-0.0027232682,-0.0092728855,-0.003483163,-0.0033917096,-0.0004098858,2019
2019-05-30,-0.042160302,-0.032525532,-0.03679143,-0.02013988,-0.025049904,-0.023422891,-0.02570675,-0.021783466,-0.015884755,-0.012867879,2019
2019-05-31,-0.028717073,-0.022707768,-0.01635953,-0.019124052,-0.010943025,-0.0172352,-0.0136627,-0.008413294,-0.008956865,-0.0022108974,2019
2019-06-03,0.009871004,0.027699398,0.017533455,0.023714203,0.022472667,0.021376776,0.024482775,0.023834262,0.028336992,0.019015608,2019
2019-06-04,0.015964132,0.021593032,0.0289684,0.021072593,0.02308285,0.02542301,0.02685855,0.02962975,0.02567745,0.02308585,2019
2019-06-05,0.07048685,0.07812469,0.08133032,0.07099805,0.07155027,0.073113605,0.071138605,0.07363404,0.06584528,0.058973007,2019
2019-06-06,0.082208775,0.07809463,0.07784641,0.07073237,0.069781505,0.06925411,0.067679875,0.07250773,0.06436885,0.06735703,2019
2019-06-10,0.03548511,0.040386606,0.03173929,0.028247729,0.032601092,0.03554354,0.032703467,0.03200217,0.026652263,0.026790913,2019
2019-06-11,0.023236217,0.021742163,0.016233474,0.026182715,0.020618487,0.023070829,0.019832753,0.020583304,0.023109756,0.018525586,2019
2019-06-12,0.033307508,0.029013889,0.02598009,0.02969559,0.026840143,0.030904027,0.025101054,0.02598529,0.024063522,0.02398454,2019
2019-06-13,0.0251749,0.022300122,0.01909126,0.026713619,0.024659788,0.013538901,0.025828347,0.016672442,0.02071409,0.016572468,2019
2019-06-14,0.06649869,0.074216165,0.068406805,0.05305435,0.053685505,0.0527416,0.06142641,0.047838468,0.043679442,0.036993884,2019
2019-06-17,0.07753242,0.07814898,0.07735865,0.06344082,0.069346495,0.060554482,0.05492885,0.05217698,0.049482364,0.04230112,2019
2019-06-18,0.035775565,0.034838088,0.033055324,0.03237,0.036132425,0.031924162,0.032097697,0.028741747,0.026045611,0.025611343,2019
2019-06-19,0.022394983,0.029624965,0.03027723,0.027114514,0.021315975,0.03193046,0.023467785,0.026498083,0.021132002,0.0212892,2019
2019-06-20,-0.0046642185,-0.0012103296,0.00055196375,0.0034722819,-0.0032899254,0.0011365983,0.00023571604,0.0028790378,0.0015038598,-0.00066860905,2019
2019-06-21,-0.028464474,-0.031613886,-0.029634455,-0.02450277,-0.022552136,-0.024487047,-0.025555069,-0.025070684,-0.02048119,-0.020716948,2019
2019-06-24,-0.022187933,-0.026282622,-0.022156198,-0.014986564,-0.027944038,-0.02056465,-0.017615711,-0.025764937,-0.017655466,-0.02111234,2019
2019-06-25,-0.02733324,-0.029667057,-0.022432232,-0.020121198,-0.022752253,-0.02313478,-0.018720672,-0.019582922,-0.020103516,-0.01985917,2019
2019-06-26,-0.038796186,-0.032958943,-0.030979827,-0.034029745,-0.027129129,-0.027405342,-0.022429634,-0.024268834,-0.023245705,-0.024192551,2019
2019-06-27,-0.027005542,-0.02360942,-0.028521087,-0.016432632,-0.018988555,-0.01601845,-0.007972797,-0.012083637,-0.011593775,-0.011190039,2019
2019-06-28,-0.048850354,-0.04899554,-0.04665027,-0.037699122,-0.043383047,-0.03136271,-0.0326566,-0.032658435,-0.02591875,-0.02664136,2019
2019-07-01,-0.041584324,-0.0436033,-0.03960321,-0.03456941,-0.036725316,-0.029947735,-0.03094436,-0.025118507,-0.022700693,-0.023627896,2019
2019-07-02,-0.023600176,-0.026844673,-0.02356121,-0.02616671,-0.021612473,-0.019576937,-0.024180392,-0.014242758,-0.013958798,-0.016967678,2019
2019-07-03,-0.034340207,-0.036055595,-0.035514865,-0.034640357,-0.03569304,-0.03256768,-0.028895428,-0.033860322,-0.028973807,-0.027374413,2019
2019-07-04,-0.033189263,-0.028374014,-0.031224122,-0.035130337,-0.03509408,-0.01731049,-0.03295632,-0.021340948,-0.026399232,-0.021935347,2019
2019-07-05,-0.039841436,-0.031591304,-0.027185561,-0.03295291,-0.030582996,-0.023664912,-0.026772322,-0.023044676,-0.020390553,-0.02024696,2019
2019-07-08,-0.024361866,-0.024210742,-0.01889417,-0.025705483,-0.019488547,-0.02215633,-0.021511955,-0.014577916,-0.017219806,-0.009507537,2019
2019-07-09,-0.0034967035,-0.0051161866,0.00033115447,-0.005640694,-0.0022821196,-0.007847339,-0.008392562,-0.005206179,0.0011436086,-0.00059136347,2019
2019-07-10,-0.0027883486,-0.0022801592,-0.0011135692,0.0025210406,-0.0019034451,-0.0025520234,-0.009733448,-0.005216367,-0.0012211374,-0.0058774976,2019
2019-07-11,0.0035108028,0.0072185663,0.0032852185,0.0004201986,0.0014099445,-0.004022299,-0.0072600287,-0.0026084052,-0.0064423513,-0.007615792,2019
2019-07-12,-0.0023212477,0.0063861487,0.00010407967,0.0023827963,0.002296329,-0.0038418788,-0.0044894665,-0.0023241541,-0.0064542573,-0.008167682,2019
2019-07-15,-0.010349785,0.0007521578,-0.003757997,-0.00616313,0.0011715527,-0.0052713063,-0.0036820625,-0.008242513,-0.004571941,-0.014338572,2019
2019-07-16,-0.020676313,-0.01082312,-0.012761334,-0.010102363,-0.012663757,-0.012081969,-0.013996981,-0.016734976,-0.01388146,-0.022158649,2019
2019-07-17,-0.009372332,-0.0035541584,-0.0003867443,-0.006263988,-1.3649639e-06,-0.0017413549,-0.003933213,-0.006837714,-0.008297516,-0.013380132,2019
2019-07-18,-0.034943882,-0.02696946,-0.022755077,-0.020747557,-0.021921063,-0.023939462,-0.02519453,-0.028680969,-0.029704116,-0.033891838,2019
2019-07-19,0.007626898,-0.001152756,0.005842271,0.0067363526,-0.0041619744,-0.0015309096,-0.0060791885,-0.009092302,-0.013734938,-0.017316464,2019
2019-07-22,-0.023190407,-0.029225037,-0.034043144,-0.038992368,-0.047502182,-0.0448416,-0.048623156,-0.055599023,-0.054280505,-0.05751032,2019
2019-07-23,-0.04471613,-0.05278758,-0.04257866,-0.047950577,-0.059713777,-0.049170833,-0.05544243,-0.061113495,-0.06296265,-0.06345975,2019
2019-07-24,-0.040086508,-0.05689051,-0.04486439,-0.053184226,-0.05699577,-0.052719235,-0.05961199,-0.055814356,-0.062353943,-0.06253143,2019
2019-07-25,-0.04635845,-0.056196112,-0.05081482,-0.061005775,-0.061442338,-0.056695335,-0.060151942,-0.06411277,-0.060696796,-0.06476606,2019
2019-07-26,-0.04786635,-0.055565238,-0.05841318,-0.058952343,-0.06250853,-0.061166,-0.06213851,-0.06648518,-0.061862823,-0.06772836,2019
2019-07-29,-0.054750193,-0.054816883,-0.05875216,-0.061238784,-0.0672914,-0.058464073,-0.06672428,-0.072780356,-0.0686532,-0.07536067,2019
2019-07-30,-0.043314327,-0.039239563,-0.035652477,-0.045998212,-0.046022784,-0.045057632,-0.046266202,-0.04853535,-0.056382988,-0.05974712,2019
2019-07-31,-0.037823524,-0.04599576,-0.03537805,-0.052722454,-0.050575178,-0.057209138,-0.062142063,-0.068837486,-0.06878016,-0.07184675,2019
2019-08-01,0.0011566405,-0.0071263444,-0.0041467412,-0.013762626,-0.014968598,-0.019459413,-0.022370681,-0.03460689,-0.0340991,-0.03555848,2019
2019-08-02,0.01837864,0.009586294,0.00834914,0.006039685,0.008238468,0.00459987,-0.0031556415,-0.013699237,-0.012477718,-0.01333175,2019
2019-08-05,0.07987574,0.0643917,0.06403713,0.064547226,0.059652925,0.06322261,0.055293575,0.04732161,0.040876385,0.042329416,2019
2019-08-06,0.06171563,0.053332936,0.050055325,0.057564918,0.04923798,0.05207035,0.054542486,0.03906626,0.037089992,0.038970422,2019
2019-08-07,0.0663033,0.056146838,0.055625442,0.05861923,0.050600026,0.056038663,0.04496924,0.044066492,0.036298912,0.037598353,2019
2019-08-08,0.06639186,0.0656718,0.059320148,0.05762815,0.06487172,0.058537956,0.05383669,0.04779703,0.043995723,0.042872254,2019
2019-08-09,0.057518657,0.049312565,0.05004178,0.050402448,0.04938139,0.04832966,0.047155213,0.03312019,0.03093126,0.03461755,2019
2019-08-12,0.06996173,0.07317705,0.06825902,0.06470328,0.06974099,0.064187326,0.057338897,0.057677686,0.04933504,0.05453292,2019
2019-08-13,0.055430915,0.054377355,0.054543458,0.05565466,0.058662627,0.05348063,0.04891475,0.05385732,0.04201882,0.05371271,2019
2019-08-14,0.075478464,0.07176973,0.06452322,0.071730696,0.073835805,0.0643344,0.065416574,0.06833541,0.06383031,0.07237482,2019
2019-08-15,0.047019012,0.042536292,0.0477358,0.03853504,0.0415926,0.040582705,0.036020353,0.0383234,0.038162645,0.044673447,2019
2019-08-16,0.03714981,0.02278328,0.038934413,0.021911837,0.027107717,0.021001428,0.025875725,0.026801012,0.025481539,0.030570216,2019
2019-08-19,0.039173007,0.021532686,0.027650349,0.021006744,0.022540472,0.018883565,0.01786026,0.0249415,0.024875145,0.024107175,2019
2019-08-20,0.055911124,0.032819323,0.032625236,0.03223959,0.027964698,0.024328781,0.029439976,0.02559488,0.029031172,0.028681211,2019
2019-08-21,0.073148414,0.056235857,0.051446892,0.04369801,0.047312554,0.0446303,0.04037704,0.046464305,0.042812537,0.04254746,2019
2019-08-22,0.06893812,0.048784163,0.056896076,0.042147018,0.044531073,0.0419624,0.041289352,0.036536716,0.04143449,0.03826518,2019
2019-08-23,0.10286117,0.07790826,0.08150917,0.07257885,0.07074803,0.07356785,0.067929946,0.06672568,0.066589125,0.06393383,2019
2019-08-26,0.086341865,0.066477366,0.06799365,0.069551945,0.06020628,0.054596733,0.057915397,0.05327098,0.053421244,0.051734567,2019
2019-08-27,0.08942108,0.068220645,0.06665819,0.069031626,0.055766195,0.058943067,0.05352792,0.05096236,0.046760798,0.04931973,2019
2019-08-28,0.07444003,0.07169846,0.059239477,0.06519848,0.0574659,0.05429834,0.056591213,0.050268162,0.046130393,0.045975514,2019
2019-08-29,0.08933645,0.083667435,0.07482657,0.07562274,0.07445685,0.073761985,0.06991259,0.064426,0.06433432,0.062216785,2019
2019-08-30,0.058287885,0.05858004,0.052979127,0.05133956,0.047102947,0.054012854,0.041986782,0.04088622,0.03788563,0.039274685,2019
2019-09-02,0.030183531,0.039903328,0.03444047,0.037074395,0.03123534,0.03998638,0.030748272,0.02480776,0.02926699,0.027404265,2019
2019-09-03,0.03105952,0.033076543,0.031743478,0.031173587,0.03167504,0.032335468,0.025366457,0.025068441,0.024187021,0.026259713,2019
2019-09-04,0.01791116,0.017746588,0.02302085,0.020081326,0.028435394,0.01918307,0.016550504,0.015533744,0.016763851,0.019640306,2019
2019-09-05,0.004913932,0.00800451,0.0049236375,0.008808931,0.016579065,0.0076505514,0.00494167,0.0016763613,0.0082196025,0.0054023834,2019
2019-09-06,-0.0036847543,0.0010411189,0.0009824778,0.0022641234,0.008371351,-0.0017102037,-4.4868222e-05,-0.004541969,0.002746785,0.0002031945,2019
2019-09-09,-0.03277507,-0.025447546,-0.024341328,-0.01864237,-0.01729117,-0.026207017,-0.019297007,-0.024336686,-0.01920485,-0.019855674,2019
2019-09-10,-0.056989275,-0.053080544,-0.045605537,-0.04473897,-0.04530983,-0.042326104,-0.043420695,-0.042579763,-0.040497784,-0.03936173,2019
2019-09-11,-0.054577794,-0.052045215,-0.051153116,-0.045715585,-0.043564454,-0.048557505,-0.04914013,-0.046119295,-0.03997017,-0.040764865,2019
2019-09-12,-0.06853247,-0.05898035,-0.06178257,-0.060372043,-0.05844155,-0.05461367,-0.058723234,-0.054962397,-0.05010219,-0.04901633,2019
2019-09-16,-0.055831805,-0.045589827,-0.047597446,-0.048777245,-0.041355345,-0.04074716,-0.036764037,-0.03875972,-0.033036027,-0.034361593,2019
2019-09-17,-0.040554497,-0.042003352,-0.049387146,-0.043230884,-0.041956984,-0.038472366,-0.042293094,-0.028737012,-0.03703174,-0.03743795,2019
2019-09-18,-0.02798508,-0.037244897,-0.034273732,-0.030422295,-0.028217554,-0.028372884,-0.026869902,-0.024004467,-0.02134133,-0.023417914,2019
2019-09-19,-0.03376569,-0.03937091,-0.030791592,-0.032634325,-0.031246828,-0.02591203,-0.029142387,-0.026068477,-0.023713872,-0.02830051,2019
2019-09-20,-0.008993227,-0.007420828,-0.0013844572,-0.0059179296,-0.006445849,-0.002369934,0.0020821209,0.0019705251,-0.0008799269,-0.0004393832,2019
2019-09-23,-0.03509635,-0.029012386,-0.021735655,-0.020071272,-0.01860814,-0.013567055,-0.011864007,-0.0120752985,-0.007030913,-0.0118284905,2019
2019-09-24,-0.018124003,-0.009201214,-0.009383065,-0.004318629,-0.0048622107,-0.0064781834,-0.002755747,5.260283e-05,0.002069061,-0.0022056596,2019
2019-09-25,0.007986121,0.0061360225,0.008713406,0.012001638,0.011506625,0.0141070755,0.016664267,0.007032303,0.014607074,0.01334705,2019
2019-09-26,0.0021801896,0.009072146,0.0024586027,0.009302458,0.006518303,0.0070615523,0.010763876,0.008941552,0.005674073,0.009263606,2019
2019-09-27,-0.008389629,-0.00774807,-0.0055429977,-0.00970389,0.0019753147,-0.00611142,-0.0020369184,-0.0015879694,-0.0050447993,-0.0011259438,2019
2019-09-30,0.012785074,0.0076059955,0.0031045605,0.005315775,0.006433034,0.007446391,0.008014726,0.0055115963,0.004498663,0.006278952,2019
2019-10-08,0.020780541,0.008501627,0.015042725,0.0070544346,0.014114468,0.018505126,0.010609804,0.012392919,0.00581256,0.011393708,2019
2019-10-09,-0.01026397,-0.0118441675,-0.012179831,-0.015601539,-0.0057467325,-0.0029103667,-0.008201334,-0.006514658,-0.00607361,-0.0056147473,2019
2019-10-10,-0.015496762,-0.0155405365,-0.01988922,-0.016175168,-0.009750359,-0.009067142,-0.0070073335,-0.011786178,-0.012938016,-0.008162538,2019
2019-10-11,-0.01048966,-0.009097848,-0.0073835934,-0.0065179556,-0.009109786,-0.0059562395,-0.0073236767,-0.0149844615,-0.01472618,-0.009089367,2019
2019-10-14,-0.0039599724,-0.00065955555,-0.0013945195,0.009974649,-0.0028202033,-0.0032865147,-0.0035865216,-0.008258541,-0.0051271203,-0.008676828,2019
2019-10-15,-0.021051368,-0.013065585,-0.013226701,-0.019942498,-0.013661865,-0.019917782,-0.017223777,-0.021251459,-0.020603351,-0.021502746,2019
2019-10-16,-0.019684661,-0.015983088,-0.020511508,-0.02628058,-0.0134439925,-0.018298674,-0.020677619,-0.02288841,-0.024228828,-0.023445131,2019
2019-10-17,-0.015484042,-0.008961829,-0.0175186,-0.017485313,-0.014063519,-0.008887327,-0.015150113,-0.012436056,-0.021491785,-0.018115066,2019
2019-10-18,0.017471809,0.014915053,0.00862952,0.014937221,0.010944028,0.014405433,0.011087232,0.0023689978,0.0001586045,0.0036984337,2019
2019-10-21,0.0053320597,0.0044210353,-0.00018617962,-0.006182341,0.0013907523,0.0028982637,0.0011146704,-0.0062229563,-0.012129343,-0.006587572,2019
2019-10-22,0.0014992353,-0.0063030887,-0.010652624,-0.014326517,-0.0014368902,-0.011761124,-0.009365033,-0.01177108,-0.017408172,-0.013760584,2019
2019-10-23,0.010457607,0.0014659631,-0.0016216955,0.0019120623,0.0013489038,-0.008747306,-0.0030816237,-0.011592782,-0.013876887,-0.015890881,2019
2019-10-24,0.02316656,0.0108535355,-0.0015897573,-0.00054458546,-0.00058109866,-0.0010305621,-0.0037367712,-0.009430906,-0.014395316,-0.011679591,2019
2019-10-25,-0.026821315,-0.03433408,-0.042386927,-0.04214419,-0.047040567,-0.036706343,-0.0453056,-0.04521765,-0.05054007,-0.044114172,2019
2019-10-28,-0.03383777,-0.049117684,-0.0491292,-0.052909985,-0.049616408,-0.048553288,-0.05357618,-0.050355054,-0.05339079,-0.050283354,2019
2019-10-29,-0.009408288,-0.029125458,-0.03346398,-0.028330803,-0.030622419,-0.024446266,-0.038205624,-0.03520879,-0.037983324,-0.035669137,2019
2019-10-30,0.0109718805,-0.012853307,-0.019847836,-0.021812234,-0.020083545,-0.017479563,-0.02068178,-0.029559072,-0.032493565,-0.026855385,2019
2019-10-31,0.018132284,-0.012217152,-0.022642061,-0.023975365,-0.021203222,-0.021115104,-0.03349725,-0.031341795,-0.03424453,-0.032267284,2019
2019-11-01,-0.0064602494,-0.027437834,-0.03468601,-0.035425853,-0.036878817,-0.035995424,-0.045411367,-0.041388795,-0.043814134,-0.039404873,2019
2019-11-04,0.004620474,-0.010939196,-0.012765702,-0.018224908,-0.020877352,-0.01783359,-0.023830242,-0.027049681,-0.027521105,-0.0281976,2019
2019-11-05,0.013437476,0.00056214875,-0.0037757775,-0.006690389,-0.012472061,-0.011044268,-0.018405922,-0.021908527,-0.022780178,-0.022799088,2019
2019-11-06,0.0043474045,-0.0080736345,-0.013833415,-0.014838546,-0.01656819,-0.021969786,-0.020307062,-0.02464269,-0.02413228,-0.023390789,2019
2019-11-07,-0.010825234,-0.020479161,-0.021743981,-0.026500959,-0.024318524,-0.025862994,-0.026913641,-0.02328924,-0.027464341,-0.023052981,2019
2019-11-08,-0.019034732,-0.020291707,-0.013467091,-0.011648466,-0.015267541,-0.007583271,-0.006670919,-0.0029518274,-0.0046369233,0.0024106465,2019
2019-11-11,-0.00805314,-0.0080948295,-0.011018669,0.0016567775,-0.0028728058,0.0032839298,0.0057879253,0.005911393,0.0056458446,0.013060101,2019
2019-11-12,-0.012452444,-0.011942064,-0.012071364,-0.0015795538,-0.010035063,0.0036771367,-0.0025880772,0.004117878,0.002461165,0.009737193,2019
2019-11-13,-0.024900392,-0.018989852,-0.015904894,-0.009703783,-0.005745448,-0.011033274,-0.004516792,-0.001321926,-0.0007209935,0.0051033893,2019
2019-11-14,-0.03150648,-0.021373618,-0.012616426,-0.011652913,-0.0068566953,-0.0061536436,-0.0040546944,0.0022766152,0.003759407,0.006484252,2019
2019-11-15,-0.02375772,-0.015713165,-0.00079646095,0.00019978068,-0.00013262153,0.0011069638,0.005301492,0.007769683,0.010382335,0.010597929,2019
2019-11-18,-0.04507707,-0.03633625,-0.020972045,-0.014806082,-0.015886333,-0.012930167,-0.011455051,-0.007470682,-0.0006526916,-0.0042451033,2019
2019-11-19,-0.040210214,-0.026451938,-0.022773039,-0.008275015,-0.017896175,-0.010611519,-0.0057089273,-0.0055088284,0.002409056,-4.444926e-05,2019
2019-11-20,-0.018525014,-0.008887859,-0.005282947,0.0026326554,0.00026717808,-0.0009253267,0.009284243,0.0041359505,0.011479894,0.012374481,2019
2019-11-21,-0.002708158,0.001193809,0.005795399,0.009442908,0.002747243,0.01132792,0.010379297,0.007250476,0.015044607,0.012641863,2019
2019-11-22,0.036944605,0.028883427,0.031782467,0.02441885,0.025319362,0.02548802,0.019464608,0.023695393,0.01671298,0.018024318,2019
2019-11-25,0.035073277,0.03634542,0.036541596,0.026858928,0.024185877,0.023136277,0.021203129,0.02017737,0.014585908,0.0128176985,2019
2019-11-26,0.038198553,0.03754082,0.04116763,0.03784928,0.027853418,0.031987004,0.03130084,0.022578487,0.022357818,0.019207284,2019
2019-11-27,0.035784524,0.037830375,0.041991446,0.044811927,0.025355501,0.036819648,0.026116028,0.024741288,0.020702638,0.019542936,2019
2019-11-28,0.050396748,0.04849054,0.048091386,0.050020885,0.041980565,0.04380931,0.032390054,0.03579635,0.02817782,0.02902602,2019
2019-11-29,0.061406527,0.054329872,0.058799252,0.057319503,0.055803023,0.046483804,0.04103028,0.040742617,0.037677996,0.03663635,2019
2019-12-02,0.08046069,0.07157486,0.07996395,0.08357874,0.06886383,0.06255455,0.060860153,0.060944054,0.0592277,0.052886903,2019
2019-12-03,0.07059755,0.07053664,0.087454006,0.07371649,0.07739235,0.05895573,0.065254934,0.060447857,0.05794481,0.05072564,2019
2019-12-04,0.05048742,0.06120343,0.08332305,0.069222696,0.06938525,0.057418928,0.06261625,0.057079524,0.05325728,0.046814345,2019
2019-12-05,0.04091582,0.055291004,0.06938099,0.06649595,0.06317909,0.057105504,0.057653096,0.05183085,0.051216982,0.045344736,2019
2019-12-06,0.01965518,0.027500262,0.03911099,0.033131044,0.03400434,0.032973766,0.032153524,0.030528009,0.03152952,0.02307152,2019
2019-12-09,0.022818506,0.02276507,0.031887807,0.025117654,0.025770431,0.03123313,0.031262413,0.026787294,0.027054753,0.019924317,2019
2019-12-10,0.03747749,0.031938307,0.038677458,0.031006545,0.03794446,0.029875556,0.03344944,0.032336418,0.030066386,0.024989424,2019
2019-12-11,0.037099812,0.038596872,0.04004023,0.05109774,0.03838241,0.033572026,0.04590292,0.038895417,0.035304803,0.03420177,2019
2019-12-12,0.027896758,0.03952085,0.0423482,0.046471737,0.04972763,0.040462386,0.043274228,0.040302437,0.03992947,0.037166715,2019
2019-12-13,-0.0005086413,0.010426139,0.019885074,0.020378012,0.019258501,0.022251949,0.023410382,0.020772498,0.022315092,0.017483247,2019
2019-12-16,-0.003910182,0.0064530713,0.01579402,0.014790163,0.009281534,0.015955634,0.018604727,0.016261468,0.015674941,0.013516254,2019
2019-12-17,0.016387729,0.018332008,0.023266677,0.026950777,0.019122392,0.024475599,0.025833337,0.027019413,0.025260897,0.023325197,2019
2019-12-18,0.0302336,0.027924431,0.025756737,0.03403205,0.028155878,0.022591619,0.028162133,0.029409138,0.02652853,0.02200966,2019
2019-12-19,0.036799744,0.04054545,0.034891814,0.037051845,0.035307046,0.03139792,0.033387426,0.029027741,0.032016255,0.023169018,2019
2019-12-20,0.06709695,0.07282711,0.0685612,0.06802802,0.06932736,0.061054017,0.05948249,0.053152204,0.060662776,0.05151752,2019
2019-12-23,0.06130711,0.07396756,0.07245365,0.07281609,0.06890474,0.06506727,0.06502794,0.05737624,0.059314623,0.049904935,2019
2019-12-24,0.05810235,0.064889915,0.0642341,0.06529202,0.065914206,0.05716725,0.059551325,0.054307714,0.056609016,0.04705724,2019
2019-12-25,0.062237136,0.065548204,0.06235861,0.05309725,0.062275358,0.05353203,0.052561518,0.05323966,0.049608473,0.041750494,2019
2019-12-26,0.07273433,0.068256326,0.061775044,0.048770506,0.045321412,0.05340997,0.039571386,0.04404263,0.03419386,0.030922849,2019
2019-12-27,0.103062876,0.09468344,0.08157149,0.072276086,0.069019765,0.07784257,0.06376813,0.05969046,0.049483456,0.04746403,2019
2019-12-30,0.08549955,0.077836394,0.05619013,0.050057065,0.049511854,0.052142467,0.041609243,0.03844873,0.028855337,0.023617607,2019
2019-12-31,0.07744377,0.057980727,0.039294135,0.035402477,0.028462648,0.030593913,0.025310557,0.014564689,0.012389516,0.004454242,2019
2020-01-02,0.065907635,0.04926052,0.03228677,0.024499256,0.019456854,0.020113861,0.010722415,0.0055224304,0.005406119,-0.0032098286,2020
2020-01-03,0.065691955,0.040136356,0.02105689,0.01887443,0.010700633,0.010342163,0.002698912,-0.0021735595,-0.00017230953,-0.0071214824,2020
2020-01-06,0.05856747,0.0264119,0.0068817954,0.0034208489,-0.0058218343,0.004780266,-0.011028129,-0.00950873,-0.0035854026,-0.017450219,2020
2020-01-07,0.059857577,0.0124145355,-0.0049992874,-0.00963631,-0.014096114,-0.0110327955,-0.019747734,-0.013491928,-0.017098734,-0.025770387,2020
2020-01-08,0.03910067,-0.0050146854,-0.024122179,-0.038868476,-0.035149116,-0.032599736,-0.041229818,-0.032474693,-0.035976294,-0.04253376,2020
2020-01-09,-0.07881264,-0.1086503,-0.12870552,-0.137329,-0.13034,-0.12656157,-0.12903881,-0.1306297,-0.12728265,-0.12512541,2020
2020-01-10,-0.08243079,-0.11934408,-0.15151559,-0.15778567,-0.14181182,-0.15467039,-0.15194516,-0.1431007,-0.1444162,-0.13390629,2020
2020-01-13,-0.057316065,-0.096324965,-0.11840224,-0.12981279,-0.1191054,-0.12767519,-0.1399196,-0.119509615,-0.12743525,-0.11901708,2020
2020-01-14,-0.042656984,-0.069528416,-0.09608353,-0.09985517,-0.08364436,-0.10400774,-0.100892246,-0.09925906,-0.10313206,-0.089754164,2020
2020-01-15,-0.031255584,-0.056935824,-0.07575448,-0.07755053,-0.08002057,-0.093818754,-0.08837646,-0.08109981,-0.092187315,-0.07246267,2020
2020-01-16,-0.01700386,-0.04403677,-0.055625983,-0.06822276,-0.057811324,-0.0692234,-0.083074324,-0.057432555,-0.07596174,-0.07370416,2020
2020-01-17,-0.017410379,-0.041779332,-0.05695908,-0.06007563,-0.05971945,-0.06704983,-0.072033145,-0.065093614,-0.0726034,-0.07183028,2020
2020-01-20,-0.012969411,-0.025825046,-0.0470428,-0.050067198,-0.058917075,-0.061257813,-0.0609311,-0.068296075,-0.07339883,-0.0697959,2020
2020-01-21,0.00082631654,-0.009343001,-0.027479101,-0.033845935,-0.038092043,-0.047445968,-0.05135665,-0.05618931,-0.057013933,-0.066914596,2020
2020-01-22,0.01211034,-0.0006558739,-0.004852647,-0.021294627,-0.036570333,-0.029662885,-0.041736268,-0.046538416,-0.047579076,-0.055722963,2020
2020-01-23,0.1544538,0.14000215,0.13495348,0.11084505,0.110477634,0.091687664,0.081720136,0.091312006,0.07556323,0.0643756,2020
2020-02-03,0.19228974,0.17676124,0.16387522,0.16692217,0.16884759,0.14885823,0.13550846,0.12438115,0.121918574,0.09746514,2020
2020-02-04,0.15965098,0.14801675,0.13715068,0.14158335,0.1246551,0.11035878,0.100615926,0.091590166,0.08854837,0.07545879,2020
2020-02-05,0.15035392,0.1334716,0.12589559,0.117899776,0.10217385,0.090725325,0.086387426,0.06821614,0.07763062,0.059367307,2020
2020-02-06,0.15609172,0.14335012,0.1288479,0.11073149,0.11093822,0.09509164,0.0819184,0.07979532,0.07425963,0.07001599,2020
2020-02-07,0.15384099,0.13921148,0.11985105,0.101198524,0.09910163,0.08436905,0.06836908,0.06717078,0.06632064,0.059130188,2020
2020-02-10,0.1409535,0.11861766,0.11123121,0.0951537,0.0882425,0.07263581,0.065449245,0.052846607,0.051020302,0.03752801,2020
2020-02-11,0.11716314,0.10207167,0.09829534,0.10095186,0.08816958,0.08347384,0.082544036,0.06481222,0.06512777,0.05374353,2020
2020-02-12,0.08662837,0.07841973,0.08902647,0.0729934,0.08146023,0.07649032,0.07154076,0.06670322,0.060772136,0.053612787,2020
2020-02-13,0.03860983,0.033218052,0.040877167,0.032771364,0.043158706,0.03761669,0.038111616,0.03420012,0.029699553,0.029961389,2020
2020-02-14,0.027108848,0.020674698,0.020424763,0.015771355,0.031600628,0.031456195,0.036611713,0.024223577,0.02469138,0.025641765,2020
2020-02-17,0.030064726,0.041284367,0.03535311,0.02746895,0.035649713,0.04597417,0.032918163,0.03838537,0.030837739,0.03272494,2020
2020-02-18,0.021936357,0.023859382,0.0142044565,0.019932928,0.023514168,0.021989109,0.019323757,0.030809196,0.020509718,0.027887102,2020
2020-02-19,0.038910702,0.042835847,0.031291142,0.036748186,0.047276106,0.043314815,0.03704863,0.04526594,0.04219333,0.052639257,2020
2020-02-20,0.02380591,0.02171955,0.012948573,0.020530138,0.034945503,0.019566711,0.024428481,0.030143602,0.030274678,0.04390861,2020
2020-02-21,-0.003039425,-0.010289981,-0.013776407,-0.0032564693,-0.0050603976,-0.006139873,0.00057899783,-0.00042772276,0.012491101,0.02159337,2020
2020-02-24,-0.00812872,-0.0046161246,-0.0134550845,-0.0033250852,-0.0040755644,-0.01121762,-0.015726842,-0.012717623,0.0008356822,0.010954384,2020
2020-02-25,0.0013810371,-0.003851961,0.0028386011,0.0023462905,0.015854469,0.0042409943,0.004730996,0.017016523,0.03233763,0.022065291,2020
2020-02-26,-0.05026274,-0.032817803,-0.035863683,-0.024127461,-0.01058238,-0.0027824221,-0.0075043794,0.0013149469,0.009969242,0.011444644,2020
2020-02-27,-0.026991459,-0.0095461365,-0.010156008,-0.017510578,-0.0051993276,0.00442124,-0.0017633106,0.0060444535,0.0057171,0.006978123,2020
2020-02-28,-0.053083874,-0.03408707,-0.02846127,-0.012619405,-0.0060265604,0.0057304446,-0.0001046241,0.014014169,-0.0025745938,-0.0020631491,2020
2020-03-02,-0.13247165,-0.11899841,-0.10171947,-0.07888091,-0.07019769,-0.061070308,-0.05403749,-0.050247278,-0.05543599,-0.049132727,2020
2020-03-03,-0.0985455,-0.09000375,-0.07569656,-0.06141493,-0.054216277,-0.04600493,-0.048067268,-0.043251377,-0.05015054,-0.049174115,2020
2020-03-04,-0.13205217,-0.12410692,-0.122438535,-0.10709174,-0.09460589,-0.094990805,-0.09675867,-0.09424723,-0.09435629,-0.09241003,2020
2020-03-05,-0.11766159,-0.09880454,-0.10284307,-0.091017105,-0.07935515,-0.07862166,-0.080175,-0.08524143,-0.08183925,-0.0820569,2020
2020-03-06,-0.11426806,-0.1072639,-0.10128384,-0.09123829,-0.07816999,-0.081113435,-0.081722625,-0.08364552,-0.08664784,-0.08100498,2020
2020-03-09,-0.11582643,-0.099814564,-0.09169637,-0.0763658,-0.06992911,-0.063842066,-0.06540934,-0.070356265,-0.074944526,-0.06976791,2020
2020-03-10,-0.105727814,-0.09937744,-0.084469825,-0.0752273,-0.07417681,-0.07007467,-0.06867573,-0.072279714,-0.07349916,-0.06370408,2020
2020-03-11,-0.07333888,-0.067736104,-0.052328065,-0.048448335,-0.044059463,-0.04375012,-0.042604316,-0.049698405,-0.04894197,-0.043656036,2020
2020-03-12,-0.05166633,-0.04309204,-0.02465607,-0.0107870465,-0.019628078,-0.004086429,-0.01361703,-0.014783093,-0.022825826,-0.013072302,2020
2020-03-13,-0.09291548,-0.08640284,-0.06014937,-0.053894,-0.040459324,-0.053769898,-0.052671,-0.051963784,-0.053140823,-0.044104844,2020
2020-03-16,-0.046148483,-0.041805778,-0.0062543396,-0.004085126,-0.0071082595,0.004327591,-0.018749097,-0.005593137,-0.016211275,-0.010598738,2020
2020-03-17,-0.06982257,-0.050916962,-0.031324815,-0.02563468,-0.025494382,-0.011153321,-0.023786992,-0.02392501,-0.026254738,-0.01824427,2020
2020-03-18,-0.03703795,-0.01824039,-0.014144551,-0.0007715646,-0.0005215685,0.007966322,0.0039713755,-0.0025119444,-0.004637472,0.00061141787,2020
2020-03-19,-0.03921435,-0.02530636,-0.021383755,-0.0062467246,-0.005559707,0.0030725242,-0.0021537195,-0.011946271,-0.008300756,-0.010962475,2020
2020-03-20,0.028467815,0.030800734,0.02650319,0.030410519,0.040176954,0.04286756,0.03350701,0.02453609,0.024229147,0.01964655,2020
2020-03-23,0.049956676,0.044952087,0.043547936,0.043012958,0.047782768,0.047568392,0.04481381,0.030681465,0.029325448,0.020661237,2020
2020-03-24,0.022407362,0.025671698,0.02161049,0.019698262,0.03152784,0.031196352,0.024395091,0.018557055,0.01307972,0.008002714,2020
2020-03-25,0.0024638362,0.008715428,0.01056153,0.01350459,0.015342265,0.014422401,0.012770993,0.0048401915,0.0065453323,0.0030518991,2020
2020-03-26,-0.015396464,-0.021393457,-0.0055263615,-0.0076942993,-0.0072232345,-0.003342492,-0.0039761732,-0.009213715,-0.010383071,-0.01190376,2020
2020-03-27,0.05533948,0.039402045,0.0390283,0.041461214,0.04064606,0.03601891,0.027222436,0.034336794,0.023190755,0.012906303,2020
2020-03-30,0.062449634,0.05220167,0.0401688,0.042105973,0.038909756,0.03470443,0.025323411,0.030411579,0.020955373,0.008883324,2020
2020-03-31,0.055838414,0.045117963,0.03777358,0.042985987,0.040499832,0.026527986,0.03203403,0.022679366,0.023384027,0.0077901036,2020
2020-04-01,0.06861125,0.054116935,0.052031282,0.047676645,0.046548974,0.04162921,0.04245252,0.031475123,0.031074591,0.016956713,2020
2020-04-02,0.058393206,0.04130151,0.034633778,0.030079108,0.0398294,0.030377714,0.02007113,0.018825727,0.023490123,0.013230351,2020
2020-04-03,0.031159423,0.007554591,0.012917449,0.010079653,0.0086497925,0.008567766,-0.0043104277,-0.00031846744,0.0007673967,-0.005729271,2020
2020-04-07,0.026862402,0.014435423,0.0059864977,0.0011039622,-0.0006630652,0.0031145308,-0.008839184,-0.0067764577,-0.003483787,-0.006332481,2020
2020-04-08,0.023379361,0.00758288,0.001575016,-0.0036631953,-0.005843389,0.0013363961,-0.002465194,-0.008168973,-0.00067914184,-0.0075400835,2020
2020-04-09,0.024675572,0.004061708,0.0010782204,-0.00060535566,-0.011611134,0.0027360711,-0.0045197955,-0.007877034,-0.0017977422,-0.0095783565,2020
2020-04-10,0.040915836,0.021207709,0.010677372,0.008039874,-0.0012219697,0.0026656508,-0.001886075,-0.0062346384,0.007442482,-0.0023312988,2020
2020-04-13,0.015183827,-0.020254087,-0.027256208,-0.040782027,-0.039747167,-0.046094783,-0.033416457,-0.04254915,-0.026276514,-0.02682566,2020
2020-04-14,0.008979326,-0.02685143,-0.036780342,-0.043505684,-0.045070667,-0.048492096,-0.038672134,-0.04243009,-0.02606564,-0.020832133,2020
2020-04-15,0.029022621,-0.0072718384,-0.022833252,-0.015994998,-0.032210276,-0.025352942,-0.02261151,-0.026468083,-0.009233098,-0.006971262,2020
2020-04-16,0.031405658,-0.004991963,-0.013918704,-0.016767943,-0.028856331,-0.028025884,-0.017965887,-0.021615302,-0.00919128,-0.011776806,2020
2020-04-17,0.0465664,0.0051484616,0.0018857343,-0.010750916,-0.0119145755,-0.024669616,-0.012785226,-0.011575271,-0.004240543,-0.005105608,2020
2020-04-20,0.053114746,0.021900417,0.0057569914,0.0039513223,-0.004327643,-0.01421207,-0.001820832,-0.0019751103,0.0072735255,0.005626088,2020
2020-04-21,0.04733286,0.01819278,0.0035094235,0.0036442576,-0.012899499,-0.0057384768,-0.009811123,-0.0011767657,0.0010318501,0.008777879,2020
2020-04-22,0.040034894,0.008957556,-0.0058642193,-0.009708963,-0.024626963,-0.02807647,-0.022921393,-0.019719994,-0.011056742,-0.0053034965,2020
2020-04-23,0.07684842,0.04385651,0.017959392,0.008894032,-0.0048539797,-0.0065907175,-0.0034454903,-0.009304301,0.0046302155,-5.404328e-05,2020
2020-04-24,0.086503424,0.0553783,0.033907957,0.024534542,0.013814091,0.0032290963,0.00360695,-0.0022185612,0.0042456943,-0.002352264,2020
2020-04-27,0.09851632,0.07956958,0.06713494,0.06453862,0.050423592,0.040238794,0.02961853,0.030966498,0.031229367,0.016858766,2020
2020-04-28,0.08470149,0.06881838,0.06121549,0.053907864,0.050709203,0.033274528,0.032300826,0.030664066,0.030879013,0.014107486,2020
2020-04-29,0.07877518,0.058542088,0.047569208,0.04289176,0.038723946,0.03283455,0.0267199,0.024294494,0.022463232,0.0037066415,2020
2020-04-30,0.056114588,0.035060897,0.038567737,0.027012305,0.02556552,0.016663868,0.011631374,0.015669838,0.008242378,0.0014833428,2020
2020-05-06,0.020164296,0.010038747,0.0027054057,-0.00052199914,0.011883217,0.008117058,-0.004127556,0.008654586,0.0027042818,-0.0004657243,2020
2020-05-07,-0.011281912,-0.020936863,-0.031317532,-0.026068864,-0.016542127,-0.014895988,-0.024420058,-0.011812456,-0.018328777,-0.01746594,2020
2020-05-08,-0.018250607,-0.03483965,-0.04944343,-0.039701816,-0.02891301,-0.027072396,-0.034281384,-0.017501386,-0.020415692,-0.026616551,2020
2020-05-11,0.00274636,-0.013169022,-0.02442995,-0.012328332,-0.011861263,-0.005953293,-0.01036895,-0.0040422166,-0.007148897,-0.0120297875,2020
2020-05-12,-0.015797533,-0.015983671,-0.021542607,-0.012672987,-0.007370177,-0.0038014408,-0.0055678496,-0.003912993,-0.00068395975,-0.0038514386,2020
2020-05-13,-0.031218898,-0.028227895,-0.038856935,-0.020774253,-0.0118352175,-0.011036626,-0.0076961447,-0.0071808132,0.0023701144,0.004571185,2020
2020-05-14,-0.010465717,-0.024924858,-0.02315536,-0.012550114,-0.005198279,-0.0013160991,-0.0029227333,0.0010773436,0.002574752,0.0069013867,2020
2020-05-15,0.016181873,0.008853225,0.008786452,0.0151620535,0.019365404,0.020585839,0.020465994,0.020216627,0.017804354,0.019265391,2020
2020-05-18,0.0073556993,0.015810432,0.018514747,0.027024256,0.02788466,0.031050444,0.024846105,0.032025155,0.028175894,0.023761472,2020
2020-05-19,0.010171398,0.024639368,0.01661796,0.03234254,0.031861592,0.036621224,0.041509338,0.03380431,0.03550648,0.027499614,2020
2020-05-20,0.026375236,0.036521386,0.035370555,0.03982614,0.038066022,0.043824155,0.03561904,0.03979715,0.0367366,0.0257644,2020
2020-05-21,0.053577743,0.06587675,0.057985105,0.057266273,0.056178432,0.050970018,0.059046604,0.051092383,0.04802042,0.03721566,2020
2020-05-22,0.057719067,0.08012963,0.07865003,0.07503002,0.06196041,0.06306575,0.06375666,0.057184707,0.05155119,0.044210326,2020
2020-05-25,0.029559908,0.059960738,0.05257181,0.05096756,0.053209547,0.05104952,0.0495805,0.043081556,0.04014677,0.03614071,2020
2020-05-26,0.042280328,0.05056326,0.0474518,0.03617047,0.043595612,0.038944982,0.038159408,0.033848204,0.030732801,0.030056184,2020
2020-05-27,0.068613715,0.06891987,0.06495083,0.05001037,0.052873384,0.04978617,0.039780144,0.035320554,0.031081207,0.027394483,2020
2020-05-28,0.045104746,0.053681947,0.037479576,0.032731246,0.031344835,0.027826197,0.021112991,0.019766904,0.018336292,0.014135236,2020
2020-05-29,0.035376772,0.029923223,0.018522127,0.021886522,0.01996532,0.021683676,0.012059356,0.012212106,0.00775979,0.005505339,2020
2020-06-01,0.048547987,0.032409787,0.020454211,0.007876184,0.013445677,0.010144728,0.003651111,0.00040931898,0.000802391,-0.003919056,2020
2020-06-02,0.051112417,0.038157124,0.023870485,0.015834292,0.01716818,0.003388524,0.007270561,0.0017726603,0.001880599,-0.0016996727,2020
2020-06-03,0.044952765,0.036487695,0.023780156,0.025187274,0.0155695975,0.0071759974,0.010730369,0.001984935,0.0062836315,0.010763129,2020
2020-06-04,0.058743313,0.039070707,0.03574526,0.020426879,0.019331846,0.00829045,0.014844637,0.0037603904,0.0086844405,0.012120948,2020
2020-06-05,0.067182824,0.05057126,0.03188552,0.030178908,0.015588865,0.011369011,0.016050765,0.005089948,0.0061417194,0.0113185095,2020
2020-06-08,0.07653396,0.057393607,0.030171476,0.030772174,0.012654323,0.012048754,0.008360535,0.0023849302,0.0015327657,0.0047222218,2020
2020-06-09,0.0751121,0.053092577,0.032835603,0.029317116,0.014009019,0.011347962,0.005504623,0.0036413716,0.0009587321,0.008510456,2020
2020-06-10,0.072511375,0.043344807,0.020679744,0.01698186,0.009026317,0.00035277,-0.0023416122,-0.004185341,-0.003617798,0.0020793406,2020
2020-06-11,0.09588343,0.07372746,0.046333708,0.039402362,0.032538116,0.022660019,0.020422652,0.01425048,0.01504241,0.01591713,2020
2020-06-12,0.08887673,0.06311803,0.043928217,0.037434503,0.030103803,0.01777758,0.015991248,0.012069471,0.011527569,0.01508686,2020
2020-06-15,0.07113111,0.05693667,0.046300706,0.04449873,0.0337336,0.024396837,0.025798054,0.026759911,0.02211421,0.029750343,2020
2020-06-16,0.057586346,0.05757683,0.042242486,0.04538251,0.03786149,0.035915628,0.0328228,0.03736981,0.045752224,0.05282552,2020
2020-06-17,0.08515986,0.08270254,0.0670133,0.07745217,0.06266168,0.07302595,0.06391152,0.07248695,0.07750181,0.09384701,2020
2020-06-18,0.10360259,0.1125026,0.10455766,0.10129327,0.095458746,0.08873732,0.092738144,0.09695324,0.099755764,0.11108931,2020
2020-06-19,0.10246738,0.10915539,0.10951829,0.11034864,0.100468166,0.102288425,0.099804424,0.09688027,0.09907245,0.10685979,2020
2020-06-22,0.12567335,0.1486485,0.14355431,0.14094424,0.14093977,0.13416526,0.1333512,0.12614745,0.13040334,0.14528964,2020
2020-06-23,0.14458597,0.1645221,0.16000658,0.15656635,0.15766947,0.14550975,0.14062347,0.14393151,0.1340633,0.14408636,2020
2020-06-24,0.16276047,0.18808661,0.18194523,0.19318677,0.18607596,0.17084748,0.16049486,0.16586812,0.15549324,0.1627021,2020
2020-06-29,0.14042324,0.16349466,0.18571375,0.18935807,0.16896102,0.16996935,0.1654427,0.16645615,0.1568811,0.1620749,2020
2020-06-30,0.12580003,0.15177274,0.14799953,0.16559313,0.14752874,0.1359158,0.14374033,0.15068384,0.14016628,0.14269274,2020
2020-07-01,0.07833173,0.0977293,0.08992707,0.10750729,0.10122024,0.09576558,0.09980514,0.09956574,0.09787702,0.101422235,2020
2020-07-02,0.046450596,0.06136708,0.05073671,0.058987074,0.053787697,0.053921655,0.054788053,0.051460467,0.047894344,0.044699002,2020
2020-07-03,0.036166217,0.0446198,0.037637122,0.05129586,0.045599487,0.046139672,0.05114423,0.04002379,0.042498186,0.026363788,2020
2020-07-06,0.03908533,0.029468574,0.02760979,0.028769206,0.03887055,0.035847113,0.039010193,0.037210993,0.030116083,0.01929655,2020
2020-07-07,0.04202723,0.034943756,0.029974671,0.030409157,0.03230123,0.03159912,0.035042103,0.036235344,0.03541745,0.019552303,2020
2020-07-08,0.0069314367,-0.004204886,-0.015478135,-0.012155989,-0.009237664,-0.005286611,-0.0061747874,-0.0024764852,-0.0005793183,-0.01456366,2020
2020-07-09,-0.039421227,-0.04387448,-0.04324655,-0.040050145,-0.03298198,-0.018324872,-0.011072543,-0.012842319,-0.009376225,-0.01883377,2020
2020-07-10,-0.07955151,-0.08749421,-0.08693127,-0.08491531,-0.06353725,-0.06335962,-0.048015174,-0.04266254,-0.039755765,-0.041725144,2020
2020-07-13,-0.07308762,-0.08313891,-0.08149144,-0.07370893,-0.066309534,-0.054689776,-0.043996893,-0.03958681,-0.041067798,-0.033704147,2020
2020-07-14,-0.041525308,-0.04894235,-0.040999517,-0.049273893,-0.046056256,-0.02996308,-0.024929179,-0.020370476,-0.024370512,-0.024665384,2020
2020-07-15,0.012607885,0.008237486,0.0093131075,0.010163055,-0.001337038,0.016524909,0.017818758,0.0155725265,0.018944418,-0.00020074303,2020
2020-07-16,0.05363264,0.045634683,0.045709442,0.044286348,0.040097862,0.051547624,0.045163475,0.041353397,0.045722064,0.022881387,2020
2020-07-17,0.07719043,0.062334605,0.061035432,0.047792196,0.04383259,0.05117611,0.044498824,0.04343125,0.047042187,0.011616522,2020
2020-07-20,0.05560217,0.04321849,0.04924736,0.03576222,0.033472456,0.039661046,0.040556423,0.03472448,0.037755728,0.012329032,2020
2020-07-21,0.037292022,0.03545886,0.035365753,0.030202221,0.029923782,0.03331764,0.0313626,0.02932397,0.02875598,0.0092062615,2020
2020-07-22,0.043751996,0.04480753,0.047134854,0.0462375,0.0486916,0.048826054,0.051539086,0.051585153,0.046245832,0.026338447,2020
2020-07-23,0.058227465,0.051825218,0.052942835,0.04379139,0.05443698,0.046203345,0.048422374,0.049652446,0.03854284,0.028523793,2020
2020-07-24,0.0864081,0.079988696,0.08423088,0.085159354,0.07579838,0.08076655,0.079685785,0.083141826,0.070950285,0.05873944,2020
2020-07-27,0.079566225,0.057580974,0.075156294,0.064800456,0.07097975,0.059089057,0.0636225,0.06694238,0.059894413,0.04724115,2020
2020-07-28,-0.0015611482,-0.0073460913,0.0138100255,0.019333757,0.023132814,0.019350998,0.032704204,0.029653247,0.03192898,0.024767714,2020
2020-07-29,-0.012991881,-0.007299082,0.010419249,0.016586667,0.02555097,0.020003451,0.03507309,0.033345483,0.037447985,0.035527173,2020
2020-07-30,-0.016902493,-0.008090022,-0.000931348,0.011437719,0.025428131,0.019343877,0.035743058,0.021996072,0.036237314,0.028072985,2020
2020-07-31,-0.027841853,-0.0074044582,-0.012715302,0.001453058,0.011463216,0.014463772,0.023643335,0.021314694,0.026270365,0.026216635,2020
2020-08-03,-0.013676176,0.0008783098,-0.0013369945,0.004867261,0.018570762,0.023043234,0.027781537,0.024444526,0.02865235,0.024495346,2020
2020-08-04,-0.027114095,-0.010834969,-0.012807083,0.0016318436,0.012350455,0.017732428,0.024431126,0.027824176,0.029816512,0.030601835,2020
2020-08-05,-0.051766727,-0.03405887,-0.028828707,-0.01248354,-0.007217529,-0.0046758647,0.0044379793,0.013167624,0.018233726,0.019963607,2020
2020-08-06,-0.03379486,-0.018000389,-0.0053090146,0.0015127022,0.0032952859,0.009408156,0.016101936,0.023912933,0.028995046,0.027002933,2020
2020-08-07,-0.023787964,-0.014842025,-0.005137525,0.0036599925,-0.0019354098,0.0029629553,0.007623528,0.013321624,0.013851045,0.014054389,2020
2020-08-10,-0.019564584,-0.00054466823,0.0046082353,0.011434407,0.008387845,0.015253167,0.022895472,0.015024458,0.018108312,0.010890335,2020
2020-08-11,0.006946661,0.020330373,0.025123017,0.035112385,0.029075243,0.031745266,0.035187587,0.03327678,0.02574315,0.021197222,2020
2020-08-12,-1.1737595e-05,-0.0017261053,0.014667536,0.0075838626,0.0022653572,0.018408095,0.009702061,0.014508534,0.003187693,0.00019644112,2020
2020-08-13,0.015064659,0.0127779255,0.015354866,0.023099348,0.013622293,0.019627852,0.027108107,0.01588574,0.011041821,0.0073599652,2020
2020-08-14,0.010221831,0.017232139,0.010549189,0.014203924,0.009760618,0.020254005,0.014680269,0.006705859,0.009798616,-0.0010378428,2020
2020-08-17,-0.00828836,-0.010597122,-0.009170636,-0.009349827,-0.008633077,-0.004279727,-0.0009078046,-0.004672856,-0.0040055434,-0.013551943,2020
2020-08-18,0.007187171,0.0045090946,0.010686296,0.012325026,0.018092507,0.013009331,0.016447373,0.0078085214,0.0039912933,-0.009039158,2020
2020-08-19,0.027029032,0.024235975,0.02730451,0.02420934,0.020647118,0.027393004,0.036276888,0.017177444,0.01841222,0.003450007,2020
2020-08-20,-0.004395512,0.0069797426,0.0054554488,0.0068297964,0.01193937,0.023761677,0.013660828,0.011731549,0.007335908,-0.012418098,2020
2020-08-21,-0.015929334,-0.004721133,0.014847699,0.018345779,0.03644176,0.03135613,0.0262494,0.02981389,0.018108962,-0.0042417245,2020
2020-08-24,-0.04895271,-0.038410526,-0.0130947735,0.004583056,0.023948476,0.016103849,0.017469138,0.023116956,0.017319344,0.0021195426,2020
2020-08-25,-0.057959277,-0.038968362,-0.008248167,0.0003253938,0.03039088,0.032556985,0.03205449,0.035599977,0.02346761,0.025344763,2020
2020-08-26,-0.06922669,-0.052959196,-0.035767112,-0.029751455,-0.010718285,-0.016590683,-0.017659519,-0.0021332207,-0.0046828897,0.010484462,2020
2020-08-27,-0.08669817,-0.07281594,-0.059665713,-0.054641843,-0.046870723,-0.045656238,-0.041549284,-0.036409818,-0.026713163,-0.019046031,2020
2020-08-28,-0.08292615,-0.0719134,-0.040304843,-0.040521976,-0.037155714,-0.030617177,-0.027263053,-0.025762092,-0.030333446,-0.025135932,2020
2020-08-31,-0.072913796,-0.054136142,-0.0316781,-0.02272606,-0.031021254,-0.019270282,-0.023703594,-0.019267151,-0.025548585,-0.020668047,2020
2020-09-01,-0.07820469,-0.06706975,-0.05051669,-0.04158405,-0.050205555,-0.045503028,-0.035347123,-0.034474738,-0.03323573,-0.017752372,2020
2020-09-02,-0.07436327,-0.06359162,-0.05007803,-0.03442528,-0.047980472,-0.042715013,-0.036443915,-0.033009674,-0.036529545,-0.02420919,2020
2020-09-03,-0.041513074,-0.039934147,-0.028992055,-0.024028616,-0.026625415,-0.028709043,-0.02406028,-0.014567365,-0.012278693,-0.0030252098,2020
2020-09-04,-0.026428932,-0.038658973,-0.032365937,-0.033705235,-0.03227618,-0.02725254,-0.025868008,-0.017974947,-0.013367527,-0.0029888512,2020
2020-09-07,-0.0050510443,-0.02719845,-0.033187903,-0.041993167,-0.033364683,-0.038539797,-0.026769018,-0.030592397,-0.024216523,-0.016701356,2020
2020-09-08,0.026258646,-0.012063073,-0.025839034,-0.02731085,-0.029019626,-0.030693084,-0.032100532,-0.034823004,-0.029695759,-0.031185836,2020
2020-09-09,0.029398486,0.0025421123,-0.0014629153,-0.0012715093,0.0075889537,-0.01941223,-0.024414783,-0.025550367,-0.030846637,-0.030804383,2020
2020-09-10,0.027057435,0.008259811,0.0002525731,0.010245638,0.0043626707,-0.008705937,-0.014923668,-0.018271042,-0.020977447,-0.020247655,2020
2020-09-11,-0.012844615,-0.0358956,-0.039568774,-0.038811028,-0.03212313,-0.04349221,-0.040242236,-0.04082265,-0.036369365,-0.026555244,2020
2020-09-14,-0.019897778,-0.03878338,-0.044334687,-0.035786044,-0.037323657,-0.04733755,-0.03851189,-0.03808392,-0.03241559,-0.023127334,2020
2020-09-15,-0.009540363,-0.035259925,-0.032896105,-0.027471686,-0.035234343,-0.04110792,-0.037352316,-0.04108756,-0.034963917,-0.0301093,2020
2020-09-16,0.025772037,-0.017212825,-0.0021960826,-0.0054924763,-0.008164841,-0.015167431,-0.018071147,-0.016209353,-0.013980827,-0.014687302,2020
2020-09-17,0.03294592,0.012783251,0.014612426,0.01303055,0.015217425,0.0031536552,-0.0062863305,-0.0030564582,-0.0067722863,-0.008141644,2020
2020-09-18,0.037528034,0.025684914,0.025766375,0.018381836,0.01216367,0.0002158141,-0.007643553,-0.0119035905,-0.010606465,-0.015259695,2020
2020-09-21,0.053872205,0.047833674,0.03697584,0.032883428,0.023071773,0.009401596,0.0031243537,-0.0031276005,-0.0020704267,-0.008701993,2020
2020-09-22,0.041146394,0.03964567,0.03307776,0.022774858,0.021428337,0.00029296783,0.0027363917,-0.0034016417,-0.0043012123,-0.0025409102,2020
2020-09-23,0.04873076,0.046417426,0.05237879,0.037441183,0.024150524,0.026036363,0.009012569,0.0119051775,0.010286436,0.0149746025,2020
2020-09-24,0.05861241,0.06180083,0.063679494,0.048080906,0.048366334,0.038045075,0.030866979,0.026843812,0.021774365,0.02512673,2020
2020-09-25,0.06982045,0.06998798,0.07057741,0.06560371,0.05797269,0.042553358,0.03334532,0.02605952,0.01979261,0.017761135,2020
2020-09-28,0.06636421,0.062473543,0.06625226,0.069505855,0.053774826,0.03935177,0.029292785,0.023874123,0.017007265,0.014421441,2020
2020-09-29,0.041624013,0.04645753,0.0485002,0.05594404,0.05210988,0.039342344,0.024233988,0.023167273,0.018435175,0.018081792,2020
2020-09-30,0.0012712723,0.0143176075,0.017411262,0.028852018,0.01950155,0.013982945,0.00087243435,0.00046425627,-0.000921384,0.0047675036,2020
2020-10-09,-0.04129215,-0.02727568,-0.026122978,-0.010327826,-0.011995767,-0.019596841,-0.036503557,-0.03229147,-0.030557213,-0.021230066,2020
2020-10-12,-0.045307245,-0.032417156,-0.028386261,-0.029468155,-0.017403724,-0.027613083,-0.038032345,-0.039393153,-0.032755867,-0.030383809,2020
2020-10-13,-0.045371976,-0.035237197,-0.031871375,-0.029019594,-0.021079585,-0.030836094,-0.04106923,-0.03859259,-0.035488803,-0.026185676,2020
2020-10-14,-0.035616376,-0.016268514,-0.02567484,-0.017483644,-0.018264458,-0.028431768,-0.03596466,-0.032001235,-0.031893045,-0.02636821,2020
2020-10-15,-0.030004187,-0.02068407,-0.02946981,-0.03292269,-0.020022234,-0.034087993,-0.03864883,-0.03957036,-0.040078126,-0.032929424,2020
2020-10-16,-0.02342627,-0.033500515,-0.04997418,-0.04620647,-0.046529505,-0.054234758,-0.062395267,-0.06370683,-0.05847382,-0.05251021,2020
2020-10-19,-0.005062948,-0.014207593,-0.026510997,-0.029590225,-0.023466513,-0.034412894,-0.039354008,-0.042524926,-0.035169613,-0.031026626,2020
2020-10-20,0.00027661625,-0.011479979,-0.020131078,-0.025991905,-0.019759538,-0.029671876,-0.040654704,-0.03928421,-0.034779865,-0.027445799,2020
2020-10-21,0.030157834,0.015803037,0.0027559178,-0.0038681955,-0.0047371485,-0.007825049,-0.024793535,-0.020257445,-0.020092556,-0.0172025,2020
2020-10-22,0.03127511,0.002938681,0.0037973116,-0.008149859,-0.005275178,-0.008261066,-0.017566781,-0.02182972,-0.0151248425,-0.016514968,2020
2020-10-23,0.053467967,0.030579327,0.024636881,0.0222517,0.025178019,0.019540988,0.0130101675,0.0068867123,0.010967512,0.008688041,2020
2020-10-26,0.030695247,0.012968281,0.015620988,0.02318367,0.016464652,0.019385418,0.017489567,0.007693618,0.017251449,0.015654929,2020
2020-10-27,0.011312023,-0.002543324,-0.0063319528,0.009186741,0.009903033,0.012293174,0.009521342,0.008855929,0.01423662,0.017958276,2020
2020-10-28,-0.0020208496,-0.021337483,-0.010461884,-0.0032309743,0.0021136731,0.009605683,0.0089110825,0.01032395,0.011228171,0.017578151,2020
2020-10-29,-0.0015665725,-0.009880326,0.0036226946,0.001457402,0.011941731,0.018318012,0.014735143,0.017999599,0.019206403,0.017423004,2020
2020-10-30,0.004441269,0.007917831,0.019344268,0.02019588,0.03975918,0.048338052,0.04802055,0.051587753,0.057038423,0.051241502,2020
2020-11-02,-0.02111328,-0.016318768,-0.006483555,-0.006901039,0.015262908,0.031915303,0.02588006,0.036522456,0.03963669,0.043058045,2020
2020-11-03,-0.03140123,-0.014439891,-0.0038246256,-0.007834498,0.0139744105,0.03354417,0.031652313,0.03959236,0.043966044,0.047721647,2020
2020-11-04,-0.041132003,-0.0269998,-0.02091309,-0.016591078,0.008058563,0.017614162,0.026964886,0.022982674,0.03067891,0.038429245,2020
2020-11-05,-0.016990798,-0.004839228,-0.011196767,-0.0050344607,0.015778687,0.017199099,0.03150368,0.02367627,0.032409206,0.034628324,2020
2020-11-06,-0.031171842,-0.020412937,-0.021894125,-0.019242179,0.0026295842,0.0076482724,0.019748004,0.0183546,0.029284233,0.030399432,2020
2020-11-09,-0.021820944,-0.015392419,-0.012320406,-0.015425877,-0.00025620763,0.010367612,0.023835622,0.020159734,0.023924723,0.032943636,2020
2020-11-10,-0.019541133,-0.0009904784,-0.009704597,-0.0046420316,0.0065041184,0.014185361,0.02872046,0.029206239,0.028574074,0.033874393,2020
2020-11-11,-0.028683476,-0.010244154,-0.017702457,-0.010047779,-0.0042167413,0.0067871404,0.01769668,0.017037218,0.021754283,0.020269457,2020
2020-11-12,-0.026110135,-0.016748777,-0.022454366,-0.013212183,-0.009019314,0.009912042,0.010060073,0.020850798,0.026658408,0.030098658,2020
2020-11-13,-0.027919918,-0.026297191,-0.020566024,-0.017221754,-0.006339402,0.002394836,0.01046974,0.012907947,0.021397784,0.03077875,2020
2020-11-16,-0.0090077305,-0.008574233,0.0015870054,-0.0042465073,-0.0019847138,0.0072579384,0.014873934,0.014523172,0.015464444,0.021977797,2020
2020-11-17,0.00032769266,-0.006594947,0.003589884,0.00065638806,0.0005552759,0.0046486207,0.009201703,0.0161742,0.020567337,0.023927854,2020
2020-11-18,-0.0091284495,-0.010619673,0.003042849,-0.004673046,0.0023832587,0.00042439665,0.01101442,0.018842544,0.015283046,0.024651159,2020
2020-11-19,-0.017531388,-0.017866483,-0.00054739875,-0.015308383,-0.0058534937,0.003199286,0.0042280024,0.0136139495,0.015648581,0.017668659,2020
2020-11-20,-0.0073824725,-0.012055475,-0.008789431,-0.01904172,-0.011007446,0.00064589013,-0.0039409753,0.0061682304,0.003762847,0.0020612427,2020
2020-11-23,-0.003308388,-0.02164608,-0.013094958,-0.016296998,-0.01583691,-0.013426189,-0.01131264,-0.0034243527,-0.0044022542,-0.0074062445,2020
2020-11-24,-0.00081688457,-0.01741108,-0.016125277,-0.017161805,-0.026445583,-0.024256011,-0.015458626,-0.014270704,-0.012799586,-0.01228391,2020
2020-11-25,0.019251836,-0.009677037,-0.020742444,-0.018514734,-0.022414006,-0.021614412,-0.012983741,-0.0142788105,-0.014813246,-0.013391265,2020
2020-11-26,0.004494485,-0.012358957,-0.02635756,-0.028224891,-0.033485565,-0.027598552,-0.029340632,-0.02963055,-0.02456171,-0.026724875,2020
2020-11-27,0.009529055,-0.016534239,-0.027882095,-0.030527031,-0.038667057,-0.034907456,-0.03657267,-0.038754195,-0.03696818,-0.0373442,2020
2020-11-30,0.013525719,-0.016937329,-0.023609038,-0.036092754,-0.03686342,-0.038325936,-0.037901502,-0.04195418,-0.036934275,-0.040663447,2020
2020-12-01,0.007068795,-0.022337979,-0.035017617,-0.049018085,-0.05577127,-0.052524537,-0.05256629,-0.055186544,-0.051866136,-0.04987113,2020
2020-12-02,0.012370957,-0.023088615,-0.035856538,-0.0552596,-0.05268758,-0.062146034,-0.05903394,-0.059890352,-0.05707256,-0.054280087,2020
2020-12-03,0.013665945,-0.017650189,-0.029934635,-0.04158486,-0.049376387,-0.050296996,-0.05207434,-0.04785598,-0.05176298,-0.04367489,2020
2020-12-04,0.019130332,-0.016755054,-0.026457913,-0.040463593,-0.04839596,-0.045237143,-0.04890464,-0.047644477,-0.047340535,-0.04004928,2020
2020-12-07,0.0076860483,-0.01706381,-0.028083157,-0.034314014,-0.045666397,-0.04924478,-0.04919743,-0.05030078,-0.046086606,-0.04438374,2020
2020-12-08,0.007589471,-0.005892247,-0.029374184,-0.036794063,-0.043704085,-0.04567732,-0.04355935,-0.046308517,-0.049447674,-0.04280576,2020
2020-12-09,0.011728664,0.002555196,-0.025014987,-0.040948365,-0.036875706,-0.055808388,-0.04705309,-0.043648165,-0.055191457,-0.042597607,2020
2020-12-10,0.02409364,0.0017256497,-0.019504337,-0.022590263,-0.02490537,-0.033167806,-0.035654932,-0.027909115,-0.037521787,-0.03108079,2020
2020-12-11,0.020073824,0.004037097,-0.020873697,-0.023453513,-0.034782857,-0.040860828,-0.04136289,-0.03151962,-0.043611247,-0.03351273,2020
2020-12-14,-0.0013305517,-0.013417103,-0.024463499,-0.037093636,-0.033180006,-0.037649285,-0.04759656,-0.027251406,-0.041883767,-0.026387202,2020
2020-12-15,0.0063458537,-0.0043610157,-0.022475297,-0.037314247,-0.030103482,-0.0384548,-0.030395947,-0.02833157,-0.036533445,-0.019216258,2020
2020-12-16,0.026982518,0.0061544986,-0.008331422,-0.013958941,-0.0088498015,-0.018879497,-0.02591435,-0.011043702,-0.020744732,-0.004698983,2020
2020-12-17,0.047449935,0.02115684,-0.0013963291,-0.0049593914,-0.012064884,-0.020223752,-0.020388668,-0.009991831,-0.023576798,-0.010970343,2020
2020-12-18,0.04408761,0.019177048,0.0028973557,0.0009354436,-0.016854785,-0.021112204,-0.023266034,-0.017187664,-0.02553766,-0.015283198,2020
2020-12-21,0.0441411,0.019785311,0.0017035713,-0.0134887975,-0.017134732,-0.022331057,-0.028116858,-0.01822955,-0.029121313,-0.012923864,2020
2020-12-22,0.04847693,0.012283186,-0.0083060395,-0.020319832,-0.040241383,-0.03631909,-0.0468552,-0.037199277,-0.039791293,-0.026528124,2020
2020-12-23,0.040148906,0.012859015,-0.010445851,-0.021649856,-0.043073133,-0.03449199,-0.035955142,-0.037453555,-0.03403801,-0.01836634,2020
2020-12-24,0.030570308,0.0051679034,-0.016555047,-0.039964415,-0.042233452,-0.04605925,-0.0525589,-0.04614468,-0.04280864,-0.024311142,2020
2020-12-25,0.033319376,-0.006184956,-0.019585142,-0.03550456,-0.04713665,-0.043299705,-0.04307832,-0.042629402,-0.03702274,-0.023817822,2020
2020-12-28,0.04736438,0.0037371824,-0.018624244,-0.048540495,-0.053078067,-0.06151811,-0.06441691,-0.056562107,-0.053875625,-0.03678722,2020
2020-12-29,0.02897697,-0.01161361,-0.030942209,-0.035625827,-0.05174928,-0.046029776,-0.060564317,-0.060101274,-0.046570055,-0.024180489,2020
2020-12-30,0.0042027044,-0.028731078,-0.030788815,-0.051800597,-0.04045676,-0.042413015,-0.057267636,-0.046527963,-0.05249232,-0.029407194,2020
2020-12-31,0.0010560923,-0.024848314,-0.03519175,-0.043153718,-0.04583998,-0.03691156,-0.054109976,-0.046847735,-0.044258572,-0.02283304,2020
2021-01-04,-0.0025053583,-0.03056851,-0.030430637,-0.034077875,-0.042445425,-0.028163213,-0.03995676,-0.03494331,-0.034876555,-0.0127736125,2021
2021-01-05,0.0033536458,-0.022220906,-0.021329192,-0.033816602,-0.026956728,-0.024826605,-0.02644086,-0.030493654,-0.025211912,-0.01231278,2021
2021-01-06,0.024728278,0.008379935,0.0012601052,0.0025414443,0.013822618,0.00774335,0.011637688,0.005206901,0.0030349495,0.0060244245,2021
2021-01-07,0.032937977,0.01808412,1.7134424e-05,0.008968076,0.0047542593,0.003982901,0.012193898,0.003599527,0.00016824271,0.0033480553,2021
2021-01-08,0.046864238,0.023608448,0.009507949,0.003542413,0.008393096,0.00032976526,0.0050036414,-0.0036244348,-0.0029660577,-0.007457099,2021
2021-01-11,0.026112663,0.01375962,0.004117294,-0.006579834,0.0051689395,-0.0030052343,0.0021334824,-0.0041166972,-0.002386289,-0.00610022,2021
2021-01-12,0.016900964,-0.0018775307,0.008631807,-0.0061914227,0.010898103,0.016003268,0.012882629,0.012115371,0.009339411,0.0075313943,2021
2021-01-13,0.015904607,0.0076860604,-0.0011759849,6.982311e-05,0.0076143746,0.006745128,0.00900098,0.0034905192,0.0021271587,0.00082423806,2021
2021-01-14,0.002914563,-0.01035191,-0.022941034,-0.028956916,-0.032061696,-0.030358907,-0.025195548,-0.02799485,-0.028426198,-0.035887763,2021
2021-01-15,-0.017235298,-0.037689023,-0.045777895,-0.052102324,-0.04761307,-0.041214503,-0.049070843,-0.048383437,-0.04302309,-0.046448268,2021
2021-01-18,-0.009824935,-0.034139685,-0.046266172,-0.06325862,-0.048758995,-0.057027195,-0.052715693,-0.054555986,-0.049408033,-0.04791903,2021
2021-01-19,-0.013311788,-0.030722206,-0.052136324,-0.062199302,-0.06471172,-0.063229606,-0.062313266,-0.05527722,-0.06410738,-0.054784045,2021
2021-01-20,-0.06212531,-0.06273445,-0.08886685,-0.09987939,-0.09796044,-0.08668697,-0.090886325,-0.0858845,-0.08331484,-0.072508976,2021
2021-01-21,-0.06172094,-0.06980222,-0.08681211,-0.084154546,-0.09163219,-0.083333276,-0.077700645,-0.07682583,-0.07017588,-0.06223397,2021
2021-01-22,-0.077198625,-0.08085455,-0.0888892,-0.08574636,-0.0872324,-0.073644176,-0.07847246,-0.06707966,-0.060489003,-0.050171427,2021
2021-01-25,-0.036178477,-0.048484556,-0.057521082,-0.061230946,-0.07464613,-0.066025615,-0.06077,-0.059169073,-0.05030391,-0.037252944,2021
2021-01-26,-0.009716834,-0.026078224,-0.032052614,-0.051723506,-0.04870022,-0.05079987,-0.05189123,-0.043946423,-0.045253593,-0.036731012,2021
2021-01-27,0.013798663,0.008420566,-0.0074198637,-0.01820308,-0.023811547,-0.02066838,-0.018306686,-0.015545154,-0.018675251,-0.012638392,2021
2021-01-28,0.015013588,0.03849644,0.025950398,0.024621923,0.015748264,0.030236531,0.022201782,0.02564551,0.021809816,0.017985115,2021
2021-01-29,0.016078435,0.05552739,0.06420919,0.063749425,0.06386524,0.061619047,0.07041498,0.063668355,0.063888766,0.055092443,2021
2021-02-01,-0.013332432,0.02980583,0.047763422,0.04117227,0.044050414,0.04789003,0.05158083,0.052274823,0.053783447,0.04408552,2021
2021-02-02,-0.029155921,0.01788664,0.054616943,0.05606851,0.060462795,0.066415004,0.07443913,0.06686028,0.062301867,0.05249748,2021
2021-02-03,-0.0186829,0.034223482,0.06928228,0.088194095,0.08011803,0.094248585,0.09031171,0.08677882,0.08523316,0.07879249,2021
2021-02-04,-0.03577601,0.026692664,0.06411827,0.08899146,0.08123675,0.08529982,0.08618818,0.07757209,0.07487053,0.066396505,2021
2021-02-05,-0.011211312,0.065227345,0.10631704,0.112163134,0.11654203,0.11301175,0.117696516,0.10618122,0.0931731,0.07869208,2021
2021-02-08,-0.030984292,0.054669976,0.09319412,0.098824665,0.10142494,0.104804926,0.10732723,0.09943532,0.09369735,0.073357835,2021
2021-02-09,-0.043456666,0.048322234,0.07465819,0.09429538,0.100307666,0.091932215,0.0917898,0.0971284,0.08450751,0.07624516,2021
2021-02-10,-0.06938107,0.01562902,0.055366185,0.05608173,0.069371074,0.06661769,0.08153899,0.06683814,0.07132371,0.055711277,2021
2021-02-18,-0.066383354,0.005105513,0.031724244,0.032356374,0.04581852,0.051506124,0.053491432,0.0492809,0.040708244,0.04130875,2021
2021-02-19,-0.07305561,-0.01748892,-0.0026450446,0.0014424333,0.015913555,0.022154512,0.02245116,0.022636052,0.017142998,0.021603225,2021
2021-02-22,-0.09836837,-0.040397316,-0.018645866,-0.023773402,-0.0085712215,-2.910385e-05,0.0043799817,0.0077401367,0.0066101896,0.004188811,2021
2021-02-23,-0.09320544,-0.056349203,-0.041799735,-0.03961642,-0.026537048,-0.0183858,-0.013968559,-0.005870498,-0.0035665676,0.0015513882,2021
2021-02-24,-0.07051534,-0.03649292,-0.033342972,-0.022877824,-0.024178876,-0.012546938,-0.00054955354,-0.002380677,0.002070689,0.0035830007,2021
2021-02-25,-0.041840244,-0.018834675,-0.0108745955,-0.016992865,-0.0008298456,1.9923284e-05,0.0073451283,0.008061387,0.014921799,0.02682238,2021
2021-02-26,-0.06990094,-0.03036879,-0.031658888,-0.023946121,-0.025081145,-0.008855488,-0.004529436,-0.006403302,0.0073421514,0.01529415,2021
2021-03-01,-0.07202267,-0.039693367,-0.024908548,-0.023398856,-0.014614891,-0.0018991771,-0.0042006876,0.0077302237,0.016266799,0.02249814,2021
2021-03-02,-0.06253792,-0.039961938,-0.027828084,-0.014956682,-0.008505808,0.0048342035,0.0033148248,0.010165379,0.01507241,0.016007826,2021
2021-03-03,-0.027824473,-0.03272004,-0.01781201,-0.025886396,-0.009988188,-0.0032810138,-0.0005127885,0.0064183683,0.010951491,0.014660363,2021
2021-03-04,-0.025459725,-0.027421465,-0.016473444,-0.023521394,-0.015588031,-0.011431025,-0.0006665062,0.00331131,0.008911031,0.0060132737,2021
2021-03-05,-0.012163893,-0.019596726,-0.017802028,-0.012088351,-0.013610923,-0.0075338944,-0.0029622456,0.009844564,0.010545429,0.010721877,2021
2021-03-08,0.02830208,0.015353452,0.014706271,0.02777508,0.016858773,0.016946783,0.028642684,0.032270636,0.028786601,0.031312086,2021
2021-03-09,0.0069581065,0.014352014,0.02131899,0.023373105,0.02445611,0.032071818,0.041907437,0.04313141,0.033867642,0.03602155,2021
2021-03-10,-0.012587119,0.0067942766,0.0042891847,0.016282322,0.019578304,0.027447412,0.040120028,0.026660927,0.026846781,0.026434105,2021
2021-03-11,0.0021476345,0.0066390443,0.0067813685,0.022659637,0.023470161,0.022088518,0.022436185,0.0253006,0.022700507,0.017022993,2021
2021-03-12,0.025905743,0.016170472,0.024175169,0.02232793,0.024688601,0.030111713,0.024128996,0.024697913,0.0240437,0.013968336,2021
2021-03-15,0.024844702,0.015048254,0.0072102477,-0.0017170557,-6.844704e-06,0.004078259,0.0077494266,0.007302026,0.010732683,5.448208e-06,2021
2021-03-16,0.0055530905,0.0035536317,-0.006006575,-0.0075131925,-0.004190297,-0.0030902612,-0.0016525702,0.000349103,0.00779385,0.005765957,2021
2021-03-17,0.004153135,-0.0039683036,-0.0060546636,-0.0168133,0.002906682,-0.008302034,0.00043058724,-0.0027796028,-0.00030068547,0.009728733,2021
2021-03-18,0.019995747,0.00584832,0.0052142735,-0.00045888434,-0.0038974925,0.004915914,-0.004985594,-0.003621783,0.011062693,0.011066085,2021
2021-03-19,0.01981732,0.0008442783,0.00017094814,0.0047961525,-0.000542293,-0.0019006773,0.0031541395,0.0033282132,0.008363987,0.0012719781,2021
2021-03-22,0.021966936,0.0061481306,0.0064327624,0.011076657,0.0070533934,0.005450886,0.01292818,0.010718412,0.016494587,0.009982589,2021
2021-03-23,0.049623866,0.027245155,0.02284606,0.026480787,0.012354721,0.020010158,0.024850866,0.018595288,0.01786778,0.010486278,2021
2021-03-24,0.047349382,0.03084995,0.023025593,0.02244414,0.017720584,0.014033991,0.021511381,0.020460129,0.016708054,0.01364893,2021
2021-03-25,0.012088276,0.004978696,0.0065081245,0.0070102923,0.0021772047,0.013393007,0.011517171,0.013404624,0.010383249,0.010213781,2021
2021-03-26,-0.017801082,-0.013336713,-0.007340349,-0.015103894,-0.0082112,-0.012251064,-0.0011202666,-0.0005852434,0.0015335466,-0.0010919848,2021
2021-03-29,-0.0030085687,-0.0033801543,0.0025747851,0.00011779337,0.00080764934,0.014142338,0.011959394,0.009348067,0.011722077,0.0033108275,2021
2021-03-30,-0.0056673638,-0.002606772,0.0030381414,0.003750911,0.006599105,0.013230174,0.017430766,0.010942179,0.011312268,0.0014796186,2021
2021-03-31,0.002445592,0.004711647,0.0038655733,0.015462386,0.020264573,0.023778612,0.030067032,0.018953377,0.024674691,0.016413555,2021
2021-04-01,0.011626022,0.007954744,0.018746817,0.028747236,0.030410593,0.034055177,0.034241006,0.0305722,0.035451353,0.022522695,2021
2021-04-02,0.006619802,0.017954603,0.013380222,0.023418073,0.023099625,0.028266637,0.023880592,0.024274938,0.033219766,0.016967626,2021
2021-04-06,0.010951041,0.0036730915,0.0070662596,0.0066756085,0.011308851,0.009225067,0.007458544,0.012822459,0.011051946,0.007430961,2021
2021-04-07,0.018792786,-5.693606e-05,0.0052206144,0.013292005,0.017294368,0.011077717,0.012716177,0.012219958,0.011370159,0.009705826,2021
2021-04-08,0.0199005,0.000413221,0.0059062783,0.0080009345,0.0100744935,0.008761247,0.010763604,0.0042951773,0.0059957677,0.0017982166,2021
2021-04-09,0.029801792,0.02271915,0.0127364155,0.02215805,0.020484382,0.015650561,0.009631229,0.010488761,0.009791172,0.0039819838,2021
2021-04-12,0.027952312,0.022095108,0.01503973,0.015219119,0.007751707,0.008680993,0.005172297,0.0035880636,0.007126728,0.0057470268,2021
2021-04-13,0.036978263,0.02012135,0.005515606,0.0059644636,0.006017953,0.0016972515,0.009018202,0.004906275,0.0012019707,0.0006628201,2021
2021-04-14,0.03652805,0.021858126,0.008807503,0.00494996,0.0057582925,0.0029419798,0.005353415,0.010677934,0.0016406869,0.0014708856,2021
2021-04-15,0.023930443,0.008596528,-0.010699022,-0.015364515,-0.023902044,-0.016146483,-0.020546675,-0.016357545,-0.023443675,-0.016565932,2021
2021-04-16,0.012304559,-0.0021146995,-0.013466475,-0.033082545,-0.03337297,-0.028442828,-0.033918392,-0.03171291,-0.031251654,-0.025938673,2021
2021-04-19,-0.005914677,-0.0111260405,-0.023597326,-0.035950966,-0.03820648,-0.040064827,-0.035775788,-0.034398653,-0.035130832,-0.023997854,2021
2021-04-20,-0.008292731,-0.013159797,-0.010062397,-0.030846432,-0.03187847,-0.02720323,-0.023588497,-0.030089248,-0.02940897,-0.020213313,2021
2021-04-21,-0.01113568,-0.014553442,-0.02147923,-0.03451978,-0.034373965,-0.024610149,-0.027653538,-0.029272826,-0.030180369,-0.020213585,2021
2021-04-22,-0.0029205065,0.00810652,-0.0058412803,-0.020755732,-0.015091024,-0.0063988497,-0.013072467,-0.0065101706,-0.018331023,-0.0017724879,2021
2021-04-23,0.003950768,0.0032923438,0.004502084,-0.01805905,-0.009072865,-0.0043330756,-0.007859483,-0.007972467,-0.006815369,0.00024189078,2021
2021-04-26,0.01905825,0.029518172,0.0149388,0.0077702035,0.016195988,0.015413041,0.023438925,0.014028057,0.01069503,0.014643897,2021
2021-04-27,0.011272827,0.025477713,0.00558013,0.00842357,0.015100622,0.013601769,0.015319951,0.0063181682,0.012543495,0.014451939,2021
2021-04-28,0.014520894,0.022196516,0.006198758,0.014018546,0.0043916497,0.008219285,0.002945422,0.0114206225,0.008925884,0.009170135,2021
2021-04-29,0.022788482,0.028623058,0.03264408,0.022235027,0.02665892,0.021283569,0.024217486,0.020076416,0.021666087,0.016530696,2021
2021-04-30,0.018857347,0.025380269,0.017527744,0.013165933,0.016577527,0.01932691,0.018912118,0.016861526,0.017184207,0.009346283,2021
2021-05-06,0.03374557,0.028497731,0.023905408,0.012414133,0.025594542,0.025501352,0.018243687,0.01948629,0.020798396,0.010498869,2021
2021-05-07,0.035712928,0.03636841,0.016830407,0.028556675,0.02658605,0.036403894,0.02780998,0.02502947,0.024888266,0.017143626,2021
2021-05-10,0.050296485,0.03698453,0.033692483,0.035756484,0.03582204,0.03319456,0.028740522,0.025528125,0.024022702,0.016330976,2021
2021-05-11,0.047281336,0.03351728,0.031218316,0.03733846,0.04917846,0.036393438,0.036317565,0.029285396,0.026317487,0.020121101,2021
2021-05-12,0.05279587,0.034064002,0.035770256,0.031312678,0.047792133,0.040526394,0.037815977,0.033205885,0.025421342,0.018360054,2021
2021-05-13,0.047454763,0.041105416,0.036140922,0.026761815,0.039457034,0.03946624,0.021505276,0.02410944,0.019133786,0.014138332,2021
2021-05-14,0.051270586,0.049314693,0.04495129,0.03284208,0.047627687,0.038910773,0.037891712,0.029589929,0.017973728,0.009894929,2021
2021-05-17,0.056791294,0.060705733,0.054424196,0.05277581,0.04701969,0.054097936,0.04488906,0.04337737,0.035451245,0.022895064,2021
2021-05-18,0.0458321,0.053023417,0.05257504,0.043937422,0.052142333,0.048689645,0.050878957,0.0413029,0.033778,0.023758506,2021
2021-05-19,0.041105878,0.057022274,0.043297146,0.043931503,0.055446032,0.05316283,0.056866605,0.044416394,0.03871626,0.03282122,2021
2021-05-20,0.041105613,0.037408683,0.035418343,0.039149024,0.047344923,0.04843765,0.046931505,0.034141738,0.032155417,0.028408637,2021
2021-05-21,0.043283347,0.04217544,0.042210635,0.04177053,0.04509986,0.040593334,0.038197704,0.045841612,0.03658499,0.036603592,2021
2021-05-24,0.0318194,0.039402824,0.03089893,0.043148715,0.03633578,0.03978898,0.04043238,0.036608573,0.035645332,0.031795353,2021
2021-05-25,0.022569407,0.027199624,0.019352056,0.026176574,0.027749198,0.029386833,0.027312465,0.034811597,0.023060102,0.021514809,2021
2021-05-26,0.022921765,0.024882432,0.01431368,0.025483867,0.026201382,0.026309628,0.026783563,0.030568507,0.018192807,0.016670257,2021
2021-05-27,0.018949052,0.012033885,0.024039634,0.021207688,0.01921905,0.031753406,0.03137701,0.029292487,0.023278033,0.022636438,2021
2021-05-28,-0.0010863667,-0.0009908226,0.00083060045,-0.0010394723,0.0074400934,0.021504283,0.017214758,0.019844862,0.013029752,0.009577539,2021
2021-05-31,-0.029537193,-0.028231157,-0.019851359,-0.013203341,-0.008196834,0.0045851953,0.00030804268,0.008182095,-0.0014220102,-0.0058312993,2021
2021-06-01,-0.015565702,-0.025079066,-0.022264041,-0.011571595,-0.008227078,-0.0038756712,0.001337892,-0.0011733222,-0.0064119846,-0.0127289435,2021
2021-06-02,0.0017176104,-0.006671296,-0.013982024,0.000376653,0.0017381515,-0.0031409066,-0.00020383584,0.006478317,-0.0058201556,-0.01708954,2021
2021-06-03,0.028860113,0.0069413735,0.022598473,0.014695655,0.015614071,0.013524679,0.013839623,0.01507072,0.004362212,-0.0035203844,2021
2021-06-04,0.024714591,0.008952546,0.019288322,0.012348103,0.019070143,0.023379698,0.01488853,0.016595233,0.016310891,0.0026948142,2021
2021-06-07,0.03262154,0.02045415,0.0207458,0.018228754,0.018922007,0.017282007,0.018621152,0.01109483,0.013084349,0.00012556012,2021
2021-06-08,0.02995311,0.020301437,0.013492321,0.013960487,0.018562289,0.013992542,0.014243387,0.016264608,0.0030148497,-0.0015755907,2021
2021-06-09,0.023416717,0.009965567,0.004168716,0.010492185,0.009027996,0.008334752,0.006503004,0.0054778866,0.005440763,-0.004758568,2021
2021-06-10,0.038507342,0.030523924,0.016847517,0.01763232,0.020802071,0.010347758,0.0034271788,0.0077086743,0.004473172,-0.006637717,2021
2021-06-11,0.04567917,0.040231716,0.02342258,0.02584142,0.023500727,0.01690104,0.017648064,0.010076823,0.009074231,0.0028810576,2021
2021-06-15,0.07557269,0.057004914,0.03989382,0.033616,0.025438916,0.02749497,0.024756454,0.016575191,0.009401526,0.0056530847,2021
2021-06-16,0.072978385,0.04859492,0.042105835,0.028866446,0.026853532,0.03243804,0.02066034,0.011055294,0.01923682,0.00840374,2021
2021-06-17,0.035373177,0.013129681,0.014508438,0.003190908,0.016715685,0.0051567648,0.004904105,0.0043557202,0.0085924305,0.0037444097,2021
2021-06-18,0.026960602,0.0065443167,0.002430888,-0.00080591504,0.008654368,0.0019752984,-0.0012260999,-0.003449062,0.0033682217,-0.0013383456,2021
2021-06-21,0.015685482,0.0021046828,0.0057487893,-0.008022465,0.0019506334,0.0016451197,-0.009200115,-0.0064302525,-0.0054067397,-0.008027811,2021
2021-06-22,0.016228706,0.005486844,0.002976473,-0.0059249084,0.0073937783,0.0014821482,-0.005389001,-0.008536145,0.0013744973,-0.008582287,2021
2021-06-23,0.051311824,0.019750223,0.011484513,0.011230716,0.0054450883,-0.0006185457,-0.010938345,-0.012640385,-0.006178178,-0.011531503,2021
2021-06-24,0.048610117,0.027632058,0.012273803,0.0041515785,0.008025835,-0.007590682,-0.008719075,-0.008939001,-0.006582546,-0.0130258165,2021
2021-06-25,0.061221328,0.029675163,0.025985925,0.016464282,0.020615237,0.00805531,-0.0014502327,-0.0018095843,0.0020121024,-0.0061057094,2021
2021-06-28,0.06409976,0.041062783,0.034425166,0.02977288,0.0300998,0.019321587,0.0074850656,0.003265372,0.00748356,-0.0021385357,2021
2021-06-29,0.050846227,0.028695978,0.03245346,0.03348797,0.03309136,0.012632168,0.016936837,0.0063886964,0.0042168023,0.0006789603,2021
2021-06-30,0.035626307,0.01986523,0.025498556,0.018762123,0.02238806,0.006440943,0.00071753655,-0.010586376,-0.0054305755,-0.010881368,2021
2021-07-01,0.07136629,0.039503925,0.049543187,0.041984636,0.038162403,0.023442088,0.018026438,0.0075224405,0.005773082,0.002121406,2021
2021-07-02,0.038269024,0.027000846,0.034240577,0.030814106,0.020365663,0.019448807,0.009813862,-0.0001886084,0.00031903613,-0.0063657872,2021
2021-07-05,0.043250415,0.01689276,0.033915658,0.034051698,0.010717135,0.011687264,0.0025293895,-0.003728978,-0.0031968674,-0.01350749,2021
2021-07-06,0.058639284,0.053132772,0.044109084,0.039968435,0.018342415,0.023984706,0.010930735,0.0037575979,-0.0019621567,-0.00913369,2021
2021-07-07,0.057697356,0.045268934,0.045888435,0.04269993,0.027410774,0.02220892,0.022021964,0.006461907,0.0048440336,-0.0042748945,2021
2021-07-08,0.06683883,0.052418202,0.048870534,0.035476584,0.019037832,0.025644232,0.014066558,0.0062058093,-0.0016561155,-0.0066090887,2021
2021-07-09,0.019323276,0.009346046,0.0106756445,-0.0013630128,-0.009043222,-0.0097341025,-0.0145805115,-0.0264997,-0.025487173,-0.029613746,2021
2021-07-12,0.0061553037,0.0009752565,0.0029261266,-0.0066959793,-0.024371088,-0.025673188,-0.020032097,-0.035608858,-0.0345891,-0.031830255,2021
2021-07-13,-0.040503595,-0.04848677,-0.051444218,-0.058945473,-0.06167445,-0.059229743,-0.06044624,-0.056284577,-0.060257215,-0.059240207,2021
2021-07-14,0.0126581695,0.0014736153,-0.015809702,-0.014275574,-0.033499144,-0.030810028,-0.031565353,-0.03736637,-0.039973613,-0.041197233,2021
2021-07-15,0.015903423,0.01035456,-0.008192198,-0.018832495,-0.01949549,-0.03219111,-0.02594022,-0.035137486,-0.037793346,-0.042364404,2021
2021-07-16,0.037768785,0.024452373,0.012977785,0.009125237,0.0034017304,-0.0038519453,-0.015759023,-0.009271948,-0.018800573,-0.02564872,2021
2021-07-19,0.03446716,0.027968416,0.029894568,0.026131777,0.013321127,0.010254872,0.00089831784,0.004351865,-0.0020790675,-0.012754436,2021
2021-07-20,0.013622364,0.011558189,0.011471715,0.0038039137,0.0025553063,-0.0017076493,-0.007678984,-0.006677566,-0.018521832,-0.021323433,2021
2021-07-21,0.010195429,-0.0030594554,0.0030029947,-0.0022879057,-0.0048600617,-0.010652115,-0.00815661,-0.014305027,-0.016592158,-0.022751044,2021
2021-07-22,0.013186323,-0.0025855436,0.0033427016,-0.0037995619,-0.00748555,-0.010097777,-0.009606382,-0.016990418,-0.016987886,-0.025963793,2021
2021-07-23,0.026106153,0.019843584,0.022542426,0.023761246,0.017123124,0.020566808,0.023499893,0.012084798,0.009499311,-0.001039639,2021
2021-07-26,0.03887343,0.040289056,0.045044094,0.046328347,0.036651745,0.037188392,0.035766747,0.027408395,0.022436548,0.014708473,2021
2021-07-27,0.10555382,0.10647891,0.109786,0.0990455,0.09437803,0.08134183,0.07406832,0.06830412,0.056927625,0.046907242,2021
2021-07-28,0.064627856,0.082990825,0.08414001,0.07714549,0.0747522,0.08033911,0.06264619,0.06449879,0.055582557,0.04068883,2021
2021-07-29,0.059274293,0.06165474,0.069155455,0.06135494,0.059078578,0.066613056,0.0571301,0.057610177,0.055179086,0.042430513,2021
2021-07-30,0.034271177,0.03281211,0.045659147,0.042172518,0.048221447,0.051297788,0.05084811,0.046711322,0.04866703,0.04007209,2021
2021-08-02,0.014858616,0.007286936,0.016354816,0.013865644,0.011394203,0.02226504,0.02426041,0.021129277,0.026066255,0.025671048,2021
2021-08-03,-0.014593034,-0.013203616,0.00013617506,-0.00048369943,0.003267426,0.014608055,0.021303017,0.017814562,0.02423911,0.025499513,2021
2021-08-04,-0.011486063,-0.013467789,-0.00057174737,-0.0012174995,0.010341282,0.017256908,0.020495852,0.022209557,0.02796002,0.023428205,2021
2021-08-05,-0.014303064,-0.02131864,-0.0055089802,-0.005056724,0.0049144407,0.014197146,0.014989359,0.021072716,0.024132416,0.02149002,2021
2021-08-06,0.017691977,0.006755162,0.016855128,0.010066138,0.015304586,0.025180269,0.020701185,0.031677917,0.023015592,0.024892831,2021
2021-08-09,0.02774178,0.005978241,0.010746032,0.003926914,0.012059097,0.015165853,0.022229291,0.029542334,0.02367344,0.028201733,2021
2021-08-10,0.026009155,0.0016244937,0.008616527,0.0022694783,0.01311878,0.010028718,0.02561544,0.019559404,0.019683119,0.026476594,2021
2021-08-11,0.020133361,-0.006204949,0.0067619486,0.003739391,0.010684134,0.010038455,0.011883883,0.022371415,0.022524694,0.025907602,2021
2021-08-12,0.00935587,-0.008807884,-0.010641955,-0.008409931,0.0056166765,-0.0021495381,0.0067913854,0.01497859,0.01978806,0.024141751,2021
2021-08-13,0.04353548,0.019058136,-0.0029017376,-0.00045400328,0.0016735619,-0.00692363,-3.205948e-05,0.0034013432,0.011886707,0.0150798075,2021
2021-08-16,0.06340848,0.027591407,0.012064287,0.01004896,0.0043121073,-0.007928094,0.01796015,0.010862575,0.018117448,0.019187126,2021
2021-08-17,0.046028156,0.025668163,0.017908726,0.014376822,0.016176848,0.009754874,0.021500554,0.03546645,0.032369126,0.039467316,2021
2021-08-18,0.037087236,0.04151055,0.028867198,0.022344442,0.020874344,0.006571854,0.028557235,0.035722043,0.031819306,0.035342,2021
2021-08-19,0.039756853,0.0420981,0.047552563,0.034451477,0.046032436,0.03773619,0.05707001,0.051957525,0.058551755,0.06465821,2021
2021-08-20,-0.00064963603,0.0127706295,0.008377038,0.014403166,0.0212597,0.028238196,0.03535735,0.035015665,0.046022255,0.052568134,2021
2021-08-23,0.011890271,0.015451957,0.013616697,0.01669245,0.025221368,0.029180463,0.038062096,0.036109563,0.041651588,0.056789268,2021
2021-08-24,0.015004132,0.022068255,0.016593093,0.030739151,0.030126581,0.03715525,0.046934307,0.043424446,0.04480203,0.061640345,2021
2021-08-25,0.0036559002,0.0146133555,0.02164214,0.024018649,0.034525316,0.038731113,0.047378108,0.047653217,0.05055654,0.060607966,2021
2021-08-26,0.012110469,0.023888428,0.033445343,0.03138637,0.041196685,0.047988493,0.05303245,0.05279432,0.056915358,0.067570776,2021
2021-08-27,-0.010362628,0.0145089645,0.017484093,0.024353676,0.035824966,0.044617385,0.05425046,0.045892317,0.059564646,0.07105543,2021
2021-08-30,0.015277091,0.017989974,0.03664013,0.037394628,0.03973084,0.052417967,0.04757502,0.04845857,0.0553887,0.059604183,2021
2021-08-31,0.043118916,0.02816236,0.04048849,0.026966764,0.031157702,0.0348934,0.037300788,0.0362998,0.03631977,0.040590845,2021
2021-09-01,0.033061706,0.024682174,0.035739522,0.028009372,0.02409182,0.034688607,0.0352058,0.038353536,0.03877262,0.04492927,2021
2021-09-02,0.002855527,0.0020263752,0.0041496996,-0.0006760602,0.0037962177,0.0021343038,0.0022690834,0.00930264,0.014099942,0.014102379,2021
2021-09-03,0.023367694,0.010136699,0.00091937307,-0.015874712,-0.004481766,-0.00365932,-0.0012419268,0.0029437793,0.009273197,0.011088388,2021
2021-09-06,0.0004945266,0.0010852586,-0.011263388,-0.005325526,-0.008722709,0.00033803083,0.0062711835,0.010356249,0.02140564,0.02595069,2021
2021-09-07,-0.019656956,-0.018309927,-0.028393311,-0.030341867,-0.025157405,-0.025105432,-0.013741791,-0.006994433,-0.008943645,0.005306109,2021
2021-09-08,-0.047995564,-0.04837142,-0.047629878,-0.049632262,-0.049678672,-0.04049441,-0.050687402,-0.036542304,-0.038555343,-0.035526644,2021
2021-09-09,-0.07039667,-0.05263438,-0.05436252,-0.05751014,-0.05593417,-0.055210825,-0.045451175,-0.04211253,-0.042240303,-0.0339516,2021
2021-09-10,-0.09639994,-0.08018434,-0.05983129,-0.07182817,-0.06859388,-0.06634552,-0.048060227,-0.055072926,-0.055296298,-0.039628964,2021
2021-09-13,-0.098898396,-0.076513685,-0.064796776,-0.06475211,-0.058680188,-0.057972178,-0.053077713,-0.04437323,-0.048879072,-0.035881624,2021
2021-09-14,-0.106303304,-0.06654064,-0.045461576,-0.032941036,-0.032929525,-0.021274876,-0.022022763,-0.015157856,-0.018766567,-0.009892824,2021
2021-09-15,-0.11921177,-0.0736395,-0.054296244,-0.03770696,-0.027090136,-0.023449725,-0.018964987,-0.013565323,-0.022280263,-0.011516424,2021
2021-09-16,-0.12126555,-0.07893528,-0.05818617,-0.036384128,-0.019490754,-0.020488886,-0.010396987,-0.010834649,-0.016043572,-0.006213684,2021
2021-09-17,-0.12827808,-0.09482375,-0.065960966,-0.03836002,-0.023055406,-0.015373293,-0.009673671,-0.010011674,-0.015904007,-0.013016614,2021
2021-09-22,-0.110898554,-0.099592194,-0.06673034,-0.0354349,-0.039445546,-0.024344945,-0.021215001,-0.024186198,-0.030346641,-0.02819066,2021
2021-09-23,-0.090890504,-0.0801585,-0.054877784,-0.0336152,-0.032961927,-0.019485345,-0.021174455,-0.022039024,-0.027133508,-0.024415536,2021
2021-09-24,-0.031138597,-0.036029413,-0.024998747,-0.013866897,-0.016267924,-0.0059195245,-0.004617539,-0.0052735037,-0.01313234,-0.008116712,2021
2021-09-27,-0.0049523134,-0.012029879,-0.0079040965,0.007204237,0.0026727426,0.011459202,0.010400645,0.0072876024,-0.0018486601,-7.3121346e-06,2021
2021-09-28,0.035670117,0.011358129,0.010869332,0.020520087,0.020883137,0.022957811,0.018189857,0.015756015,0.007506501,0.003123499,2021
2021-09-29,0.028116615,0.004390923,0.0057949275,0.014263237,0.011090561,0.01112252,0.005490354,0.009772544,0.0025791633,-0.001579147,2021
2021-09-30,0.018604467,-0.014700095,-0.014461676,-0.020681135,-0.01733411,-0.02027776,-0.019426335,-0.017539721,-0.02254677,-0.02520491,2021
2021-10-08,0.053978022,0.0027485117,-0.008544703,-0.02394408,-0.026071008,-0.029260822,-0.033868387,-0.03215471,-0.036689978,-0.03834424,2021
2021-10-11,0.096172325,0.035816696,0.016611684,0.002306126,-0.010778553,-0.011278134,-0.018462433,-0.02206837,-0.028457591,-0.028222168,2021
2021-10-12,0.09695068,0.033351906,0.008484504,-0.009281255,-0.027488861,-0.032446325,-0.04130258,-0.040915404,-0.044519894,-0.040492307,2021
2021-10-13,0.05438554,0.008246865,-0.020167688,-0.041577276,-0.04455896,-0.053203378,-0.06251505,-0.06231596,-0.059448548,-0.05209459,2021
2021-10-14,0.043933652,0.0007304098,-0.015246426,-0.032515142,-0.03944591,-0.043488983,-0.048293803,-0.05064992,-0.049854275,-0.041981883,2021
2021-10-15,0.037695974,0.012003503,0.014099678,-0.012174564,-0.020530894,-0.027671078,-0.025242867,-0.02674311,-0.037558097,-0.030544212,2021
2021-10-18,0.0089100925,-0.005409872,0.0018361001,-0.026795972,-0.02040066,-0.034601457,-0.030619947,-0.03126035,-0.0414522,-0.03990894,2021
2021-10-19,-0.008925592,-0.012601299,-0.0111961365,-0.02838229,-0.019055003,-0.03240653,-0.030036071,-0.029009359,-0.038211767,-0.037607018,2021
2021-10-20,-0.002492153,0.0060165846,0.0022764949,-0.0028535228,-0.0014668804,-0.011847193,-0.018316591,-0.013017639,-0.023365889,-0.02888903,2021
2021-10-21,-0.00065668137,0.0019093334,0.019406157,0.0110169435,0.006975139,0.005039194,0.0026252733,0.00021044308,-0.014567364,-0.022490827,2021
2021-10-22,-0.023799013,-0.0076363087,0.010658736,0.0048380718,0.015803607,0.01033607,0.011431768,0.0025361408,-5.5829973e-05,-0.0133383265,2021
2021-10-25,-0.013541653,-0.004521654,0.019148167,0.008873753,0.020344682,0.016807854,0.01600076,0.013641685,0.0022004275,-0.0061500077,2021
2021-10-26,-0.014941148,0.01767698,0.028353631,0.037615996,0.04284859,0.041715313,0.04745194,0.041154742,0.028332539,0.015192127,2021
2021-10-27,0.014181348,0.04269575,0.061092984,0.06965189,0.07633608,0.074829884,0.07783925,0.07767145,0.06030535,0.043565556,2021
2021-10-28,0.028189652,0.054437034,0.0676064,0.076754,0.07637951,0.076814815,0.08335254,0.07104512,0.061924152,0.040290527,2021
2021-10-29,0.0068588452,0.040876668,0.06374819,0.06777485,0.076456785,0.081271574,0.07258832,0.071518175,0.06267425,0.039343275,2021
2021-11-01,0.0021921797,0.037343994,0.05854986,0.07327461,0.07310928,0.080004275,0.07565095,0.07620319,0.06693482,0.051627975,2021
2021-11-02,0.023278095,0.049337327,0.0675394,0.08110561,0.06888198,0.08869707,0.08363925,0.07491025,0.071207985,0.05126577,2021
2021-11-03,0.016723722,0.042381506,0.053321358,0.06033474,0.068901494,0.06962047,0.07291269,0.06980056,0.057209533,0.044994254,2021
2021-11-04,0.030819926,0.050709054,0.050549213,0.055221055,0.06243864,0.06308841,0.062178753,0.061908137,0.056516152,0.037204687,2021
2021-11-05,0.0634765,0.07924619,0.076124504,0.07364599,0.07080362,0.07601244,0.06917011,0.061669532,0.06257675,0.03713792,2021
2021-11-08,0.055957686,0.06774481,0.06935337,0.068402514,0.07269812,0.074150436,0.064835005,0.062131908,0.054294147,0.038040943,2021
2021-11-09,0.045339607,0.07162332,0.073680274,0.07350467,0.08026855,0.07054904,0.06497701,0.0704367,0.047999244,0.038006876,2021
2021-11-10,0.03283303,0.058635917,0.055504654,0.057466824,0.0664384,0.06396066,0.052521355,0.057569962,0.03873445,0.028457042,2021
2021-11-11,0.01547222,0.041551452,0.045681532,0.04487709,0.048466608,0.052115142,0.04364781,0.043808147,0.039464235,0.018109564,2021
2021-11-12,0.030952688,0.03236916,0.030638406,0.033020202,0.032667086,0.022703785,0.020649707,0.0226591,0.014127098,0.0055106776,2021
2021-11-15,0.0558252,0.04951973,0.04465191,0.041559745,0.044225372,0.038186133,0.032272246,0.036230866,0.024657179,0.00689824,2021
2021-11-16,0.037630778,0.046695262,0.040951397,0.04445273,0.04575327,0.043602813,0.04106755,0.041805003,0.026940146,0.020312335,2021
2021-11-17,0.01940979,0.030577866,0.036820874,0.03375965,0.037407026,0.047017794,0.03759552,0.041222386,0.029811306,0.025125675,2021
2021-11-18,0.013495886,0.025830626,0.027977273,0.031159285,0.025598,0.039745733,0.038815275,0.036086507,0.028084265,0.025529126,2021
2021-11-19,-0.016667254,0.008338715,0.00793038,0.008523135,0.008572605,0.018065717,0.021946331,0.021521274,0.019013759,0.019414995,2021
2021-11-22,-0.051906157,-0.028298087,-0.020963829,-0.014225733,-0.010515919,-0.0012365187,-0.00089745584,0.00669997,0.010104599,0.01336387,2021
2021-11-23,-0.031694315,-0.017815918,-0.015820097,-0.0083377315,-0.010516065,0.0018475136,0.0034985738,0.009913419,0.008499285,0.011504167,2021
2021-11-24,-0.027775016,-0.009216677,-0.006846179,-0.005765615,0.004668807,0.005405344,0.010348761,0.010076504,0.017279984,0.01482996,2021
2021-11-25,-0.023579443,-0.009114197,-0.003955676,0.0049841553,0.011557955,0.017772913,0.017136106,0.019330591,0.023697577,0.019980442,2021
2021-11-26,-0.028137542,-0.006886128,0.0067299874,0.008878157,0.02313131,0.029824235,0.03184231,0.032380857,0.037558403,0.03378343,2021
2021-11-29,-0.036530428,-0.011481539,0.0051523945,0.0029034223,0.013249112,0.016370261,0.025812471,0.018078255,0.029530874,0.026523588,2021
2021-11-30,-0.02367566,-0.013671843,0.00792963,0.0037736068,0.000996096,0.023067385,0.023886582,0.022094926,0.028824884,0.023772735,2021
2021-12-01,-0.013433548,-0.0017711546,0.010666025,0.012498575,0.01057578,0.021369608,0.031344596,0.028073726,0.02889307,0.023331366,2021
2021-12-02,-0.023110218,-0.0069386424,0.016055558,0.015777923,0.01884774,0.02277008,0.036711283,0.030503768,0.033944145,0.024045477,2021
2021-12-03,-0.0361537,-0.010120376,0.0029728701,0.015697796,0.010216877,0.034746487,0.034081936,0.0454661,0.043563116,0.03050542,2021
2021-12-06,-0.0017034352,0.009250851,0.02151043,0.035761435,0.029032383,0.045097575,0.052285876,0.054977976,0.0637102,0.05003396,2021
2021-12-07,-0.0007383744,0.010918134,0.026557483,0.028041188,0.036746256,0.04293457,0.056239557,0.058323342,0.0690571,0.057311513,2021
2021-12-08,0.008543929,0.008081825,0.017436367,0.010183513,0.015368807,0.028017392,0.035253063,0.04271972,0.04205834,0.035807073,2021
2021-12-09,-0.013719549,-0.0048398995,0.0023436027,-0.005804093,-0.0015465022,0.021206591,0.013745422,0.023866374,0.035176825,0.031876728,2021
2021-12-10,-0.030732121,-0.016639587,-0.007067489,-0.017851882,-0.008565572,0.0025045928,0.011895552,0.021262042,0.030936217,0.032246117,2021
2021-12-13,-0.02968946,-0.017944224,-0.011568373,-0.014052258,-0.0026961046,0.0013032141,0.011984818,0.020324735,0.029507954,0.033726376,2021
2021-12-14,-0.03346937,-0.018884566,-0.01487014,-0.008815405,-0.014280615,0.0017032064,0.0060606888,0.013088667,0.022775564,0.030137954,2021
2021-12-15,-0.025674943,-0.008332988,-0.008534718,-0.0020090549,-0.007483899,0.00480074,0.009700674,0.018433664,0.023760539,0.02900873,2021
2021-12-16,-0.008717711,-0.0051600453,0.00020980199,0.0084160315,0.0026638338,0.011669182,0.01831141,0.023258846,0.030296933,0.040768746,2021
2021-12-17,-0.010817835,0.0017104034,0.018946605,0.031243866,0.025683418,0.027245179,0.037775572,0.04514487,0.04619139,0.053363174,2021
2021-12-20,-0.040084183,-0.0084607275,0.005076831,0.014212293,0.016509468,0.0218897,0.030517085,0.03217655,0.038767006,0.036184993,2021
2021-12-21,-0.049044725,-0.011953259,-0.0049069887,-0.003020554,0.0100239795,0.013133124,0.021063536,0.025398165,0.03596125,0.031791102,2021
2021-12-22,-0.058017135,-0.020538008,0.005578365,0.0012695821,0.010196267,0.019826036,0.032502454,0.028601076,0.039150815,0.039865375,2021
2021-12-23,-0.057865247,-0.028312197,0.0054111355,0.0022953337,0.016649278,0.030624047,0.03706135,0.040218893,0.044942494,0.04490713,2021
2021-12-24,-0.0513673,-0.02080448,0.011659522,0.015751194,0.025818167,0.043366488,0.048634093,0.04969715,0.050212547,0.048917513,2021
2021-12-27,-0.037831616,-0.016778419,0.013319393,0.013085903,0.027500154,0.037999235,0.041094095,0.04294353,0.045493294,0.042969815,2021
2021-12-28,-0.047747944,-0.015543045,0.010805365,0.01159889,0.022369618,0.03907329,0.043899458,0.042897515,0.0481673,0.044098802,2021
2021-12-29,-0.045304954,-0.022933206,-0.011308915,-0.0103212325,0.015474605,0.020236691,0.025834473,0.020969426,0.034820672,0.02986935,2021
2021-12-30,-0.03440371,-0.013545223,-0.010589481,-0.006731378,0.005621223,0.0144295655,0.02137566,0.026248261,0.028991243,0.026068423,2021
2021-12-31,-0.025070226,-0.021910593,-0.020193411,-0.019056678,-0.008312505,-0.0013787685,0.0035379638,0.0065601333,0.010614084,0.011212401,2021
2022-01-04,-0.014533551,-0.015321083,-0.013336845,-0.011420508,-0.0064785136,0.00072922587,0.0026183515,0.006593189,0.011330161,0.013351548,2022
2022-01-05,-0.03711715,-0.036804765,-0.026350813,-0.025424102,-0.025604635,-0.021411462,-0.00880017,-0.008906303,-0.004852953,0.007040473,2022
2022-01-06,-0.04919024,-0.057192605,-0.04279613,-0.039571084,-0.03666263,-0.03388352,-0.023976313,-0.024205564,-0.024408491,-0.00897855,2022
2022-01-07,-0.037466254,-0.044524748,-0.04518725,-0.03146904,-0.0307786,-0.038728785,-0.03179841,-0.024380807,-0.029033247,-0.019516472,2022
2022-01-10,-0.06021276,-0.061717935,-0.06825628,-0.051715918,-0.06465678,-0.06693094,-0.060630016,-0.065959886,-0.05965116,-0.04851913,2022
2022-01-11,-0.081741296,-0.07970348,-0.08988997,-0.0708648,-0.07923283,-0.08051594,-0.08050629,-0.07954191,-0.07454284,-0.05935251,2022
2022-01-12,-0.091769114,-0.09721483,-0.10390578,-0.09478996,-0.09994591,-0.096026614,-0.099266045,-0.09749098,-0.09373202,-0.07364375,2022
2022-01-13,-0.11117496,-0.105795115,-0.106646284,-0.0897527,-0.09179793,-0.090100065,-0.0916236,-0.08531095,-0.08050002,-0.06451089,2022
2022-01-14,-0.1236575,-0.108108215,-0.094854,-0.08934714,-0.08235936,-0.08241839,-0.07611048,-0.0737323,-0.072644204,-0.052485332,2022
2022-01-17,-0.12859023,-0.10776561,-0.09368392,-0.08339156,-0.07121251,-0.069562815,-0.06819916,-0.059818447,-0.054456998,-0.031788472,2022
2022-01-18,-0.09450045,-0.076744705,-0.07154717,-0.050208606,-0.059285805,-0.049388956,-0.04833007,-0.0465165,-0.04189138,-0.019051071,2022
2022-01-19,-0.079162024,-0.057830434,-0.049229044,-0.03944283,-0.039625894,-0.021050306,-0.03591807,-0.031307086,-0.026843108,-0.015433321,2022
2022-01-20,-0.07831204,-0.05961498,-0.040151305,-0.035379875,-0.034165505,-0.03286962,-0.02601294,-0.026881928,-0.015337713,-0.0031295386,2022
2022-01-21,-0.0730834,-0.049539004,-0.04573402,-0.04826966,-0.033488285,-0.024874812,-0.027368635,-0.023476413,-0.014888167,-0.003187275,2022
2022-01-24,-0.043691132,-0.02012661,-0.030834246,-0.021664582,-0.007492633,-0.0009242969,-0.0070923395,0.0041209785,0.0064468808,0.017488357,2022
2022-01-25,-0.0123395305,0.009020853,-0.004368414,0.010593213,0.01780189,0.018610787,0.02301678,0.02739993,0.026308699,0.035738476,2022
2022-01-26,0.009163062,0.026474249,0.026466293,0.034267157,0.036652323,0.044971205,0.044844177,0.046498105,0.046643876,0.045391154,2022
2022-01-27,0.025209196,0.027964544,0.032443836,0.03726417,0.03599909,0.038228087,0.044627443,0.04351069,0.045666408,0.043108214,2022
2022-01-28,0.03774898,0.037319437,0.03877471,0.033393778,0.038705956,0.032831505,0.038946666,0.039758805,0.04108245,0.03497927,2022
2022-02-07,0.027865058,0.028648648,0.024912478,0.032915656,0.024325157,0.024845684,0.026854737,0.026825156,0.020389846,0.015842699,2022
2022-02-08,0.02503595,0.02494026,0.016131723,0.032808747,0.018326433,0.023442293,0.021321688,0.015473718,0.010335095,0.0050143604,2022
2022-02-09,0.008912846,0.015909262,0.008438112,0.019203132,0.013544936,0.011033286,0.01416314,0.0038126446,-0.0016626575,-0.007691633,2022
2022-02-10,0.039152026,0.03856652,0.024445726,0.036558382,0.029191496,0.025695024,0.022990178,0.017487759,0.009132784,-0.007836111,2022
2022-02-11,0.04348005,0.038072683,0.027568856,0.030993756,0.028818931,0.018477092,0.018182088,0.010726879,0.0046558366,-0.007086716,2022
2022-02-14,0.055444274,0.043693446,0.030954191,0.0374684,0.037235174,0.030664569,0.031719387,0.024377424,0.0145576205,0.0015473446,2022
2022-02-15,0.026554503,0.034207102,0.03383907,0.026450938,0.023511775,0.022738192,0.020544777,0.017170507,0.0076357364,0.0020863668,2022
2022-02-16,0.024726605,0.02162219,0.027426818,0.02402822,0.020965286,0.0254383,0.019928506,0.017297735,0.02080727,0.012498544,2022
2022-02-17,0.01994868,0.013347814,0.021381289,0.01479686,0.011120638,0.020025235,0.01584847,0.0063927765,0.013132377,0.006945268,2022
2022-02-18,-0.011941057,-0.01803769,-0.012102966,-0.013645584,-0.016767744,-0.014448159,-0.018378407,-0.02034009,-0.013864162,-0.010430971,2022
2022-02-21,-0.020732824,-0.035229336,-0.03303448,-0.03856918,-0.035763595,-0.034566645,-0.04016078,-0.038074773,-0.03510479,-0.02816037,2022
2022-02-22,-0.06854253,-0.07747255,-0.07362058,-0.07656782,-0.08285274,-0.071623094,-0.079923704,-0.07743158,-0.07454766,-0.061191924,2022
2022-02-23,-0.025208613,-0.034622643,-0.04444689,-0.04907197,-0.048458762,-0.04622314,-0.048844572,-0.051884837,-0.04551735,-0.0355919,2022
2022-02-24,-0.035364512,-0.048897892,-0.058784306,-0.065513976,-0.06056665,-0.06225402,-0.06325759,-0.06267278,-0.05636509,-0.043692946,2022
2022-02-25,-0.023343766,-0.043088492,-0.057783693,-0.04730343,-0.046712082,-0.05547839,-0.04858702,-0.05404036,-0.047398295,-0.030342458,2022
2022-02-28,-0.073465884,-0.087945454,-0.10033515,-0.0904588,-0.09896055,-0.09666943,-0.105759606,-0.09943951,-0.09057383,-0.07465164,2022
2022-03-01,-0.07962955,-0.10691207,-0.11392851,-0.118134715,-0.113337606,-0.11822489,-0.11947984,-0.12300633,-0.11080766,-0.09043789,2022
2022-03-02,-0.03484045,-0.05066944,-0.07416978,-0.07582662,-0.07291966,-0.08244124,-0.0907336,-0.08911384,-0.08745871,-0.071958326,2022
2022-03-03,-0.03015933,-0.04929088,-0.057991557,-0.06410019,-0.06285176,-0.07260846,-0.07121555,-0.07345186,-0.073771015,-0.064429134,2022
2022-03-04,0.009463602,-0.018111987,-0.023907684,-0.031203078,-0.036472492,-0.041940715,-0.04058824,-0.0536345,-0.048712358,-0.045324683,2022
2022-03-07,0.029783271,0.0025594572,0.0075666034,-0.008138592,-0.012729991,-0.013831281,-0.016104575,-0.021325085,-0.019826254,-0.018681219,2022
2022-03-08,0.0649545,0.03671219,0.035091255,0.03253581,0.02324241,0.023913756,0.018943712,0.019735888,0.015554678,0.01589022,2022
2022-03-09,0.016838644,-0.0006644177,-0.01105855,-0.010769907,-0.013515006,-0.009175039,-0.017500155,-0.010326315,-0.011457432,-0.006829506,2022
2022-03-10,0.01813988,0.006930252,0.0035276306,0.007142601,0.00039426127,0.0036071332,0.002122726,0.0020532373,0.0068777585,0.0020117592,2022
2022-03-11,-0.0044704415,-0.013058286,-0.010892347,-0.018106092,-0.011214928,-0.012900328,-0.010556852,-0.009899736,-0.008413489,-0.015432605,2022
2022-03-14,0.029488916,0.015257406,0.028207451,0.020530483,0.02576095,0.032077834,0.026742587,0.028375331,0.031159077,0.025098583,2022
2022-03-15,0.03617079,0.051592723,0.0561172,0.053571455,0.0410472,0.056791652,0.045360126,0.054837868,0.053467125,0.04492717,2022
2022-03-16,-0.0005692032,0.00518194,0.010512013,0.003013201,0.0055794786,0.016152017,0.016516315,0.025756748,0.027607327,0.025393471,2022
2022-03-17,-0.010921999,-0.012336162,0.0023776868,-0.005650175,-0.0026341313,-0.0027329752,0.004383963,0.014026655,0.018554589,0.020712625,2022
2022-03-18,-0.0341649,-0.021955995,-0.016768318,-0.01306918,-0.007841605,-0.0058918386,0.0024308185,0.013856421,0.024268549,0.028489798,2022
2022-03-21,-0.051025204,-0.031347964,-0.025617115,-0.025748864,-0.020245772,-0.019812403,-0.009044948,4.497596e-05,0.0060686585,0.018639589,2022
2022-03-22,-0.07807632,-0.061438657,-0.053313088,-0.05268884,-0.03881452,-0.038409755,-0.032835614,-0.022756677,-0.010561417,0.01074275,2022
2022-03-23,-0.0924707,-0.07115549,-0.070864804,-0.057070103,-0.04885409,-0.043372322,-0.03454909,-0.029953528,-0.009540116,0.011913282,2022
2022-03-24,-0.097420245,-0.07997038,-0.07829497,-0.063747145,-0.05267588,-0.050933573,-0.04152092,-0.03857158,-0.01762164,0.0048921425,2022
2022-03-25,-0.08600451,-0.065644175,-0.06251812,-0.05370676,-0.044017795,-0.033194862,-0.023994634,-0.022840304,-0.003048917,0.013450642,2022
2022-03-28,-0.08434836,-0.06263514,-0.05884226,-0.05414497,-0.03544953,-0.026290566,-0.023048554,-0.016598357,0.00092878024,0.011244472,2022
2022-03-29,-0.10446877,-0.076605976,-0.08563176,-0.066479094,-0.057148777,-0.048170622,-0.0351223,-0.030499136,-0.01597842,-0.0011024295,2022
2022-03-30,-0.10191924,-0.08818195,-0.081340216,-0.08043144,-0.07046677,-0.058829676,-0.055716295,-0.048221555,-0.034797765,-0.018298617,2022
2022-03-31,-0.085490495,-0.07510968,-0.06568823,-0.05039541,-0.052117966,-0.03973229,-0.036288213,-0.029073663,-0.023635302,-0.014616006,2022
2022-04-01,-0.092048205,-0.07903628,-0.072070286,-0.06699092,-0.06047674,-0.05117335,-0.0408288,-0.042548757,-0.03193147,-0.024305938,2022
2022-04-06,-0.10201822,-0.103293285,-0.09297288,-0.078555964,-0.07404312,-0.07013537,-0.05671181,-0.060628764,-0.0531736,-0.042046007,2022
2022-04-07,-0.118901394,-0.11101849,-0.10262542,-0.094822824,-0.08102927,-0.073165424,-0.061852816,-0.061106496,-0.056486696,-0.045427214,2022
2022-04-08,-0.13487364,-0.14176446,-0.13168018,-0.11408123,-0.11434675,-0.104752585,-0.099039085,-0.08437374,-0.08836229,-0.07024591,2022
2022-04-11,-0.16083758,-0.16562732,-0.1610791,-0.15106486,-0.15471917,-0.13479672,-0.13099147,-0.12587775,-0.12416217,-0.106092416,2022
2022-04-12,-0.14877827,-0.16868244,-0.16627043,-0.17719223,-0.16558428,-0.16176373,-0.16139382,-0.16175592,-0.15050681,-0.13434187,2022
2022-04-13,-0.1410564,-0.14676785,-0.15513891,-0.15022258,-0.14500086,-0.15023917,-0.15972842,-0.14012977,-0.14107412,-0.1305285,2022
2022-04-14,-0.10432042,-0.10709069,-0.13080662,-0.11424442,-0.11468411,-0.11425188,-0.11883149,-0.11042128,-0.10485427,-0.095678076,2022
2022-04-15,-0.08166638,-0.08054968,-0.08797948,-0.0854555,-0.09216555,-0.080550134,-0.08880669,-0.08562399,-0.07882245,-0.07318162,2022
2022-04-18,-0.08424901,-0.09119154,-0.10851321,-0.107318394,-0.10968229,-0.11045413,-0.10794001,-0.10027396,-0.100546405,-0.08753758,2022
2022-04-19,-0.067450285,-0.07604572,-0.091437906,-0.097755715,-0.08368934,-0.09686816,-0.09939281,-0.089909285,-0.08408968,-0.0789721,2022
2022-04-20,-0.014326638,-0.036200203,-0.051169503,-0.055158254,-0.04773182,-0.06552144,-0.061619237,-0.05611023,-0.054511167,-0.05450962,2022
2022-04-21,0.049289204,0.027076447,0.013107903,0.008090415,-0.0066281096,-0.003001463,-0.01798433,-0.018721221,-0.012188796,-0.023127023,2022
2022-04-22,0.093028,0.07662905,0.06529892,0.048044145,0.043933973,0.034676127,0.03203095,0.021857424,0.021345286,0.006251001,2022
2022-04-25,0.14088485,0.12169292,0.11656989,0.11027762,0.10174957,0.09693341,0.08729184,0.07850334,0.07399512,0.0571754,2022
2022-04-26,0.16957432,0.14530723,0.14695,0.13245858,0.13309687,0.12494164,0.12150195,0.10628308,0.114268266,0.084783286,2022
2022-04-27,0.122524075,0.12178946,0.11313774,0.11715329,0.10456996,0.102674276,0.0910377,0.08527001,0.0837961,0.06290127,2022
2022-04-28,0.11348652,0.10687674,0.094151296,0.10029239,0.087656155,0.08454956,0.081360064,0.06846316,0.068020806,0.04458993,2022
2022-04-29,0.075821765,0.06697992,0.068195194,0.05730819,0.055746064,0.052017316,0.050112963,0.044883166,0.039560176,0.024399234,2022
2022-05-05,0.105090514,0.09813357,0.083036736,0.08583178,0.08647734,0.07544809,0.07722796,0.070040084,0.05999148,0.047139183,2022
2022-05-06,0.09839268,0.09185173,0.08909375,0.08090238,0.07912348,0.07748765,0.068622,0.068260826,0.057978965,0.044512376,2022
2022-05-09,0.061080582,0.063792594,0.06263179,0.05264098,0.05348476,0.04859027,0.048879944,0.050532166,0.044186033,0.032251798,2022
2022-05-10,0.00065831654,0.007961884,0.012928919,0.008398184,0.0087508075,0.01277465,0.014674182,0.018486807,0.012004738,0.011490452,2022
2022-05-11,0.012090169,0.028985102,0.021199191,0.02817009,0.030905152,0.029280335,0.025537757,0.0316379,0.031105116,0.027959235,2022
2022-05-12,0.015928792,0.02650243,0.026177203,0.021124223,0.028907286,0.030810928,0.028626999,0.033937436,0.034528352,0.027672153,2022
2022-05-13,0.010764451,0.017331209,0.017189672,0.018766254,0.015683562,0.031753592,0.023469033,0.033104286,0.03658178,0.028870681,2022
2022-05-16,0.027800769,0.046452537,0.0260498,0.0387511,0.03722046,0.050264988,0.04114963,0.04863659,0.055114485,0.04433355,2022
2022-05-17,0.03741554,0.035203192,0.036131956,0.039144475,0.04014582,0.04578331,0.042101987,0.050079986,0.05266977,0.041756388,2022
2022-05-18,0.04286685,0.04246539,0.05058279,0.045545634,0.05427248,0.049690437,0.05251815,0.05412754,0.058204677,0.05007562,2022
2022-05-19,0.055226017,0.050460123,0.053819846,0.052757338,0.056102738,0.054597005,0.05560815,0.053670518,0.057799425,0.041419122,2022
2022-05-20,0.049289897,0.046313047,0.04594768,0.03946071,0.04151223,0.034273967,0.04075611,0.0382636,0.037135255,0.030856673,2022
2022-05-23,0.04978325,0.061422225,0.050293222,0.048842754,0.047938135,0.049676996,0.046915937,0.049465645,0.044427622,0.042531904,2022
2022-05-24,0.06346523,0.058572005,0.05280484,0.055117376,0.050590742,0.05059619,0.04652925,0.051060952,0.048026584,0.0459734,2022
2022-05-25,0.06809796,0.059168547,0.056204464,0.049415473,0.053796876,0.048044384,0.040134612,0.048666023,0.03823108,0.036649454,2022
2022-05-26,0.07964246,0.06446948,0.06407135,0.04366178,0.05174978,0.04501866,0.04266476,0.038237687,0.032983385,0.029614965,2022
2022-05-27,0.06826794,0.04447681,0.05318383,0.037986945,0.037259392,0.030714868,0.030634994,0.021505345,0.02224307,0.022244941,2022
2022-05-30,0.07062029,0.054653652,0.054819204,0.047221087,0.052203722,0.034306407,0.046236556,0.037678577,0.03518336,0.044469584,2022
2022-05-31,0.05512919,0.044054072,0.04085462,0.035803158,0.031192172,0.0295072,0.026903061,0.024904693,0.024715884,0.02711524,2022
2022-06-01,0.04424846,0.04604592,0.039060075,0.027876481,0.02785068,0.026862621,0.021078143,0.017055888,0.0156072,0.020984992,2022
2022-06-02,0.039513387,0.041321382,0.030443905,0.025041986,0.018589197,0.01856284,0.017413378,0.013408374,0.013768527,0.017973889,2022
2022-06-06,0.03073769,0.030021757,0.028615883,0.029681455,0.016820667,0.021951832,0.017834567,0.017679594,0.019782888,0.017401572,2022
2022-06-07,0.036976777,0.02819061,0.028131105,0.028234798,0.01648353,0.009828402,0.020255208,0.02126959,0.015523884,0.010070569,2022
2022-06-08,0.06200181,0.056658957,0.043866977,0.030643862,0.035023402,0.024191368,0.023072973,0.032806806,0.026957974,0.010933574,2022
2022-06-09,0.07990194,0.06250261,0.059415013,0.055710696,0.04600818,0.04286024,0.043927357,0.03756574,0.040412497,0.02150697,2022
2022-06-10,0.0737268,0.05933042,0.058338862,0.050614964,0.046617713,0.04820605,0.046648655,0.047048997,0.044766057,0.031463563,2022
2022-06-13,0.09032584,0.084785596,0.072382584,0.06937781,0.0715905,0.06673723,0.071435995,0.068477996,0.06303767,0.048543904,2022
2022-06-14,0.06150892,0.056772273,0.046854936,0.04732328,0.046928357,0.05226254,0.049335323,0.049095456,0.041374076,0.025934648,2022
2022-06-15,0.054370254,0.04376069,0.046732306,0.040923096,0.03235392,0.04396362,0.04569927,0.04204404,0.037373286,0.029234547,2022
2022-06-16,0.04182678,0.038654167,0.046946015,0.035449956,0.04413522,0.040915042,0.047578715,0.039276984,0.041581687,0.036122467,2022
2022-06-17,0.027601527,0.023575874,0.029039193,0.020148147,0.022217438,0.029195407,0.02616207,0.027283259,0.025380343,0.025283901,2022
2022-06-20,0.041954607,0.03488152,0.025674885,0.021890536,0.02239999,0.019176887,0.018811695,0.014861693,0.022149304,0.0148604885,2022
2022-06-21,0.037150387,0.034681085,0.030749071,0.026699532,0.023895515,0.01817039,0.01270267,0.017025383,0.013974724,0.012792002,2022
2022-06-22,0.03750626,0.031062072,0.030432422,0.023228144,0.026814342,0.023352187,0.020432953,0.016116599,0.019333322,0.015810093,2022
2022-06-23,0.0142447045,0.011818336,0.010398082,0.01793562,0.017290285,0.009900026,0.010440513,0.011016106,0.01141462,0.007840659,2022
2022-06-24,-0.016352473,-0.01724734,-0.0124968635,-0.0143662095,-0.013394378,-0.0071871486,-0.0037578077,-0.006874735,4.9429764e-06,-0.004955425,2022
2022-06-27,-0.030175906,-0.032637183,-0.03949324,-0.034131337,-0.03203721,-0.027221153,-0.025156599,-0.019102171,-0.014709701,-0.0067069195,2022
2022-06-28,-0.026563162,-0.02837569,-0.035848487,-0.031639453,-0.031637456,-0.02365751,-0.023415409,-0.020795431,-0.01145806,-0.007108301,2022
2022-06-29,0.0082787825,-0.0098649,-0.007378296,-0.015207669,-0.027113175,-0.012399249,-0.010894684,-0.010060596,-0.010497065,-0.0039969073,2022
2022-06-30,0.008417126,-0.004527941,-0.015189308,-0.016399803,-0.02336221,-0.027296808,-0.028441777,-0.017717198,-0.020365274,-0.018904468,2022
2022-07-01,0.0031649978,-0.005483043,-0.012442119,-0.0086166365,-0.013870986,-0.008625829,-0.005257123,-0.0103604505,-0.006253841,-0.008618375,2022
2022-07-04,0.01836015,0.010809561,0.0074975733,0.012129811,0.006663359,0.012080517,0.009897725,0.008126589,0.010749602,0.0034409894,2022
2022-07-05,0.025031684,0.019485556,0.021152886,0.027756877,0.031649016,0.03007503,0.026437728,0.026392872,0.030440547,0.021117682,2022
2022-07-06,0.018894805,0.017317014,0.027457133,0.030770032,0.036367044,0.026486158,0.02521682,0.03324792,0.026826326,0.023524055,2022
2022-07-07,0.0044316687,0.0074621793,0.008111912,0.014557489,0.019314198,0.012041033,0.008761358,0.022904249,0.015228838,0.0146197835,2022
2022-07-08,0.017578514,0.02591065,0.019638894,0.021395296,0.028129911,0.017887674,0.01824916,0.023384009,0.023241065,0.020069478,2022
2022-07-11,0.028211715,0.032257628,0.026623962,0.03060781,0.032484975,0.03279085,0.024474636,0.03225565,0.02378102,0.014019043,2022
2022-07-12,0.054221604,0.056376748,0.05231707,0.041778762,0.045563288,0.0429838,0.041501027,0.036703866,0.033098698,0.015886435,2022
2022-07-13,0.04396029,0.049177717,0.046452105,0.051586304,0.040519256,0.0500036,0.047038548,0.048669007,0.035146877,0.028120656,2022
2022-07-14,0.038651526,0.046102352,0.04879759,0.053817578,0.052093435,0.0585966,0.061718643,0.05467366,0.048635505,0.03698363,2022
2022-07-15,0.039756637,0.03879846,0.050697524,0.037823968,0.036594607,0.043926816,0.042570923,0.036386624,0.034327663,0.023415634,2022
2022-07-18,0.009464682,0.007797059,-0.00011993315,-0.009175085,-0.006960349,-0.008821888,-0.0049466384,-0.017746039,-0.018114865,-0.017922638,2022
2022-07-19,0.005149561,0.004069152,-0.0021058437,-0.015470972,-0.009621151,-0.003568059,-0.014057277,-0.01373221,-0.022138445,-0.02591204,2022
2022-07-20,-0.025864743,-0.01192851,-0.014931657,-0.024287002,-0.021930413,-0.017854227,-0.01984722,-0.026211351,-0.027531765,-0.03240806,2022
2022-07-21,-0.0063174693,0.009627501,-0.0022425442,-0.003026392,0.0019514093,-0.0035702772,-0.0060768644,-0.010906625,-0.013133079,-0.020728085,2022
2022-07-22,0.024626032,0.032764945,0.023133017,0.018898169,0.014130146,0.015399673,0.011874821,0.0032159789,0.0051066256,-0.0101991305,2022
2022-07-25,0.045212325,0.049792208,0.03706079,0.02434851,0.023344949,0.026276542,0.018464513,0.014510708,0.0065932926,-0.0033816341,2022
2022-07-26,0.025322199,0.038194627,0.016900564,0.019756706,0.011834871,0.015936388,0.011369161,0.012718783,-0.001406083,-0.004963718,2022
2022-07-27,0.010883929,0.031038376,0.026492236,0.016897898,0.01496791,0.012825807,0.013205165,0.011615311,0.008278413,-0.0075324443,2022
2022-07-28,0.00049359887,0.02871354,0.02934666,0.028420055,0.023986755,0.018889409,0.025582911,0.01771096,0.012391886,0.0027896978,2022
2022-07-29,0.008636383,0.017655762,0.026548943,0.022403304,0.022982555,0.01914984,0.02086729,0.015058886,0.012479239,0.005511385,2022
2022-08-01,0.04252572,0.06085259,0.06404755,0.06337989,0.06600988,0.067196056,0.061646048,0.056981124,0.05044423,0.04345477,2022
2022-08-02,0.04982887,0.05602729,0.061481956,0.057386372,0.055703454,0.05570818,0.059492283,0.051986773,0.052695937,0.042527437,2022
2022-08-03,0.08336621,0.080867134,0.07071362,0.071501516,0.063259155,0.06284419,0.061514027,0.056450933,0.05391085,0.04136089,2022
2022-08-04,0.06818954,0.050135072,0.068680145,0.050707012,0.049239643,0.051753048,0.05137083,0.04508889,0.044105828,0.031878375,2022
2022-08-05,0.027729759,0.020053022,0.035464384,0.025825944,0.02880419,0.027531533,0.030913906,0.028729657,0.032617148,0.022286505,2022
2022-08-08,0.021367718,0.014980663,0.033224754,0.020857485,0.023978943,0.026530245,0.029512366,0.034398425,0.031970378,0.022654267,2022
2022-08-09,-0.012202309,-0.014220021,-0.012379795,-0.00027869025,-0.0011284698,0.010066163,0.009830947,0.023741366,0.027962008,0.019621288,2022
2022-08-10,-0.04542123,-0.054260604,-0.041744027,-0.04080667,-0.027557686,-0.02803175,-0.015317005,-0.0039308434,0.0015818966,-3.5876918e-05,2022
2022-08-11,-0.0333037,-0.041112658,-0.046265066,-0.038065985,-0.022712272,-0.021789571,-0.022937248,-0.009419484,-0.0043094247,-0.004853998,2022
2022-08-12,-0.041852385,-0.055376716,-0.039753217,-0.042796347,-0.03259786,-0.024535766,-0.021140613,-0.0078314,-0.0034875735,-0.0002345356,2022
2022-08-15,-0.061712213,-0.0649777,-0.055914633,-0.04546549,-0.02652194,-0.027666714,-0.016697427,-0.014887114,-0.0034076364,0.001587288,2022
2022-08-16,-0.099678405,-0.08864182,-0.0802451,-0.062573686,-0.05614462,-0.048421282,-0.031903453,-0.031127691,-0.021607902,-0.01308957,2022
2022-08-17,-0.115087666,-0.10815316,-0.087385945,-0.06882957,-0.06183666,-0.049082976,-0.04138033,-0.033140358,-0.018504035,-0.015342842,2022
2022-08-18,-0.105389655,-0.096968904,-0.078602076,-0.06865622,-0.062007822,-0.045260463,-0.03921876,-0.022886654,-0.020677315,-0.012732991,2022
2022-08-19,-0.08802924,-0.08091433,-0.064717114,-0.050480153,-0.04648756,-0.0391579,-0.027772343,-0.017281083,-0.01270238,-0.008369106,2022
2022-08-22,-0.08700442,-0.075735256,-0.06644951,-0.05061594,-0.03880423,-0.032038182,-0.023111437,-0.016873017,-0.010895227,-0.0049485452,2022
2022-08-23,-0.034143347,-0.034065638,-0.029381856,-0.026823822,-0.015795764,-0.007939394,-0.01154498,-0.0018491675,0.0010145073,0.0031449583,2022
2022-08-24,-0.009781901,-0.015454042,-0.012424184,-0.009876411,-0.002359831,0.0031662046,0.006644685,0.0056827436,0.016190777,0.013017979,2022
2022-08-25,-0.025963485,-0.03775743,-0.028948432,-0.026318355,-0.017815122,-0.004027962,-0.0076134307,0.0059989663,0.0075731175,0.010981035,2022
2022-08-26,-0.017332911,-0.016902851,-0.017225137,-0.008287277,-0.007513112,0.0066073127,0.005763248,0.012262608,0.015395912,0.015575966,2022
2022-08-29,-0.017799484,-0.024566583,-0.032350514,-0.02819269,-0.02025397,-0.015996376,-0.011119414,-0.012896824,-0.007406311,-0.0051382417,2022
2022-08-30,-0.014780862,-0.018916287,-0.025727857,-0.015840134,-0.017074058,-0.0153387105,-0.008593256,-0.00916978,-0.0021848974,-0.0026853404,2022
2022-08-31,-0.0126922745,-0.020896375,-0.034183446,-0.027602654,-0.02736081,-0.026084747,-0.02715169,-0.021393305,-0.022176629,-0.017425738,2022
2022-09-01,-0.036549274,-0.046482585,-0.055968773,-0.050784882,-0.05299184,-0.056781285,-0.055095766,-0.05017822,-0.049660835,-0.042115346,2022
2022-09-02,-0.03288574,-0.036534544,-0.05118338,-0.04534473,-0.049742576,-0.048259243,-0.04644349,-0.049333334,-0.041060284,-0.040077556,2022
2022-09-05,-0.052616313,-0.04836269,-0.06635139,-0.056918208,-0.055980835,-0.05414554,-0.05555169,-0.056206707,-0.052769486,-0.045269452,2022
2022-09-06,-0.07473626,-0.05987445,-0.06896796,-0.056283742,-0.05633426,-0.05566794,-0.05646336,-0.05364724,-0.046489265,-0.04348063,2022
2022-09-07,-0.0872629,-0.08061044,-0.07756678,-0.070352525,-0.06692937,-0.06495586,-0.0676058,-0.066736385,-0.05849229,-0.05432937,2022
2022-09-08,-0.0656858,-0.08040114,-0.08226048,-0.079409465,-0.07758184,-0.08329359,-0.0857872,-0.08338052,-0.07825422,-0.07015352,2022
2022-09-09,-0.059549082,-0.0846824,-0.07957464,-0.08057835,-0.08312118,-0.0804789,-0.087969206,-0.082099155,-0.07966002,-0.07510778,2022
2022-09-13,-0.06432545,-0.079803556,-0.07097522,-0.07529563,-0.073906735,-0.069515504,-0.07279228,-0.071331486,-0.06830052,-0.06354687,2022
2022-09-14,-0.0418424,-0.06685887,-0.067160524,-0.06840271,-0.07136019,-0.06563619,-0.07385922,-0.071353935,-0.06577919,-0.06557413,2022
2022-09-15,-0.052687593,-0.06698567,-0.06949835,-0.0632496,-0.061406653,-0.063447796,-0.06207005,-0.061543312,-0.058948975,-0.05712777,2022
2022-09-16,-0.059471786,-0.06767642,-0.065465994,-0.05203745,-0.050696366,-0.04882457,-0.046012964,-0.045197085,-0.04622983,-0.04472346,2022
2022-09-19,-0.082445346,-0.08492947,-0.08979293,-0.07498555,-0.07034355,-0.069391616,-0.06604435,-0.06393678,-0.06460645,-0.06399102,2022
2022-09-20,-0.072307795,-0.07109964,-0.071688734,-0.06074522,-0.06210714,-0.056656264,-0.052728172,-0.05282636,-0.052721545,-0.047902055,2022
2022-09-21,-0.043531746,-0.040840294,-0.042504154,-0.036315493,-0.03910761,-0.031775497,-0.030087575,-0.03451441,-0.032426514,-0.030491423,2022
2022-09-22,-0.013231088,-0.0032286223,-0.006793186,0.00012815157,0.0025850022,0.010341619,0.005527874,0.0012239212,0.001385453,-0.0010780841,2022
2022-09-23,-0.008530405,0.018863264,0.024181565,0.0297893,0.04758726,0.04137671,0.044115618,0.045479655,0.039655,0.031939235,2022
2022-09-26,0.0006440985,0.023597658,0.033542912,0.04102086,0.04554602,0.05418857,0.047346592,0.05116894,0.037318513,0.035291687,2022
2022-09-27,0.021772347,0.023645421,0.03500988,0.041786045,0.04628101,0.044922568,0.051147822,0.04091864,0.03496897,0.02326498,2022
2022-09-28,0.01328545,0.030733157,0.035409767,0.045932155,0.05853996,0.054139443,0.05695836,0.048946757,0.0416783,0.023954682,2022
2022-09-29,0.035437096,0.05261349,0.05143034,0.061287813,0.067278616,0.06449686,0.06704952,0.065628156,0.049683534,0.037768852,2022
2022-09-30,0.067697436,0.07836958,0.071359694,0.07677953,0.077474445,0.072004214,0.07808564,0.068367586,0.05657815,0.035147477,2022
2022-10-10,0.070393115,0.058957703,0.07084785,0.05913633,0.062371813,0.060283016,0.05956989,0.06288188,0.04903696,0.036086626,2022
2022-10-11,0.07866649,0.081059195,0.08014347,0.07662359,0.073906906,0.07774771,0.06761091,0.06589724,0.05488735,0.03085391,2022
2022-10-12,0.036107216,0.04012452,0.04554071,0.05010873,0.04784119,0.04998686,0.044534914,0.045929104,0.035209484,0.020026138,2022
2022-10-13,-0.0067388685,-0.0022597713,-0.006277748,-0.004989164,-0.0035604425,0.003149391,0.002741752,-0.0061996183,-0.0068469536,-0.01968675,2022
2022-10-14,-0.029309882,-0.023327876,-0.026621561,-0.025576992,-0.022982553,-0.01840304,-0.024459364,-0.024915434,-0.02376533,-0.033098686,2022
2022-10-17,-0.027356656,-0.020368952,-0.01325737,-0.021211334,-0.015653811,-0.017636685,-0.017359832,-0.017504971,-0.016731957,-0.0253809,2022
2022-10-18,-0.0034628988,0.016256612,0.01191009,0.011669951,0.0059451787,0.012951332,0.013114429,3.5040674e-05,0.00578724,-0.009079182,2022
2022-10-19,0.02630631,0.034285616,0.01850606,0.01652736,0.01622241,0.019423718,0.017822063,0.010606223,0.0057029086,-0.00050038757,2022
2022-10-20,0.04984395,0.051764995,0.040627595,0.033592194,0.03448381,0.026014281,0.02386817,0.020454565,0.020402646,0.005517253,2022
2022-10-21,0.03584204,0.05795392,0.053168744,0.04691929,0.050633427,0.040644683,0.03737663,0.03870894,0.03938172,0.02459951,2022
2022-10-24,0.04366168,0.06408179,0.0735319,0.06412049,0.07160857,0.062493213,0.062401585,0.055795856,0.058615267,0.04793472,2022
2022-10-25,0.024614776,0.050510854,0.050803304,0.04841132,0.048301216,0.049144763,0.048669267,0.04175933,0.04175512,0.033130366,2022
2022-10-26,0.012071886,0.028682314,0.041154034,0.03733685,0.04490607,0.036174513,0.03526958,0.035524204,0.034618244,0.022653485,2022
2022-10-27,0.03759302,0.06734491,0.08058501,0.08054759,0.085715674,0.08262271,0.08630411,0.075692646,0.07579249,0.063312165,2022
2022-10-28,0.028488314,0.05796255,0.07613374,0.07394369,0.0828499,0.081698306,0.087272204,0.084100045,0.08111094,0.070646964,2022
2022-10-31,0.03526234,0.053634007,0.072987676,0.07204508,0.0698412,0.077172555,0.07106974,0.07309323,0.06722718,0.061234985,2022
2022-11-01,0.016492529,0.035452574,0.050916046,0.05502075,0.053621255,0.056173157,0.0597605,0.0621938,0.05696244,0.050705194,2022
2022-11-02,-0.0064061508,0.014666119,0.0348557,0.048757385,0.042240713,0.05699358,0.05383274,0.06113502,0.05659484,0.047986202,2022
2022-11-03,-0.010798628,0.00823428,0.029399887,0.036965866,0.039518993,0.042820875,0.052652672,0.0482058,0.04764576,0.04120624,2022
2022-11-04,-0.023937194,-0.006209825,0.0025377609,0.018882263,0.018142277,0.019265726,0.028489564,0.025902733,0.023420662,0.021764431,2022
2022-11-07,-0.007832516,0.0016680761,0.004735797,0.014450225,0.023377772,0.0204887,0.024103248,0.029178074,0.029214507,0.0282476,2022
2022-11-08,-0.038727034,-0.023900067,-0.022124756,-0.00987597,-0.007227723,-0.005722208,0.0060507474,0.007040347,0.010534206,0.021394907,2022
2022-11-09,-0.010796813,-0.011224428,-0.0039711036,-0.00034387008,0.0031663172,0.00845419,0.015097771,0.016372401,0.017021468,0.02399479,2022
2022-11-10,-0.037130218,-0.026705109,-0.028132709,-0.022018064,-0.0140386885,-0.009900492,-0.006114443,0.0012245044,0.005629714,0.013259906,2022
2022-11-11,-0.029416122,-0.020873906,-0.028934468,-0.019767271,-0.021497836,-0.014011383,-0.012570028,-0.008456549,-0.007456858,0.0060753124,2022
2022-11-14,-0.031040495,-0.025367297,-0.023461778,-0.014799113,-0.0101467,-0.0034709265,5.6059544e-05,-0.00094193785,0.0087111555,0.018009359,2022
2022-11-15,-0.037835736,-0.028490866,-0.024913868,-0.021402426,-0.011352662,-0.010602499,-0.0046719294,-0.0013371344,0.0063190004,0.023868961,2022
2022-11-16,-0.016002836,-0.0040438394,-0.0049934587,-0.0017248947,-0.0025159456,-0.003014894,0.00039454005,0.016180597,0.011153035,0.03012077,2022
2022-11-17,-0.020070966,-0.009663941,-0.0066255857,-0.010622411,-0.007938731,-0.0018829019,0.0056962417,0.0076150307,0.014975171,0.021760307,2022
2022-11-18,-0.015058597,-0.002502248,0.006058883,0.007420856,0.012049644,0.017630672,0.030404497,0.032843396,0.037237685,0.04422422,2022
2022-11-21,-0.015672894,-0.0026920955,0.005741895,0.0030707214,0.013550949,0.02073337,0.01846788,0.027890945,0.032416683,0.03675113,2022
2022-11-22,0.010282776,0.020310156,0.024782812,0.027596561,0.032170076,0.029385068,0.038485266,0.03725178,0.040908962,0.040742043,2022
2022-11-23,-0.007284062,0.00729819,0.014135426,0.012461485,0.020803686,0.02099074,0.02920412,0.03675397,0.03729154,0.03845082,2022
2022-11-24,0.013387912,0.016522322,0.01696489,0.0251717,0.024249772,0.027525404,0.026963122,0.03854361,0.033571776,0.03083661,2022
2022-11-25,0.021462265,0.030394534,0.032833114,0.034052115,0.03808933,0.033325486,0.039004,0.043145638,0.04123587,0.032570835,2022
2022-11-28,0.0030707293,0.014611668,0.004241253,0.017424755,0.016057936,0.016785217,0.018741291,0.0240654,0.017863235,0.015827723,2022
2022-11-29,-0.000877909,0.012861387,0.0018570969,0.009208431,0.011103824,0.011676665,0.011067684,0.012948251,0.010321852,0.006474892,2022
2022-11-30,-0.017206809,-0.008288441,-0.0064396346,-0.00051540084,0.0033929958,1.1955753e-05,0.007668855,0.0059503275,0.00304635,0.00053424307,2022
2022-12-01,-0.03215521,-0.019880429,-0.014270148,-0.008400435,-0.01272817,-0.014288007,-0.0045365505,-0.008547288,-0.0090216445,-0.0065396726,2022
2022-12-02,-0.048670452,-0.03109389,-0.028626004,-0.03630374,-0.036047816,-0.037171222,-0.03652693,-0.03268994,-0.0376351,-0.036397126,2022
2022-12-05,-0.060415477,-0.045240544,-0.043009806,-0.044527046,-0.054372262,-0.041221403,-0.04607956,-0.042883027,-0.04713845,-0.04332331,2022
2022-12-06,-0.06712883,-0.055531878,-0.050205182,-0.046189863,-0.056543585,-0.046744127,-0.04912946,-0.041667413,-0.05183272,-0.043699812,2022
2022-12-07,-0.069305226,-0.059636377,-0.05528451,-0.051102187,-0.05807279,-0.054386023,-0.053800978,-0.04862576,-0.05704801,-0.050463285,2022
2022-12-08,-0.08298088,-0.07034036,-0.06174845,-0.065336294,-0.06334116,-0.064205416,-0.061059512,-0.0579867,-0.062632345,-0.061352186,2022
2022-12-09,-0.07070354,-0.055728413,-0.051725168,-0.056122888,-0.04701963,-0.052352495,-0.045998286,-0.048409145,-0.04759469,-0.047601532,2022
2022-12-12,-0.055376165,-0.049221754,-0.046779856,-0.046699915,-0.04148135,-0.041114993,-0.041269727,-0.043020364,-0.04464769,-0.041412063,2022
2022-12-13,-0.051590543,-0.05226956,-0.049614962,-0.05119824,-0.040680055,-0.048141472,-0.050500322,-0.047328442,-0.046283007,-0.04679669,2022
2022-12-14,-0.047581423,-0.04818079,-0.048187125,-0.051762104,-0.04871496,-0.052435037,-0.055100124,-0.050827473,-0.052454766,-0.04844816,2022
2022-12-15,-0.0388966,-0.03957765,-0.037727173,-0.038141858,-0.042916603,-0.0416625,-0.04616477,-0.04102163,-0.039904926,-0.039307866,2022
2022-12-16,-0.013565709,-0.011218781,-0.0047106845,-0.0084473025,-0.004912196,-0.008632991,-0.008741845,-0.010984091,-0.008286207,-0.010901139,2022
2022-12-19,0.017101621,0.011890131,0.021178447,0.018475445,0.019166412,0.01574691,0.011276666,0.012614312,0.012363267,0.0073025124,2022
2022-12-20,0.036837313,0.03043714,0.028909372,0.027499424,0.02989107,0.022577073,0.021463364,0.022592345,0.020202491,0.015400589,2022
2022-12-21,0.040308136,0.042479787,0.0403519,0.043174338,0.03746593,0.03338424,0.03353159,0.033584435,0.033147614,0.023838572,2022
2022-12-22,0.06369716,0.05687023,0.06009977,0.064424165,0.049921133,0.05852354,0.0470508,0.048480656,0.04488232,0.036671795,2022
2022-12-23,0.04464649,0.04546943,0.040571723,0.039459914,0.042941194,0.041871037,0.039175477,0.03224326,0.033531256,0.02518636,2022
2022-12-26,0.033241816,0.042654652,0.034835417,0.036541104,0.033748735,0.031194817,0.028024565,0.027594592,0.022176867,0.016023878,2022
2022-12-27,0.032317497,0.039520063,0.031320937,0.03550917,0.03263572,0.033837717,0.033101074,0.029848082,0.025112323,0.017329017,2022
2022-12-28,0.02730541,0.02870972,0.034957115,0.034418218,0.036349025,0.042918816,0.037827257,0.03772014,0.03683129,0.027963204,2022
2022-12-29,0.03756427,0.037030738,0.044765208,0.051068526,0.049414393,0.051570773,0.049976267,0.051424116,0.043847945,0.038129605,2022
2022-12-30,0.023021813,0.023318112,0.028928744,0.03094205,0.034892213,0.034916148,0.032548722,0.033620384,0.02991846,0.027494995,2022
2023-01-03,0.017081935,0.013861305,0.022730367,0.019498313,0.024806242,0.02563051,0.021818966,0.024529787,0.021408431,0.019463249,2023
2023-01-04,0.009292503,0.010884847,0.016950492,0.017734077,0.026037406,0.016079217,0.023831615,0.03260117,0.01989278,0.023184143,2023
2023-01-05,0.009236141,0.019134995,0.024975352,0.023635572,0.029050028,0.025260435,0.031132774,0.037904803,0.028412795,0.027249726,2023
2023-01-06,0.015997687,0.027660815,0.03594334,0.03799456,0.043194205,0.041939903,0.04403328,0.05048442,0.040769275,0.038235124,2023
2023-01-09,0.012823163,0.02431726,0.038063735,0.040975373,0.045237098,0.045993887,0.050644543,0.050408136,0.04621943,0.041989625,2023
2023-01-10,0.018636012,0.04025643,0.048208676,0.057757705,0.057731044,0.068312004,0.06899322,0.06356671,0.06210743,0.05747285,2023
2023-01-11,0.039702747,0.05895525,0.066171594,0.072798036,0.07891244,0.08272581,0.0877167,0.081015505,0.07678957,0.06991992,2023
2023-01-12,0.03504307,0.051769167,0.06546923,0.068950586,0.07692121,0.08244268,0.0775714,0.07217407,0.06741504,0.057306558,2023
2023-01-13,0.017447,0.0401715,0.052453972,0.056003507,0.06942886,0.06952821,0.070321515,0.06519133,0.05938604,0.052155998,2023
2023-01-16,0.01601425,0.038053643,0.05683343,0.06852311,0.07141516,0.07884396,0.07231393,0.071199715,0.0599198,0.0567023,2023
2023-01-17,0.021201521,0.03352668,0.054295015,0.06443729,0.08052488,0.06850989,0.07347746,0.063828036,0.0615482,0.05240338,2023
2023-01-18,0.025552372,0.03790779,0.059876386,0.06851194,0.07627278,0.06948325,0.069854975,0.065906875,0.059276603,0.04709514,2023
2023-01-19,0.016336609,0.03478788,0.05723274,0.06801561,0.070002444,0.0691935,0.067681156,0.06378053,0.050242774,0.04449501,2023
2023-01-20,0.017415773,0.03131532,0.040013198,0.05474855,0.05676724,0.054151643,0.05125783,0.051464517,0.044619657,0.03429012,2023
2023-01-30,0.026937412,0.049735617,0.048549708,0.04803937,0.059085805,0.057640668,0.056282263,0.052515518,0.044232316,0.035453353,2023
2023-01-31,0.025401153,0.033515032,0.035913512,0.03628326,0.05044504,0.04497833,0.045591425,0.03993137,0.03304176,0.026634516,2023
2023-02-01,-0.0013477551,0.006985596,0.02061919,0.021042677,0.022193154,0.027754575,0.028301349,0.02278684,0.018777464,0.017723527,2023
2023-02-02,-0.016770167,-0.005786255,0.0010660203,0.0079375,0.011333232,0.014740445,0.016190102,0.016202759,0.016683511,0.01561433,2023
2023-02-03,-0.014494559,-0.007728303,-0.001924466,0.004366313,0.0042699743,0.011184869,0.010192849,0.01036322,0.012647153,0.015446577,2023
2023-02-06,-0.0073001003,0.0036414003,0.005377006,0.01253978,0.011811326,0.016456256,0.017786194,0.019231068,0.019173691,0.020306567,2023
2023-02-07,-0.002763966,0.003532708,0.0023813106,0.011030854,0.011171192,0.011871052,0.011745423,0.020570915,0.019094123,0.020671716,2023
2023-02-08,-0.008062587,-0.0058101704,-0.003189576,0.004510043,0.0059931558,0.0069488306,0.013990523,0.019061614,0.01713923,0.022343213,2023
2023-02-09,-0.014816221,-0.015592351,-0.015192481,-0.0057025403,-0.0041275127,-0.00048302813,0.002412431,0.008428755,0.009970584,0.010919049,2023
2023-02-10,-0.028892873,-0.026582362,-0.024005359,-0.01619309,-0.0154211605,-0.010007788,-0.0058058747,-0.0019049225,-0.0017007866,0.0030089181,2023
2023-02-13,-0.030516148,-0.029032301,-0.024526792,-0.020712275,-0.016366487,-0.0137319835,-0.012058236,-0.0070179245,-0.0039372984,-0.00077941484,2023
2023-02-14,-0.026639132,-0.027031414,-0.014786351,-0.017345114,-0.005124415,-0.009099125,-0.0040224935,0.0027771548,0.00399448,0.00787031,2023
2023-02-15,-0.017091934,-0.012723922,-0.005878276,-0.005387953,0.0053737448,0.0057494333,0.0052488614,0.008755004,0.013742388,0.015859613,2023
2023-02-16,0.0001336148,0.0047947397,0.0097333295,0.009969483,0.01500843,0.013198973,0.0190676,0.017337082,0.019390872,0.024961438,2023
2023-02-17,0.001620397,0.0065814764,0.012361487,0.012218906,0.015843077,0.022347715,0.01673906,0.020184765,0.019982448,0.021945534,2023
2023-02-20,-0.012083395,-0.013817641,-0.011146511,-0.008078533,-0.0094824955,-0.0031614879,0.00020203962,0.0005820339,-0.00029887195,0.0085956585,2023
2023-02-21,-0.022111587,-0.0243198,-0.019066961,-0.01569988,-0.012562496,-0.010534325,-0.009711025,-0.006528949,-0.0074268975,-0.00039746796,2023
2023-02-22,-0.019598572,-0.018220149,-0.0144194905,-0.010682308,-0.010008703,-0.0028850148,-0.004670804,-0.0012999455,-0.0012751434,3.411194e-05,2023
2023-02-23,-0.026274731,-0.02051188,-0.022223976,-0.016881563,-0.00989477,-0.0061686262,-0.0070266537,-0.0054180953,-0.0053567006,-0.0016465429,2023
2023-02-24,-0.024650002,-0.023079675,-0.014646809,-0.019106666,-0.013470057,-0.006584366,-0.008306094,-0.009057758,-0.010682035,-0.0040224884,2023
2023-02-27,-0.028534228,-0.026038561,-0.02110767,-0.024025528,-0.01960974,-0.019809991,-0.014283675,-0.020320706,-0.01965104,-0.010696005,2023
2023-02-28,-0.027316533,-0.024263829,-0.026220968,-0.021363806,-0.019226102,-0.023051944,-0.018667841,-0.01735826,-0.01467363,-0.010758026,2023
2023-03-01,-0.039999686,-0.04168216,-0.041330755,-0.038120795,-0.03472385,-0.03458002,-0.03393479,-0.030651383,-0.029928964,-0.024831308,2023
2023-03-02,-0.029922502,-0.033019718,-0.03228225,-0.03302503,-0.028765082,-0.028242882,-0.028332515,-0.026913747,-0.029769547,-0.022092758,2023
2023-03-03,-0.032792743,-0.03593215,-0.032673128,-0.035369255,-0.033448316,-0.0289202,-0.033094827,-0.033963885,-0.03245134,-0.030318867,2023
2023-03-06,-0.017597068,-0.020635951,-0.015729839,-0.014337865,-0.014328575,-0.015836472,-0.016167922,-0.02070418,-0.019499307,-0.01586893,2023
2023-03-07,0.00468155,-0.004389224,-0.00069744437,0.0056270114,0.007489075,0.0025044018,0.0021166431,-0.00029383416,-0.002285857,-0.00077250454,2023
2023-03-08,-0.0020262285,-0.0018050512,0.0006093414,-0.0038284373,-0.0016874588,-0.0039721443,-0.00942931,-0.010787327,-0.010536054,-0.006650425,2023
2023-03-09,0.01137168,0.0052713505,0.018763982,0.008658807,0.0087352665,0.0070555345,0.000666061,0.00028319735,0.0016369092,0.0030960415,2023
2023-03-10,0.009356027,0.012226022,0.027836483,0.01503247,0.016006075,0.0066662296,0.0064233495,0.0044304808,0.0066387933,0.00915578,2023
2023-03-13,0.01009165,0.016634298,0.019556796,0.022024756,0.014642611,0.016644018,0.01562365,0.013674986,0.012108656,0.013966833,2023
2023-03-14,0.0026806912,0.004030346,0.009633521,0.0063192453,-0.0019297827,-0.0030746076,-0.0018359083,-0.0061103413,-0.0075121555,-0.0046137907,2023
2023-03-15,0.0072642425,0.016421659,0.02115394,0.01192681,0.008689864,0.0013590008,-0.002850828,-0.003042253,-0.0040592877,-0.0053523392,2023
2023-03-16,0.012460498,0.022959929,0.019365955,0.015675163,0.013955506,0.0072058504,0.006407048,-0.001026126,-0.0004247942,-0.0024612183,2023
2023-03-17,0.027571782,0.04094723,0.03273528,0.03273479,0.020837104,0.018691862,0.011222794,0.011949049,0.007663111,0.009160833,2023
2023-03-20,0.028147383,0.03765849,0.025784705,0.01678622,0.011716542,0.0056814253,-0.004662886,0.00046665856,-0.0021207149,-0.0017233681,2023
2023-03-21,0.03123831,0.021957139,0.010920997,0.0050279163,-0.0064493762,-0.016647313,-0.02091933,-0.020972608,-0.022548813,-0.017944971,2023
2023-03-22,0.044211626,0.03133358,0.019955305,0.013334582,0.0025099628,-0.007502505,-0.00992932,-0.016533472,-0.0120764645,-0.011076931,2023
2023-03-23,0.044142358,0.024802323,0.018886304,0.0053520617,-0.007758162,-0.012530147,-0.015337605,-0.026133046,-0.01925368,-0.018588763,2023
2023-03-24,0.026991861,0.017139677,0.00730581,-0.004037822,-0.011627129,-0.015282564,-0.020632518,-0.02592029,-0.021098338,-0.019534638,2023
2023-03-27,0.041275438,0.02936751,0.02033692,0.016423741,-0.0021251324,-0.010394264,-0.011269169,-0.016658194,-0.014672684,-0.01459558,2023
2023-03-28,0.052699346,0.034370784,0.03139779,0.014277756,0.008498566,-0.0036863436,-0.0068399957,-0.0016486492,-0.0055389325,-0.0037352918,2023
2023-03-29,0.051129375,0.0359161,0.028149618,0.02475168,0.014033998,0.0073667653,0.0050887936,0.0017944361,0.004779864,0.0015379342,2023
2023-03-30,0.042793717,0.024884013,0.022181738,0.027189393,0.008516457,-0.00044415507,-0.0024329019,0.0055800783,-0.00044033487,-0.006043616,2023
2023-03-31,0.016331933,0.0030308862,0.0038802298,0.0068755154,-0.00011623158,-0.013372088,-0.011647794,-0.008597683,-0.004315273,-0.011306259,2023
2023-04-03,0.01877198,0.0052167117,0.0067032166,0.0011216089,-0.00414627,-0.0032921075,-0.004648151,-0.008840312,-0.0075624767,-0.010505268,2023
2023-04-04,0.010159545,0.00016454898,0.00081363646,-0.007136662,-0.0094923545,-0.007732269,-0.011365611,-0.0146928355,-0.012799564,-0.01185086,2023
2023-04-06,-0.016042147,-0.018347409,-0.032141555,-0.023918796,-0.028198646,-0.026260259,-0.03280694,-0.026308415,-0.024042647,-0.025155757,2023
2023-04-07,-0.039046016,-0.03724558,-0.052153684,-0.04784205,-0.043421503,-0.040873785,-0.044653237,-0.03928248,-0.03237661,-0.034879554,2023
2023-04-10,-0.039498284,-0.05242335,-0.06321611,-0.060844366,-0.06089655,-0.05337647,-0.05273691,-0.047791492,-0.044073764,-0.039590314,2023
2023-04-11,-0.049286004,-0.06899854,-0.059981458,-0.062167067,-0.063566215,-0.051468786,-0.056166414,-0.0466318,-0.043524064,-0.04103275,2023
2023-04-12,-0.05142008,-0.06586584,-0.062390428,-0.057652943,-0.060908236,-0.05373093,-0.043778393,-0.04434162,-0.040708303,-0.03972164,2023
2023-04-13,-0.040128123,-0.058388792,-0.049526628,-0.05762781,-0.045460127,-0.045964446,-0.033014942,-0.033461258,-0.027831169,-0.026970133,2023
2023-04-14,-0.03160985,-0.05724211,-0.04820701,-0.04373499,-0.04195985,-0.03428234,-0.025117712,-0.016527763,-0.018633334,-0.01617745,2023
2023-04-17,-0.03751226,-0.053227108,-0.044716004,-0.04900871,-0.045681816,-0.03244044,-0.024749141,-0.017325526,-0.02161831,-0.016363675,2023
2023-04-18,-0.04326436,-0.053462967,-0.05478445,-0.048187546,-0.033317648,-0.030583447,-0.01152772,-0.0067733205,-0.008249812,-0.0050115664,2023
2023-04-19,-0.051454257,-0.049650688,-0.05102255,-0.038174152,-0.03235118,-0.026375722,-0.0020300536,-0.003296986,0.0057105883,-0.00090278906,2023
2023-04-20,-0.053898294,-0.05028153,-0.04522099,-0.036505118,-0.026527539,-0.013387084,-0.00010672426,0.0010601068,0.009149336,0.012819872,2023
2023-04-21,-0.02912142,-0.019954227,-0.015022877,-0.003150489,-0.0043836734,0.01487344,0.021071082,0.022350404,0.037154593,0.03282418,2023
2023-04-24,-0.016499516,-0.009889302,-0.0023700378,0.015947498,0.014013552,0.03144636,0.036443457,0.041921858,0.0497767,0.04913619,2023
2023-04-25,-0.025981657,-0.01578131,-0.0073935613,0.0009255352,0.0034375952,0.017908828,0.02538309,0.030376103,0.034931596,0.03856027,2023
2023-04-26,-0.020363007,-0.014682307,-0.005757903,0.004567467,0.004349951,0.013455933,0.024515625,0.03139073,0.035943367,0.032037377,2023
2023-04-27,-0.034308735,-0.02562142,-0.00676961,-0.004525073,0.00055799086,0.006964617,0.015939714,0.023473311,0.02214431,0.02371348,2023
2023-04-28,-0.021912113,-0.018931836,-0.006172583,-0.0012573495,0.0063383915,0.002024999,0.013136576,0.01227289,0.015645344,0.019135501,2023
2023-05-04,-0.008847096,0.0034260263,0.004667806,0.009098331,0.016303157,0.013849073,0.01776478,0.016517278,0.012701876,0.0131885065,2023
2023-05-05,-0.010405968,0.0022293462,0.006091918,0.010753929,0.011806307,0.01308236,0.011621875,0.018089054,0.014084525,0.013818415,2023
2023-05-08,-0.009201392,0.012827258,0.01614762,0.013195413,0.01954624,0.016733956,0.0136969555,0.02251755,0.014026379,0.014213267,2023
2023-05-09,-0.0061008157,0.009299925,0.013956566,0.006511821,0.016313242,0.014795946,0.011200168,0.022297537,0.01890852,0.024488112,2023
2023-05-10,-0.020234682,-0.004520718,-0.0045337514,-0.004592879,0.005610353,-0.0018251335,0.0057017906,0.0029164087,0.018900312,0.019391818,2023
2023-05-11,-0.0041951863,0.009604178,0.004263177,0.0065752366,0.00808423,0.012112051,0.00240485,0.013586947,0.018358726,0.016765554,2023
2023-05-12,0.019653967,0.015702723,0.01679805,0.015213353,0.021984972,0.0225512,0.022457486,0.018915392,0.015872778,0.0054281075,2023
2023-05-15,0.015736641,0.0040770676,0.0025186318,0.0059934515,0.0056355633,0.013882788,0.009021963,0.003912174,0.010436504,0.015994627,2023
2023-05-16,0.033374753,0.015957491,0.008774426,0.005411979,0.008391145,0.012180804,0.0068692924,0.0028866716,0.0072797677,0.011111235,2023
2023-05-17,0.02591692,0.016270906,0.009826736,0.001498993,0.0059247604,-0.00057555176,0.00020686841,-0.0006036272,-0.0006714171,-0.0063464753,2023
2023-05-18,0.026024964,0.014733077,0.011963196,0.010852777,0.0073440624,0.006811697,0.0055673905,0.0071034483,0.00081911514,0.0043607694,2023
2023-05-19,0.035057697,0.01367955,0.013485464,0.007931468,0.0071848277,0.0030638152,0.007718868,0.0032710067,-0.0010178095,0.0019774162,2023
2023-05-22,0.035726685,0.007201681,-0.0003308721,0.005771937,-0.00451181,-0.005297607,-0.0064982153,-0.0045769988,-0.008336308,-0.006561032,2023
2023-05-23,0.042343006,0.007047455,0.007887475,0.004489847,-0.0040600984,-0.010796946,-0.007859639,-0.00836735,-0.006683877,-0.012609926,2023
2023-05-24,0.03398927,-0.002307351,0.0023775182,0.006586391,0.005207603,-0.007915802,0.00019266573,-0.0008477621,-0.0038958257,-0.000936825,2023
2023-05-25,0.02028404,-0.0037146006,-0.0037207652,0.009373492,0.0034390246,-0.0077598644,-0.00266909,-0.002987146,0.0012124344,-0.0014930356,2023
2023-05-26,0.011159682,0.004234503,-0.0023031407,0.01392024,0.0019672094,0.004006446,-0.004610887,0.0062851147,-0.0012437499,0.0014535403,2023
2023-05-29,0.019618396,0.008463015,0.015504201,0.017139282,0.02335956,0.01277074,0.013913633,0.014320574,0.012260525,0.009201256,2023
2023-05-30,0.017365092,0.0015547455,0.013550937,0.018770661,0.02060285,0.014016528,0.005395994,0.012412435,0.0102757225,0.008273816,2023
2023-05-31,0.017452851,0.0101776235,0.0131365685,0.016626904,0.019773804,0.0130481925,0.0057762978,0.0085113235,0.008172876,0.003846169,2023
2023-06-01,0.017816916,0.019757967,0.012880555,0.022399995,0.012455645,0.007993746,0.010574095,0.0019031814,0.0055404077,0.0029244062,2023
2023-06-02,0.03427323,0.026142387,0.0149494,0.018770698,0.0110386405,0.012519691,0.0059685064,0.0009996789,-0.003541101,-0.003401269,2023
2023-06-05,0.053540073,0.036644112,0.02803586,0.025647549,0.017489072,0.014587285,0.012109681,0.004095984,-0.0013184318,-0.0045483853,2023
2023-06-06,0.038353648,0.04219585,0.023187913,0.023018014,0.020905478,0.014627852,0.011246881,0.0030946203,-0.0015179556,-0.0042229565,2023
2023-06-07,0.0132599175,0.010474888,0.012079508,0.0018351664,0.0033221254,0.00495393,-0.0031227162,-0.007066061,-0.013429453,-0.021479616,2023
2023-06-08,0.0014593375,0.0096662585,0.0075691263,0.0108754905,0.00567552,0.012236935,0.007850509,-0.0017081,-0.00050228875,-0.011981338,2023
2023-06-09,-0.026063027,-0.008231383,-0.00417864,-0.007113611,0.0012548362,-0.0019544177,0.0009259232,-0.0030574894,-0.0060079405,-0.0050253677,2023
2023-06-12,-0.01448952,0.0007827368,0.0046614427,0.009009743,0.0071875155,0.006400227,0.007106694,0.0013246507,0.003174672,-0.004548512,2023
2023-06-13,-0.01423119,0.0009377109,0.012471777,0.022395397,0.013434834,0.026460558,0.013269027,0.017267287,0.0135518955,0.0036297964,2023
2023-06-14,-0.018231003,-0.0016316787,0.008246284,0.018274182,0.021714818,0.024979137,0.023709599,0.02572368,0.023643875,0.014460913,2023
2023-06-15,-0.013694692,-0.0034620971,0.012761057,0.016388828,0.015182692,0.017985418,0.02077618,0.023111766,0.015628414,0.0048563755,2023
2023-06-16,-0.029429395,-0.011001364,0.006263457,0.0057197423,0.015246371,0.01747732,0.020360677,0.024176821,0.023944551,0.011487019,2023
2023-06-19,-0.04650699,-0.019096138,-0.00024370782,0.008162534,0.009720161,0.018290397,0.026381228,0.028286913,0.029228583,0.016235719,2023
2023-06-20,-0.0445091,-0.01570806,-0.00015321457,0.0056997356,0.011513236,0.024506694,0.030196356,0.03600609,0.034265656,0.024395728,2023
2023-06-21,-0.023046462,0.007033947,0.020988442,0.030069992,0.03367338,0.043664977,0.047984134,0.058177162,0.052405592,0.041137557,2023
2023-06-26,-0.011009407,0.015485051,0.0257646,0.026896263,0.027521892,0.034451563,0.03988302,0.047481984,0.0437337,0.031818543,2023
2023-06-27,-0.0032125914,0.026450273,0.028688427,0.03571889,0.032861184,0.041221414,0.038713936,0.044509158,0.041840352,0.02956523,2023
2023-06-28,-0.025784697,-0.0015723804,0.011543357,0.015089191,0.017151853,0.023479534,0.028025381,0.031999562,0.034718055,0.028125992,2023
2023-06-29,-0.019272042,-0.008345302,0.012557514,0.0042568264,0.009295283,0.009338473,0.018043155,0.018398624,0.024576664,0.01935524,2023
2023-06-30,-0.024821095,-0.024125112,-0.007080694,-0.005101271,0.0009225814,0.0010536382,0.004463269,0.006863628,0.008814052,0.003276481,2023
2023-07-03,-0.03700596,-0.027444145,-0.011244901,-0.008713984,-0.001805228,0.0021120366,0.007322417,0.008438892,0.012255131,0.008031662,2023
2023-07-04,-0.038983304,-0.030573374,-0.021189407,-0.009434841,-0.0033927737,0.00094987464,0.00646268,0.0087316,0.01433917,0.011674451,2023
2023-07-05,-0.04432647,-0.035671283,-0.020882683,-0.008461034,-0.0026090296,0.0055938745,0.004407934,0.013031552,0.016860219,0.01704549,2023
2023-07-06,-0.0545203,-0.04208783,-0.025574028,-0.014875809,-0.0017200045,0.0023286159,0.004709935,0.012987839,0.01687318,0.015103576,2023
2023-07-07,-0.054118704,-0.040779956,-0.024438689,-0.013126071,-0.009680456,-0.00472435,0.0019767564,0.00872543,0.010064851,0.011179163,2023
2023-07-10,-0.049235128,-0.035986237,-0.01385146,-0.007852449,0.0022963015,0.0065336246,0.009704136,0.014818865,0.019615471,0.022005953,2023
2023-07-11,-0.060650393,-0.041848075,-0.015952537,-0.0006039572,-0.0019571986,0.013987092,0.014527313,0.021527011,0.026643401,0.031480487,2023
2023-07-12,-0.057586454,-0.039510887,-0.022465881,-0.008630114,-0.0016563497,0.0066521093,0.013014893,0.017123349,0.025125705,0.02943868,2023
2023-07-13,-0.07879527,-0.051482115,-0.031748496,-0.020639053,-0.010447587,0.0055059027,0.010555207,0.017798904,0.024640705,0.036304876,2023
2023-07-14,-0.06862464,-0.03366032,-0.018746603,-0.004192908,0.011804797,0.0204831,0.029953076,0.03708698,0.04857191,0.06482145,2023
2023-07-17,-0.071595095,-0.042842083,-0.022636985,-0.0066112424,0.00090875983,0.014533226,0.027207004,0.035909683,0.04276613,0.06413292,2023
2023-07-18,-0.06266036,-0.03889369,-0.018235503,-0.006764997,0.00080553466,0.010659079,0.022372542,0.032605805,0.04028825,0.05586036,2023
2023-07-19,-0.04922351,-0.024080135,-0.01856083,-0.0045643062,0.004985307,0.010906167,0.019474352,0.02451234,0.033272464,0.050640266,2023
2023-07-20,-0.025209673,-0.007818086,0.0036913527,0.009037988,0.018567156,0.020529013,0.026791714,0.029531326,0.035884626,0.061127525,2023
2023-07-21,-0.009629109,-0.008648128,0.00033998163,0.009233189,0.008975011,0.007962189,0.017327582,0.01684498,0.026333388,0.042653877,2023
2023-07-24,-0.014544848,-0.018836431,-0.0155306915,-0.007353074,-0.008706603,-0.006759144,-0.0017602419,0.004488441,0.0087796,0.026840545,2023
2023-07-25,-0.01738719,-0.020144565,-0.022330992,-0.017824953,-0.009209624,-0.010445308,-0.005550765,-0.0037484625,0.0039684605,0.009259379,2023
2023-07-26,-0.019960709,-0.01964704,-0.020321636,-0.015423477,-0.008139261,-0.009417689,-0.005883711,0.001696085,0.0038243895,0.010251317,2023
2023-07-27,-0.015124934,-0.02357677,-0.018003272,-0.020518016,-0.013801656,-0.010777783,-0.008727182,-0.00496743,-0.0021796795,0.00025065162,2023
2023-07-28,-0.042671748,-0.043331467,-0.041763786,-0.042934645,-0.037610542,-0.03527491,-0.030295035,-0.03211354,-0.033085063,-0.031401128,2023
2023-07-31,-0.038455468,-0.042876035,-0.03493584,-0.036166977,-0.030730246,-0.0328829,-0.02708338,-0.026688192,-0.02708279,-0.029763127,2023
2023-08-01,-0.044234764,-0.048171967,-0.040805366,-0.03833878,-0.034241915,-0.034899637,-0.030979441,-0.030585906,-0.02740007,-0.032402974,2023
2023-08-02,-0.043053538,-0.042795423,-0.034530465,-0.034143854,-0.030572902,-0.036395594,-0.028217832,-0.034607895,-0.028057415,-0.033396702,2023
2023-08-03,-0.04868762,-0.042961232,-0.035840895,-0.031359,-0.029861843,-0.027501708,-0.028993692,-0.02844163,-0.028109789,-0.033390947,2023
2023-08-04,-0.06050626,-0.04811161,-0.040001884,-0.035732944,-0.03328709,-0.030683065,-0.033156827,-0.02591589,-0.025787674,-0.027693186,2023
2023-08-07,-0.060748894,-0.053856097,-0.04592406,-0.047422353,-0.044188026,-0.041041233,-0.040793434,-0.03950889,-0.038072083,-0.036402326,2023
2023-08-08,-0.049316347,-0.050946787,-0.04524106,-0.04442532,-0.043447398,-0.039076187,-0.038598243,-0.040748935,-0.038132753,-0.033929367,2023
2023-08-09,-0.04792934,-0.047496762,-0.046560936,-0.04592046,-0.04585554,-0.049884994,-0.0481376,-0.0475647,-0.050447304,-0.04643675,2023
2023-08-10,-0.057068676,-0.055875964,-0.05398791,-0.052655254,-0.052757,-0.049595702,-0.052094977,-0.051600404,-0.046838254,-0.048576567,2023
2023-08-11,-0.02555952,-0.027000025,-0.0242204,-0.02447093,-0.024438925,-0.015484291,-0.021819951,-0.015165875,-0.013088641,-0.013543566,2023
2023-08-14,-0.019063324,-0.020118037,-0.021417363,-0.019153686,-0.020377295,-0.015972544,-0.019531436,-0.013700622,-0.0130321225,-0.018151272,2023
2023-08-15,0.0119708525,0.013747038,0.002357525,0.0049713943,0.0052105454,0.0033743966,0.005438359,0.0061873524,0.006612871,-0.0044031963,2023
2023-08-16,0.0066305017,0.011331107,-0.004660458,-0.00077922177,0.0033478097,0.0015851946,0.0007562303,0.0051361816,-0.0028645839,-0.008199869,2023
2023-08-17,0.0016140711,0.00576706,-0.0021508683,-0.0040536895,-0.0033583804,-0.009291706,-0.005336669,-0.0038594296,-0.008899998,-0.018244173,2023
2023-08-18,0.015829628,0.019261846,0.016649295,0.011177753,0.014238762,0.009777157,0.015411209,0.015351964,0.01136549,8.978118e-05,2023
2023-08-21,0.02041186,0.029117476,0.02343807,0.024643954,0.035584763,0.030047035,0.03060815,0.034424827,0.026706466,0.016989548,2023
2023-08-22,0.019836092,0.030770954,0.028149618,0.034007426,0.032194614,0.04077415,0.036783427,0.035964448,0.03186723,0.014802737,2023
2023-08-23,0.016946396,0.034498498,0.02872798,0.039020944,0.033203296,0.04073604,0.04094814,0.03887567,0.033278678,0.01922004,2023
2023-08-24,0.030020807,0.03961223,0.039898597,0.040197134,0.042609412,0.049828246,0.043074913,0.0447923,0.034479924,0.016308738,2023
2023-08-25,0.030473804,0.030461349,0.033313055,0.029376544,0.034332853,0.036684174,0.03157358,0.026850395,0.011700244,-0.0011081106,2023
2023-08-28,0.015808564,0.020031637,0.021161659,0.023032028,0.029527955,0.027897665,0.0318878,0.026540495,0.024177894,0.010914871,2023
2023-08-29,-0.029090388,-0.012607892,-0.014756663,-0.009483941,-0.011228286,-0.0050241183,0.003596242,0.0043419795,0.0030651784,0.0036874262,2023
2023-08-30,-0.037796162,-0.025965312,-0.020171892,-0.014137826,-0.016781472,-0.006473131,0.0040711793,0.0018179406,0.007484749,0.01271889,2023
2023-08-31,-0.030111829,-0.019204253,-0.019180462,-0.01645493,-0.016939202,-0.008055045,0.0049897395,0.0032717627,0.005452564,0.013743937,2023
2023-09-01,-0.021804783,-0.022451792,-0.020852206,-0.01304877,-0.018149143,-0.0043554152,-0.0031207795,-0.0072313054,-0.0020530673,-0.005040851,2023
2023-09-04,-0.036082197,-0.03619916,-0.030764202,-0.026439033,-0.027648177,-0.019147014,-0.011329014,-0.010351185,-0.004797602,-0.00072865374,2023
2023-09-05,-0.043648142,-0.044328976,-0.036487915,-0.031131355,-0.028349655,-0.02597783,-0.018499475,-0.014554186,-0.009450923,0.0004491933,2023
2023-09-06,-0.050015055,-0.044001274,-0.045383144,-0.034736466,-0.029184502,-0.032355834,-0.023164129,-0.016271295,-0.011302862,-0.0013485225,2023
2023-09-07,-0.03405956,-0.0277247,-0.029078249,-0.019881375,-0.019209633,-0.015972104,-0.011170053,-0.008571209,-0.0025284365,0.006206169,2023
2023-09-08,-0.033476587,-0.026338447,-0.023947597,-0.025175983,-0.018500801,-0.013349052,-0.01198315,-0.014051934,-0.0061001033,0.0017900079,2023
2023-09-11,-0.03286094,-0.02920508,-0.022751288,-0.028190272,-0.021852132,-0.023321237,-0.020897081,-0.01994736,-0.0182286,-0.010042181,2023
2023-09-12,-0.016504709,-0.0063175093,-0.009414749,-0.008319082,-0.0070606233,-0.0030493385,-0.0072190207,-0.009353047,-0.009714,-0.0065232986,2023
2023-09-13,0.0014351102,0.008340219,0.01219645,0.008341137,0.008918922,0.0111129135,0.011320569,0.0031914855,-0.00085074827,-0.0030824298,2023
2023-09-14,0.0043552746,0.0093491785,0.016079133,0.010268734,0.0053667,0.004042289,-0.00077960663,-0.004978716,-0.011130913,-0.014575677,2023
2023-09-15,0.005657774,0.010117509,0.011571855,0.008652731,-0.0048190868,-0.00024321458,-0.0061408565,-0.01398398,-0.014585095,-0.015688498,2023
2023-09-18,0.027002538,0.027954832,0.017948423,0.020253034,0.0045399554,0.0030325467,-0.00086736603,-0.009357446,-0.016800007,-0.022024369,2023
2023-09-19,0.031860173,0.0371244,0.027996399,0.029622728,0.012520455,0.011253401,0.0063833348,-0.0015185571,-0.010254871,-0.015822997,2023
2023-09-20,0.045488585,0.041786756,0.035597604,0.021048076,0.024641037,0.011322717,0.0112554515,0.004767518,-0.0041899886,-0.01264296,2023
2023-09-21,0.019459039,0.027570007,0.019420542,0.014570059,0.0066127144,0.0010620618,-0.0002669827,-0.0075610713,-0.010770295,-0.018061608,2023
2023-09-22,-0.0034856845,0.00280085,0.008116744,-0.0011455155,-0.0039559333,-0.009090438,-0.0071704895,-0.010807742,-0.015479718,-0.019644208,2023
2023-09-25,-0.014519133,-0.00043835456,-0.008853592,-0.010377872,-0.011404858,-0.017640414,-0.015703354,-0.016175685,-0.02224265,-0.025689028,2023
2023-09-26,-0.019287175,-0.011411355,-0.011293559,-0.02700626,-0.019051215,-0.026771696,-0.024383418,-0.028621871,-0.032828104,-0.03687096,2023
2023-09-27,-0.04651983,-0.042897105,-0.035710853,-0.039225403,-0.044459242,-0.037552092,-0.0396068,-0.041405577,-0.043911178,-0.04582862,2023
2023-09-28,-0.073632084,-0.061497502,-0.06355411,-0.05642993,-0.05948822,-0.0580049,-0.056675028,-0.053936522,-0.05934115,-0.0574112,2023
2023-10-09,-0.06175194,-0.052793328,-0.049934633,-0.050261352,-0.0533874,-0.047158387,-0.047506455,-0.047466416,-0.048890088,-0.051769197,2023
2023-10-10,-0.055987485,-0.037818994,-0.03249483,-0.03360231,-0.029432695,-0.03050502,-0.02396616,-0.023619888,-0.0222708,-0.02412462,2023
2023-10-11,-0.05539472,-0.040707838,-0.0513394,-0.034836825,-0.04120761,-0.033534467,-0.03524539,-0.027798079,-0.026854143,-0.0306908,2023
2023-10-12,-0.046194915,-0.027505985,-0.026920034,-0.021395303,-0.01709293,-0.016652923,-0.014785596,-0.00894674,-0.0062364247,-0.0058334847,2023
2023-10-13,-0.012553983,0.00033319366,-0.0030771072,-0.00055005436,0.00091899035,0.0016136905,0.005918389,0.0069243675,0.0061957617,0.001851999,2023
2023-10-16,0.008783442,0.009397374,0.008433163,0.0041194144,0.0073837033,0.0066849026,0.01085961,0.00827217,0.0049321353,0.0023298883,2023
2023-10-17,0.014543664,0.018766839,0.022853488,0.019145584,0.023620257,0.02090635,0.023076711,0.026512971,0.018648762,0.013767935,2023
2023-10-18,0.008736222,0.017631546,0.020791119,0.020637022,0.020965433,0.0230721,0.026502471,0.030215615,0.025706196,0.022573233,2023
2023-10-19,0.04192093,0.0446898,0.041093953,0.04204446,0.03937127,0.041591667,0.041853867,0.039486002,0.03371147,0.027729673,2023
2023-10-20,0.09728832,0.09591067,0.09113179,0.088515185,0.085936755,0.07675898,0.074106865,0.07316744,0.062078193,0.05223352,2023
2023-10-23,0.103245646,0.10102867,0.09426856,0.08748945,0.07840894,0.074655555,0.06890021,0.06577888,0.054498475,0.04461043,2023
2023-10-24,0.09449129,0.09265135,0.07789839,0.073232606,0.05943432,0.06028303,0.054011542,0.041847527,0.028934034,0.019613093,2023
2023-10-25,0.089558005,0.095411144,0.076597296,0.075889185,0.06840841,0.060207397,0.057534706,0.046601616,0.034325425,0.02371248,2023
2023-10-26,0.06015262,0.07164934,0.05447627,0.054930914,0.040312916,0.03871329,0.036546767,0.022777572,0.017023798,0.0032510161,2023
2023-10-27,0.040342618,0.050542176,0.04952856,0.038654193,0.03866243,0.03339782,0.033576082,0.019860374,0.0108837625,0.003556535,2023
2023-10-30,0.048356425,0.055647466,0.055159915,0.041529402,0.045049954,0.036816295,0.035454065,0.025258778,0.015334623,0.008865767,2023
2023-10-31,0.062209107,0.0772405,0.060939603,0.052900318,0.046910066,0.04369269,0.035849452,0.03160738,0.020471632,0.011514081,2023
2023-11-01,0.07556904,0.07564483,0.06554833,0.052810967,0.046646938,0.04247366,0.038999565,0.029443057,0.022377124,0.011658445,2023
2023-11-02,0.06882924,0.06815721,0.054897867,0.050554745,0.043409586,0.036031727,0.031844232,0.025950156,0.01623096,0.006007213,2023
2023-11-03,0.050997965,0.050795827,0.04506816,0.044702556,0.0383668,0.035376586,0.028248556,0.026186226,0.014180216,0.005381266,2023
2023-11-06,0.027092608,0.037643384,0.037993323,0.03827137,0.032247785,0.04168264,0.029837493,0.02999478,0.022746239,0.010654768,2023
2023-11-07,0.0022915828,0.01191664,0.01726178,0.01679216,0.021853007,0.02494036,0.020230932,0.026322525,0.015792435,0.009176731,2023
2023-11-08,0.005476476,0.011633488,0.016899878,0.017409226,0.020648144,0.024182364,0.022127332,0.026596935,0.01394092,0.008096889,2023
2023-11-09,0.0031564662,0.01472272,0.018711325,0.019111078,0.01910351,0.024858901,0.024128279,0.025388638,0.020430444,0.014593925,2023
2023-11-10,-0.003563473,0.00441586,0.0043202857,0.008686388,0.0090614045,0.008793298,0.0099765025,0.012030761,0.009916426,0.0051584854,2023
2023-11-13,-0.0040056603,-0.0011846415,0.003601318,0.005001537,0.010095558,0.00925151,0.012654459,0.010832569,0.0067655384,0.0014518328,2023
2023-11-14,-0.010935114,-0.0052980524,-0.009207064,0.0017057585,0.0035657506,0.004581945,0.0053905374,0.008231069,0.00126772,-0.0050229905,2023
2023-11-15,-0.023872947,-0.020120585,-0.017732909,-0.00874124,-0.0055268924,-0.0008499924,-0.00061077013,0.0041629197,-0.0013897665,-0.0040834,2023
2023-11-16,-0.019846218,-0.016368166,-0.011717359,-0.006325426,-0.0037947285,0.0009018567,-0.002126844,0.0046584224,0.003152707,-0.00010489167,2023
2023-11-17,-0.02502446,-0.017909462,-0.014582179,-0.0081615,-0.008305733,-0.004395196,-0.0074393554,0.00037079904,-0.003214358,-0.0033217084,2023
2023-11-20,-0.039393812,-0.03694109,-0.0279641,-0.025114983,-0.022422701,-0.02088685,-0.018869733,-0.01187595,-0.01550714,-0.018329794,2023
2023-11-21,-0.029619075,-0.033003595,-0.020180799,-0.022864334,-0.012164575,-0.015207305,-0.01122033,-0.004402897,-0.013083814,-0.019460807,2023
2023-11-22,-0.028393036,-0.031756792,-0.015736593,-0.020575842,-0.019923978,-0.017784815,-0.019952059,-0.01145354,-0.017968185,-0.020725101,2023
2023-11-23,-0.019101465,-0.01691112,-0.015561699,-0.021530148,-0.014864681,-0.020162437,-0.021728367,-0.02074007,-0.021780713,-0.020682521,2023
2023-11-24,-0.011755101,-0.012123722,-0.014331079,-0.022327658,-0.021383548,-0.01976515,-0.022652378,-0.02371419,-0.022405215,-0.022922235,2023
2023-11-27,-0.0017847478,-0.012352836,-0.011266653,-0.014439804,-0.014203615,-0.016917033,-0.018171791,-0.017566813,-0.015580175,-0.013123926,2023
2023-11-28,-0.009141198,-0.016171802,-0.015820067,-0.011448766,-0.014787543,-0.016670628,-0.014208729,-0.012377711,-0.012258762,-0.01148016,2023
2023-11-29,-0.0040070037,-0.007250511,-0.00411852,-0.00792083,-0.0053804247,-0.0029660808,-0.0050195567,-0.0033965008,-0.005275156,-0.009707908,2023
2023-11-30,-0.026775341,-0.023314435,-0.019569842,-0.018518103,-0.013516559,-0.013676261,-0.010886808,-0.009969419,-0.010397812,-0.012321623,2023
2023-12-01,-0.040348984,-0.03849263,-0.03238497,-0.028867204,-0.032661043,-0.026364932,-0.028151168,-0.025250541,-0.031040316,-0.025167832,2023
2023-12-04,-0.029456561,-0.02894665,-0.022957316,-0.025666822,-0.027450686,-0.022118691,-0.027830217,-0.029862924,-0.02962602,-0.029333433,2023
2023-12-05,-0.024685083,-0.023442842,-0.016385483,-0.019247962,-0.020311737,-0.020991938,-0.02630245,-0.026763123,-0.030730322,-0.024474911,2023
2023-12-06,-0.03729159,-0.03229811,-0.025548525,-0.027172709,-0.02946687,-0.026368978,-0.026771665,-0.030127585,-0.032321446,-0.028055316,2023
2023-12-07,-0.037360825,-0.034821354,-0.026621731,-0.024232872,-0.022922387,-0.017162288,-0.018116781,-0.02305439,-0.024271805,-0.021900011,2023
2023-12-08,-0.04907133,-0.051319607,-0.036338337,-0.036323,-0.026974251,-0.023942938,-0.023221869,-0.022535484,-0.02393432,-0.02137081,2023
2023-12-11,-0.06849653,-0.07638416,-0.05835488,-0.05715821,-0.049379054,-0.04177317,-0.037978776,-0.04035099,-0.03798274,-0.034143776,2023
2023-12-12,-0.071142994,-0.073673226,-0.06071915,-0.056355413,-0.046883985,-0.04666313,-0.044387545,-0.042082258,-0.043368965,-0.037230935,2023
2023-12-13,-0.052647803,-0.05700933,-0.038778905,-0.039534975,-0.030768888,-0.025977848,-0.02456711,-0.025451066,-0.024427019,-0.0203998,2023
2023-12-14,-0.0151869,-0.025701543,-0.009728121,-0.011588023,-0.002924912,-0.0055045662,-0.0027758481,-0.006067226,-0.0077201864,-0.010746164,2023
2023-12-15,-0.012500991,-0.010647758,0.0037410469,0.007881064,0.017017229,0.01716918,0.021502992,0.01723298,0.012341133,0.005978387,2023
2023-12-18,-0.027103657,-0.017803377,-0.0022058042,0.005234284,0.019805433,0.017706254,0.022347221,0.024420315,0.022391528,0.016579252,2023
2023-12-19,-0.03335984,-0.021151096,-0.0072020586,0.0029988512,0.007689697,0.013025001,0.015161118,0.020643488,0.01548046,0.013266708,2023
2023-12-20,-0.03818957,-0.019181538,-0.00792752,0.008429764,0.012481652,0.015077821,0.019014094,0.017867437,0.023753256,0.023192914,2023
2023-12-21,-0.05442783,-0.036899235,-0.029711556,-0.014292711,-0.0092157675,-0.0027057892,-0.0018426632,-0.0050125485,-0.00080520095,0.0013566058,2023
2023-12-22,-0.039998405,-0.026469558,-0.019752795,-0.0040040747,0.0017611651,0.00931653,0.005863445,0.0056082536,0.0023156195,0.0016984626,2023
2023-12-25,-0.05345491,-0.023378057,-0.013131792,-0.0015117357,0.0017044788,0.012805267,0.0075732577,0.012039238,0.007339877,0.0046673855,2023
2023-12-26,-0.046189364,-0.014778945,-0.004706543,0.0046474505,0.011222432,0.016368616,0.016083278,0.018880064,0.01610797,0.011161088,2023
2023-12-27,-0.053674985,-0.027581051,-0.013260931,-0.0077297115,0.0040454227,0.0062385714,0.0036309145,0.006315858,0.0063668457,0.0034328615,2023
2023-12-28,-0.08320111,-0.059517693,-0.05039016,-0.03887264,-0.028527763,-0.02107656,-0.017357226,-0.0145606715,-0.011249511,-0.0083836885,2023
2023-12-29,-0.090453714,-0.076214425,-0.06129612,-0.05495228,-0.048001,-0.037726313,-0.033865098,-0.036160275,-0.029827062,-0.018843038,2023
2024-01-02,-0.08231749,-0.07417249,-0.06170044,-0.050987862,-0.050172437,-0.041122507,-0.04118961,-0.037903886,-0.033423036,-0.02393554,2024
2024-01-03,-0.10306718,-0.0912548,-0.0882975,-0.07954813,-0.07652547,-0.07382569,-0.07227216,-0.070055716,-0.06467519,-0.052184075,2024
2024-01-04,-0.07781871,-0.07339438,-0.06951074,-0.07022609,-0.059008103,-0.066459365,-0.063468784,-0.059538126,-0.055281714,-0.04636924,2024
2024-01-05,-0.09538612,-0.09287509,-0.08992691,-0.08930628,-0.08370956,-0.084625356,-0.082384676,-0.07956074,-0.071166605,-0.055831507,2024
2024-01-08,-0.11430971,-0.11708408,-0.11941533,-0.11930344,-0.11616642,-0.1139401,-0.116168715,-0.10356203,-0.097390264,-0.07459425,2024
2024-01-09,-0.104291126,-0.10441065,-0.10563793,-0.10833941,-0.10466323,-0.10630968,-0.099619,-0.088602655,-0.08141474,-0.05118908,2024
2024-01-10,-0.08882366,-0.08990064,-0.084186055,-0.0886101,-0.07992282,-0.076668,-0.0711394,-0.062541984,-0.050861202,-0.019929746,2024
2024-01-11,-0.084430695,-0.078988306,-0.07266685,-0.07688517,-0.07179589,-0.06513374,-0.055280168,-0.050458953,-0.036001876,-0.0076169646,2024
2024-01-12,-0.11455854,-0.096518144,-0.09325254,-0.09424067,-0.08423839,-0.077544294,-0.069480665,-0.058896862,-0.039897174,-0.008690553,2024
2024-01-15,-0.13841203,-0.12047524,-0.110229395,-0.116624065,-0.10797276,-0.10115439,-0.08842661,-0.076154396,-0.056906443,-0.013166846,2024
2024-01-16,-0.16758318,-0.14688104,-0.14752424,-0.14408188,-0.1434325,-0.135972,-0.12592953,-0.11067809,-0.09187371,-0.046071652,2024
2024-01-17,-0.16762666,-0.14966434,-0.14200303,-0.14798447,-0.14583789,-0.14002655,-0.12590665,-0.10878592,-0.08261312,-0.030464983,2024
2024-01-18,-0.1988312,-0.18090421,-0.17588688,-0.17557213,-0.17695498,-0.17248476,-0.16177303,-0.13991886,-0.11917808,-0.061677948,2024
2024-01-19,-0.23648186,-0.22500014,-0.21613367,-0.22250102,-0.22344081,-0.21367805,-0.20725572,-0.17359444,-0.14674933,-0.0726707,2024
2024-01-22,-0.2338114,-0.22278328,-0.20597683,-0.21055825,-0.22656746,-0.20643651,-0.19514088,-0.16797471,-0.12286998,-0.05364618,2024
2024-01-23,-0.2094777,-0.20174995,-0.19878909,-0.19927551,-0.20649767,-0.21211286,-0.17012906,-0.15179813,-0.09700645,-0.0036924763,2024
2024-01-24,-0.20795493,-0.20029275,-0.20949474,-0.19980773,-0.21410829,-0.21012531,-0.19157237,-0.15339561,-0.09887664,-0.012802048,2024
2024-01-25,-0.14637716,-0.15253223,-0.17403933,-0.17129359,-0.18239105,-0.17614433,-0.16444115,-0.1327842,-0.097494945,-0.0322468,2024
2024-01-26,-0.090010725,-0.12130384,-0.1403665,-0.14389777,-0.14991324,-0.1479919,-0.13967742,-0.11459572,-0.07908913,-0.024378173,2024
2024-01-29,-0.027206514,-0.060812403,-0.08510353,-0.08809728,-0.096553124,-0.096155554,-0.08384482,-0.06704077,-0.035278752,0.010969098,2024
2024-01-30,0.032624353,-0.003769273,-0.016846122,-0.0398922,-0.034092117,-0.037664037,-0.032056615,-0.020808246,0.002057424,0.025618495,2024
2024-01-31,0.088258006,0.057712786,0.034058604,0.032405227,0.026510486,0.025602862,0.023940442,0.027087672,0.04276968,0.05269015,2024
2024-02-01,0.16438402,0.12679106,0.11117438,0.102914855,0.097389385,0.08852024,0.08973747,0.08640226,0.08980998,0.07390159,2024
2024-02-02,0.29362056,0.27334037,0.25373748,0.24440086,0.24164256,0.22337161,0.21158308,0.19336553,0.17035396,0.11604243,2024
2024-02-05,0.34628278,0.3286334,0.32143235,0.29823688,0.27411428,0.25597993,0.23010114,0.20588022,0.16770157,0.098850526,2024
2024-02-06,0.29422408,0.2624394,0.25544223,0.23219804,0.21315609,0.18422548,0.15855178,0.13659832,0.09044288,0.04392382,2024
2024-02-07,0.3298145,0.2879082,0.26769063,0.24172004,0.20353653,0.16560794,0.14517643,0.118327074,0.07018757,0.029558107,2024
2024-02-08,0.20678857,0.18838878,0.17585209,0.15022206,0.11480897,0.103728995,0.09082192,0.07257794,0.04828789,0.02585737,2024
2024-02-19,0.16678807,0.15450111,0.14353326,0.12290151,0.10410127,0.08944777,0.07793043,0.0652217,0.045339353,0.02291209,2024
2024-02-20,0.11654522,0.1087189,0.09912257,0.08592123,0.0751301,0.0575705,0.050488915,0.04393788,0.02610954,0.01134325,2024
2024-02-21,0.097531855,0.1008146,0.08762092,0.08452673,0.06641142,0.060599264,0.053626053,0.047283243,0.035189092,0.01927444,2024
2024-02-22,0.04986603,0.053944323,0.045081493,0.03684749,0.034009557,0.02875621,0.028383566,0.03327286,0.017142667,0.008338808,2024
2024-02-23,0.024904557,0.032229908,0.024707872,0.019727377,0.015613649,0.016929084,0.02011834,0.026515057,0.014913851,0.015235246,2024
2024-02-26,0.02958377,0.03126081,0.028239666,0.024063243,0.021028684,0.025770554,0.027554914,0.025999019,0.021328652,0.016782751,2024
2024-02-27,0.051448684,0.04860137,0.04516039,0.036617965,0.032310273,0.031687394,0.034612168,0.02259762,0.01461077,0.004461879,2024
2024-02-28,0.085179284,0.08938248,0.0771783,0.07035922,0.058193028,0.061096206,0.055528965,0.042476825,0.027930474,0.012792951,2024
2024-02-29,0.05779113,0.06147346,0.048925165,0.0427265,0.039519504,0.03672789,0.030917022,0.019354424,0.017996036,0.0049642893,2024
2024-03-01,0.08774515,0.08694972,0.06988672,0.06823376,0.052887343,0.053912636,0.04804709,0.039289836,0.03294351,0.018668864,2024
2024-03-04,0.11223804,0.11395806,0.097114146,0.09220195,0.07245324,0.06615067,0.064032316,0.053613137,0.04190924,0.021576583,2024
2024-03-05,0.11698563,0.11382568,0.10750312,0.09414989,0.0735486,0.07229777,0.06590725,0.050794914,0.036251254,0.014407241,2024
2024-03-06,0.11394186,0.11090967,0.10308456,0.09689093,0.07687944,0.069167875,0.06357743,0.05139506,0.03685887,0.013319329,2024
2024-03-07,0.108220406,0.10503552,0.098775126,0.08951254,0.07221436,0.07015678,0.05705663,0.047604814,0.034042284,0.0063104527,2024
2024-03-08,0.06380345,0.07210698,0.058572177,0.052560654,0.047770653,0.042721864,0.03395459,0.027259776,0.016508557,-0.002199256,2024
2024-03-11,0.0077725207,0.017450321,0.013089189,0.01125032,0.000783953,0.0083049005,-0.0017031363,-0.0037346848,-0.0058267084,-0.01264132,2024
2024-03-12,-0.032275602,-0.013119624,-0.01081508,-0.01906435,-0.013635808,-0.016942322,-0.013323845,-0.0125384545,-0.010770873,-0.00958073,2024
2024-03-13,-0.017185116,-0.0044760695,-0.0017503643,-0.010913466,-0.014198774,-0.012740961,-0.013449961,-0.013272268,-0.014491794,-0.016079027,2024
2024-03-14,-0.0037501901,-0.0007813006,0.0027637144,-0.0020545784,-0.0013403284,-0.004371677,-0.002851403,-0.004045153,-0.008236835,-0.011616817,2024
2024-03-15,-0.014235886,-0.0037570663,-0.00016373214,-0.001136376,-0.0047048572,0.0037859457,-0.0018253356,0.0021133332,-0.0019299746,-0.0050009475,2024
2024-03-18,-0.028359706,-0.01950678,-0.0026007933,-0.0060566473,-0.013237734,-0.0013614583,-0.0017344608,-0.00093008706,0.0002640309,0.0019103643,2024
2024-03-19,-0.057815403,-0.04539427,-0.025118668,-0.020980569,-0.020562433,-0.013942107,-0.0031856687,0.00287118,0.005544972,0.005840594,2024
2024-03-20,-0.09004498,-0.073709235,-0.05466906,-0.04836728,-0.041054375,-0.029098634,-0.018672584,-0.0049389233,-0.0012424343,0.003134756,2024
2024-03-21,-0.08443205,-0.0681539,-0.04685032,-0.040162835,-0.027720043,-0.020656476,-0.008239798,0.0033321602,0.00664552,0.012941757,2024
2024-03-22,-0.083217345,-0.06947152,-0.05321706,-0.0347662,-0.024268791,-0.018582646,-0.008956703,0.003873953,0.009129208,0.01419493,2024
2024-03-25,-0.06310174,-0.051258758,-0.030121773,-0.010292707,-0.0044506695,0.0008274306,0.0131079685,0.023687607,0.024588063,0.019442912,2024
2024-03-26,-0.04181318,-0.034144785,-0.013160619,0.0036435707,0.0061464957,0.007838663,0.020912247,0.026470546,0.023298547,0.015159788,2024
2024-03-27,-0.10884552,-0.08751393,-0.06322583,-0.046497673,-0.032609552,-0.023088064,-0.0062304363,0.0045664143,0.012641662,0.01915746,2024
2024-03-28,-0.1931648,-0.1657044,-0.14678974,-0.1211154,-0.098867655,-0.08697511,-0.060787503,-0.04243822,-0.02091292,0.0063327616,2024
2024-03-29,-0.17238684,-0.15202788,-0.13563642,-0.11613185,-0.09632813,-0.08683945,-0.0648162,-0.050381664,-0.030320961,-0.006183611,2024
2024-04-01,-0.14795898,-0.13842733,-0.12400443,-0.10567609,-0.08663015,-0.07875886,-0.06442307,-0.04693918,-0.02405637,-0.003355102,2024
2024-04-02,-0.13458459,-0.12607865,-0.119891725,-0.10325989,-0.09492015,-0.08030801,-0.061939064,-0.050939597,-0.029670002,-0.0038853546,2024
2024-04-03,-0.12857568,-0.11545586,-0.10701883,-0.103387624,-0.08083308,-0.07353268,-0.056167208,-0.041543838,-0.03185006,-0.009526779,2024
2024-04-08,-0.108572826,-0.09196832,-0.096101336,-0.08990522,-0.07487882,-0.06335426,-0.056658715,-0.04336471,-0.03326944,-0.016886538,2024
2024-04-09,-0.06635739,-0.06786923,-0.06380786,-0.06322478,-0.053709768,-0.047211267,-0.030824043,-0.037985563,-0.027452676,-0.015522926,2024
2024-04-10,-0.044809084,-0.0568981,-0.046031166,-0.051947065,-0.038049396,-0.034520313,-0.03138668,-0.02562309,-0.023247862,-0.011899138,2024
2024-04-11,-0.028796937,-0.03952304,-0.0327264,-0.038538583,-0.03112923,-0.025810089,-0.018287431,-0.020342477,-0.013174926,-0.0019950187,2024
2024-04-12,0.051006503,0.042706907,0.03523925,0.033568855,0.02718563,0.036565904,0.03482489,0.033147443,0.023316342,0.02758816,2024
2024-04-15,0.16081928,0.14296123,0.12502518,0.11301694,0.107482724,0.0963901,0.09752496,0.06581561,0.061818536,0.040770177,2024
2024-04-16,0.12231361,0.1172651,0.11197829,0.09748309,0.09091651,0.08605002,0.085289866,0.07382927,0.06250616,0.04415569,2024
2024-04-17,0.11329837,0.112913676,0.104051076,0.09581431,0.0831674,0.08133585,0.068835944,0.06315345,0.052242357,0.027564287,2024
2024-04-18,0.113931924,0.10970147,0.11129938,0.09167558,0.09427535,0.08449035,0.072103314,0.07142345,0.05408295,0.027109079,2024
2024-04-19,0.13415645,0.13656725,0.1307062,0.11157158,0.11348788,0.09820529,0.08297546,0.07496784,0.06876181,0.04125872,2024
2024-04-22,0.09350095,0.10165053,0.104166746,0.092075005,0.09197905,0.08468778,0.0851366,0.077152595,0.07402668,0.049834922,2024
2024-04-23,0.034074735,0.052314274,0.055005863,0.05326763,0.063438475,0.051507004,0.058345616,0.06654676,0.060333066,0.056206238,2024
2024-04-24,0.017720282,0.041233588,0.050406937,0.045864623,0.04746568,0.053950444,0.0474323,0.059363846,0.061243527,0.049428068,2024
2024-04-25,0.008047993,0.029483026,0.03950325,0.037016544,0.04009419,0.037079718,0.03925247,0.0481984,0.052383944,0.038564324,2024
2024-04-26,0.0010765585,0.0072693145,0.009811903,0.008931827,0.013546863,0.012682131,0.01636707,0.022082299,0.02724125,0.019247046,2024
2024-04-29,0.013527989,0.01217134,0.015099561,0.005701569,0.006168504,0.0072663175,0.0070455973,0.020929582,0.022762913,0.016955659,2024
2024-04-30,0.013110577,0.005864994,0.006688637,0.00402575,0.0012612336,0.002068198,0.0023005076,0.014711021,0.014382326,0.016713005,2024
2024-05-06,-0.010110268,-0.011520993,-0.018682837,-0.009028261,-0.01944256,-0.013755244,-0.012584903,-0.0025872672,0.0081071425,0.011299157,2024
2024-05-07,-8.797109e-06,-0.0026357817,-0.008563716,-0.008957514,-0.0112059545,-0.0046267854,-0.0041166293,0.0038691242,0.007995535,0.018313358,2024
2024-05-08,-0.02224484,-0.018016052,-0.030954584,-0.029039215,-0.02599359,-0.031054236,-0.023770742,-0.020957911,-0.018184718,-0.0042511704,2024
2024-05-09,-0.026334506,-0.02768798,-0.028593278,-0.027906543,-0.027287817,-0.028526463,-0.029693704,-0.02474602,-0.023508662,-0.01150312,2024
2024-05-10,-0.012252242,-0.016713552,-0.018144717,-0.020884173,-0.025298033,-0.022962794,-0.024433482,-0.025147995,-0.02470826,-0.012078685,2024
2024-05-13,-0.011397906,-0.014067421,-0.020065561,-0.022129005,-0.021039924,-0.025181495,-0.022803714,-0.023914525,-0.027848111,-0.016966792,2024
2024-05-14,-0.018059885,-0.013440335,-0.01701061,-0.017083747,-0.021039156,-0.020703327,-0.019612249,-0.022081885,-0.020062558,-0.017441701,2024
2024-05-15,-0.03355056,-0.022357533,-0.024447063,-0.025511062,-0.029527871,-0.021194639,-0.021810526,-0.028222388,-0.025016101,-0.024524989,2024
2024-05-16,-0.034760542,-0.019925369,-0.026920265,-0.017606786,-0.020816794,-0.021296768,-0.01968631,-0.021796044,-0.021638863,-0.02538438,2024
2024-05-17,-0.05846492,-0.04408913,-0.040802605,-0.04097274,-0.044538155,-0.048238292,-0.046036772,-0.04970617,-0.048024233,-0.050801866,2024
2024-05-20,-0.072101325,-0.06327701,-0.06090429,-0.058376342,-0.05828985,-0.05336423,-0.052413996,-0.047804825,-0.052133266,-0.046778742,2024
2024-05-21,-0.08202721,-0.07635825,-0.065928645,-0.06335251,-0.062242623,-0.056439325,-0.05578614,-0.052377973,-0.054518957,-0.046559095,2024
2024-05-22,-0.10960647,-0.090291716,-0.09331591,-0.083542384,-0.08005656,-0.079992875,-0.06602583,-0.06588943,-0.06436095,-0.06154224,2024
2024-05-23,-0.09663089,-0.085886456,-0.079956815,-0.06817604,-0.06808443,-0.067328244,-0.05719073,-0.05760762,-0.055669136,-0.056547016,2024
2024-05-24,-0.08637399,-0.07037263,-0.063372284,-0.054771814,-0.059211105,-0.053353105,-0.051789176,-0.049581923,-0.053217374,-0.054137807,2024
2024-05-27,-0.05768029,-0.0440791,-0.044421256,-0.04282822,-0.03931609,-0.04437006,-0.040312223,-0.042049892,-0.046231277,-0.04990614,2024
2024-05-28,-0.05273575,-0.03800407,-0.035697483,-0.031366218,-0.04330017,-0.038323186,-0.04890774,-0.047234375,-0.04823754,-0.05269988,2024
2024-05-29,-0.047865488,-0.038277235,-0.037659578,-0.038895965,-0.044937722,-0.043590285,-0.043356344,-0.04519431,-0.04736159,-0.047636557,2024
2024-05-30,-0.041304115,-0.039576966,-0.03509561,-0.04245088,-0.051623233,-0.054495763,-0.05195491,-0.053109217,-0.05468611,-0.052517425,2024
2024-05-31,-0.021330679,-0.01793252,-0.01957112,-0.025383849,-0.027912145,-0.028307596,-0.034071915,-0.03319331,-0.03602827,-0.03339055,2024
2024-06-03,0.004615353,0.0033138425,0.0016354528,0.002015361,-0.011794093,-0.005846789,-0.012015049,-0.020771677,-0.022741746,-0.023210557,2024
2024-06-04,0.0064524687,-0.0021135882,0.0037090797,-0.012904723,-0.01261271,-0.01798645,-0.025579385,-0.03330144,-0.038635015,-0.038093362,2024
2024-06-05,0.025445595,0.019518202,0.023318484,0.010314817,0.012680442,0.0031221327,-0.0025911396,-0.0051531973,-0.013610467,-0.014942646,2024
2024-06-06,0.008476262,-0.0035618602,-0.008291569,-0.016405804,-0.02036285,-0.025309308,-0.031417694,-0.037124127,-0.04815986,-0.042100552,2024
2024-06-07,-0.010819393,-0.013281944,-0.019894294,-0.029025033,-0.030570302,-0.0344248,-0.038160466,-0.04385218,-0.04349645,-0.044252306,2024
2024-06-11,-0.036281373,-0.039336774,-0.03335165,-0.041684926,-0.046585012,-0.045519583,-0.04887343,-0.048842736,-0.05030552,-0.043551147,2024
2024-06-12,-0.041272774,-0.028402284,-0.025237571,-0.03062617,-0.035489757,-0.03679222,-0.040094737,-0.039690945,-0.038531546,-0.036290146,2024
2024-06-13,-0.032156847,-0.031087361,-0.018617442,-0.02453861,-0.030987969,-0.03205346,-0.03936897,-0.03517899,-0.03433657,-0.035624653,2024
2024-06-14,-0.047564957,-0.04213883,-0.032212406,-0.02930668,-0.029036142,-0.038552564,-0.038085237,-0.03774526,-0.038768083,-0.03259652,2024
2024-06-17,-0.05578111,-0.046949983,-0.03274843,-0.030480968,-0.026146613,-0.03258981,-0.029745478,-0.031226082,-0.028947059,-0.030745756,2024
2024-06-18,-0.071050264,-0.05711367,-0.047498498,-0.041777886,-0.038573734,-0.037833747,-0.040171355,-0.03161754,-0.030923292,-0.030832492,2024
2024-06-19,-0.078539826,-0.064061366,-0.057394974,-0.048836287,-0.047078397,-0.043392252,-0.041111127,-0.03759857,-0.03688919,-0.033395823,2024
2024-06-20,-0.08222144,-0.07070673,-0.052926112,-0.04870127,-0.042467523,-0.039713055,-0.036608208,-0.0374543,-0.029168095,-0.031224098,2024
2024-06-21,-0.06943864,-0.049411684,-0.03473512,-0.03019095,-0.029588226,-0.02471791,-0.025732968,-0.019138122,-0.017834304,-0.019238355,2024
2024-06-24,-0.04479822,-0.030197756,-0.022803646,-0.026392613,-0.024356667,-0.026619157,-0.023290504,-0.02440794,-0.025693199,-0.026052251,2024
2024-06-25,-0.028943744,-0.018409343,-0.011265775,-0.025916403,-0.023713922,-0.022207756,-0.024323689,-0.02705338,-0.028641038,-0.028137159,2024
2024-06-26,-0.021765977,-0.013286027,-0.013422291,-0.013427437,-0.017641945,-0.016682824,-0.010001539,-0.013513522,-0.012512833,-0.011695241,2024
2024-06-27,-0.022573259,-0.012708887,-0.0041859224,-0.012484418,-0.007860812,-0.012637733,-0.0025426522,-0.0023671146,-0.0015501882,-0.004100128,2024
2024-06-28,-0.023567269,-0.018175589,-0.015787534,-0.013777979,-0.01670625,-0.022229288,-0.016510572,-0.01505568,-0.014837155,-0.013192397,2024
2024-07-01,-0.035020236,-0.02266472,-0.029538559,-0.030552778,-0.03461741,-0.034825135,-0.03777949,-0.02905004,-0.034206357,-0.026815789,2024
2024-07-02,-0.029495835,-0.025424385,-0.02747796,-0.021567298,-0.026482575,-0.031590335,-0.031827573,-0.03210653,-0.024969775,-0.026635727,2024
2024-07-03,-0.04034489,-0.024824934,-0.029963402,-0.020383464,-0.02092885,-0.024806129,-0.024765752,-0.016664466,-0.016840031,-0.0141671905,2024
2024-07-04,-0.0031493115,0.002686769,0.007158888,0.0065094256,-0.003577561,-0.000168579,-0.0030484814,-0.0059127966,-0.0008047434,-0.00053523824,2024
2024-07-05,0.011807124,0.015123962,0.02013235,0.023994306,0.014408788,0.0160105,0.017252814,0.009454173,0.011683495,0.01565191,2024
2024-07-08,-0.0009413621,0.015258862,0.01611813,0.017210258,0.016776374,0.012830498,0.021328978,0.013506671,0.015648138,0.01873781,2024
2024-07-09,-0.04138542,-0.027228054,-0.016196253,-0.02830841,-0.01827659,-0.014774251,-0.017409656,-0.018977534,-0.013999971,-0.009963127,2024
2024-07-10,-0.07583739,-0.04573453,-0.051261432,-0.050137855,-0.036133606,-0.04067721,-0.03741262,-0.036796033,-0.034499332,-0.023512097,2024
2024-07-11,-0.061945435,-0.039864726,-0.040441882,-0.040681057,-0.03145116,-0.030274633,-0.0317188,-0.029114652,-0.02298513,-0.017212486,2024
2024-07-12,-0.045181133,-0.021455552,-0.019112155,-0.017650286,-0.013551024,-0.013132844,-0.010975175,-0.011372028,-0.00863422,-0.004293518,2024
2024-07-15,-0.031909782,-0.011205006,-0.008358793,-0.009035274,-0.008183909,-0.007833516,-0.0049869656,0.00013230756,-0.0032957674,0.0026670133,2024
2024-07-16,-0.006807805,0.013814363,0.02429447,0.020865988,0.023061167,0.020074835,0.022381768,0.0285151,0.027978195,0.024378657,2024
2024-07-17,0.037347306,0.053123616,0.05267307,0.055350717,0.060757358,0.050807074,0.05241776,0.05344961,0.045363437,0.04912625,2024
2024-07-18,0.0055409446,0.020525884,0.02858647,0.035870526,0.032387286,0.0325513,0.032999698,0.037307117,0.03982335,0.03236245,2024
2024-07-19,-0.034217827,-0.007868728,0.003612331,0.0056794593,0.0050705634,0.015788876,0.014743214,0.022373615,0.02627652,0.019829102,2024
2024-07-22,-0.03850027,-0.010637527,0.00057629135,0.009783876,0.0065499316,0.011106599,0.020469714,0.025411388,0.023693472,0.023429643,2024
2024-07-23,-0.0011188786,0.016880235,0.03594101,0.039569464,0.03979979,0.044420507,0.051587537,0.05153151,0.054411795,0.050709974,2024
2024-07-24,-0.009601858,0.020046968,0.029485278,0.040108368,0.04428513,0.04348783,0.049936272,0.048319757,0.053193927,0.051840078,2024
2024-07-25,-0.0032716147,0.005524411,0.017187972,0.033516314,0.02331759,0.026005847,0.03138283,0.032184497,0.038564187,0.032279473,2024
2024-07-26,-0.03237238,-0.01726166,-0.0013813535,0.008608935,0.010802376,0.01305484,0.016604843,0.021757085,0.025976166,0.026221456,2024
2024-07-29,-0.037208807,-0.019422326,-0.005367241,-0.0010680733,0.008814738,0.0053549367,0.008284736,0.015434753,0.018931618,0.02100609,2024
2024-07-30,-0.04588876,-0.031402547,-0.027134476,-0.01703347,-0.016364062,-0.01824016,-0.011709402,-0.010153731,-0.0043243426,-0.0016493968,2024
2024-07-31,-0.06406994,-0.04675308,-0.031786464,-0.027802838,-0.032148443,-0.030634841,-0.020822402,-0.015314376,-0.016914293,-0.013790801,2024
2024-08-01,-0.04800781,-0.032327868,-0.023883356,-0.018083878,-0.024293857,-0.019229233,-0.0147102205,-0.01229366,-0.015337864,-0.014943217,2024
2024-08-02,-0.024113426,-0.018751305,-0.010644479,-0.0005052709,-0.012570612,-0.0046473774,-0.0034266918,-0.0051389723,-0.007328776,-0.010445297,2024
2024-08-05,-0.032938402,-0.02787935,-0.017235912,-0.016774891,-0.023910044,-0.02067325,-0.013855845,-0.013063783,-0.018562764,-0.022215404,2024
2024-08-06,-0.044759918,-0.04376764,-0.038140073,-0.029764429,-0.032924816,-0.02587882,-0.025068294,-0.029550929,-0.03192519,-0.03154288,2024
2024-08-07,-0.044172414,-0.038796138,-0.040823817,-0.033494793,-0.033305217,-0.033948265,-0.032067087,-0.038386356,-0.037673395,-0.036755186,2024
2024-08-08,-0.062708914,-0.058782,-0.054549858,-0.04987618,-0.05203788,-0.053124376,-0.0454705,-0.053803016,-0.04973364,-0.049811713,2024
2024-08-09,-0.038278867,-0.033952363,-0.034410562,-0.030505132,-0.027974546,-0.033134602,-0.027498893,-0.03385444,-0.029903168,-0.03049219,2024
2024-08-12,-0.050712496,-0.039136913,-0.041954365,-0.034346968,-0.038842883,-0.029892305,-0.033812344,-0.02958944,-0.03562506,-0.03393851,2024
2024-08-13,-0.06814783,-0.04768617,-0.046213094,-0.045182206,-0.039413646,-0.03631783,-0.039713435,-0.037525725,-0.035311215,-0.033296004,2024
2024-08-14,-0.058634415,-0.044058442,-0.036754068,-0.03609165,-0.033213217,-0.03069748,-0.032527838,-0.032368466,-0.031296976,-0.028522316,2024
2024-08-15,-0.030624362,-0.0196189,-0.018138438,-0.0071033197,-0.007411764,-0.009467739,-0.011537115,-0.008454028,-0.011785122,-0.015385045,2024
2024-08-16,-0.019120745,-0.014252552,-0.015831504,-0.01497726,-0.0095133735,-0.012661233,-0.015272601,-0.009270843,-0.016466882,-0.01675148,2024
2024-08-19,-0.010368485,-0.0009616534,-0.010637788,-0.0043847486,0.0013766505,-0.00085044344,0.0006385272,0.00011151713,0.002911002,-0.0035305796,2024
2024-08-20,-0.00833523,-0.008438747,-0.003698327,0.0012111547,0.0062797945,0.0063904384,0.004400322,0.010621372,0.006416059,0.000954918,2024
2024-08-21,0.009284455,0.0075700264,0.013235766,0.018255768,0.02068089,0.017819135,0.022801654,0.022805165,0.015839381,0.009757468,2024
2024-08-22,0.016844831,0.019118141,0.020836066,0.018650267,0.026224226,0.022379994,0.024918944,0.027804447,0.024563722,0.01685285,2024
2024-08-23,-0.00026570467,-0.0048812185,0.0012292938,-0.00028599767,0.0010810804,0.0007225569,0.005136073,0.0056266817,0.0023636227,-0.0033431447,2024
2024-08-26,0.0070801238,0.0069175134,0.008805157,0.006446385,0.006956089,0.010375689,0.0076893964,0.0094859125,0.0040423237,-0.0012138808,2024
2024-08-27,0.019594286,0.012613035,0.014268369,0.0147780515,0.011068023,0.012760545,0.009963588,0.016823338,0.005423922,-0.0034304855,2024
2024-08-28,0.014589736,0.0061861654,0.008283025,0.0048918356,0.0042494787,0.005363203,0.0062343176,0.004290025,0.0021859831,-0.0060351016,2024
2024-08-29,-0.033027336,-0.03734084,-0.031238569,-0.038330846,-0.031375326,-0.03487709,-0.025978675,-0.03287323,-0.030235674,-0.029852457,2024
2024-08-30,-0.044486023,-0.05127062,-0.045902416,-0.04548005,-0.04040846,-0.04625321,-0.04188143,-0.04407673,-0.04033849,-0.041331887,2024
2024-09-02,-0.028655889,-0.028496688,-0.025433876,-0.02105189,-0.020545999,-0.014714603,-0.017381571,-0.017391946,-0.0156007,-0.013411984,2024
2024-09-03,-0.026867906,-0.022141354,-0.017878812,-0.016456744,-0.021154325,-0.015477293,-0.014791242,-0.01491978,-0.0149194,-0.00905164,2024
2024-09-04,-0.022550765,-0.030263808,-0.019094931,-0.022373572,-0.02285665,-0.01843535,-0.0165316,-0.013014349,-0.014045763,-0.010371927,2024
2024-09-05,-0.0032429646,-0.004731986,0.00542108,0.009566956,0.009083225,0.012421435,0.014462013,0.012885309,0.012421152,0.017964903,2024
2024-09-06,0.045519747,0.04675045,0.058247525,0.056279745,0.055134125,0.061368212,0.059003398,0.060875326,0.0634866,0.06604603,2024
2024-09-09,0.050475057,0.054864302,0.065822676,0.058057792,0.068548,0.07153138,0.0654858,0.073237225,0.076028414,0.08088487,2024
2024-09-10,0.107490264,0.109378375,0.11557611,0.117039256,0.12202452,0.120521046,0.11972956,0.11983505,0.12409289,0.12900963,2024
2024-09-11,0.20103458,0.21894084,0.22155197,0.22714584,0.22071505,0.22372234,0.21379612,0.2164416,0.21372285,0.20909221,2024
2024-09-12,0.39177462,0.4012395,0.4044927,0.3970748,0.38667357,0.37333897,0.35418153,0.36114737,0.345424,0.32117423,2024
2024-09-13,0.3721633,0.3838491,0.36872903,0.35180816,0.35213286,0.32820058,0.29736447,0.3106109,0.27939725,0.25535822,2024
2024-09-18,0.30233958,0.30107263,0.29465055,0.2818324,0.27829045,0.27414694,0.2442046,0.24038543,0.2420468,0.21089132,2024
2024-09-19,0.2327936,0.24406324,0.22914104,0.22198828,0.21936402,0.21607848,0.20938076,0.21204378,0.19778591,0.18354109,2024
2024-09-20,0.2466284,0.24928199,0.22673659,0.22579032,0.22366464,0.2055576,0.20486519,0.19915476,0.1892377,0.17576271,2024
2024-09-23,0.2639995,0.26836926,0.23273954,0.22080696,0.21974802,0.20116057,0.18670544,0.18708606,0.17168786,0.15381427,2024
2024-09-24,0.19428511,0.19652694,0.16928639,0.16591088,0.14725666,0.15818803,0.13823079,0.13167603,0.1176124,0.11013651,2024
2024-09-25,0.20922007,0.20478815,0.17927167,0.16930054,0.15821475,0.14439932,0.1512637,0.12277811,0.10843226,0.09774863,2024
2024-09-26,0.1750479,0.15181419,0.12831189,0.11109296,0.1151781,0.09718105,0.0985254,0.08718961,0.064502485,0.063000016,2024
2024-09-27,0.103913285,0.092999764,0.06660965,0.046403162,0.04656027,0.03942033,0.02848433,0.017787192,5.64178e-05,-0.004360998,2024
2024-09-30,-0.009991484,-0.03141894,-0.043345038,-0.049728636,-0.061370857,-0.05859649,-0.063865334,-0.07183878,-0.07916138,-0.07702896,2024
2024-10-08,0.037615754,0.03190216,0.007762167,0.008367771,0.0025984207,-0.004270358,-0.0034783003,-0.007318948,-0.014238645,-0.011869068,2024
2024-10-09,0.06703388,0.049511462,0.04448884,0.027985485,0.024164015,0.019421441,0.009736506,0.0068224855,-0.004093343,-0.012897035,2024
2024-10-10,0.12708014,0.1268178,0.108339585,0.09131555,0.089838356,0.07744667,0.06795429,0.054952733,0.0473427,0.025973706,2024
2024-10-11,0.15427627,0.13798283,0.13227023,0.11188019,0.114380494,0.09758061,0.0945798,0.069389075,0.06393097,0.041868057,2024
2024-10-14,0.12941912,0.11827377,0.11649037,0.0958475,0.096036285,0.08093038,0.083525464,0.07008653,0.055844467,0.039128706,2024
2024-10-15,0.119066976,0.12372364,0.097604066,0.106800556,0.095924444,0.081048265,0.07838616,0.06845124,0.054422915,0.042979866,2024
2024-10-16,0.13130666,0.119449906,0.11980228,0.10384744,0.10345174,0.09084503,0.07729723,0.070368394,0.06464391,0.05929978,2024
2024-10-17,0.08641963,0.0891476,0.07802198,0.07340222,0.07220597,0.06549002,0.056073688,0.056667957,0.05587335,0.05473801,2024
2024-10-18,0.049114708,0.04262441,0.043265488,0.028412506,0.04104195,0.03412915,0.031482585,0.032424167,0.0392726,0.029299036,2024
2024-10-21,0.05625547,0.06929045,0.06201248,0.06325552,0.052617192,0.049375847,0.05375551,0.05357307,0.055059016,0.04650147,2024
2024-10-22,0.06811109,0.0760624,0.08366664,0.06726148,0.063306704,0.06707522,0.06830275,0.059745174,0.059167694,0.051571913,2024
2024-10-23,0.085035406,0.0884355,0.105770014,0.080498345,0.08376166,0.09207392,0.08374514,0.07753116,0.079784855,0.06602388,2024
2024-10-24,0.10132095,0.098492905,0.098474585,0.084962055,0.08932806,0.075249046,0.088107675,0.08161078,0.07744076,0.07114388,2024
2024-10-25,0.08820968,0.09376828,0.0833622,0.07216311,0.07154938,0.06966403,0.06603959,0.059617814,0.05947489,0.045802355,2024
2024-10-28,0.091813825,0.087717414,0.08923045,0.08292373,0.07733543,0.072643414,0.07343981,0.07469034,0.07300579,0.059147023,2024
2024-10-29,0.10029227,0.08047313,0.088822655,0.089333236,0.08194734,0.072663866,0.07517033,0.066119924,0.07053032,0.05390171,2024
2024-10-30,0.060146965,0.059302226,0.060909722,0.06272801,0.058033947,0.05628098,0.051033206,0.053859968,0.05408716,0.043415833,2024
2024-10-31,0.060141638,0.05512845,0.053400174,0.049872436,0.05605467,0.04893262,0.045574475,0.04932534,0.044859994,0.039553285,2024
2024-11-01,0.01934502,0.014430744,0.019244988,0.016077185,0.01993832,0.021912465,0.022988241,0.027708836,0.02720304,0.03077751,2024
2024-11-04,-0.030620933,-0.024711093,-0.015813984,-0.010504324,-0.0088389255,-0.0069487295,0.00020603347,0.0043904874,0.009692274,0.007961876,2024
2024-11-05,-0.024806736,-0.011499041,-0.008651968,1.2912038e-05,0.013263141,0.0050195255,0.0065535754,0.015276549,0.015509759,0.019001761,2024
2024-11-06,-0.025086451,-0.004441073,-0.0028284912,0.009977794,0.0011605913,0.004336218,0.01000141,0.013630529,0.011597319,0.014457561,2024
2024-11-07,-0.07134026,-0.042450596,-0.038656406,-0.028219344,-0.022477165,-0.016653677,-0.015051848,-0.006957179,-0.01116403,-0.0033130427,2024
2024-11-08,-0.11105304,-0.07768039,-0.07590878,-0.057252694,-0.048533026,-0.040781718,-0.033105753,-0.025442602,-0.02298845,-0.016973523,2024
2024-11-11,-0.099368885,-0.08056582,-0.071281426,-0.061393514,-0.050786514,-0.04693542,-0.045098104,-0.020716771,-0.029057458,-0.01482659,2024
2024-11-12,-0.09941662,-0.06891836,-0.07418887,-0.06565907,-0.052654453,-0.04745838,-0.037163273,-0.029973287,-0.024059525,-0.019680774,2024
2024-11-13,-0.05447709,-0.034230974,-0.034161977,-0.019357394,-0.021175213,-0.019651461,0.0023285712,0.0035075177,0.005487915,0.0046266965,2024
2024-11-14,-0.019228855,-0.011330318,-0.009809019,1.9351763e-05,0.006956487,0.007952601,0.018980179,0.025204241,0.026185172,0.019538082,2024
2024-11-15,0.064875565,0.060457088,0.06361586,0.05389278,0.06696082,0.058749594,0.06278715,0.05773169,0.059116647,0.043131407,2024
2024-11-18,0.07313003,0.07160471,0.075954944,0.06652146,0.071990155,0.06488456,0.06964822,0.07145009,0.06239492,0.055681985,2024
2024-11-19,0.023973785,0.029786296,0.026126694,0.03162458,0.03740995,0.03027371,0.036569152,0.035348408,0.041224975,0.03197327,2024
2024-11-20,0.017120348,0.0125862025,0.016898299,0.022933502,0.023129595,0.030271657,0.026213063,0.021479798,0.029709436,0.01942374,2024
2024-11-21,0.038348768,0.038094025,0.03605912,0.04775137,0.047171175,0.046146996,0.047648817,0.046356175,0.052598678,0.032254808,2024
2024-11-22,0.07314304,0.074930646,0.08128226,0.062420644,0.077115916,0.07050576,0.07075785,0.06866482,0.06366575,0.058538076,2024
2024-11-25,0.089942716,0.088408805,0.083556555,0.083581865,0.08597718,0.079446875,0.08214026,0.06926588,0.072462454,0.060767297,2024
2024-11-26,0.100006014,0.10000203,0.09619227,0.0989772,0.101724036,0.09811401,0.09185077,0.08358013,0.07742989,0.06658029,2024
2024-11-27,0.06418584,0.07693446,0.07631663,0.0782937,0.07791479,0.07771638,0.07595659,0.07096401,0.059173133,0.052999966,2024
2024-11-28,0.057904825,0.074605025,0.06652317,0.06922591,0.073075496,0.069441825,0.06377091,0.0604194,0.046479978,0.03725633,2024
2024-11-29,0.012612206,0.026088588,0.02478174,0.04038024,0.035971966,0.03602878,0.034711145,0.037751928,0.02506112,0.022086717,2024
2024-12-02,-0.028065862,-0.014855022,-0.010905711,-0.0053814463,-0.0027439531,-0.0003261388,0.0011014562,0.0055822833,0.002173927,-0.0010200329,2024
2024-12-03,-0.030510185,-0.022011966,-0.020060763,-0.0077133253,-0.0066003,-0.011551484,-0.006476772,0.005926713,0.0028888893,0.00026957798,2024
2024-12-04,-0.031871036,-0.025542859,-0.019460857,-0.011033583,-0.0104714185,-0.013123758,-0.0072413846,-0.0063699256,-0.001246153,-0.0064163064,2024
2024-12-05,-0.01598836,-0.01432805,-0.0019862992,-0.0022484718,-0.0063382452,-0.008153505,-0.0038293833,-0.006578995,-0.004045056,-0.011652931,2024
2024-12-06,-0.04107829,-0.04669635,-0.037348896,-0.03624022,-0.04005031,-0.039487023,-0.036587995,-0.025544949,-0.028044723,-0.02546237,2024
2024-12-09,-0.09188959,-0.09169002,-0.074096836,-0.073102005,-0.068805136,-0.059677187,-0.048607532,-0.04754478,-0.038783792,-0.040157706,2024
2024-12-10,-0.10307413,-0.102626026,-0.09230144,-0.076798305,-0.07956234,-0.07470579,-0.055746056,-0.05056592,-0.04943707,-0.04378211,2024
2024-12-11,-0.1013059,-0.09989638,-0.09135922,-0.07148534,-0.07212874,-0.067033686,-0.060456615,-0.049527332,-0.050403725,-0.04847375,2024
2024-12-12,-0.09235294,-0.094392635,-0.076779336,-0.061386164,-0.060261857,-0.052128326,-0.0428217,-0.033899624,-0.030053126,-0.025314184,2024
2024-12-13,-0.1028233,-0.098552,-0.075140804,-0.06889891,-0.06313457,-0.053862218,-0.043065153,-0.031157933,-0.02900176,-0.022056295,2024
2024-12-16,-0.0821172,-0.06851603,-0.061214317,-0.05750337,-0.046998937,-0.038884196,-0.032014918,-0.024619589,-0.025773194,-0.018946068,2024
2024-12-17,-0.08813535,-0.07331602,-0.076193176,-0.06305195,-0.05233257,-0.052140094,-0.045020863,-0.03854769,-0.042250253,-0.041350402,2024
2024-12-18,-0.12996429,-0.11369814,-0.10096688,-0.100902826,-0.079603754,-0.0686594,-0.06724144,-0.061812304,-0.052668154,-0.05310043,2024
2024-12-19,-0.18152069,-0.16215064,-0.1502105,-0.13224085,-0.12004011,-0.10935765,-0.09475271,-0.086874336,-0.07453612,-0.07280067,2024
2024-12-20,-0.14189194,-0.11700019,-0.11269829,-0.09493381,-0.086575486,-0.08034864,-0.0660896,-0.0651141,-0.05963041,-0.057093766,2024
2024-12-23,-0.100111835,-0.09039691,-0.09058363,-0.0802383,-0.07408903,-0.06790545,-0.06502273,-0.055981133,-0.05656755,-0.05779924,2024
2024-12-24,-0.05411898,-0.05809921,-0.052718844,-0.052833173,-0.05034887,-0.04585665,-0.04530878,-0.04192281,-0.045677535,-0.046553995,2024
2024-12-25,-0.07787466,-0.08384568,-0.07184531,-0.077602,-0.07593373,-0.06402718,-0.066873305,-0.05792831,-0.06127368,-0.06162097,2024
2024-12-26,-0.114460096,-0.12131072,-0.112354614,-0.113552585,-0.107765794,-0.09472309,-0.09007237,-0.08702004,-0.08705181,-0.087640606,2024
2024-12-27,-0.04977145,-0.062235396,-0.06568155,-0.06396078,-0.06353479,-0.05542819,-0.05212768,-0.050466165,-0.05413555,-0.056355774,2024
2024-12-30,-0.005423866,-0.033923987,-0.032430228,-0.039902315,-0.04021127,-0.034659367,-0.032078054,-0.030805623,-0.039215513,-0.0380374,2024
2024-12-31,0.020578247,-0.008587303,-0.004783608,-0.010022447,-0.013034255,-0.006239698,-0.006615754,-0.008814747,-0.013844746,-0.012313758,2024
2025-01-02,0.055594247,0.02605817,0.025020584,0.021612229,0.01703507,0.021475485,0.02223599,0.018787157,0.010270009,0.0115223825,2025
2025-01-03,0.10506989,0.07758661,0.07116563,0.066128746,0.05591152,0.06034053,0.049770433,0.04289845,0.034202375,0.02920439,2025
2025-01-06,0.088468455,0.063195474,0.05371782,0.048608392,0.03789606,0.040458508,0.034942042,0.034897063,0.023466742,0.026412422,2025
2025-01-07,0.066345654,0.046265457,0.03601863,0.033396605,0.039421182,0.034063723,0.027056215,0.027606571,0.019754305,0.019051343,2025
2025-01-08,0.046879426,0.033490103,0.030782908,0.023758953,0.03205039,0.035528123,0.028920665,0.029462071,0.027938507,0.028378986,2025
2025-01-09,0.040036328,0.03260435,0.034253992,0.030031892,0.03377037,0.035087448,0.034200802,0.031989254,0.034712184,0.030586544,2025
2025-01-10,0.07072803,0.06827327,0.06931077,0.06230204,0.068708174,0.06499424,0.06937695,0.06465948,0.05952254,0.056022536,2025
2025-01-13,0.017134083,0.022766406,0.02691341,0.029448263,0.027383521,0.030146549,0.027231976,0.027404957,0.028696386,0.022285916,2025
2025-01-14,0.019354744,0.026186852,0.026921254,0.03327245,0.023424149,0.031220755,0.022820866,0.029075418,0.021355951,0.021486731,2025
2025-01-15,0.052798644,0.042162005,0.05194937,0.051947538,0.04246404,0.041498035,0.041088067,0.037435688,0.031638503,0.027991213,2025
2025-01-16,0.0658625,0.059124433,0.07404719,0.063750535,0.057043385,0.054197893,0.05416338,0.051528227,0.04695462,0.039863966,2025
2025-01-17,0.07085133,0.060406666,0.053874157,0.057583943,0.051593803,0.047968257,0.04621436,0.04171914,0.038535252,0.028601678,2025
2025-01-20,0.073583424,0.07571548,0.07032655,0.07021388,0.06252689,0.058090582,0.049851842,0.05172922,0.042705297,0.03585385,2025
2025-01-21,0.086855814,0.075608596,0.07908513,0.07635858,0.067769624,0.06836019,0.06507564,0.0589864,0.05606761,0.04804171,2025
2025-01-22,0.05633956,0.060922317,0.06517266,0.07246388,0.05578018,0.05963506,0.048128024,0.04669109,0.04121324,0.033492863,2025
2025-01-23,0.08812757,0.0892791,0.08152363,0.088963,0.07481231,0.06004158,0.07369924,0.06613449,0.060360894,0.050724145,2025
2025-01-24,0.08208379,0.0908055,0.081530206,0.07180956,0.052438255,0.06210953,0.039285015,0.044691574,0.03484213,0.025773367,2025
2025-01-27,0.09959671,0.08442896,0.0781085,0.06398521,0.05584126,0.056615587,0.04094046,0.04369009,0.0404407,0.032339625,2025
2025-02-05,0.095344774,0.09407607,0.07785332,0.06586817,0.061035506,0.051906094,0.044099834,0.046428017,0.03547203,0.031161103,2025
2025-02-06,0.07972611,0.082478784,0.06447071,0.05063683,0.04297434,0.032286827,0.02908615,0.021499785,0.018884894,0.011825831,2025
2025-02-07,0.076030046,0.07040904,0.059637766,0.050644968,0.039195187,0.032290757,0.022609226,0.020259352,0.0137770055,0.009484844,2025
2025-02-10,0.060316123,0.06664106,0.055636827,0.04695689,0.03655663,0.030389864,0.018972151,0.01698923,0.0126300715,0.0059160925,2025
2025-02-11,0.06300967,0.06422659,0.05645957,0.046693075,0.038380746,0.0317173,0.029222984,0.023075288,0.018202677,0.0156137245,2025
2025-02-12,0.061574668,0.054764576,0.05418564,0.044907935,0.04247996,0.035774194,0.024349965,0.017245527,0.015917053,0.01198684,2025
2025-02-13,0.03069344,0.033718254,0.031856336,0.030432668,0.03208906,0.029722765,0.016577601,0.013380691,0.010755807,0.009952571,2025
2025-02-14,-0.010342843,0.0038262594,0.009120919,0.014034277,0.020256964,0.01776707,0.010148831,0.00939045,0.011505161,0.0031851677,2025
2025-02-17,0.007451983,0.013917676,0.024759915,0.021980722,0.025142321,0.023988534,0.0190726,0.015406076,0.01128365,0.01060726,2025
2025-02-18,0.013460364,0.024668317,0.0272374,0.023545315,0.029874144,0.025693197,0.019091932,0.013656007,0.011256825,0.01026937,2025
2025-02-19,0.026196878,0.038240932,0.036344524,0.0329016,0.031378888,0.02841564,0.022083206,0.016220074,0.01427403,0.010202988,2025
2025-02-20,0.01132334,0.028060965,0.025851635,0.020395217,0.030127447,0.023922691,0.026275264,0.020961665,0.018161403,0.015556194,2025
2025-02-21,-0.005049075,0.008383621,0.017143017,0.015387339,0.023430651,0.021913702,0.018944688,0.018661564,0.016446998,0.011598059,2025
2025-02-24,-0.014852973,-0.0029678459,0.016269831,0.015837643,0.017228339,0.021220187,0.019309843,0.022228435,0.020812837,0.01558937,2025
2025-02-25,-0.009233811,0.015962724,0.023495184,0.022690656,0.024234883,0.021868875,0.023928449,0.022622839,0.020168956,0.017273022,2025
2025-02-26,-0.03353794,-0.0052028587,-0.0009842553,0.010402921,0.011926927,0.009298597,0.016869316,0.013231027,0.01379446,0.012148439,2025
2025-02-27,0.008843294,0.024547663,0.029228074,0.038440548,0.031092502,0.031339686,0.035980295,0.03484255,0.029996067,0.029646423,2025
2025-02-28,0.053673178,0.055099968,0.050731312,0.05596481,0.048716504,0.046338953,0.044957317,0.049243856,0.04115249,0.03893987,2025
2025-03-03,0.055270255,0.056847107,0.056912266,0.05558286,0.05304589,0.04717953,0.052909844,0.049362168,0.045628265,0.040622234,2025
2025-03-04,0.03149205,0.042322144,0.04680565,0.041782424,0.055908304,0.046322264,0.050525174,0.053564772,0.050056018,0.0440273,2025
2025-03-05,-0.0024071978,0.0074795466,0.01972768,0.020549871,0.03518304,0.03508461,0.041249737,0.041240353,0.04009908,0.03532564,2025
2025-03-06,-0.037335437,-0.012077237,-0.00768559,0.0065862075,0.020129021,0.02436889,0.02768794,0.034230195,0.033395927,0.030520339,2025
2025-03-07,-0.05961386,-0.043283902,-0.030321192,-0.019194476,-0.0071989815,0.0023688944,0.0069083916,0.013790254,0.012962791,0.012411519,2025
2025-03-10,-0.06512342,-0.049333278,-0.032203905,-0.017762797,-0.008761185,0.0026367484,0.008129896,0.013967198,0.019667117,0.015457018,2025
2025-03-11,-0.086898424,-0.05898,-0.045886807,-0.020863714,-0.014846588,0.004321554,0.0039262637,0.014677413,0.021993099,0.012012205,2025
2025-03-12,-0.061512664,-0.03960344,-0.03109865,-0.010330308,-0.00524245,0.006350366,0.01179301,0.017145338,0.02356567,0.018726913,2025
2025-03-13,-0.073933944,-0.054435287,-0.0437807,-0.023920143,-0.02106789,-0.014093164,-0.0048820055,-0.0002486066,0.002982711,0.0020856475,2025
2025-03-14,-0.111414805,-0.09375711,-0.072217025,-0.06228216,-0.053645723,-0.048183117,-0.036478013,-0.034699723,-0.026630882,-0.02732986,2025
2025-03-17,-0.10376682,-0.07990236,-0.0616017,-0.050196156,-0.043532364,-0.035465613,-0.026987126,-0.019016672,-0.016303765,-0.018739047,2025
2025-03-18,-0.09508952,-0.07279205,-0.058549393,-0.04490333,-0.037829578,-0.029405484,-0.024687683,-0.016972138,-0.014715214,-0.015876848,2025
2025-03-19,-0.107656695,-0.08493578,-0.06823545,-0.05508753,-0.043363806,-0.038283225,-0.028851703,-0.025774375,-0.018190147,-0.017358754,2025
2025-03-20,-0.19297625,-0.16370878,-0.1535025,-0.13690265,-0.130501,-0.113342814,-0.10923103,-0.10172632,-0.09181955,-0.08256491,2025
2025-03-21,-0.20335478,-0.16943088,-0.15936704,-0.14482914,-0.13518414,-0.11200879,-0.11516121,-0.10157328,-0.095468484,-0.07712434,2025
2025-03-24,-0.1933822,-0.16833602,-0.14855996,-0.15036643,-0.13484178,-0.11962497,-0.11805142,-0.11007458,-0.102508634,-0.08836341,2025
2025-03-25,-0.120168045,-0.10501692,-0.08672079,-0.09648532,-0.08285162,-0.07352932,-0.07679701,-0.076243244,-0.06885655,-0.059193254,2025
2025-03-26,-0.10638321,-0.087087214,-0.0858908,-0.07695709,-0.07133519,-0.07280345,-0.06750494,-0.068030074,-0.07391198,-0.06591592,2025
2025-03-27,-0.07274069,-0.055123083,-0.0560558,-0.05578506,-0.053870894,-0.04624975,-0.04893438,-0.0546838,-0.054693986,-0.047706775,2025
2025-03-28,-0.04372627,-0.034870192,-0.040110204,-0.041508645,-0.025132425,-0.035063192,-0.033840552,-0.03638308,-0.040000133,-0.034197032,2025
2025-03-31,-0.07823222,-0.069671676,-0.06609152,-0.06414512,-0.059914954,-0.062692255,-0.056115165,-0.059956647,-0.06312839,-0.04778796,2025
2025-04-01,-0.071461685,-0.06962029,-0.059677318,-0.052344013,-0.0571576,-0.045593806,-0.059524007,-0.05489729,-0.057539787,-0.04670587,2025
2025-04-02,-0.06784022,-0.067120455,-0.056884248,-0.054100264,-0.04748186,-0.052958786,-0.053855386,-0.056088664,-0.05778481,-0.051710773,2025
2025-04-03,0.073199,0.057622403,0.059386678,0.05779809,0.0630478,0.051285062,0.05236203,0.050739557,0.047664084,0.04214414,2025
2025-04-07,0.12767723,0.1132419,0.105031416,0.09557318,0.09528503,0.092941046,0.08786288,0.07848638,0.07687742,0.07288227,2025
2025-04-08,0.15329193,0.12800904,0.12160147,0.11529148,0.11533123,0.107857026,0.10243812,0.089121215,0.08764834,0.07193924,2025
2025-04-09,0.040890597,0.032347,0.037173513,0.02857977,0.039434705,0.036327384,0.037748568,0.033097666,0.03074311,0.019125812,2025
2025-04-10,0.02864877,0.020778425,0.025874432,0.024810076,0.034371942,0.034793768,0.03367685,0.0322726,0.03237961,0.028051438,2025
2025-04-11,-0.009563141,-0.011535413,-0.010601695,-0.0045315498,-0.002153093,0.006252084,0.0072895032,0.0028674526,0.00946046,0.006384651,2025
2025-04-14,0.004820319,0.00011646456,-0.0018603277,0.0044490746,0.009718911,0.010307472,0.009512854,0.010543148,0.014595742,0.013786806,2025
2025-04-15,0.043501478,0.030264257,0.02144424,0.027592381,0.030184556,0.029164398,0.029223561,0.028024308,0.032340605,0.03484082,2025
2025-04-16,0.062454857,0.04560906,0.03906153,0.042324584,0.03474117,0.03939168,0.029211206,0.03650165,0.03750954,0.03614535,2025
2025-04-17,0.08449763,0.07930017,0.07456194,0.06145076,0.06727606,0.060818035,0.054382935,0.057181314,0.05392127,0.04652873,2025
2025-04-18,0.06874594,0.0698196,0.067504995,0.061431307,0.06272761,0.050987978,0.051214255,0.05370283,0.049707927,0.044425935,2025
2025-04-21,0.042647604,0.043322567,0.050799765,0.0407856,0.04530906,0.04537723,0.038280617,0.04170261,0.047861278,0.04880055,2025
2025-04-22,0.044062417,0.036985952,0.05009372,0.04473521,0.03711526,0.049188558,0.04156392,0.0393103,0.046107538,0.04493182,2025
2025-04-23,0.0692988,0.061479192,0.07456564,0.05912373,0.055666484,0.05742157,0.04925701,0.05278888,0.042247623,0.03413309,2025
2025-04-24,0.057266124,0.057686705,0.05591841,0.05433006,0.052043285,0.051738877,0.041438967,0.043723207,0.043037772,0.039917808,2025
2025-04-25,0.053999454,0.05720402,0.07010419,0.06198732,0.06001026,0.060703453,0.05775843,0.04958989,0.050056163,0.05421913,2025
2025-04-28,0.05490802,0.059371054,0.06259638,0.054839153,0.060133584,0.055993978,0.052428097,0.050639015,0.050484736,0.052748922,2025
2025-04-29,0.033290345,0.044872902,0.05163781,0.045560315,0.052662775,0.052659888,0.049255457,0.042132687,0.043318193,0.04723954,2025
2025-04-30,0.017445518,0.035806686,0.04645449,0.039161243,0.043009404,0.047777936,0.041586712,0.0379716,0.039865647,0.042700455,2025
2025-05-06,-0.006088026,0.016050123,0.025053672,0.018322755,0.029394966,0.030002201,0.027494757,0.02431556,0.024717884,0.027269596,2025
2025-05-07,-0.016056832,0.0060823,0.013592254,0.008806552,0.013558752,0.014468286,0.016425092,0.01266522,0.012657362,0.011245563,2025
2025-05-08,-0.009427235,0.005467625,0.011299191,0.0043538804,0.01025024,0.008542077,0.013785955,0.010037593,0.011205391,0.010461437,2025
2025-05-09,-0.024487691,-0.011341435,-0.0046060956,-0.0011465827,6.761256e-06,-0.00060847355,0.009621815,0.002630116,-0.001440516,0.0022769761,2025
2025-05-12,-0.039098516,-0.014446273,-0.008600881,3.3836022e-05,-0.0044339364,-0.0040776394,0.00015870173,0.0059350193,0.0011584662,0.0017586211,2025
2025-05-13,-0.029890131,-0.010762839,0.0006059299,0.0005467247,0.012142971,0.0010114427,0.0069147493,0.01059214,0.00577327,0.009768299,2025
2025-05-14,-0.0030178858,0.009013514,0.015599474,0.016283842,0.022690536,0.02158457,0.023227844,0.015994027,0.015715834,0.013790904,2025
2025-05-15,-0.024820508,0.0011335791,0.0009997124,0.014191712,0.008631922,0.010831541,0.017730476,0.016700536,0.014769581,0.0138060935,2025
2025-05-16,-0.01464173,-0.0017013402,0.010906629,0.010103335,0.009350428,0.0077560623,0.017533852,0.01666673,0.01040803,0.009803091,2025
2025-05-19,-0.012545804,-0.004884933,0.006331033,0.0059365733,0.00059591193,0.0067672846,0.010231815,0.015999094,0.010958888,0.010703582,2025
2025-05-20,0.0037469955,-0.0012049306,0.011259157,0.015732065,0.013134758,0.008345062,0.01110058,0.013490698,0.0099099465,0.006990389,2025
2025-05-21,0.008049547,0.009171977,0.016549796,0.021083482,0.023512024,0.014472721,0.021105232,0.021596685,0.020184517,0.015189194,2025
2025-05-22,0.03141946,0.030190935,0.035049785,0.038788818,0.039245196,0.035310373,0.0385373,0.035864376,0.033039108,0.030429538,2025
2025-05-23,0.028838146,0.033136003,0.04039202,0.039385755,0.044652954,0.041356735,0.035146248,0.040447816,0.034958858,0.027686022,2025
2025-05-26,0.026167665,0.032648873,0.03919614,0.043295987,0.044275843,0.04261874,0.038083456,0.04578691,0.03651981,0.0327288,2025
2025-05-27,0.03162347,0.032802355,0.03774055,0.04624446,0.040989894,0.038473275,0.037424244,0.036861066,0.03562038,0.025285179,2025
2025-05-28,0.004634654,0.012849487,0.015671575,0.015113365,0.017448885,0.021614786,0.01479932,0.017088143,0.021960106,0.011553239,2025
2025-05-29,0.021412628,0.021751802,0.028246049,0.025548201,0.019849814,0.0250379,0.025554778,0.017172698,0.019290002,0.010045389,2025
2025-05-30,0.012061608,0.026374452,0.023339747,0.026488945,0.0209528,0.018239653,0.024472648,0.019239955,0.013760944,0.011658035,2025
2025-06-03,-0.005419148,0.0068890923,0.011159767,0.0024847393,0.010062187,0.0060626445,0.011851312,0.004404753,0.006107418,0.0003033842,2025
2025-06-04,-0.011938635,-0.013044387,-0.0022080487,-0.004241566,-0.0053050066,-0.0009658914,-0.001988822,-0.004827503,-0.007173622,-0.009612097,2025
2025-06-05,-0.035991035,-0.029469587,-0.018516721,-0.016087258,-0.015938846,-0.013381132,-0.012400217,-0.011339035,-0.013229044,-0.0140954675,2025
2025-06-06,-0.046934154,-0.036175434,-0.022388294,-0.024799792,-0.023496997,-0.017135074,-0.014175665,-0.016305048,-0.019986408,-0.019187141,2025
2025-06-09,-0.020021107,-0.004458544,0.0018078886,0.0058924453,0.005405658,0.0058912574,0.004417687,0.0044206553,-0.00035400965,-0.0028411145,2025
2025-06-10,-0.00489264,-0.00032708203,0.00867399,0.008557126,0.012170026,0.009039884,0.008164686,0.006946599,0.004242955,0.001596088,2025
2025-06-11,-0.009995163,0.004723856,0.013173603,0.021383727,0.018034399,0.017744059,0.016827952,0.017278396,0.01372584,0.010174831,2025
2025-06-12,0.0029074969,0.026936695,0.02590491,0.03834494,0.029279368,0.03132849,0.030852582,0.026947238,0.025654994,0.017732656,2025
2025-06-13,0.0144643765,0.029978119,0.042819053,0.03754438,0.034533802,0.047533475,0.034616992,0.029688874,0.025355054,0.021974685,2025
2025-06-16,0.022982428,0.037582457,0.041489854,0.039464016,0.051078953,0.03992971,0.03767324,0.036185045,0.028284166,0.026679894,2025
2025-06-17,0.02397672,0.038872056,0.04059004,0.04140005,0.048510604,0.04773463,0.040242,0.040466998,0.035806112,0.03131155,2025
2025-06-18,0.037398808,0.04399015,0.049661208,0.05816095,0.05876153,0.055192888,0.05686666,0.05290527,0.050617225,0.040670138,2025
2025-06-19,0.064914756,0.05824669,0.06692718,0.05832122,0.06328406,0.059238426,0.06461115,0.056038897,0.05040496,0.045179762,2025
2025-06-20,0.055674896,0.05322116,0.05546113,0.05343103,0.057065837,0.06085193,0.057462875,0.056783948,0.051561117,0.04713028,2025
2025-06-23,0.042936713,0.036468253,0.0449272,0.04110449,0.048539042,0.047712315,0.0482392,0.043815166,0.042587064,0.035238344,2025
2025-06-24,0.035796314,0.032572877,0.035152797,0.04213581,0.042986896,0.050049596,0.04300436,0.043428082,0.03699318,0.03227454,2025
2025-06-25,0.016054455,0.012485184,0.024241058,0.026966538,0.03718957,0.0420819,0.039500073,0.041550316,0.03421952,0.031887308,2025
2025-06-26,0.017723706,0.01119879,0.023445386,0.027956974,0.037861135,0.03872117,0.038993355,0.04121318,0.039347164,0.033182345,2025
2025-06-27,0.010573903,0.009054599,0.022969957,0.02726546,0.035450514,0.035553098,0.03701855,0.041816108,0.039280698,0.035923105,2025
2025-06-30,-0.0016259033,0.0023231371,0.004650859,0.010702136,0.028750464,0.021228908,0.020020163,0.028018393,0.029673625,0.021710206,2025
2025-07-01,0.023053462,0.012403321,0.020169294,0.021155361,0.02650762,0.032429036,0.027327646,0.028594466,0.028439155,0.020393588,2025
2025-07-02,0.031101383,0.022265306,0.02624548,0.029207347,0.02900667,0.03153614,0.026949745,0.025281057,0.027346572,0.02225541,2025
2025-07-03,0.03724522,0.025755603,0.0388666,0.033997957,0.0363467,0.041296493,0.03224792,0.035574295,0.028418746,0.024539998,2025
2025-07-04,0.04865054,0.042011004,0.04519582,0.045305964,0.046234224,0.050591845,0.048064746,0.044135507,0.04166191,0.035878424,2025
2025-07-07,0.04155732,0.035350624,0.03460527,0.039813917,0.038843334,0.03785036,0.04599733,0.04597483,0.04222859,0.038453292,2025
2025-07-08,0.02454521,0.025476346,0.027780559,0.03265683,0.03091254,0.03818256,0.039879974,0.043175586,0.044413537,0.04024207,2025
2025-07-09,0.035223823,0.035992857,0.04161703,0.03607705,0.040259697,0.042907,0.04231821,0.04730591,0.042542722,0.043466564,2025
2025-07-10,0.036225896,0.041697886,0.04690697,0.03967759,0.044972543,0.04363554,0.041672036,0.050471406,0.046484504,0.039958037,2025
2025-07-11,0.048634432,0.038640656,0.04495294,0.039953843,0.03951381,0.04178675,0.038515583,0.040968787,0.03550156,0.03651654,2025
2025-07-14,0.06265006,0.050455034,0.056021202,0.04748103,0.042329572,0.044086378,0.04194258,0.049706217,0.041778985,0.042676542,2025
2025-07-15,0.050830297,0.041739635,0.049106933,0.044972718,0.03963334,0.04197194,0.04053832,0.041514006,0.042082343,0.046598945,2025
2025-07-16,0.03663837,0.032015655,0.040184356,0.035120755,0.02556077,0.029778384,0.025047932,0.024544917,0.028650543,0.029828079,2025
2025-07-17,0.030034835,0.021472177,0.027498243,0.02311913,0.025418472,0.022846868,0.020483216,0.021117104,0.024512932,0.021265829,2025
2025-07-18,0.030001665,0.020388087,0.01867914,0.017748963,0.020716462,0.012120949,0.016135529,0.009653803,0.009744417,0.011901903,2025
2025-07-21,0.047541387,0.038321637,0.028438315,0.030496785,0.02380146,0.02426534,0.020587217,0.018274242,0.013444398,0.012074254,2025
2025-07-22,0.06487255,0.054958146,0.038262777,0.03157426,0.041427962,0.03141475,0.025312666,0.019656848,0.010605971,0.009076128,2025
2025-07-23,0.06402394,0.04935439,0.043065228,0.038772594,0.041075375,0.035326008,0.027111333,0.017565887,0.014511194,0.0077668726,2025
2025-07-24,0.05327741,0.042207383,0.03690872,0.032170583,0.034585252,0.025487771,0.020810563,0.013740523,0.0067927907,0.0018445821,2025
2025-07-25,0.0574895,0.054366887,0.04018647,0.039778765,0.044042587,0.035583276,0.024671834,0.022608485,0.014730827,0.012850647,2025
2025-07-28,0.058324717,0.04880447,0.04271223,0.04469496,0.0482419,0.0379296,0.030902773,0.028487533,0.023247525,0.021522947,2025
2025-07-29,0.07366856,0.057019427,0.04764215,0.04451298,0.04878119,0.04031592,0.030563688,0.029683856,0.022712657,0.02389136,2025
2025-07-30,0.07594965,0.04697446,0.048147023,0.042590294,0.045657255,0.04505107,0.033274904,0.033824347,0.028037477,0.027721211,2025
2025-07-31,0.087794,0.05619113,0.05954288,0.049016595,0.050546557,0.04607041,0.034533802,0.033640202,0.029478474,0.031084403,2025
2025-08-01,0.1065059,0.081410155,0.072477885,0.066136934,0.06489101,0.058069635,0.047819383,0.043593876,0.040576,0.041563176,2025
2025-08-04,0.10052633,0.072914004,0.064851284,0.05389392,0.056449395,0.045301966,0.04500985,0.031556126,0.03701362,0.03485679,2025
2025-08-05,0.07371877,0.057595488,0.055438988,0.050549306,0.05497273,0.040245086,0.03629898,0.038489215,0.033675507,0.037080724,2025
2025-08-06,0.07076142,0.053638846,0.06234612,0.04800433,0.056950383,0.04454922,0.049098853,0.042110775,0.04084091,0.040217116,2025
2025-08-07,0.07765306,0.058285844,0.061180945,0.057864364,0.053220466,0.042642653,0.044922642,0.037800092,0.039363258,0.036453076,2025
2025-08-08,0.08342559,0.064116456,0.06298262,0.05520346,0.050534047,0.042377796,0.04931255,0.040790208,0.03796026,0.042289685,2025
2025-08-11,0.078932494,0.067531794,0.062072225,0.063760705,0.054845545,0.045753986,0.051082928,0.04338486,0.042177707,0.043198463,2025
2025-08-12,0.063526295,0.048251897,0.05608481,0.046925966,0.05040205,0.039867286,0.04190123,0.03439767,0.036679864,0.032820605,2025
2025-08-13,0.036273252,0.033640552,0.036065523,0.029277483,0.030106107,0.020284098,0.025180591,0.016803062,0.01511762,0.018810827,2025
2025-08-14,0.047994256,0.037279647,0.03971709,0.041785035,0.032808345,0.029758759,0.024541633,0.023030668,0.024125312,0.026293771,2025
2025-08-15,0.029936831,0.021569287,0.031339876,0.025433896,0.021388818,0.018098848,0.015886554,0.013369054,0.016129464,0.012835544,2025
2025-08-18,0.0029204183,-0.00837881,0.006036341,0.0018791263,0.0026483005,-0.0011168239,-0.0019995496,0.00079252344,0.003149424,0.0042481176,2025
2025-08-19,-0.00047966716,-0.011149962,-0.009306168,-0.006809715,-0.011536284,-0.013997702,-0.01655816,-0.015380833,-0.009575588,-0.007821722,2025
2025-08-20,-0.027394019,-0.031153021,-0.03707525,-0.032013934,-0.029598812,-0.035184696,-0.031051282,-0.031306546,-0.026509479,-0.023387346,2025
2025-08-21,-0.031097302,-0.035278678,-0.028572636,-0.026215503,-0.030386632,-0.01895807,-0.025388474,-0.022435296,-0.017258452,-0.01637857,2025
2025-08-22,-0.03239263,-0.025788134,-0.025901794,-0.014879159,-0.016206818,-0.014042515,-0.01666797,-0.013919968,-0.012181603,-0.00687003,2025
2025-08-25,-0.033645935,-0.026643625,-0.03427895,-0.021415725,-0.0245824,-0.02223168,-0.022827335,-0.01929147,-0.015798835,-0.015517376,2025
2025-08-26,-0.033590402,-0.031052133,-0.029285423,-0.018436877,-0.023752168,-0.021062952,-0.013584022,-0.016551228,-0.011177867,-0.010805141,2025
2025-08-27,0.0006709943,-0.0015266014,0.0070312903,0.0067596,-0.0015563759,0.011744057,0.010558408,0.010746597,0.011242202,0.008311119,2025
2025-08-28,0.0052851895,0.0062294947,0.006687396,0.0054485993,0.010314457,0.015243236,0.019515796,0.010223742,0.013020132,0.008341393,2025
2025-08-29,-0.007605119,-0.006648796,-0.0008750411,0.0010462477,-0.0009737349,0.005245209,0.0067238635,0.007314657,0.00807626,0.007345158,2025
2025-09-01,0.019717488,0.018078106,0.019268839,0.023212878,0.018295066,0.02229363,0.024397494,0.019078292,0.015562844,0.012785166,2025
2025-09-02,0.04960932,0.044935197,0.03689274,0.046004955,0.04007756,0.03866835,0.039355308,0.0335479,0.030378858,0.024561021,2025
2025-09-03,0.09076948,0.07468711,0.06425647,0.05302482,0.05224883,0.0446246,0.044228632,0.029543575,0.030473426,0.02162422,2025
2025-09-04,0.078477405,0.053410113,0.048634846,0.034202486,0.028047593,0.024054004,0.021196997,0.016674405,0.006740914,0.006807409,2025
2025-09-05,0.054294165,0.028501967,0.018541101,0.010421997,0.0008758941,-0.004965754,-0.0025634505,-0.0064528417,-0.012909093,-0.01249067,2025
2025-09-08,0.046778582,0.013223781,0.014046379,-0.0040576905,-0.024973048,-0.01965059,-0.013747334,-0.026105281,-0.027252281,-0.025937824,2025
2025-09-09,0.047842797,0.028575093,0.03376256,0.019675467,0.00033619377,-0.0014575509,-0.0002022538,-0.0065272427,-0.008012531,-0.011991788,2025
2025-09-10,0.041979633,0.036649074,0.036755398,0.022881743,0.0038232969,-9.696745e-05,-0.00010502181,-0.008987967,-0.002567785,-0.0077736457,2025
2025-09-11,-0.0017769784,0.0135957,0.011548327,-0.0003187423,-0.011280439,-0.017146539,-0.014552888,-0.02065994,-0.020004958,-0.020271542,2025
2025-09-12,-0.0074257297,0.0114655355,0.0063085956,-0.0047055804,-0.004137671,-0.013921962,-0.015228222,-0.017567044,-0.019108206,-0.019522697,2025
2025-09-15,0.00014182375,0.027350107,0.01589309,0.002896937,0.004672547,-0.014258247,-0.009085797,-0.012425315,-0.015626268,-0.018278886,2025
2025-09-16,-0.009616478,0.015353307,0.012649631,0.00027944837,-0.0001361312,-0.010158365,-0.010705063,-0.015888443,-0.0156074865,-0.017477183,2025
2025-09-17,-0.036894824,0.0008184338,0.0076602683,0.00014255202,0.010472814,0.0020079066,-0.0013872755,-0.000115982904,-0.0052108183,-0.0059252367,2025
2025-09-18,-0.03847146,-0.015080612,-0.0011684082,-0.0043531773,0.0077939797,-0.004608058,0.0018332829,-0.002296649,-0.005950354,-0.00495509,2025
2025-09-19,-0.038282275,0.00044386028,0.013996446,0.009760685,0.02467442,0.021741133,0.01930338,0.014450921,0.01504465,0.007972779,2025
2025-09-22,-0.041708965,-0.0031442158,0.019230422,0.017283343,0.035074603,0.041642934,0.031077458,0.03229709,0.036115956,0.028504407,2025
2025-09-23,-0.03747002,-0.013300199,-0.00018531168,0.0015943988,0.017859913,0.019387223,0.019245327,0.01702849,0.01611013,0.011604755,2025
2025-09-24,-0.075889625,-0.042988118,-0.038748734,-0.019437028,-0.0052910405,0.0014067156,0.007576268,0.0036098643,0.0035309687,0.0005349101,2025
2025-09-25,-0.051451948,-0.0333498,-0.03272358,-0.0121574085,-0.0007758102,0.0012508711,0.005951428,0.008031245,0.008195097,0.001738908,2025
2025-09-26,-0.033833507,-0.025659548,-0.010626929,-0.0010826549,0.01682312,0.015425687,0.016594876,0.020774303,0.021872658,0.0152266435,2025
2025-09-29,-0.046971932,-0.03473476,-0.01978971,-0.0049480363,0.0047472254,0.0153552815,0.009703914,0.019877156,0.021641744,0.014641163,2025
2025-09-30,-0.07576908,-0.056675587,-0.041054428,-0.020834226,-0.010713046,0.0058854595,0.0057538785,0.018200666,0.015626375,0.01581378,2025
2025-10-09,-0.031475265,-0.03011348,-0.025145147,-0.0063915434,-0.003584865,0.0046672565,0.01698587,0.014611336,0.01644836,0.012789466,2025
2025-10-10,0.017376276,0.0047220555,0.0029498017,0.01739992,0.024505457,0.026714066,0.03429215,0.030494511,0.036074128,0.02685192,2025
2025-10-13,0.010953,-0.001604376,0.0028026549,0.007359243,0.013706944,0.015153927,0.01957831,0.02206052,0.024438715,0.01953247,2025
2025-10-14,0.03839648,0.0107250195,0.008179475,0.0089354655,0.016501943,0.01486486,0.016528482,0.019860694,0.014798556,0.012352942,2025
2025-10-15,0.022782572,0.009346414,0.005826391,0.007882383,0.021506045,0.0120446505,0.016554961,0.014955098,0.014148288,0.012708875,2025
2025-10-16,0.04381234,0.037545945,0.03220484,0.027992414,0.031870104,0.035605233,0.029827205,0.028990539,0.031381167,0.027796688,2025
2025-10-17,0.034399185,0.031232022,0.031542692,0.033297546,0.03423358,0.036434002,0.036447622,0.03855784,0.034004513,0.035403688,2025
2025-10-20,0.01181286,0.017470276,0.01811341,0.019760527,0.024774162,0.02370527,0.028365966,0.024006663,0.024239542,0.025644442,2025
2025-10-21,-0.0014238418,0.019828914,0.010605261,0.02150031,0.023009066,0.02299465,0.021595329,0.024768686,0.02351988,0.02179798,2025
2025-10-22,0.03163956,0.04428117,0.036710877,0.031073155,0.038171604,0.03600748,0.03143914,0.032082744,0.03045113,0.026045999,2025
2025-10-23,0.010957484,0.026237115,0.019124065,0.0234912,0.025471164,0.029558655,0.030008418,0.019498484,0.02263379,0.017522966,2025
2025-10-24,-0.011978155,0.003764446,0.012281199,0.02341282,0.027411882,0.023859749,0.032451104,0.028232187,0.023505332,0.02584968,2025
2025-10-27,-0.013077293,0.009842153,0.0077598295,0.022645492,0.026813313,0.031014074,0.03221102,0.032044988,0.03033236,0.027757019,2025
2025-10-28,-0.029022444,-0.007678858,0.0060242647,0.020501163,0.022290183,0.03535504,0.03226274,0.031147197,0.03277471,0.029942991,2025
2025-10-29,-0.013149177,0.008469282,0.016008561,0.02446331,0.04022357,0.034996875,0.040622022,0.038483802,0.037462257,0.033500586,2025
2025-10-30,-0.009148209,0.014930766,0.013736194,0.03055886,0.02982747,0.042929143,0.04215424,0.043480106,0.04209114,0.033633396,2025
2025-10-31,0.0049145613,0.008099767,0.009148879,0.021731457,0.024951398,0.031785436,0.035368856,0.032674953,0.027606899,0.026472026,2025
2025-11-03,0.003651124,0.00358809,0.0062928074,0.01584771,0.014536001,0.013623673,0.024103696,0.024055203,0.02045058,0.016346155,2025
2025-11-04,-0.0019089876,-0.014428331,-0.004782455,0.0033261438,0.0016673454,0.0039627478,0.0054835873,0.006341671,0.009195578,0.0045800665,2025
2025-11-05,-0.028017737,-0.029739948,-0.017544748,-0.013836054,-0.0036130971,-0.00675454,-0.0059914906,0.002328748,-0.0039075785,-0.0048366166,2025
2025-11-06,-0.06690397,-0.06055058,-0.05256629,-0.04726871,-0.039519083,-0.03849366,-0.031062508,-0.03016792,-0.028682454,-0.028391149,2025
2025-11-07,-0.066537194,-0.06865839,-0.06556693,-0.052580696,-0.049468253,-0.043179125,-0.037787568,-0.03658645,-0.0372621,-0.035882547,2025
2025-11-10,-0.040500075,-0.049983393,-0.04595466,-0.037065413,-0.03456993,-0.03213681,-0.028359871,-0.03044539,-0.026066601,-0.026588507,2025
2025-11-11,-0.026927533,-0.03287742,-0.03288533,-0.032528706,-0.033288743,-0.027712865,-0.025237665,-0.024564318,-0.024918452,-0.020179627,2025
2025-11-12,-0.037730172,-0.04082187,-0.04575918,-0.0344939,-0.035740916,-0.03555533,-0.03283627,-0.030634258,-0.025901899,-0.023756012,2025
2025-11-13,-0.030699298,-0.039161973,-0.04433784,-0.0393127,-0.03722711,-0.037395068,-0.03987183,-0.03734526,-0.034100022,-0.027631061,2025
2025-11-14,-0.019152611,-0.027498294,-0.029808717,-0.018210633,-0.0226698,-0.014795886,-0.024418129,-0.020542417,-0.016016465,-0.013008252,2025
2025-11-17,-0.020227462,-0.02076077,-0.029816287,-0.015722807,-0.015483299,-0.015591327,-0.015921265,-0.018628236,-0.014659563,-0.017715247,2025
2025-11-18,-0.012464867,-0.018699646,-0.01402919,-0.011970987,-0.0071717906,-0.008355757,-0.014660259,-0.0076294322,-0.0115613695,-0.015345697,2025
2025-11-19,-0.017338846,-0.010836312,-0.018588599,-0.010746784,-0.009298386,-0.011461746,-0.01648877,-0.013429455,-0.011814016,-0.017649313,2025
2025-11-20,0.026976781,0.027289722,0.025550049,0.026776308,0.017865095,0.016802933,0.014679393,0.013342683,0.019349283,0.012475226,2025
2025-11-21,0.06886936,0.061235394,0.041227534,0.049033746,0.038666517,0.034247022,0.028482197,0.028382875,0.02843008,0.024770966,2025
2025-11-24,0.041923042,0.037286777,0.018032538,0.027386388,0.0139888115,0.0133442385,0.008955124,0.01226364,0.010341198,0.0074686445,2025
2025-11-25,0.030901972,0.020748584,0.021092346,0.015374641,0.0143442545,0.004339721,0.0019991805,0.0075281654,0.0057733683,0.0017255481,2025
2025-11-26,0.02518778,0.015319681,0.009534632,0.0074622235,0.00616338,0.00024749592,-0.0073763877,0.0007748876,0.0008175978,-0.0016749377,2025
2025-11-27,0.016528385,-0.0018852716,0.008718578,-0.0018732067,-0.0071244435,-0.0061790585,-0.010198257,-0.008529814,-0.005044728,-0.0040262546,2025
2025-11-28,0.0030603528,-0.009255387,-0.0025295757,-0.016964942,-0.0230561,-0.019263174,-0.02610387,-0.01844063,-0.014249957,-0.0167462,2025
2025-12-01,-0.011387699,-0.02026358,-0.01656149,-0.025659015,-0.025556143,-0.031387553,-0.029948737,-0.026964009,-0.024050418,-0.025300333,2025
2025-12-02,-0.0001333611,-0.012746927,-0.022850925,-0.026106045,-0.024784165,-0.030304747,-0.033734594,-0.029520288,-0.026473833,-0.025850497,2025
2025-12-03,0.024567204,2.8575652e-05,0.007924522,-0.0027904129,-0.0032174524,-0.0068954355,-0.008638514,-0.0075242757,-0.006748008,-0.010800172,2025
2025-12-04,0.015053329,-0.0020030015,0.0049927905,0.0013997658,0.0011926721,0.0030978976,-0.00033853936,0.0013832663,-0.00036463942,-0.0040367763,2025
2025-12-05,0.0024931198,-0.010410849,-0.0058485903,-0.0013263237,-0.005781016,-0.001724937,-0.0024035366,-0.010631088,-0.00010673108,-0.010873594,2025
2025-12-08,-0.001214262,-0.010037146,-0.00840941,-0.006908857,-0.006469762,-0.0062124506,-0.005642588,-0.0074331183,-0.006837063,-0.0115911085,2025
2025-12-09,0.014599107,0.0006541067,0.0055185594,0.0017071873,0.004366413,0.0049233744,0.0061994228,0.0034991503,0.004493868,-0.002142256,2025
2025-12-10,0.02543357,0.019976841,0.02568439,0.018171852,0.024214236,0.022844683,0.024159927,0.018731344,0.018266995,0.01327296,2025
2025-12-11,0.04725335,0.033565894,0.036982965,0.035059255,0.028488414,0.036277216,0.025857575,0.028352281,0.021523077,0.018130941,2025
2025-12-12,0.052673385,0.035952166,0.038945206,0.028319623,0.026136836,0.030569157,0.028107457,0.020689592,0.019882005,0.0187078,2025
2025-12-15,0.077778295,0.060984697,0.048377506,0.045808055,0.041951712,0.03559322,0.033121172,0.0350802,0.028478572,0.026705412,2025
2025-12-16,0.07304557,0.06147333,0.053174205,0.04875932,0.04605126,0.04208823,0.03657144,0.040976398,0.035170548,0.033537734,2025
2025-12-17,0.07343288,0.06355069,0.05970013,0.050820693,0.04632078,0.038052622,0.03720701,0.03359024,0.022782411,0.027150728,2025
2025-12-18,0.09022277,0.0728559,0.06662746,0.05526516,0.0485173,0.044714846,0.034827266,0.0388245,0.028658552,0.029836232,2025
2025-12-19,0.08758382,0.08079214,0.059466664,0.04805023,0.04214483,0.040307518,0.032893483,0.027168153,0.029786306,0.027327128,2025
2025-12-22,0.09284209,0.09225679,0.07093599,0.07001607,0.0637968,0.052500065,0.04245821,0.039569817,0.039387953,0.034062013,2025
2025-12-23,0.08901406,0.105378956,0.081708446,0.07231588,0.065118715,0.057696808,0.045366265,0.047734592,0.04290902,0.043769307,2025
2025-12-24,0.1008932,0.11639923,0.08733605,0.08254923,0.072060816,0.06659248,0.054278437,0.05389906,0.047756076,0.06173665,2025
2025-12-25,0.088739485,0.09538351,0.09720022,0.071529135,0.072501145,0.07028446,0.05603804,0.057153136,0.055070594,0.07060725,2025
2025-12-26,0.079171576,0.1036768,0.091806196,0.07326838,0.081488475,0.07730469,0.06505176,0.06156684,0.060871217,0.080531694,2025
2025-12-29,0.075107425,0.085533515,0.081722364,0.072198436,0.06990514,0.068438575,0.060455635,0.059810158,0.058702137,0.069222845,2025
2025-12-30,0.08710518,0.097301714,0.08862241,0.0735945,0.07090587,0.064897224,0.060014617,0.061879165,0.05301941,0.061514698,2025
2025-12-31,0.08482861,0.08351388,0.08359235,0.06816562,0.06756747,0.05776127,0.051594753,0.04761617,0.048532665,0.044444587,2025
2026-01-05,0.057472978,0.05532569,0.06679404,0.04831266,0.047882468,0.052149072,0.046770085,0.039056465,0.04249777,0.033149883,2026
2026-01-06,0.048865397,0.047983576,0.054978415,0.050757293,0.046317637,0.049951036,0.048299316,0.04600342,0.039513696,0.028715309,2026
2026-01-07,0.04905214,0.053494398,0.047593374,0.048836842,0.04644114,0.05414783,0.050403804,0.04807592,0.04347554,0.031729013,2026
2026-01-08,0.052154236,0.053575892,0.048528258,0.047491707,0.052413452,0.052614078,0.05290131,0.049319565,0.0416364,0.03166885,2026
2026-01-09,0.022948608,0.018845942,0.022799034,0.021791408,0.02947952,0.03246381,0.04104598,0.029844914,0.031375352,0.022334753,2026
2026-01-12,0.008540788,0.0012726333,0.005001514,0.0020437948,0.012781066,0.012067252,0.021945989,0.011460756,0.015920678,0.0039476226,2026
2026-01-13,0.011842841,0.003792933,0.0072167707,0.008480264,0.013662725,0.0204853,0.024880825,0.021186657,0.019344695,0.011124529,2026
2026-01-14,0.024945188,0.008877626,0.006214275,0.013721255,0.018268535,0.025122724,0.026821693,0.021439651,0.024894455,0.01877968,2026
2026-01-15,-0.007015979,-0.009736926,-0.011976688,-0.0095165605,0.0055729896,0.0109749,0.010641829,0.019010283,0.023829993,0.018475074,2026
2026-01-16,-0.01709205,-0.019266875,-0.022828797,-0.025990743,-0.013217521,0.00029411403,-0.0037890533,0.001897915,0.010903596,0.0057917167,2026
2026-01-19,0.0071776323,-0.01040656,-0.0037741626,-0.021299671,-0.015612221,-0.0063393502,-0.0066467323,-0.007044196,-0.006414152,-0.0062532416,2026
2026-01-20,0.0008134083,-0.0032385972,-0.0029304903,-0.015306954,-0.006264798,0.00096320297,0.002475145,0.0024205318,0.00027048308,0.0011803735,2026
2026-01-21,-0.023011783,-0.02541071,-0.024743369,-0.023180626,-0.018934138,-0.010068586,-0.0090230135,-0.0005646706,-0.0015557064,0.0001429042,2026
2026-01-22,-0.040605053,-0.03941874,-0.034090564,-0.034164667,-0.03275039,-0.018611867,-0.016540866,-0.0055738026,-0.011026117,-0.0072641056,2026
2026-01-23,-0.018288087,-0.018733578,-0.01438991,-0.01262594,-0.013103714,-0.0034400735,-0.0005340365,0.0053705503,-0.003850004,-0.005496625,2026
2026-01-26,-0.0041068937,0.00024229784,0.005266619,0.005754686,0.008158089,0.013872062,0.021573326,0.01815953,0.013466839,0.007437478,2026
2026-01-27,-0.014352452,-0.0086026555,0.0004883378,0.0024192648,0.0026926324,0.010353729,0.019914016,0.014801247,0.011759079,0.0053988327,2026
2026-01-28,-0.005044668,-0.0057449485,0.007495914,0.00276651,0.010163449,0.007030364,0.017226584,0.010081196,0.0057778195,-0.0005948392,2026
2026-01-29,0.014998141,0.020621829,0.022672279,0.019183004,0.022101386,0.022614056,0.013952778,0.016537327,0.0068699024,-0.0015204247,2026
2026-01-30,0.025873031,0.02831837,0.035690937,0.034216527,0.035333835,0.032252688,0.02588797,0.027342848,0.016298901,0.008585785,2026
2026-02-02,0.025590649,0.03484864,0.043780576,0.046855733,0.044696737,0.03975535,0.042687193,0.04026544,0.03146709,0.02562892,2026
2026-02-03,0.037004992,0.03394861,0.041613664,0.03860329,0.034326687,0.03506311,0.029492613,0.027795814,0.017564805,0.013653151,2026
2026-02-04,0.060371805,0.05394077,0.059779655,0.042838015,0.041001566,0.040949386,0.02978081,0.031139864,0.017218212,0.012263321,2026
2026-02-05,0.071740836,0.042406008,0.044342156,0.034026705,0.028169388,0.017686652,0.018952683,0.0127757415,0.005863419,0.004595971,2026
2026-02-06,0.013429437,0.0030266377,0.0053587845,-0.005767258,-0.0055938954,-0.0070021385,-0.007416421,-0.010352588,-0.006435743,-0.006133613,2026
2026-02-09,-0.014197305,-0.022621142,-0.020012304,-0.03244575,-0.03362028,-0.030823538,-0.036661807,-0.03416749,-0.033142745,-0.027503876,2026
2026-02-10,0.006076331,-0.011741115,-0.011247565,-0.017094234,-0.019464117,-0.0235245,-0.022151878,-0.021275202,-0.022556167,-0.025758449,2026
2026-02-11,0.0037901325,-0.006001954,-0.0020387005,-0.0071350117,-0.008217374,-0.005012747,-0.008680313,-0.01171698,-0.0063779955,-0.016269244,2026
2026-02-12,-0.017442789,-0.026206592,-0.014392272,-0.014940508,-0.018316034,-0.015676511,-0.010515433,-0.010243931,-0.006029762,-0.01686817,2026
2026-02-13,0.018354077,0.007288771,-0.00063533254,0.004542175,-0.0062065204,-0.0017486842,0.0031303687,-0.006176532,-0.0005553691,-0.008238629,2026
2026-02-24,0.019628374,0.0042413436,-0.0033069316,-0.0063035386,-0.0115769105,-0.004623188,-0.005493172,-0.009755856,-0.0122894235,-0.019354759,2026
2026-02-25,-0.014519822,-0.018608732,-0.01753767,-0.015960274,-0.014401041,-0.013255705,-0.0074463864,-0.0060251295,-0.01095399,-0.017486159,2026
2026-02-26,-0.03815156,-0.030774882,-0.025909811,-0.028041232,-0.01953399,-0.020953836,-0.01553676,-0.006124193,-0.012397362,-0.023352109,2026
2026-02-27,-0.06208149,-0.042817935,-0.02916181,-0.023947036,-0.017475594,-0.017347971,-0.005370854,-0.0019904037,-0.00619164,-0.014085393,2026
2026-03-02,-0.043665938,-0.024104683,-0.014032584,-0.004994784,-0.009036943,-0.0054994873,0.005967119,0.009184228,0.008958853,0.0020822012,2026
2026-03-03,-0.023808632,-0.015327439,-0.0041214447,0.0036100266,0.0005673825,0.0075895027,0.016096622,0.024186436,0.024295535,0.017881533,2026
2026-03-04,-0.048999816,-0.042430777,-0.032242354,-0.019595558,-0.022129675,-0.016429357,-0.0011771602,0.002704447,0.005264022,0.0043141497,2026
2026-03-05,-0.05527147,-0.06173151,-0.053709492,-0.04496094,-0.048656695,-0.040955752,-0.031391356,-0.028369926,-0.0196305,-0.018716397,2026
2026-03-06,-0.07522869,-0.09289913,-0.08138852,-0.079496905,-0.082362674,-0.07860007,-0.075329006,-0.068303935,-0.06629855,-0.0637503,2026
2026-03-09,-0.11898747,-0.12117145,-0.10948222,-0.09943408,-0.103267334,-0.09621275,-0.09247178,-0.089592636,-0.076875,-0.07399607,2026
2026-03-10,-0.087756924,-0.08632856,-0.08105947,-0.072202735,-0.06885857,-0.07305839,-0.06976541,-0.05947041,-0.060404815,-0.056711484,2026
2026-03-11,-0.0785535,-0.085862145,-0.07735711,-0.06634979,-0.06828255,-0.073146224,-0.070049495,-0.06290988,-0.060045175,-0.059120968,2026
2026-03-12,-0.0694472,-0.07957053,-0.06921477,-0.056239665,-0.06567116,-0.06954055,-0.066827394,-0.06242607,-0.06367667,-0.061096825,2026
2026-03-13,-0.041747924,-0.060313564,-0.054520436,-0.048745066,-0.058122166,-0.060885407,-0.056812875,-0.05750416,-0.052891873,-0.054706983,2026
2026-03-16,-0.039963096,-0.05363824,-0.044298626,-0.045783576,-0.051261198,-0.053886637,-0.052749213,-0.04606203,-0.04895551,-0.05065732,2026
2026-03-17,-0.02329878,-0.037284046,-0.036912758,-0.033101156,-0.0411801,-0.041660544,-0.04083335,-0.036795154,-0.0374147,-0.03564417,2026
2026-03-18,-0.024390329,-0.035471067,-0.03515576,-0.040584967,-0.032079432,-0.039978303,-0.038373463,-0.034210097,-0.035809826,-0.036071956,2026
2026-03-19,-0.031833835,-0.04110078,-0.038759787,-0.04621458,-0.037547044,-0.046444286,-0.040041618,-0.037927616,-0.03857601,-0.03703324,2026
2026-03-20,0.021183709,0.009632579,0.012853266,0.013716629,0.016871763,0.011288016,0.017017333,0.014246782,0.014132029,0.013832743,2026
2026-03-23,0.071651176,0.05772283,0.045231562,0.04375186,0.05090828,0.044829935,0.045960136,0.045063976,0.042854622,0.037943292,2026
2026-03-24,0.039339144,0.022296539,0.013321376,0.009603687,0.016334543,0.008595008,0.014549519,0.008943633,0.007068973,0.008827033,2026
2026-03-25,0.059520498,0.0454085,0.031043358,0.026803687,0.034514103,0.023244996,0.025491256,0.019154798,0.017206619,0.018433223,2026
2026-03-26,0.0563365,0.04037306,0.022990225,0.02967076,0.023311766,0.012582323,0.01844491,0.014474574,0.011290568,0.013637777,2026
2026-03-27,0.06992199,0.05193763,0.035974648,0.03166068,0.027911745,0.017668087,0.014111183,0.015160975,0.013920567,0.0113133965,2026
2026-03-30,0.08497897,0.055833705,0.051925223,0.028650498,0.026643334,0.018769708,0.012879881,0.012616205,0.013205114,0.013256592,2026
2026-03-31,0.08230722,0.057322532,0.048188675,0.03289055,0.028975323,0.019658225,0.015551334,0.012676925,0.014670775,0.012777897,2026
2026-04-01,0.11566648,0.08496857,0.06348596,0.058180857,0.038016558,0.035954393,0.02258714,0.025640287,0.015721811,0.016564135,2026
2026-04-02,0.13372067,0.1188211,0.10069944,0.088377655,0.07824941,0.06576185,0.05290529,0.04966096,0.044749737,0.030900883,2026
2026-04-03,0.12214684,0.11099661,0.08943277,0.075462,0.060974978,0.057398923,0.05301603,0.04573726,0.038740862,0.03226544,2026
2026-04-07,0.099653505,0.072719075,0.055752393,0.038294245,0.0314801,0.026656784,0.02496505,0.01607271,0.014666866,0.010216185,2026
2026-04-08,0.07684227,0.06560029,0.04542832,0.033224467,0.029966975,0.023581142,0.021656793,0.012123607,0.0124076065,0.0123315565,2026
2026-04-09,0.057440408,0.04184829,0.018354964,0.016047992,0.007884346,0.0066488143,0.0030532156,-0.0016057651,-0.0033325346,-0.006946719,2026
2026-04-10,0.07325211,0.048938923,0.020945383,0.024893023,0.021475868,0.019380238,0.012608675,0.0041402327,0.005854678,-0.002611155,2026
2026-04-13,0.054987367,0.026091024,0.015038181,0.013907671,0.016223643,0.014255894,0.008648428,-0.0017986043,-0.00030579572,-0.0074477503,2026
2026-04-14,0.04936331,0.025954003,0.017724957,0.0133019155,0.019513948,0.019337505,0.012089963,0.0013498807,-0.0025459179,-0.0035602867,2026
2026-04-15,0.061632127,0.023840802,0.027027886,0.009598161,0.017867388,0.026079949,0.0125789,-0.0039145234,0.004797187,-0.0024376293,2026
2026-04-16,0.0740768,0.036354475,0.032113,0.021597171,0.020422649,0.032064468,0.01906776,0.006505934,0.007927415,0.0046882927,2026
2026-04-17,0.09044595,0.043586716,0.033065017,0.02376223,0.026185181,0.030357827,0.020061957,0.00404106,0.009386717,0.0015159771,2026
2026-04-20,0.107628316,0.060596783,0.049475964,0.040418424,0.038211096,0.03372034,0.030210039,0.01832601,0.012442407,0.009077707,2026
2026-04-21,0.11453094,0.06936363,0.054753978,0.04959591,0.047905702,0.037750613,0.034797832,0.026789818,0.017298173,0.013881989,2026
2026-04-22,0.119403794,0.08029689,0.052980393,0.05290039,0.054184467,0.027665064,0.031661626,0.024027467,0.020871727,0.009707664,2026
2026-04-23,0.15358342,0.096637,0.07671108,0.05965269,0.06077409,0.050097823,0.035963576,0.0316432,0.018883588,0.013900178,2026
2026-04-24,0.13569298,0.11205877,0.06330872,0.047570065,0.053697247,0.03984812,0.033899046,0.019425323,0.013239963,0.009354681,2026
2026-04-27,0.1228587,0.086547226,0.06166593,0.041615985,0.045092393,0.037585113,0.02198127,0.011632517,0.0010439722,-0.0046733785,2026
2026-04-28,0.11697775,0.086004496,0.04713875,0.036675025,0.035780855,0.022247786,0.0069309194,-0.0051712072,-0.020040322,-0.02306437,2026
2026-04-29,0.09822256,0.07361655,0.048299693,0.033136785,0.041120157,0.021424925,0.014583236,0.0015503892,-0.00805266,-0.021002851,2026
2026-04-30,0.08737925,0.052244596,0.025280159,0.023539342,0.019342242,-0.0010647152,0.0012922263,-0.015060961,-0.020387297,-0.031211613,2026
2026-05-06,0.061570056,0.0353985,0.013080077,0.0055620503,0.0036793333,-0.009361758,-0.009597416,-0.019896643,-0.027737433,-0.030880464,2026
2026-05-07,0.03363976,0.010002798,-0.017256126,-0.020191338,-0.020411141,-0.03470798,-0.036948517,-0.044576928,-0.04984354,-0.049576085,2026
2026-05-08,0.029748026,0.0049188104,-0.020142848,-0.022853486,-0.027218606,-0.033258937,-0.041790802,-0.046715647,-0.051346287,-0.049713355,2026
2026-05-11,0.013359095,-0.009040742,-0.03291847,-0.034231234,-0.03546397,-0.039250188,-0.0511741,-0.050374277,-0.05776837,-0.05085234,2026
2026-05-12,0.0029003874,-0.028444147,-0.049186707,-0.0476582,-0.047098484,-0.063146226,-0.06152604,-0.0639942,-0.067180745,-0.056505032,2026
2026-05-13,-0.0050114193,-0.037922964,-0.048117768,-0.05678154,-0.050685663,-0.06151353,-0.06707038,-0.066577196,-0.067038454,-0.05747855,2026
2026-05-14,0.0064353226,-0.033511583,-0.04960349,-0.06027826,-0.04623961,-0.06249572,-0.06667585,-0.05721617,-0.054821823,-0.03718893,2026
2026-05-15,-0.03092262,-0.04429816,-0.053958133,-0.05529718,-0.0434629,-0.05498261,-0.05182491,-0.038547084,-0.03465503,-0.017403828,2026
2026-05-18,-0.03515635,-0.06420883,-0.077255584,-0.072926216,-0.067338146,-0.075126976,-0.069077626,-0.05544736,-0.045034543,-0.025700403,2026
2026-05-19,-0.027140848,-0.059403334,-0.07320806,-0.06220752,-0.066059016,-0.07696682,-0.06807028,-0.05670238,-0.047582,-0.03362908,2026
2026-05-20,-0.029104574,-0.065722056,-0.07586016,-0.06829833,-0.07396687,-0.08308159,-0.080229074,-0.071845666,-0.057364304,-0.047023818,2026
2026-05-21,-0.023615504,-0.045208924,-0.059933044,-0.057318613,-0.062509336,-0.06509879,-0.057278182,-0.052301258,-0.036396466,-0.029759873,2026
2026-05-22,-0.07629708,-0.08636554,-0.091139644,-0.08775525,-0.0905562,-0.08556333,-0.076262794,-0.07259026,-0.053763885,-0.044234462,2026
2026-05-25,-0.046993427,-0.067454144,-0.072786145,-0.08022958,-0.07697082,-0.076869,-0.07409544,-0.06825322,-0.051438935,-0.04648133,2026
2026-05-26,-0.042492952,-0.064907715,-0.06878434,-0.07707327,-0.07520983,-0.06966587,-0.06368806,-0.05877246,-0.044360254,-0.03692491,2026
2026-05-27,-0.033784892,-0.06818472,-0.07231111,-0.081362635,-0.085976526,-0.07211261,-0.069917396,-0.062876135,-0.04906544,-0.038439307,2026
2026-05-28,-0.008634663,-0.039150346,-0.04512961,-0.05967532,-0.05607881,-0.051988825,-0.053475507,-0.044392668,-0.04086912,-0.03357439,2026
2026-05-29,0.043350425,-0.0119498,-0.02891032,-0.04273325,-0.044486467,-0.04851189,-0.045151964,-0.045971356,-0.038277503,-0.030460788,2026
2026-06-01,0.108702146,0.02587585,-0.000538567,-0.016925972,-0.024022536,-0.03701608,-0.037423432,-0.04093845,-0.040471323,-0.0388286,2026
2026-06-02,0.09728191,0.025418635,-0.006514332,-0.020245587,-0.02039401,-0.036727328,-0.03623388,-0.041306052,-0.03746402,-0.034982316,2026
2026-06-03,0.122669056,0.038966585,0.012159804,-0.012029339,-0.019167013,-0.022979185,-0.026525179,-0.032293215,-0.032463234,-0.03103125,2026
2026-06-04,0.13332744,0.038739704,-0.0016990444,-0.020153793,-0.03129084,-0.03687898,-0.043501597,-0.04801416,-0.049949955,-0.047252994,2026
2026-06-05,0.17431672,0.073720396,0.035496373,0.025167007,0.0035132563,0.008524954,0.0027035866,-0.0054926667,-0.002294705,-0.001492585,2026
2026-06-08,0.14927533,0.060603213,0.01882081,0.0029576314,-0.00048770817,-0.013405953,-0.020333571,-0.02058315,-0.020839132,-0.015205483,2026
2026-06-09,0.18484038,0.063919015,0.021401066,0.0013356744,-0.004843788,-0.024048753,-0.03174813,-0.03906907,-0.033264685,-0.026756685,2026
2026-06-10,0.16824894,0.065904915,0.0019236637,0.0005521784,-0.011426871,-0.033148356,-0.036751725,-0.045866698,-0.040635027,-0.036068864,2026
2026-06-11,0.12540977,0.028513487,-0.023295494,-0.035041988,-0.050322756,-0.05692108,-0.06766789,-0.072598584,-0.0679868,-0.05693406,2026
2026-06-12,0.12595329,0.036849678,-0.009043921,-0.038147137,-0.040047176,-0.06304702,-0.071964905,-0.077613465,-0.07289069,-0.070462644,2026
2026-06-15,0.09888945,0.03510955,0.007460672,-0.02219245,-0.02253066,-0.039829202,-0.04579741,-0.050917204,-0.045718983,-0.044179916,2026
2026-06-16,0.030928385,0.012859542,0.00881457,-0.010290516,-0.0143864,-0.014951611,-0.027349126,-0.023958657,-0.023038339,-0.02116279,2026
2026-06-17,-0.01094814,-0.012531376,-0.006303861,-0.014343474,-0.009459761,-0.0142115345,-0.011520795,-0.008642046,-0.0077351416,-0.0044506798,2026
2026-06-18,-0.038347155,-0.024960883,-0.0107459845,-0.009371989,0.0016335156,-0.002871068,0.005619228,0.010569194,0.00935555,0.018834569,2026
2026-06-22,-0.05650878,-0.062757984,-0.053179882,-0.04749953,-0.049674362,-0.052451354,-0.04920401,-0.042035986,-0.04115102,-0.02900527,2026
2026-06-23,-0.09256189,-0.07787232,-0.060347594,-0.06047784,-0.043822836,-0.046762053,-0.04106681,-0.031447794,-0.01950362,-0.02002629,2026
2026-06-24,-0.11613038,-0.09348553,-0.07340159,-0.05708262,-0.048918154,-0.038787384,-0.03178488,-0.02113154,-0.0112316385,-0.002321088,2026
2026-06-25,-0.07017987,-0.05189662,-0.023247246,-0.008130867,0.0018501302,0.0030326324,0.013433839,0.022187635,0.025272219,0.022925885,2026
2026-06-26,-0.1259979,-0.086072095,-0.05328374,-0.035388313,-0.016984407,-0.0072374735,0.0024070588,0.016718728,0.028595718,0.03150115,2026
2026-06-29,-0.17051917,-0.13125381,-0.09539972,-0.067848444,-0.04642959,-0.026287716,-0.015776861,0.011804577,0.022557246,0.04259877,2026
2026-06-30,-0.1831422,-0.14764649,-0.09343976,-0.080237634,-0.045603573,-0.023420502,-0.0062366906,0.013410583,0.02448905,0.037720274,2026
2026-07-01,-0.18826139,-0.16585425,-0.11260727,-0.09260283,-0.061205816,-0.03267855,-0.011897131,0.0050509553,0.019032158,0.030966774,2026
2026-07-02,-0.23545472,-0.20791844,-0.14664625,-0.12188713,-0.086779706,-0.058368795,-0.026156064,-0.017710801,0.0075275204,0.018262263,2026
2026-07-03,-0.28239807,-0.24002613,-0.18718904,-0.14077695,-0.109399915,-0.072283134,-0.048205268,-0.02856567,-0.0044404063,0.00908313,2026
2026-07-06,-0.29036638,-0.24542083,-0.18841316,-0.14164878,-0.10473603,-0.0702463,-0.041076474,-0.020156069,0.00024526505,0.017808864,2026
2026-07-07,-0.21744485,-0.17456466,-0.14231396,-0.098862655,-0.07059797,-0.04367798,-0.024306508,-0.0100764185,0.0008118795,0.012412912,2026
2026-07-08,-0.23405072,-0.1662572,-0.12144887,-0.07989128,-0.049118962,-0.028176446,-0.0067354334,0.010918492,0.022575157,0.027478116,2026
2026-07-09,-0.2758686,-0.20300233,-0.15934086,-0.106290534,-0.08003969,-0.058383316,-0.03754257,-0.019834477,-0.0020176137,0.0069242627,2026
2026-07-10,-0.21810755,-0.15044856,-0.10496198,-0.06472006,-0.038055815,-0.022806605,-0.0037670135,0.009755774,0.0071567767,0.015128347,2026
2026-07-13,-0.20187774,-0.12718235,-0.07155086,-0.032673925,-0.007233938,6.4085352e-06,0.017439405,0.02375179,0.017875122,0.0154563,2026
2026-07-14,-0.2521672,-0.15932745,-0.095944844,-0.046820547,-0.019256303,-0.0092699155,0.0071716076,0.014400524,0.0086733345,0.011543407,2026
2026-07-15,-0.24267912,-0.16023941,-0.08900573,-0.040715232,-0.012399414,-0.0047112573,0.010017177,0.010149803,0.01398622,0.013461948,2026
2026-07-16,-0.14102207,-0.072943255,-0.022590578,0.004614333,0.02383405,0.030112756,0.029527832,0.023544108,0.023636242,0.015365698,2026
2026-07-17,-0.10330192,-0.021228615,0.029399035,0.045332,0.06499788,0.060427353,0.068251126,0.05593549,0.04564156,0.039260842,2026
2026-07-20,-0.027591534,0.052000847,0.09284629,0.10234805,0.1037914,0.103264265,0.10476159,0.08620267,0.06177113,0.041814603,2026
2026-07-21,-0.032056518,0.044779588,0.089479744,0.09885272,0.10089278,0.1072243,0.10438081,0.08406246,0.06411825,0.042459488,2026
2026-07-22,0.015000509,0.070477694,0.09194009,0.10257761,0.09594935,0.10213257,0.09779914,0.0732855,0.05034557,0.02916796,2026
2026-07-23,0.0770416,0.10628092,0.10290359,0.11573673,0.10360804,0.102370575,0.09363107,0.072189465,0.053654358,0.030845532,2026
2026-07-24,0.07995601,0.1093507,0.11297629,0.114107415,0.113934904,0.11379585,0.1041654,0.08870205,0.071222916,0.039773073,2026
2026-07-27,0.10327443,0.11244942,0.112799905,0.10659031,0.09661882,0.10568264,0.085727334,0.078293085,0.05934794,0.036981374,2026
2026-07-28,0.1916064,0.16682294,0.13808452,0.109341376,0.09994985,0.09171508,0.07840239,0.064923875,0.045405485,0.017441733,2026
2026-07-29,0.27442914,0.20430565,0.15185975,0.10952032,0.09872527,0.08766379,0.067641914,0.05431135,0.03128403,0.0063588065,2026
2026-07-30,0.19855489,0.15023644,0.101535454,0.07543326,0.06938641,0.05443113,0.050560463,0.036649376,0.023489967,0.0015265036,2026
2026-07-31,0.29699504,0.18056636,0.11111935,0.0755697,0.065418944,0.047934745,0.035023686,0.029148405,0.009467925,-0.011127359,2026
2026-08-03,0.2627864,0.1599199,0.08959574,0.061808214,0.04388636,0.032199267,0.024659399,0.022971042,0.015031379,-0.003583094,2026
2026-08-04,0.11624445,0.060134403,0.021233335,0.009526645,0.0050939806,0.0015280709,0.0026224775,0.01000769,0.0033214958,-0.005280009,2026
2026-08-05,0.057048853,0.028756784,0.0059345555,0.003944192,0.00043368485,0.008824656,0.005329667,0.019862141,0.013981677,0.0067716804,2026
2026-08-06,0.024992868,0.003919637,-0.0010208739,-0.0069214203,-0.007919818,0.003034002,0.006867307,0.010594694,0.009763149,0.004093637,2026
2026-08-07,-0.0063565327,-0.023772012,-0.025911259,-0.028464502,-0.026486604,-0.022701608,-0.018426077,-0.012481474,-0.011738368,-0.011815868,2026
2026-08-10,-0.018447055,-0.03989382,-0.029504422,-0.022523409,-0.024635348,-0.019579807,-0.00797009,-0.0061866716,-0.003562303,-0.004148403,2026
2026-08-11,-0.02935624,-0.039628036,-0.030640883,-0.021547474,-0.019432632,-0.008294377,-0.00034082867,-6.667982e-05,0.0022143018,0.0107858805,2026
2026-08-12,-0.02262424,-0.029678553,-0.03373777,-0.016802125,-0.017732007,-0.009752949,-0.0005364441,0.002431914,0.0010380776,0.006783183,2026
2026-08-13,0.0066739763,-0.0041695624,-0.005195353,0.012320934,0.014995354,0.008075254,0.023174925,0.02021292,0.016479984,0.021729026,2026
2026-08-14,-0.035301395,-0.029771436,-0.022892667,-0.0027389314,0.00040117183,0.00670612,0.012710309,0.016606111,0.017155677,0.02133685,2026
2026-08-17,-0.063993715,-0.03467127,-0.017650915,0.00084544293,0.017986828,0.017328717,0.025839532,0.0267417,0.025757745,0.029100008,2026
2026-08-18,-0.022770245,-0.006822239,0.008113542,0.028119853,0.032577455,0.035798334,0.039499402,0.038009144,0.027633796,0.023726426,2026
2026-08-19,-0.003620381,0.012194883,0.012464487,0.028827026,0.03031918,0.031601794,0.03678805,0.023662552,0.023575975,0.022362828,2026
2026-08-20,-0.018544853,0.0079874685,0.025433434,0.042283073,0.040709544,0.044862933,0.05000327,0.039647177,0.038655598,0.03283177,2026
2026-08-21,0.012886924,0.021592254,0.03281989,0.03964256,0.04167827,0.04160075,0.044751126,0.04135506,0.036063507,0.0280663,2026
