date,rankic,ndcg10,overlap10,topq,g1,g2,g10,g1_g2,g1_g10,year,_fri
2019-01-02,-0.05677876061581052,0.4771892917364964,0.12721893491124261,0.4577297568321228,0.042658273,0.047418773,0.044541374,-0.0047605,-0.0018831007,2019,False
2019-01-03,-0.07692977944222344,0.47802763556291444,0.14454277286135694,0.4732365310192108,0.03559624,0.032115065,0.038898703,0.0034811758,-0.0033024624,2019,False
2019-01-04,-0.11379019080749643,0.44806816484970036,0.12094395280235988,0.4288393557071686,0.0088658165,0.017124359,0.02521915,-0.008258542,-0.016353333,2019,True
2019-01-07,-0.0989552380897169,0.48419864801858237,0.11799410029498525,0.45218098163604736,0.0013982516,0.0042962106,0.015625985,-0.002897959,-0.014227734,2019,False
2019-01-08,-0.08131132681392891,0.47198017195327713,0.11799410029498525,0.45130330324172974,-0.014614741,-0.0038121657,0.0016451782,-0.010802575,-0.01625992,2019,False
2019-01-09,-0.035237355318444484,0.49989922978379575,0.15339233038348082,0.4930386543273926,0.005151178,0.0035496766,0.013818835,0.0016015016,-0.008667657,2019,False
2019-01-10,-0.06343346911003288,0.4843740428046943,0.1264705882352941,0.4679875671863556,-0.002168021,0.008448016,0.013360004,-0.010616037,-0.015528025,2019,False
2019-01-11,-0.0494158372723821,0.5177234995721617,0.16470588235294117,0.49391987919807434,-0.0033044808,0.0008031926,0.0009463025,-0.0041076737,-0.0042507835,2019,True
2019-01-14,-0.044370319770360475,0.5144036675836574,0.1323529411764706,0.4777342975139618,-0.03995376,-0.027674101,-0.02687979,-0.0122796595,-0.0130739715,2019,False
2019-01-15,-0.09716859356779436,0.5282995874012284,0.15294117647058825,0.5044032335281372,-0.045903996,-0.0495748,-0.024777047,0.0036708042,-0.021126948,2019,False
2019-01-16,-0.07045007257206914,0.5334333219279402,0.16176470588235295,0.5151664614677429,-0.051778905,-0.0548962,-0.031495087,0.0031172931,-0.020283818,2019,False
2019-01-17,0.022227217245664514,0.5548797730972493,0.15,0.5275627970695496,-0.037601147,-0.040118758,-0.035925962,0.0025176108,-0.0016751848,2019,False
2019-01-18,0.030520896187946452,0.5555190446532482,0.17595307917888564,0.5398012399673462,-0.017932914,-0.022200495,-0.020481855,0.004267581,0.0025489405,2019,True
2019-01-21,0.1007664411076575,0.5797595580281283,0.17888563049853373,0.5696123838424683,0.012742566,0.008621196,-0.003231136,0.0041213697,0.015973702,2019,False
2019-01-22,0.09973693667579851,0.6102740652308241,0.18181818181818182,0.5907528400421143,0.038469378,0.023543818,0.017415894,0.01492556,0.021053484,2019,False
2019-01-23,0.0830046799956925,0.5796942585842499,0.15835777126099707,0.5487919449806213,0.030594347,0.030017305,0.015954528,0.0005770419,0.014639819,2019,False
2019-01-24,0.09074852506440911,0.5636606578756326,0.16129032258064516,0.5351735353469849,0.035736427,0.03078789,0.016602695,0.004948536,0.019133732,2019,False
2019-01-25,0.0766165713533066,0.5209872744094453,0.1348973607038123,0.502723217010498,0.05655894,0.057824668,0.039164416,-0.001265727,0.017394524,2019,True
2019-01-28,-0.01045348633696539,0.4726683631268716,0.10850439882697947,0.470507949590683,0.09827742,0.09424883,0.09291253,0.0040285885,0.0053648874,2019,False
2019-01-29,-0.002257397502569305,0.5011923097095928,0.12280701754385964,0.4922584295272827,0.10925385,0.10150432,0.095885314,0.007749535,0.0133685395,2019,False
2019-01-30,-0.0997027868390961,0.4827725815569803,0.13742690058479531,0.46614983677864075,0.13674015,0.12894396,0.13781242,0.007796183,-0.0010722727,2019,False
2019-01-31,-0.09528119317344529,0.4763457673607004,0.15204678362573099,0.46356847882270813,0.12865373,0.13120979,0.13361375,-0.0025560558,-0.0049600154,2019,False
2019-02-01,-0.043847847944897204,0.5148833774940222,0.11695906432748537,0.4943926930427551,0.15453172,0.15251423,0.14241259,0.002017483,0.012119129,2019,True
2019-02-11,-0.09093140113550607,0.4460030818233956,0.0935672514619883,0.4367052912712097,0.136929,0.14693874,0.15175855,-0.010009736,-0.014829546,2019,False
2019-02-12,-0.11293619838549339,0.4540132360797605,0.0935672514619883,0.44678738713264465,0.116243,0.11869426,0.13695969,-0.0024512634,-0.02071669,2019,False
2019-02-13,-0.11563523697981223,0.43704527245642666,0.06705539358600583,0.4346565306186676,0.102425545,0.11606663,0.13203101,-0.013641082,-0.029605463,2019,False
2019-02-14,-0.06592267670350802,0.4810711004240235,0.10204081632653061,0.4771433174610138,0.108844124,0.107777044,0.12174461,0.0010670796,-0.012900487,2019,False
2019-02-15,0.006215790752608107,0.5152621645639761,0.10204081632653061,0.4965454638004303,0.119213514,0.12513138,0.123946965,-0.0059178695,-0.0047334507,2019,True
2019-02-18,-0.0023010026944220423,0.48091236671686544,0.09620991253644315,0.46324312686920166,0.106793754,0.11988492,0.11464256,-0.013091169,-0.007848807,2019,False
2019-02-19,-0.03366344938728315,0.4782080524751096,0.07602339181286549,0.47051921486854553,0.13262016,0.14576359,0.14196794,-0.013143435,-0.009347782,2019,False
2019-02-20,0.025813594920480527,0.4970820691122063,0.07602339181286549,0.48372894525527954,0.1507389,0.16528927,0.15238306,-0.014550373,-0.0016441643,2019,False
2019-02-21,0.02492658789032757,0.4926606233103101,0.08746355685131195,0.48606520891189575,0.13230084,0.14196385,0.12667459,-0.009663016,0.0056262463,2019,False
2019-02-22,0.08374010591486057,0.48918841736285884,0.09037900874635568,0.4819456934928894,0.0821689,0.101106696,0.05316528,-0.018937796,0.02900362,2019,True
2019-02-25,0.12942259962209796,0.5028421468296859,0.09941520467836257,0.49234098196029663,0.098005876,0.11239831,0.057451446,-0.014392436,0.04055443,2019,False
2019-02-26,0.12704440917952572,0.49723747513342076,0.0847953216374269,0.479243665933609,0.096042275,0.11238537,0.05001309,-0.016343094,0.046029184,2019,False
2019-02-27,0.0929392763739796,0.5088290018015007,0.11403508771929824,0.4926062822341919,0.067680374,0.06310383,0.03510706,0.0045765415,0.032573313,2019,False
2019-02-28,0.13681342164684804,0.5132340420435655,0.0935672514619883,0.5023437142372131,0.07557333,0.077771954,0.03606403,-0.0021986216,0.039509304,2019,False
2019-03-01,0.13837878143774135,0.5287111932884105,0.09064327485380116,0.5067497491836548,0.056596562,0.07005908,0.02593926,-0.013462521,0.030657303,2019,True
2019-03-04,0.03330181589781479,0.4985456374372044,0.1023391812865497,0.4854603409767151,0.061818626,0.06027371,0.0431424,0.0015449151,0.018676225,2019,False
2019-03-05,0.028550129182645996,0.49025653358930893,0.10526315789473684,0.4732457101345062,0.028192649,0.03462511,0.018373262,-0.0064324606,0.0098193865,2019,False
2019-03-06,-0.054325790159867986,0.4610308607846369,0.0935672514619883,0.44239404797554016,0.01738855,0.028814709,0.024647307,-0.011426158,-0.007258756,2019,False
2019-03-07,-0.021353549045590656,0.510346051426225,0.0935672514619883,0.49340614676475525,0.042415284,0.038224783,0.04055602,0.004190501,0.0018592626,2019,False
2019-03-08,0.0416212382028545,0.5120420458711755,0.09649122807017543,0.4911332130432129,0.044401173,0.05293769,0.03182489,-0.008536518,0.012576282,2019,True
2019-03-11,0.02596513755562035,0.483554319576211,0.0847953216374269,0.4625024199485779,-0.0125490995,0.002779668,-0.015026871,-0.015328768,0.0024777716,2019,False
2019-03-12,-0.046676923771189295,0.5175211764053166,0.08797653958944282,0.4920579195022583,-0.019970298,-0.013881513,-0.013286418,-0.006088785,-0.0066838795,2019,False
2019-03-13,-0.0330040080960307,0.4880549274105291,0.08504398826979472,0.46977731585502625,0.01738327,0.02209268,0.019564146,-0.0047094095,-0.0021808762,2019,False
2019-03-14,-0.10505534183313948,0.46641811602262123,0.0847953216374269,0.44479602575302124,0.002653479,0.0120778605,0.017101543,-0.009424381,-0.014448063,2019,False
2019-03-15,-0.04158242490742149,0.49515268684089453,0.08187134502923976,0.47725391387939453,0.04084678,0.04446404,0.034612533,-0.0036172606,0.0062342472,2019,True
2019-03-18,-0.014022255460779455,0.48030443792292776,0.07017543859649122,0.45993274450302124,0.035025302,0.053209335,0.03841719,-0.018184032,-0.003391888,2019,False
2019-03-19,-0.05798988797906592,0.4814636475063742,0.0967741935483871,0.45467641949653625,0.04710142,0.05263442,0.051094912,-0.0055330023,-0.0039934926,2019,False
2019-03-20,-0.09025567631553966,0.45657394457246736,0.0935672514619883,0.44236576557159424,0.036028787,0.037400868,0.051183198,-0.0013720803,-0.01515441,2019,False
2019-03-21,-0.0021889227281375523,0.526398192126337,0.09649122807017543,0.5107169151306152,0.054921947,0.051803924,0.0519741,0.0031180233,0.0029478483,2019,False
2019-03-22,0.003067377889112197,0.5182037424800978,0.093841642228739,0.5080660581588745,0.04835758,0.045841865,0.039279673,0.0025157146,0.009077907,2019,True
2019-03-25,-0.022499774031459353,0.49880885417790566,0.08797653958944282,0.4794382154941559,0.05809998,0.057254925,0.053499773,0.000845056,0.0046002083,2019,False
2019-03-26,0.009689917984537496,0.5110474155988294,0.09411764705882353,0.5038480162620544,0.07360818,0.07152333,0.061980978,0.0020848513,0.011627205,2019,False
2019-03-27,0.03680694797699014,0.5270088179486253,0.12903225806451613,0.509842574596405,0.061233122,0.053371627,0.03819651,0.007861495,0.02303661,2019,False
2019-03-28,0.0321961803861823,0.5329941923443777,0.1378299120234604,0.5154455900192261,0.072131135,0.062123038,0.052558586,0.010008097,0.019572549,2019,False
2019-03-29,0.0577961332112614,0.5135596929208707,0.11436950146627566,0.4946959316730499,0.006651053,0.0088662,-0.010265565,-0.002215147,0.016916618,2019,True
2019-04-01,0.027436764251195993,0.5262750291747331,0.11403508771929824,0.4928336441516876,0.018806491,0.011882468,0.0047574937,0.006924023,0.014048997,2019,False
2019-04-02,0.059512160819261875,0.5438568282338023,0.11695906432748537,0.5132941603660583,0.019137146,0.019947197,0.0010194601,-0.00081005134,0.018117685,2019,False
2019-04-03,-0.012412905130586738,0.5424177572187993,0.11988304093567251,0.508810818195343,0.0026639183,-0.0043073776,0.0021155511,0.006971296,0.00054836716,2019,False
2019-04-04,0.05123487731343941,0.5655936721327727,0.15204678362573099,0.5418774485588074,0.01909362,0.006094727,-0.0014621194,0.012998892,0.020555738,2019,False
2019-04-08,-0.008431114227195592,0.5558640751811443,0.15789473684210525,0.5199554562568665,-0.0047302926,-0.016318185,-0.016496932,0.011587893,0.01176664,2019,False
2019-04-09,0.013699288768315904,0.597351681728238,0.1695906432748538,0.5536758899688721,-0.0031014793,-0.016970703,-0.023375204,0.013869224,0.020273725,2019,False
2019-04-10,0.05041577106680118,0.5923188525789386,0.1608187134502924,0.5492404699325562,-0.0072638076,-0.031576414,-0.029955992,0.024312606,0.022692185,2019,False
2019-04-11,-0.009300467904899782,0.5357737105835829,0.1378299120234604,0.5035399198532104,-0.038011573,-0.04617341,-0.04354692,0.008161835,0.0055353455,2019,False
2019-04-12,-0.12350736446037135,0.46996005457824563,0.10850439882697947,0.44975966215133667,-0.08554634,-0.08931295,-0.069001615,0.0037666112,-0.016544722,2019,True
2019-04-15,-0.12767058573194234,0.4768191991950673,0.12352941176470589,0.4624168872833252,-0.076574616,-0.07879168,-0.059739165,0.0022170618,-0.016835451,2019,False
2019-04-16,-0.20736366785854185,0.4282688627207202,0.08211143695014662,0.41924431920051575,-0.16044219,-0.1533964,-0.1213429,-0.0070457906,-0.03909929,2019,False
2019-04-17,-0.2279541256300983,0.41505709039288646,0.07894736842105263,0.40481430292129517,-0.17359732,-0.16224603,-0.12735283,-0.011351287,-0.046244487,2019,False
2019-04-18,-0.22877430624158698,0.4238595183884819,0.0847953216374269,0.4121341407299042,-0.16486533,-0.16614291,-0.12067704,0.0012775809,-0.04418829,2019,False
2019-04-19,-0.24405966133261622,0.43043388780614544,0.0847953216374269,0.41756993532180786,-0.16911131,-0.17378889,-0.119915076,0.004677579,-0.049196236,2019,True
2019-04-22,-0.2359179172754812,0.4414551506344643,0.09064327485380116,0.416965514421463,-0.14009036,-0.13984412,-0.090847746,-0.0002462417,-0.049242616,2019,False
2019-04-23,-0.2220997330629968,0.42510218768954716,0.07602339181286549,0.3998633623123169,-0.13439475,-0.12124123,-0.08162712,-0.013153523,-0.052767627,2019,False
2019-04-24,-0.19480429360671445,0.45037992480745276,0.08504398826979472,0.4115018844604492,-0.124277264,-0.11428813,-0.07649359,-0.009989135,-0.047783673,2019,False
2019-04-25,-0.17182584581511084,0.47319893731209484,0.09411764705882353,0.4392785429954529,-0.07687461,-0.07165212,-0.041847866,-0.0052224845,-0.03502674,2019,False
2019-04-26,-0.036078693493594674,0.5213113209103969,0.12979351032448377,0.4893363118171692,-0.026935065,-0.02205129,-0.01769449,-0.0048837755,-0.009240575,2019,True
2019-04-29,-0.045892698122156454,0.49220164595829624,0.14836795252225518,0.4741792380809784,-0.03401283,-0.033292506,-0.031459358,-0.00072032586,-0.0025534742,2019,False
2019-04-30,-0.016267005808157417,0.4926603690432325,0.13353115727002968,0.4587327241897583,-0.011911852,-0.0016573217,-0.013373362,-0.01025453,0.0014615096,2019,False
2019-05-06,0.11331480447636177,0.5604535369602222,0.1632047477744807,0.5308582782745361,0.033015694,0.04163171,0.009624882,-0.008616015,0.023390813,2019,False
2019-05-07,0.08242256269790778,0.5081216614351044,0.14792899408284024,0.49196600914001465,0.02393717,0.03354522,0.0071738497,-0.009608049,0.01676332,2019,False
2019-05-08,0.010865863430072918,0.4827143885193393,0.14201183431952663,0.4690237045288086,0.0033140937,0.012251682,-0.0032225915,-0.008937588,0.006536685,2019,False
2019-05-09,-0.06405086915322387,0.4565034477007381,0.13609467455621302,0.4382248818874359,-0.03359722,-0.022130543,-0.02103996,-0.011466676,-0.012557259,2019,False
2019-05-10,-0.07245536753221526,0.46492223960682694,0.12130177514792899,0.4474310278892517,-0.029755076,-0.02199013,-0.01972477,-0.0077649467,-0.010030307,2019,True
2019-05-13,-0.01375079494150024,0.4936993952586173,0.13313609467455623,0.4705769121646881,-0.0048238817,0.004958211,-0.0005116296,-0.009782093,-0.004312252,2019,False
2019-05-14,-0.04807092864339722,0.46732491548016236,0.13609467455621302,0.4499700963497162,-0.018686825,-0.010044748,-0.008689571,-0.008642077,-0.009997254,2019,False
2019-05-15,-0.1137537491094155,0.4255647980860576,0.08875739644970414,0.4085005819797516,-0.046785977,-0.032181542,-0.029612798,-0.014604434,-0.017173178,2019,False
2019-05-16,-0.024318008075083507,0.48470847650789217,0.1242603550295858,0.4595043361186981,-0.014236248,-0.00584042,-0.004794192,-0.008395828,-0.009442056,2019,False
2019-05-17,-0.05858706307019189,0.4707149155133477,0.14201183431952663,0.4463208317756653,0.0028051652,0.010814575,0.012319652,-0.0080094095,-0.009514487,2019,True
2019-05-20,-0.17222284006928448,0.41468995371126127,0.10355029585798817,0.4001205861568451,-0.044594385,-0.03669458,-0.016502978,-0.007899806,-0.028091406,2019,False
2019-05-21,-0.19273570499014886,0.40293328350928487,0.08849557522123894,0.38698720932006836,-0.049462024,-0.038725886,-0.011845322,-0.010736138,-0.0376167,2019,False
2019-05-22,-0.19045138805505496,0.4135947741530653,0.09144542772861357,0.40525686740875244,-0.050804656,-0.04515228,-0.016346084,-0.0056523755,-0.03445857,2019,False
2019-05-23,-0.18006315762026484,0.3906872338254628,0.10324483775811209,0.39069297909736633,-0.0421189,-0.03333854,-0.0069220234,-0.00878036,-0.035196878,2019,False
2019-05-24,-0.14967145690583372,0.3939241293190776,0.13864306784660768,0.392944872379303,-0.02210083,-0.008986663,0.0020374218,-0.013114167,-0.024138253,2019,True
2019-05-27,-0.14813488130031713,0.3993564463480379,0.12979351032448377,0.3956677317619324,-0.025195498,-0.020668324,-0.0049489075,-0.004527174,-0.020246591,2019,False
2019-05-28,-0.1468824066746255,0.42057345358414666,0.1504424778761062,0.4186077415943146,-0.020020798,-0.021350468,-0.002891205,0.0013296697,-0.017129593,2019,False
2019-05-29,-0.11428257292499092,0.43522025621910265,0.14454277286135694,0.43075868487358093,-0.015663734,-0.018131346,-0.0004098858,0.0024676118,-0.015253847,2019,False
2019-05-30,-0.17175534112046453,0.3993468837278579,0.13274336283185842,0.4023149907588959,-0.042160302,-0.032525532,-0.012867879,-0.00963477,-0.029292423,2019,False
2019-05-31,-0.15021272685562692,0.42459778702380646,0.13864306784660768,0.42317843437194824,-0.028717073,-0.022707768,-0.0022108974,-0.006009305,-0.026506174,2019,True
2019-06-03,-0.05737996234867874,0.44525857266521424,0.14749262536873156,0.43209001421928406,0.009871004,0.027699398,0.019015608,-0.017828394,-0.009144604,2019,False
2019-06-04,-0.04602080714875616,0.45989405708576536,0.13569321533923304,0.4431869387626648,0.015964132,0.021593032,0.02308585,-0.0056289006,-0.0071217176,2019,False
2019-06-05,0.0825296618399778,0.5047611501942844,0.13864306784660768,0.49071401357650757,0.07048685,0.07812469,0.058973007,-0.007637836,0.011513844,2019,False
2019-06-06,0.07202424343627235,0.5685479840071235,0.16519174041297935,0.5407320261001587,0.082208775,0.07809463,0.06735703,0.0041141436,0.0148517415,2019,False
2019-06-10,0.010825326350207548,0.5217943568297194,0.15294117647058825,0.4926125109195709,0.03548511,0.040386606,0.026790913,-0.004901495,0.008694198,2019,False
2019-06-11,-0.02327032634354739,0.49316743765744314,0.18289085545722714,0.47566282749176025,0.023236217,0.021742163,0.018525586,0.0014940538,0.0047106314,2019,False
2019-06-12,0.021085525037817528,0.5238416651520658,0.20588235294117646,0.5128955245018005,0.033307508,0.029013889,0.02398454,0.0042936187,0.009322967,2019,False
2019-06-13,0.02551758740957776,0.5267100559638637,0.17941176470588235,0.5113122463226318,0.0251749,0.022300122,0.016572468,0.0028747786,0.008602433,2019,False
2019-06-14,0.16278705538283378,0.5696326732389208,0.18235294117647058,0.5453450083732605,0.06649869,0.074216165,0.036993884,-0.0077174753,0.029504806,2019,True
2019-06-17,0.1882200225892372,0.576539418822362,0.21764705882352942,0.5568606853485107,0.07753242,0.07814898,0.04230112,-0.00061656535,0.0352313,2019,False
2019-06-18,0.046872981514507174,0.5269501586342735,0.17647058823529413,0.5135579109191895,0.035775565,0.034838088,0.025611343,0.00093747675,0.010164222,2019,False
2019-06-19,0.01523765205530628,0.4911536268578039,0.15,0.46813714504241943,0.022394983,0.029624965,0.0212892,-0.007229982,0.0011057835,2019,False
2019-06-20,-0.04598066980094205,0.48462924773659793,0.1676470588235294,0.456435889005661,-0.0046642185,-0.0012103296,-0.00066860905,-0.003453889,-0.0039956095,2019,False
2019-06-21,-0.07753985260327892,0.4890578897132515,0.15,0.46808910369873047,-0.028464474,-0.031613886,-0.020716948,0.0031494126,-0.0077475253,2019,True
2019-06-24,-0.058394125259106804,0.49025839881604427,0.17647058823529413,0.46911895275115967,-0.022187933,-0.026282622,-0.02111234,0.004094688,-0.0010755938,2019,False
2019-06-25,-0.09405837278135731,0.46014552696112554,0.1378299120234604,0.4429941177368164,-0.02733324,-0.029667057,-0.01985917,0.002333818,-0.0074740686,2019,False
2019-06-26,-0.13612541498344916,0.44770069890029157,0.1323529411764706,0.4182925522327423,-0.038796186,-0.032958943,-0.024192551,-0.005837243,-0.014603635,2019,False
2019-06-27,-0.147514175451995,0.45341014415366626,0.11436950146627566,0.4297944903373718,-0.027005542,-0.02360942,-0.011190039,-0.0033961218,-0.015815504,2019,False
2019-06-28,-0.18403482819924938,0.4402216359643861,0.10263929618768329,0.414633572101593,-0.048850354,-0.04899554,-0.02664136,0.00014518574,-0.022208994,2019,True
2019-07-01,-0.16731288908190214,0.4408190321119107,0.10850439882697947,0.43509796261787415,-0.041584324,-0.0436033,-0.023627896,0.002018977,-0.017956428,2019,False
2019-07-02,-0.09243926627841638,0.48659997862361715,0.10263929618768329,0.47359246015548706,-0.023600176,-0.026844673,-0.016967678,0.0032444969,-0.0066324975,2019,False
2019-07-03,-0.09001816980036813,0.48435480714186646,0.12316715542521994,0.46700987219810486,-0.034340207,-0.036055595,-0.027374413,0.0017153881,-0.0069657937,2019,False
2019-07-04,-0.10434972691024895,0.48798468420291335,0.12316715542521994,0.4606613218784332,-0.033189263,-0.028374014,-0.021935347,-0.004815249,-0.011253916,2019,False
2019-07-05,-0.12770748831756784,0.44084293839847544,0.11143695014662756,0.4270011782646179,-0.039841436,-0.031591304,-0.02024696,-0.008250132,-0.019594476,2019,True
2019-07-08,-0.11041678873328767,0.46387204538137516,0.12316715542521994,0.45320627093315125,-0.024361866,-0.024210742,-0.009507537,-0.00015112385,-0.014854329,2019,False
2019-07-09,-0.0538665806008187,0.49785570604814394,0.11730205278592376,0.48357290029525757,-0.0034967035,-0.0051161866,-0.00059136347,0.0016194831,-0.00290534,2019,False
2019-07-10,-0.01363736998498443,0.48432762125005324,0.12609970674486803,0.4872828423976898,-0.0027883486,-0.0022801592,-0.0058774976,-0.00050818943,0.003089149,2019,False
2019-07-11,0.048120484182167876,0.5170566095246641,0.1436950146627566,0.5136397480964661,0.0035108028,0.0072185663,-0.007615792,-0.0037077635,0.011126595,2019,False
2019-07-12,0.026776857116072524,0.4967974896674668,0.14327485380116958,0.49097153544425964,-0.0023212477,0.0063861487,-0.008167682,-0.008707397,0.0058464343,2019,True
2019-07-15,0.011896171895004425,0.4809997839617412,0.11403508771929824,0.47453656792640686,-0.010349785,0.0007521578,-0.014338572,-0.0111019425,0.0039887866,2019,False
2019-07-16,-0.0047965421820108595,0.46262404435481785,0.13450292397660818,0.4573994278907776,-0.020676313,-0.01082312,-0.022158649,-0.009853193,0.0014823359,2019,False
2019-07-17,0.004166633799099453,0.47908700363784457,0.14035087719298245,0.4752042591571808,-0.009372332,-0.0035541584,-0.013380132,-0.0058181738,0.0040077996,2019,False
2019-07-18,-0.014699725724094842,0.4537722575954036,0.11988304093567251,0.4490945339202881,-0.034943882,-0.02696946,-0.033891838,-0.007974422,-0.0010520443,2019,False
2019-07-19,0.10910414157453079,0.5644100868494673,0.18128654970760233,0.5428699254989624,0.007626898,-0.001152756,-0.017316464,0.008779654,0.024943363,2019,True
2019-07-22,0.1292295553618907,0.5939245713373823,0.22448979591836735,0.5539349913597107,-0.023190407,-0.029225037,-0.05751032,0.0060346294,0.034319915,2019,False
2019-07-23,0.03897237343847238,0.5347806709036237,0.1608187134502924,0.5090878009796143,-0.04471613,-0.05278758,-0.06345975,0.008071449,0.018743616,2019,False
2019-07-24,0.03164864174672229,0.5626779064893476,0.20175438596491227,0.526954710483551,-0.040086508,-0.05689051,-0.06253143,0.016804002,0.022444919,2019,False
2019-07-25,-0.0057623520763384495,0.5332131685967455,0.19298245614035087,0.4973703920841217,-0.04635845,-0.056196112,-0.06476606,0.009837661,0.018407606,2019,False
2019-07-26,0.00846246690743742,0.5492171598541497,0.18658892128279883,0.5121151208877563,-0.04786635,-0.055565238,-0.06772836,0.00769889,0.019862015,2019,True
2019-07-29,0.02991412307663357,0.5376527515155898,0.17543859649122806,0.4942331612110138,-0.054750193,-0.054816883,-0.07536067,6.669015e-05,0.020610478,2019,False
2019-07-30,0.04163567984546814,0.504618831131354,0.14035087719298245,0.4801092743873596,-0.043314327,-0.039239563,-0.05974712,-0.0040747635,0.016432792,2019,False
2019-07-31,0.13909122438278856,0.5792455527789507,0.1836734693877551,0.5365719199180603,-0.037823524,-0.04599576,-0.07184675,0.008172236,0.03402323,2019,False
2019-08-01,0.16995792457431258,0.6091525358993526,0.19533527696793002,0.5680623650550842,0.0011566405,-0.0071263444,-0.03555848,0.008282985,0.03671512,2019,False
2019-08-02,0.15600636808790003,0.5862021470774108,0.19825072886297376,0.5643051862716675,0.01837864,0.009586294,-0.01333175,0.008792345,0.03171039,2019,True
2019-08-05,0.18116444699338055,0.6134402954929973,0.1924198250728863,0.5892525911331177,0.07987574,0.0643917,0.042329416,0.015484035,0.03754632,2019,False
2019-08-06,0.10155713696459201,0.5649098754071045,0.13119533527696792,0.5483728647232056,0.06171563,0.053332936,0.038970422,0.008382693,0.022745207,2019,False
2019-08-07,0.12800418545843772,0.5729666936425574,0.16909620991253643,0.5576300621032715,0.0663033,0.056146838,0.037598353,0.01015646,0.028704945,2019,False
2019-08-08,0.1139780567513211,0.5648093944477702,0.16034985422740525,0.5458295941352844,0.06639186,0.0656718,0.042872254,0.00072006136,0.02351961,2019,False
2019-08-09,0.09292000428989053,0.5567555283918344,0.18075801749271136,0.5379976630210876,0.057518657,0.049312565,0.03461755,0.008206092,0.022901107,2019,True
2019-08-12,0.07156763998835304,0.5355641191354622,0.1783625730994152,0.511680543422699,0.06996173,0.07317705,0.05453292,-0.0032153204,0.015428808,2019,False
2019-08-13,0.0008807727405070658,0.506864452118988,0.14868804664723032,0.48354992270469666,0.055430915,0.054377355,0.05371271,0.0010535605,0.0017182045,2019,False
2019-08-14,-0.01618588494401957,0.520690678773563,0.16034985422740525,0.4999222457408905,0.075478464,0.07176973,0.07237482,0.003708735,0.0031036437,2019,False
2019-08-15,-0.007087129548334599,0.5140411961467777,0.14868804664723032,0.49716004729270935,0.047019012,0.042536292,0.044673447,0.00448272,0.0023455657,2019,False
2019-08-16,-0.0031190549546167927,0.5258807843981624,0.16909620991253643,0.5115163326263428,0.03714981,0.02278328,0.030570216,0.01436653,0.006579593,2019,True
2019-08-19,-0.007850337664565717,0.5508169126370247,0.1836734693877551,0.5289947390556335,0.039173007,0.021532686,0.024107175,0.01764032,0.015065832,2019,False
2019-08-20,0.05403937734738288,0.5861900746476397,0.239067055393586,0.5711670517921448,0.055911124,0.032819323,0.028681211,0.0230918,0.027229913,2019,False
2019-08-21,0.0888439395476476,0.6157701194990551,0.239067055393586,0.5956572890281677,0.073148414,0.056235857,0.04254746,0.016912557,0.030600954,2019,False
2019-08-22,0.10828262162266535,0.6237495197343257,0.22157434402332363,0.6026028394699097,0.06893812,0.048784163,0.03826518,0.020153958,0.030672941,2019,False
2019-08-23,0.11592347753154571,0.6223801359648852,0.22740524781341107,0.6009324789047241,0.10286117,0.07790826,0.06393383,0.02495291,0.038927346,2019,True
2019-08-26,0.12012633857163027,0.5988623808724981,0.21865889212827988,0.5896539688110352,0.086341865,0.066477366,0.051734567,0.0198645,0.0346073,2019,False
2019-08-27,0.16669883799711097,0.6376858717518086,0.239067055393586,0.6160794496536255,0.08942108,0.068220645,0.04931973,0.021200433,0.04010135,2019,False
2019-08-28,0.12657312568706797,0.6085342766941929,0.2099125364431487,0.575846254825592,0.07444003,0.07169846,0.045975514,0.0027415752,0.028464518,2019,False
2019-08-29,0.10572723849135629,0.5906686964760448,0.19825072886297376,0.5641306042671204,0.08933645,0.083667435,0.062216785,0.0056690127,0.027119663,2019,False
2019-08-30,0.07234136156384355,0.569579282747638,0.1661807580174927,0.5464560985565186,0.058287885,0.05858004,0.039274685,-0.0002921559,0.0190132,2019,True
2019-09-02,0.009627313187291537,0.5091058837102067,0.12790697674418605,0.4862091541290283,0.030183531,0.039903328,0.027404265,-0.0097197965,0.0027792659,2019,False
2019-09-03,0.014446562657747455,0.5267488771240498,0.13994169096209913,0.4993098974227905,0.03105952,0.033076543,0.026259713,-0.002017023,0.0047998074,2019,False
2019-09-04,-0.018139063541193566,0.5139795410028746,0.12209302325581395,0.48497992753982544,0.01791116,0.017746588,0.019640306,0.00016457215,-0.0017291456,2019,False
2019-09-05,-0.043005626724901456,0.4899781582258672,0.13662790697674418,0.46656426787376404,0.004913932,0.00800451,0.0054023834,-0.0030905777,-0.0004884512,2019,False
2019-09-06,-0.06630514742899332,0.46118636798761764,0.125,0.4450955092906952,-0.0036847543,0.0010411189,0.0002031945,-0.004725873,-0.0038879488,2019,True
2019-09-09,-0.11556574208142224,0.4259366493821948,0.11918604651162791,0.4178328812122345,-0.03277507,-0.025447546,-0.019855674,-0.007327525,-0.012919396,2019,False
2019-09-10,-0.15846671283140734,0.4266417753262292,0.12244897959183673,0.4153169095516205,-0.056989275,-0.053080544,-0.03936173,-0.003908731,-0.017627545,2019,False
2019-09-11,-0.15221710746639083,0.43888943997720886,0.13953488372093023,0.4308461844921112,-0.054577794,-0.052045215,-0.040764865,-0.002532579,-0.013812929,2019,False
2019-09-12,-0.1538214964586367,0.43983509291041634,0.11337209302325581,0.42558491230010986,-0.06853247,-0.05898035,-0.04901633,-0.009552117,-0.019516136,2019,False
2019-09-16,-0.16467432039910246,0.42226842787700847,0.10465116279069768,0.4100222885608673,-0.055831805,-0.045589827,-0.034361593,-0.010241978,-0.021470211,2019,False
2019-09-17,-0.0857590834727322,0.5140959184863866,0.14534883720930233,0.4962214529514313,-0.040554497,-0.042003352,-0.03743795,0.0014488548,-0.003116548,2019,False
2019-09-18,-0.12856460623385507,0.5039216813408605,0.14825581395348839,0.49306803941726685,-0.02798508,-0.037244897,-0.023417914,0.009259818,-0.004567165,2019,False
2019-09-19,-0.11212836446557581,0.4862161534064579,0.13372093023255813,0.47761696577072144,-0.03376569,-0.03937091,-0.02830051,0.005605221,-0.005465178,2019,False
2019-09-20,-0.08794249985038415,0.48554627250746496,0.11627906976744186,0.46641331911087036,-0.008993227,-0.007420828,-0.0004393832,-0.0015723989,-0.008553844,2019,True
2019-09-23,-0.1550042614242636,0.42744114396244515,0.10174418604651163,0.41930651664733887,-0.03509635,-0.029012386,-0.0118284905,-0.0060839653,-0.023267861,2019,False
2019-09-24,-0.0934634869497021,0.45055330913228364,0.10465116279069768,0.44115331768989563,-0.018124003,-0.009201214,-0.0022056596,-0.008922789,-0.015918344,2019,False
2019-09-25,-0.07070015828586336,0.467203182195137,0.14825581395348839,0.4613499343395233,0.007986121,0.0061360225,0.01334705,0.0018500984,-0.0053609293,2019,False
2019-09-26,-0.07523039119971124,0.46543579057271717,0.15988372093023256,0.4499870538711548,0.0021801896,0.009072146,0.009263606,-0.0068919566,-0.007083416,2019,False
2019-09-27,-0.08962463210824512,0.46823833415742583,0.14825581395348839,0.45417076349258423,-0.008389629,-0.00774807,-0.0011259438,-0.00064155925,-0.0072636856,2019,True
2019-09-30,-0.050932904059232294,0.497783253109143,0.19186046511627908,0.48042812943458557,0.012785074,0.0076059955,0.006278952,0.005179079,0.006506122,2019,False
2019-10-08,-0.03469003576622269,0.5037719625111896,0.18895348837209303,0.4828889071941376,0.020780541,0.008501627,0.011393708,0.012278914,0.009386833,2019,False
2019-10-09,-0.11720837320888468,0.4555280637259237,0.18895348837209303,0.437775194644928,-0.01026397,-0.0118441675,-0.0056147473,0.0015801974,-0.004649223,2019,False
2019-10-10,-0.11180679998356315,0.45794578951330445,0.1686046511627907,0.44310903549194336,-0.015496762,-0.0155405365,-0.008162538,4.3774955e-05,-0.007334224,2019,False
2019-10-11,-0.037564201542844615,0.4891169625292081,0.14244186046511628,0.4718761742115021,-0.01048966,-0.009097848,-0.009089367,-0.0013918122,-0.0014002929,2019,True
2019-10-14,0.004577966300562289,0.4919741975066922,0.13372093023255813,0.48545417189598083,-0.0039599724,-0.00065955555,-0.008676828,-0.0033004167,0.0047168555,2019,False
2019-10-15,-0.019409889256995386,0.48594184626933595,0.14534883720930233,0.47920361161231995,-0.021051368,-0.013065585,-0.021502746,-0.007985783,0.00045137852,2019,False
2019-10-16,-0.005873171444349972,0.5031833386688792,0.16279069767441862,0.49387839436531067,-0.019684661,-0.015983088,-0.023445131,-0.0037015732,0.00376047,2019,False
2019-10-17,-0.007091246306332894,0.4957082622735798,0.14534883720930233,0.48190751671791077,-0.015484042,-0.008961829,-0.018115066,-0.006522212,0.0026310245,2019,False
2019-10-18,0.051636323375348396,0.5454704923035093,0.17151162790697674,0.5199693441390991,0.017471809,0.014915053,0.0036984337,0.0025567561,0.013773375,2019,True
2019-10-21,0.02541615498662585,0.5461175483087267,0.19476744186046513,0.5166988968849182,0.0053320597,0.0044210353,-0.006587572,0.0009110244,0.011919632,2019,False
2019-10-22,0.012635682373269484,0.5791900292163363,0.18895348837209303,0.541932225227356,0.0014992353,-0.0063030887,-0.013760584,0.007802324,0.01525982,2019,False
2019-10-23,0.0694832879009912,0.5982022279779474,0.2028985507246377,0.5574992895126343,0.010457607,0.0014659631,-0.015890881,0.008991644,0.026348488,2019,False
2019-10-24,0.11536607108459747,0.6389216426791315,0.25217391304347825,0.6005584001541138,0.02316656,0.0108535355,-0.011679591,0.012313024,0.03484615,2019,False
2019-10-25,0.03090878140486269,0.5930562395660689,0.24057971014492754,0.5529297590255737,-0.026821315,-0.03433408,-0.044114172,0.007512763,0.017292857,2019,True
2019-10-28,0.00708775572388502,0.5987538456322209,0.2318840579710145,0.5533362627029419,-0.03383777,-0.049117684,-0.050283354,0.015279915,0.016445585,2019,False
2019-10-29,0.047202990757425956,0.6262194523086481,0.23478260869565218,0.5800033807754517,-0.009408288,-0.029125458,-0.035669137,0.01971717,0.02626085,2019,False
2019-10-30,0.10159609839509462,0.6663258243218538,0.2492753623188406,0.6263023614883423,0.0109718805,-0.012853307,-0.026855385,0.023825187,0.037827265,2019,False
2019-10-31,0.14299224785780912,0.6963563527492519,0.2811594202898551,0.6471593976020813,0.018132284,-0.012217152,-0.032267284,0.030349437,0.050399568,2019,False
2019-11-01,0.09489779710133311,0.6577839850538345,0.2492753623188406,0.6073600649833679,-0.0064602494,-0.027437834,-0.039404873,0.020977585,0.032944623,2019,True
2019-11-04,0.12815414164941996,0.6447005614316036,0.24057971014492754,0.6057813167572021,0.004620474,-0.010939196,-0.0281976,0.01555967,0.03281807,2019,False
2019-11-05,0.16520082464198496,0.6401845288186941,0.2608695652173913,0.6042474508285522,0.013437476,0.00056214875,-0.022799088,0.012875327,0.03623656,2019,False
2019-11-06,0.10638963965385052,0.6385515527862192,0.24347826086956523,0.596250057220459,0.0043474045,-0.0080736345,-0.023390789,0.012421039,0.027738193,2019,False
2019-11-07,0.01682684494254386,0.584658968034543,0.2289855072463768,0.5544993281364441,-0.010825234,-0.020479161,-0.023052981,0.009653927,0.012227747,2019,False
2019-11-08,-0.1543639972982364,0.47207371603404175,0.15606936416184972,0.44900667667388916,-0.019034732,-0.020291707,0.0024106465,0.0012569744,-0.021445379,2019,True
2019-11-11,-0.16211666912882694,0.4672392035745723,0.1676300578034682,0.45556211471557617,-0.00805314,-0.0080948295,0.013060101,4.1689724e-05,-0.021113241,2019,False
2019-11-12,-0.17172922793985348,0.445644217127907,0.15895953757225434,0.4415188729763031,-0.012452444,-0.011942064,0.009737193,-0.0005103797,-0.022189636,2019,False
2019-11-13,-0.20881185981609793,0.4095094868158033,0.1391304347826087,0.4060300886631012,-0.024900392,-0.018989852,0.0051033893,-0.00591054,-0.03000378,2019,False
2019-11-14,-0.2569419191968677,0.3679715056448779,0.11304347826086956,0.3702884018421173,-0.03150648,-0.021373618,0.006484252,-0.01013286,-0.03799073,2019,False
2019-11-15,-0.23632599810581106,0.37257805197270527,0.14080459770114942,0.3743364214897156,-0.02375772,-0.015713165,0.010597929,-0.008044556,-0.034355648,2019,True
2019-11-18,-0.27089198722864793,0.35283677937003477,0.12931034482758622,0.35989877581596375,-0.04507707,-0.03633625,-0.0042451033,-0.00874082,-0.04083197,2019,False
2019-11-19,-0.2521042385870411,0.36485662492043086,0.12931034482758622,0.36430156230926514,-0.040210214,-0.026451938,-4.444926e-05,-0.013758276,-0.040165763,2019,False
2019-11-20,-0.2005042935041942,0.3999448791303223,0.15229885057471265,0.39316752552986145,-0.018525014,-0.008887859,0.012374481,-0.009637155,-0.030899495,2019,False
2019-11-21,-0.13764093227037263,0.44114478011643876,0.1781609195402299,0.426587849855423,-0.002708158,0.001193809,0.012641863,-0.0039019668,-0.015350021,2019,False
2019-11-22,0.058901052125078776,0.5565274343442562,0.20689655172413793,0.5317047238349915,0.036944605,0.028883427,0.018024318,0.008061178,0.018920287,2019,True
2019-11-25,0.09288433935214599,0.5344029143682619,0.19827586206896552,0.5119167566299438,0.035073277,0.03634542,0.0128176985,-0.0012721419,0.022255577,2019,False
2019-11-26,0.07772185382600669,0.5213011764747164,0.20402298850574713,0.5046501755714417,0.038198553,0.03754082,0.019207284,0.00065773353,0.01899127,2019,False
2019-11-27,0.08932325463347249,0.5360364461332684,0.16666666666666666,0.5139449834823608,0.035784524,0.037830375,0.019542936,-0.0020458512,0.016241588,2019,False
2019-11-28,0.12859662743172565,0.5762420315573359,0.1925287356321839,0.5430549383163452,0.050396748,0.04849054,0.02902602,0.0019062087,0.021370728,2019,False
2019-11-29,0.15104456238323608,0.597591016004612,0.18624641833810887,0.566202700138092,0.061406527,0.054329872,0.03663635,0.0070766546,0.024770178,2019,True
2019-12-02,0.14244928101954524,0.6059335188299557,0.19197707736389685,0.569169282913208,0.08046069,0.07157486,0.052886903,0.008885831,0.027573787,2019,False
2019-12-03,0.12166766137863447,0.5518724238949181,0.15229885057471265,0.529192328453064,0.07059755,0.07053664,0.05072564,6.0908496e-05,0.019871913,2019,False
2019-12-04,0.05930709575328183,0.4729000203079007,0.1174785100286533,0.45807597041130066,0.05048742,0.06120343,0.046814345,-0.01071601,0.0036730766,2019,False
2019-12-05,0.01746188300722445,0.4471298647854658,0.1174785100286533,0.4362817406654358,0.04091582,0.055291004,0.045344736,-0.014375184,-0.0044289157,2019,False
2019-12-06,-0.017944011977946255,0.47048621066324026,0.1346704871060172,0.4578920304775238,0.01965518,0.027500262,0.02307152,-0.007845083,-0.0034163408,2019,True
2019-12-09,-0.040048412264639226,0.48916496299036727,0.17191977077363896,0.46646055579185486,0.022818506,0.02276507,0.019924317,5.3435564e-05,0.0028941892,2019,False
2019-12-10,0.010181186115276651,0.5161079132595097,0.19484240687679083,0.5031578540802002,0.03747749,0.031938307,0.024989424,0.0055391826,0.012488065,2019,False
2019-12-11,-0.03021768860850837,0.4773094495645511,0.166189111747851,0.4662538170814514,0.037099812,0.038596872,0.03420177,-0.0014970601,0.0028980412,2019,False
2019-12-12,-0.07034589618556142,0.429885010213884,0.1346704871060172,0.4295576810836792,0.027896758,0.03952085,0.037166715,-0.01162409,-0.0092699565,2019,False
2019-12-13,-0.12073611327127856,0.4114275962280387,0.14613180515759314,0.40254321694374084,-0.0005086413,0.010426139,0.017483247,-0.01093478,-0.01799189,2019,True
2019-12-16,-0.11466590029303371,0.4294405144510715,0.13714285714285715,0.41731420159339905,-0.003910182,0.0064530713,0.013516254,-0.010363253,-0.017426435,2019,False
2019-12-17,-0.09016871714237898,0.48082697778538225,0.18624641833810887,0.4594084620475769,0.016387729,0.018332008,0.023325197,-0.0019442793,-0.0069374684,2019,False
2019-12-18,-0.031490255287259766,0.5242548515792624,0.2,0.49584558606147766,0.0302336,0.027924431,0.02200966,0.0023091678,0.00822394,2019,False
2019-12-19,0.006922479644366146,0.5165136000425343,0.19484240687679083,0.49963492155075073,0.036799744,0.04054545,0.023169018,-0.003745705,0.013630725,2019,False
2019-12-20,0.04772154750234034,0.5166354723094384,0.18857142857142858,0.4996744990348816,0.06709695,0.07282711,0.05151752,-0.0057301596,0.0155794285,2019,True
2019-12-23,0.03138215410864379,0.47178260729953353,0.16,0.46604737639427185,0.06130711,0.07396756,0.049904935,-0.012660451,0.011402175,2019,False
2019-12-24,0.036191322616689545,0.4884743286466351,0.16,0.4817774295806885,0.05810235,0.064889915,0.04705724,-0.0067875646,0.0110451095,2019,False
2019-12-25,0.08181701368741702,0.5471410722042603,0.1833810888252149,0.5251988768577576,0.062237136,0.065548204,0.041750494,-0.0033110678,0.020486642,2019,False
2019-12-26,0.18066992631959616,0.6289205915713163,0.2177650429799427,0.592400312423706,0.07273433,0.068256326,0.030922849,0.0044780076,0.041811485,2019,False
2019-12-27,0.24001758194867945,0.6518535379787653,0.22063037249283668,0.6195042729377747,0.103062876,0.09468344,0.04746403,0.008379437,0.055598844,2019,True
2019-12-30,0.2622297367306491,0.6705690064842581,0.2349570200573066,0.6305921673774719,0.08549955,0.077836394,0.023617607,0.007663153,0.06188194,2019,False
2019-12-31,0.29036899956170914,0.7051004535287102,0.27507163323782235,0.664512574672699,0.07744377,0.057980727,0.004454242,0.019463044,0.07298953,2019,False
2020-01-02,0.27493839611098403,0.7094777290069125,0.27714285714285714,0.6640526652336121,0.065907635,0.04926052,-0.0032098286,0.016647115,0.069117464,2020,False
2020-01-03,0.24922590145321014,0.7148403653268163,0.30857142857142855,0.6641452312469482,0.065691955,0.040136356,-0.0071214824,0.0255556,0.07281344,2020,True
2020-01-06,0.20626295558227825,0.7138558737296636,0.2857142857142857,0.6625202894210815,0.05856747,0.0264119,-0.017450219,0.032155573,0.07601769,2020,False
2020-01-07,0.18995198085224058,0.730367382822293,0.31054131054131057,0.6749703884124756,0.059857577,0.0124145355,-0.025770387,0.04744304,0.085627966,2020,False
2020-01-08,0.1637941377791133,0.7255531213660396,0.31339031339031337,0.664682149887085,0.03910067,-0.0050146854,-0.04253376,0.044115353,0.08163443,2020,False
2020-01-09,0.09508928011224446,0.6846885761139981,0.2564102564102564,0.6282156705856323,-0.07881264,-0.1086503,-0.12512541,0.02983766,0.04631277,2020,False
2020-01-10,0.08596780392713786,0.7004674198241901,0.23714285714285716,0.6471571326255798,-0.08243079,-0.11934408,-0.13390629,0.03691329,0.051475503,2020,True
2020-01-13,0.125764416885589,0.7000655741549521,0.22,0.6534711718559265,-0.057316065,-0.096324965,-0.11901708,0.0390089,0.061701015,2020,False
2020-01-14,0.108443194222398,0.6620133399668748,0.18571428571428572,0.6178514957427979,-0.042656984,-0.069528416,-0.089754164,0.026871432,0.04709718,2020,False
2020-01-15,0.10938079005389637,0.6581046687005517,0.18857142857142858,0.6163467764854431,-0.031255584,-0.056935824,-0.07246267,0.02568024,0.041207086,2020,False
2020-01-16,0.1250216073137172,0.6617774006025793,0.18518518518518517,0.6209163665771484,-0.01700386,-0.04403677,-0.07370416,0.027032908,0.0567003,2020,False
2020-01-17,0.1364737346911398,0.6662817066476274,0.18803418803418803,0.6275052428245544,-0.017410379,-0.041779332,-0.07183028,0.024368953,0.0544199,2020,True
2020-01-20,0.17448589323140273,0.6671506449189352,0.19658119658119658,0.6345827579498291,-0.012969411,-0.025825046,-0.0697959,0.012855635,0.056826487,2020,False
2020-01-21,0.21259530801155893,0.6636101856373843,0.20512820512820512,0.6378764510154724,0.00082631654,-0.009343001,-0.066914596,0.010169318,0.06774091,2020,False
2020-01-22,0.2615814382160903,0.6754466777248921,0.2159090909090909,0.648120641708374,0.01211034,-0.0006558739,-0.055722963,0.012766214,0.067833304,2020,False
2020-01-23,0.3232597428837818,0.7127416179645873,0.20170454545454544,0.6713888645172119,0.1544538,0.14000215,0.0643756,0.014451653,0.0900782,2020,False
2020-02-03,0.2921087930376255,0.6608253086370632,0.21022727272727273,0.6202957034111023,0.19228974,0.17676124,0.09746514,0.0155285,0.0948246,2020,False
2020-02-04,0.31680791248748974,0.6711484512762842,0.20738636363636365,0.6350898742675781,0.15965098,0.14801675,0.07545879,0.011634231,0.084192194,2020,False
2020-02-05,0.3157224224514978,0.6800802347437558,0.2215909090909091,0.6509313583374023,0.15035392,0.1334716,0.059367307,0.01688233,0.09098662,2020,False
2020-02-06,0.30447178306268535,0.6753293540002705,0.22727272727272727,0.650497555732727,0.15609172,0.14335012,0.07001599,0.0127415955,0.08607573,2020,False
2020-02-07,0.32361522238652196,0.6836318398166966,0.23863636363636365,0.6681904196739197,0.15384099,0.13921148,0.059130188,0.014629513,0.0947108,2020,True
2020-02-10,0.32318739460988744,0.6899323680604175,0.2215909090909091,0.6580943465232849,0.1409535,0.11861766,0.03752801,0.022335835,0.10342549,2020,False
2020-02-11,0.197386504626726,0.625222954469199,0.18181818181818182,0.5938929915428162,0.11716314,0.10207167,0.05374353,0.015091464,0.06341961,2020,False
2020-02-12,0.11171649186275241,0.5684168916294848,0.17613636363636365,0.5390270948410034,0.08662837,0.07841973,0.053612787,0.00820864,0.033015583,2020,False
2020-02-13,0.005748193018410607,0.5185672881322088,0.1590909090909091,0.4954484701156616,0.03860983,0.033218052,0.029961389,0.0053917766,0.00864844,2020,False
2020-02-14,-0.048785101654828564,0.4898084749642516,0.14772727272727273,0.48676347732543945,0.027108848,0.020674698,0.025641765,0.00643415,0.0014670826,2020,True
2020-02-17,-0.019042952007268382,0.47634997790546085,0.13636363636363635,0.47316113114356995,0.030064726,0.041284367,0.03272494,-0.011219641,-0.002660213,2020,False
2020-02-18,-0.0516042332867334,0.484666165173688,0.14488636363636365,0.48537829518318176,0.021936357,0.023859382,0.027887102,-0.0019230247,-0.005950745,2020,False
2020-02-19,-0.058160709847710615,0.48082274580821927,0.1558073654390935,0.4868781864643097,0.038910702,0.042835847,0.052639257,-0.0039251447,-0.013728555,2020,False
2020-02-20,-0.07427108756782924,0.488456586791285,0.13636363636363635,0.493660569190979,0.02380591,0.02171955,0.04390861,0.00208636,-0.0201027,2020,False
2020-02-21,-0.0893150154537881,0.4937457996866838,0.14488636363636365,0.4918205142021179,-0.003039425,-0.010289981,0.02159337,0.007250556,-0.024632795,2020,True
2020-02-24,-0.03674938988604272,0.5081461724383822,0.1274787535410765,0.4965914487838745,-0.00812872,-0.0046161246,0.010954384,-0.0035125958,-0.019083105,2020,False
2020-02-25,-0.10819065162228007,0.4775944749243559,0.10764872521246459,0.4662725329399109,0.0013810371,-0.003851961,0.022065291,0.005232998,-0.020684253,2020,False
2020-02-26,-0.2514214238944843,0.3828954366125415,0.09348441926345609,0.3745702803134918,-0.05026274,-0.032817803,0.011444644,-0.017444938,-0.061707385,2020,False
2020-02-27,-0.14938275128673364,0.4199286989222241,0.10198300283286119,0.4120222330093384,-0.026991459,-0.0095461365,0.006978123,-0.017445322,-0.03396958,2020,False
2020-02-28,-0.22100245685983044,0.36504223157152993,0.07932011331444759,0.3565008044242859,-0.053083874,-0.03408707,-0.0020631491,-0.018996805,-0.051020727,2020,True
2020-03-02,-0.3729157973186256,0.29795041261388466,0.0708215297450425,0.29570600390434265,-0.13247165,-0.11899841,-0.049132727,-0.0134732425,-0.083338924,2020,False
2020-03-03,-0.2694310703806976,0.3532247870394744,0.09348441926345609,0.35053104162216187,-0.0985455,-0.09000375,-0.049174115,-0.008541748,-0.049371384,2020,False
2020-03-04,-0.2383842566813473,0.3874264223521706,0.09322033898305085,0.38609081506729126,-0.13205217,-0.12410692,-0.09241003,-0.007945247,-0.03964214,2020,False
2020-03-05,-0.19412770622744288,0.39799017893478766,0.08757062146892655,0.3920571804046631,-0.11766159,-0.09880454,-0.0820569,-0.018857047,-0.035604686,2020,False
2020-03-06,-0.1864401760349426,0.41223687623752525,0.1016949152542373,0.40399765968322754,-0.11426806,-0.1072639,-0.08100498,-0.0070041567,-0.03326308,2020,True
2020-03-09,-0.2174209437801673,0.37547409418687355,0.06779661016949153,0.36434173583984375,-0.11582643,-0.099814564,-0.06976791,-0.016011864,-0.04605852,2020,False
2020-03-10,-0.20357424532764,0.3996249706641575,0.06779661016949153,0.38687142729759216,-0.105727814,-0.09937744,-0.06370408,-0.0063503757,-0.042023733,2020,False
2020-03-11,-0.1355023536316074,0.41586347370678783,0.09322033898305085,0.4059784412384033,-0.07333888,-0.067736104,-0.043656036,-0.005602777,-0.029682845,2020,False
2020-03-12,-0.15049981323474096,0.38432233336624483,0.06779661016949153,0.3789869546890259,-0.05166633,-0.04309204,-0.013072302,-0.008574292,-0.03859403,2020,False
2020-03-13,-0.19870287893421298,0.3728120594680142,0.07909604519774012,0.37272992730140686,-0.09291548,-0.08640284,-0.044104844,-0.006512642,-0.04881064,2020,True
2020-03-16,-0.139432176375409,0.3871205182194746,0.08450704225352113,0.38180679082870483,-0.046148483,-0.041805778,-0.010598738,-0.004342705,-0.035549745,2020,False
2020-03-17,-0.19859581391883177,0.3605043101114348,0.07605633802816901,0.3515929877758026,-0.06982257,-0.050916962,-0.01824427,-0.01890561,-0.051578302,2020,False
2020-03-18,-0.16205598434563256,0.3910855154918119,0.09577464788732394,0.38003358244895935,-0.03703795,-0.01824039,0.00061141787,-0.01879756,-0.037649367,2020,False
2020-03-19,-0.1359557697639596,0.4173183517740448,0.09859154929577464,0.4041460454463959,-0.03921435,-0.02530636,-0.010962475,-0.0139079895,-0.028251875,2020,False
2020-03-20,0.02287286975102524,0.5268117378289838,0.1352112676056338,0.5069608688354492,0.028467815,0.030800734,0.01964655,-0.0023329183,0.008821266,2020,True
2020-03-23,0.12512165489592386,0.5642741955253148,0.14887640449438203,0.5438181161880493,0.049956676,0.044952087,0.020661237,0.0050045885,0.029295439,2020,False
2020-03-24,0.061367906425488145,0.5264328173684301,0.1323943661971831,0.5144546627998352,0.022407362,0.025671698,0.008002714,-0.003264336,0.014404648,2020,False
2020-03-25,-0.00048241111743163996,0.49662555841543266,0.11830985915492957,0.4816913306713104,0.0024638362,0.008715428,0.0030518991,-0.006251592,-0.0005880629,2020,False
2020-03-26,-0.050600824496860534,0.48454658934824824,0.12078651685393259,0.4741972088813782,-0.015396464,-0.021393457,-0.01190376,0.0059969937,-0.0034927037,2020,False
2020-03-27,0.17412039105709162,0.6210270668107878,0.199438202247191,0.5977312326431274,0.05533948,0.039402045,0.012906303,0.015937436,0.04243318,2020,True
2020-03-30,0.2347450105213057,0.654267157817569,0.22253521126760564,0.626993715763092,0.062449634,0.05220167,0.008883324,0.010247964,0.05356631,2020,False
2020-03-31,0.1916700897851695,0.6359716527333897,0.2050561797752809,0.6080408692359924,0.055838414,0.045117963,0.0077901036,0.01072045,0.04804831,2020,False
2020-04-01,0.21183431455923693,0.6565535800810947,0.21008403361344538,0.6255504488945007,0.06861125,0.054116935,0.016956713,0.014494315,0.051654536,2020,False
2020-04-02,0.1631790684997632,0.644950203187007,0.21008403361344538,0.6170328855514526,0.058393206,0.04130151,0.013230351,0.017091695,0.045162857,2020,False
2020-04-03,0.1107070928337002,0.6268807990993935,0.199438202247191,0.6012548804283142,0.031159423,0.007554591,-0.005729271,0.023604833,0.036888696,2020,True
2020-04-07,0.12314998385562631,0.6383278907653432,0.18820224719101122,0.6073180437088013,0.026862402,0.014435423,-0.006332481,0.012426979,0.03319488,2020,False
2020-04-08,0.0801744620468481,0.6359482649022589,0.19887955182072828,0.5940661430358887,0.023379361,0.00758288,-0.0075400835,0.01579648,0.030919444,2020,False
2020-04-09,0.08691567283055614,0.6278409009289594,0.21008403361344538,0.5978884100914001,0.024675572,0.004061708,-0.0095783565,0.020613864,0.03425393,2020,False
2020-04-10,0.1305581589419936,0.6678726492835495,0.21910112359550563,0.6327977776527405,0.040915836,0.021207709,-0.0023312988,0.019708127,0.043247133,2020,True
2020-04-13,0.06836712734565355,0.6782763095185721,0.2556179775280899,0.6511117815971375,0.015183827,-0.020254087,-0.02682566,0.03543791,0.042009488,2020,False
2020-04-14,0.028393761106311,0.6790230223759506,0.23380281690140844,0.648993968963623,0.008979326,-0.02685143,-0.020832133,0.03583076,0.029811459,2020,False
2020-04-15,0.06663198621004736,0.6859320276624721,0.24858757062146894,0.6510483622550964,0.029022621,-0.0072718384,-0.006971262,0.03629446,0.03599388,2020,False
2020-04-16,0.094231241009252,0.6806507753785603,0.27808988764044945,0.6499897241592407,0.031405658,-0.004991963,-0.011776806,0.03639762,0.043182462,2020,False
2020-04-17,0.138953261318952,0.709452242137433,0.2689075630252101,0.6695699095726013,0.0465664,0.0051484616,-0.005105608,0.041417938,0.051672008,2020,True
2020-04-20,0.12200500809504923,0.6796637864860369,0.2661064425770308,0.6411459445953369,0.053114746,0.021900417,0.005626088,0.031214328,0.04748866,2020,False
2020-04-21,0.10678891633206997,0.6664980161929147,0.2640449438202247,0.6329102516174316,0.04733286,0.01819278,0.008777879,0.029140081,0.03855498,2020,False
2020-04-22,0.13152911629110656,0.6891482358111976,0.2913165266106443,0.6533941626548767,0.040034894,0.008957556,-0.0053034965,0.031077337,0.045338392,2020,False
2020-04-23,0.24794506452456633,0.7534661992711918,0.3202247191011236,0.7082672119140625,0.07684842,0.04385651,-5.404328e-05,0.03299191,0.076902464,2020,False
2020-04-24,0.3118575268516417,0.7446567064506772,0.3277310924369748,0.7073384523391724,0.086503424,0.0553783,-0.002352264,0.031125125,0.08885569,2020,True
2020-04-27,0.3178401383666066,0.6896183120839902,0.29859154929577464,0.64691561460495,0.09851632,0.07956958,0.016858766,0.018946745,0.08165756,2020,False
2020-04-28,0.2516255406554767,0.6664474558457348,0.2457627118644068,0.6223623156547546,0.08470149,0.06881838,0.014107486,0.01588311,0.070594005,2020,False
2020-04-29,0.24436109894393226,0.6737518722557003,0.27635327635327633,0.6285572648048401,0.07877518,0.058542088,0.0037066415,0.020233095,0.07506854,2020,False
2020-04-30,0.18421705688348097,0.6561667830779951,0.2535612535612536,0.6106443405151367,0.056114588,0.035060897,0.0014833428,0.02105369,0.054631244,2020,False
2020-05-06,0.013223303257792942,0.5843849999781277,0.23076923076923078,0.5360395908355713,0.020164296,0.010038747,-0.0004657243,0.010125549,0.02063002,2020,False
2020-05-07,-0.07439178625807177,0.5540080891755478,0.19886363636363635,0.5069829821586609,-0.011281912,-0.020936863,-0.01746594,0.009654951,0.0061840275,2020,False
2020-05-08,-0.11925488870992228,0.5569667152232436,0.19602272727272727,0.5089243054389954,-0.018250607,-0.03483965,-0.026616551,0.016589042,0.008365944,2020,True
2020-05-11,-0.05631236580809971,0.574326639231366,0.19886363636363635,0.5234796404838562,0.00274636,-0.013169022,-0.0120297875,0.015915383,0.014776148,2020,False
2020-05-12,-0.11577218286003939,0.5183605449725216,0.14814814814814814,0.46763840317726135,-0.015797533,-0.015983671,-0.0038514386,0.00018613786,-0.011946094,2020,False
2020-05-13,-0.21434563569561926,0.48599492373728936,0.13068181818181818,0.43471527099609375,-0.031218898,-0.028227895,0.004571185,-0.002991002,-0.035790082,2020,False
2020-05-14,-0.1401912904336667,0.5281413642761066,0.17897727272727273,0.482913613319397,-0.010465717,-0.024924858,0.0069013867,0.014459141,-0.017367104,2020,False
2020-05-15,-0.05961720011708985,0.537057392908799,0.18518518518518517,0.49805018305778503,0.016181873,0.008853225,0.019265391,0.007328648,-0.0030835178,2020,True
2020-05-18,-0.0924711562788578,0.4625773344808864,0.125,0.4350002408027649,0.0073556993,0.015810432,0.023761472,-0.008454733,-0.016405772,2020,False
2020-05-19,-0.1109108978896351,0.4513240057055462,0.09659090909090909,0.42609903216362,0.010171398,0.024639368,0.027499614,-0.0144679705,-0.017328218,2020,False
2020-05-20,-0.003052328297368171,0.4975565267718491,0.13068181818181818,0.46736767888069153,0.026375236,0.036521386,0.0257644,-0.01014615,0.00061083585,2020,False
2020-05-21,0.07060846793327749,0.526764745944353,0.16193181818181818,0.5046632289886475,0.053577743,0.06587675,0.03721566,-0.012299009,0.016362082,2020,False
2020-05-22,0.09780585630473097,0.48663794097411955,0.14772727272727273,0.46913033723831177,0.057719067,0.08012963,0.044210326,-0.022410564,0.013508741,2020,True
2020-05-25,0.006037651956521531,0.43788949339364086,0.14772727272727273,0.42486047744750977,0.029559908,0.059960738,0.03614071,-0.03040083,-0.0065808017,2020,False
2020-05-26,0.03820795309426738,0.5106419779147635,0.16761363636363635,0.4966810345649719,0.042280328,0.05056326,0.030056184,-0.008282933,0.012224143,2020,False
2020-05-27,0.17521660115846718,0.5764211051573331,0.19602272727272727,0.5593316555023193,0.068613715,0.06891987,0.027394483,-0.0003061518,0.041219234,2020,False
2020-05-28,0.12450052722940674,0.5611098385747216,0.20738636363636365,0.5439378619194031,0.045104746,0.053681947,0.014135236,-0.0085772015,0.03096951,2020,False
2020-05-29,0.06291803462080499,0.566450287152521,0.21022727272727273,0.5388926863670349,0.035376772,0.029923223,0.005505339,0.0054535493,0.029871434,2020,True
2020-06-01,0.12165913782820836,0.6355313448873647,0.2521246458923513,0.6044377088546753,0.048547987,0.032409787,-0.003919056,0.0161382,0.052467044,2020,False
2020-06-02,0.14057598162443705,0.6314871608982988,0.26628895184135976,0.5961185693740845,0.051112417,0.038157124,-0.0016996727,0.012955293,0.05281209,2020,False
2020-06-03,0.113214101486424,0.6011154794489371,0.22096317280453256,0.5754480957984924,0.044952765,0.036487695,0.010763129,0.00846507,0.034189634,2020,False
2020-06-04,0.16558775763863345,0.6697296552125005,0.26628895184135976,0.6326257586479187,0.058743313,0.039070707,0.012120948,0.019672606,0.046622366,2020,False
2020-06-05,0.22383174281501494,0.7222031423448847,0.2776203966005666,0.6772889494895935,0.067182824,0.05057126,0.0113185095,0.016611565,0.055864315,2020,True
2020-06-08,0.2792716765019062,0.7467079675183813,0.3135593220338983,0.701299786567688,0.07653396,0.057393607,0.0047222218,0.019140352,0.071811736,2020,False
2020-06-09,0.2572287444832596,0.7351489109628122,0.2804532577903683,0.6936196684837341,0.0751121,0.053092577,0.008510456,0.02201952,0.06660164,2020,False
2020-06-10,0.2311989213455746,0.7349390812664649,0.29745042492917845,0.6940757036209106,0.072511375,0.043344807,0.0020793406,0.029166568,0.07043204,2020,False
2020-06-11,0.2751812478334039,0.7271408772254366,0.2719546742209632,0.6870619654655457,0.09588343,0.07372746,0.01591713,0.02215597,0.0799663,2020,False
2020-06-12,0.2513644044574787,0.7104599879138475,0.2719546742209632,0.6767522096633911,0.08887673,0.06311803,0.01508686,0.025758699,0.07378987,2020,True
2020-06-15,0.14914928630860563,0.6263026868013841,0.22598870056497175,0.6035749912261963,0.07113111,0.05693667,0.029750343,0.01419444,0.041380767,2020,False
2020-06-16,0.008201188994559253,0.5540701480835473,0.2062146892655367,0.5304780602455139,0.057586346,0.05757683,0.05282552,9.514391e-06,0.004760824,2020,False
2020-06-17,-0.04065221326158559,0.5323354628596391,0.18361581920903955,0.5134742856025696,0.08515986,0.08270254,0.09384701,0.0024573207,-0.008687146,2020,False
2020-06-18,-0.018198773522017972,0.48993471412633083,0.1751412429378531,0.4744161367416382,0.10360259,0.1125026,0.11108931,-0.008900009,-0.0074867234,2020,False
2020-06-19,0.0007537666150170703,0.5000657024382625,0.16101694915254236,0.48469772934913635,0.10246738,0.10915539,0.10685979,-0.006688006,-0.004392408,2020,True
2020-06-22,-0.010263081621979793,0.46629555300111736,0.14689265536723164,0.452743262052536,0.12567335,0.1486485,0.14528964,-0.022975147,-0.01961629,2020,False
2020-06-23,0.040231176640486734,0.5053384097859779,0.14124293785310735,0.48053690791130066,0.14458597,0.1645221,0.14408636,-0.01993613,0.00049960613,2020,False
2020-06-24,0.06776543505619824,0.49955412574122954,0.12994350282485875,0.46922293305397034,0.16276047,0.18808661,0.1627021,-0.025326148,5.836785e-05,2020,False
2020-06-29,-0.029229801735304945,0.4381472844024885,0.11331444759206799,0.4164606034755707,0.14042324,0.16349466,0.1620749,-0.023071423,-0.021651655,2020,False
2020-06-30,-0.04589522690844161,0.4652389174760088,0.10764872521246459,0.43456292152404785,0.12580003,0.15177274,0.14269274,-0.025972709,-0.016892716,2020,False
2020-07-01,-0.09352401182889863,0.47347637957477545,0.1048158640226629,0.4387688636779785,0.07833173,0.0977293,0.101422235,-0.019397572,-0.023090504,2020,False
2020-07-02,-0.037661004986242176,0.5023252857985158,0.13314447592067988,0.47127118706703186,0.046450596,0.06136708,0.044699002,-0.014916483,0.0017515942,2020,False
2020-07-03,-0.023876838424703974,0.4966397091623063,0.1501416430594901,0.46700048446655273,0.036166217,0.0446198,0.026363788,-0.0084535815,0.009802429,2020,True
2020-07-06,-0.02445092058896575,0.5347069722373231,0.18980169971671387,0.49380484223365784,0.03908533,0.029468574,0.01929655,0.009616755,0.01978878,2020,False
2020-07-07,-0.01871881798793794,0.554994167592916,0.19830028328611898,0.5067614912986755,0.04202723,0.034943756,0.019552303,0.0070834756,0.022474928,2020,False
2020-07-08,-0.04339089410220969,0.5640894640901946,0.2231638418079096,0.5171123743057251,0.0069314367,-0.004204886,-0.01456366,0.011136323,0.021495096,2020,False
2020-07-09,-0.1857662724527522,0.463572394559531,0.1497175141242938,0.438785195350647,-0.039421227,-0.04387448,-0.01883377,0.004453253,-0.020587457,2020,False
2020-07-10,-0.2527640039044359,0.44933811988340094,0.16147308781869688,0.42717745900154114,-0.07955151,-0.08749421,-0.041725144,0.007942699,-0.037826367,2020,True
2020-07-13,-0.24658395175488396,0.4494391625721262,0.1501416430594901,0.4324042499065399,-0.07308762,-0.08313891,-0.033704147,0.010051295,-0.03938347,2020,False
2020-07-14,-0.1788001588372086,0.4704797594469384,0.1529745042492918,0.4520193636417389,-0.041525308,-0.04894235,-0.024665384,0.007417042,-0.016859924,2020,False
2020-07-15,-0.0662406290804985,0.5054097359417985,0.17231638418079095,0.48343029618263245,0.012607885,0.008237486,-0.00020074303,0.004370399,0.012808627,2020,False
2020-07-16,0.010388858079709268,0.537812206430788,0.16101694915254236,0.506828784942627,0.05363264,0.045634683,0.022881387,0.007997956,0.030751253,2020,False
2020-07-17,0.1269609709749371,0.5997069895491554,0.19491525423728814,0.5621604323387146,0.07719043,0.062334605,0.011616522,0.014855824,0.06557391,2020,True
2020-07-20,0.058746024227571234,0.5650633996699832,0.1694915254237288,0.5313849449157715,0.05560217,0.04321849,0.012329032,0.012383681,0.04327314,2020,False
2020-07-21,0.02520348288819574,0.5369452978295741,0.1553672316384181,0.5052343606948853,0.037292022,0.03545886,0.0092062615,0.0018331632,0.02808576,2020,False
2020-07-22,-0.02683131685763653,0.5033932631316489,0.14124293785310735,0.46907007694244385,0.043751996,0.04480753,0.026338447,-0.0010555349,0.01741355,2020,False
2020-07-23,0.028376072096815964,0.5447487676937804,0.17231638418079095,0.5142995715141296,0.058227465,0.051825218,0.028523793,0.0064022467,0.029703671,2020,False
2020-07-24,0.003988302005954378,0.5081216667463646,0.16666666666666666,0.4915238320827484,0.0864081,0.079988696,0.05873944,0.0064194053,0.027668662,2020,True
2020-07-27,0.0011645940052212667,0.5406964705578254,0.18361581920903955,0.5191296339035034,0.079566225,0.057580974,0.04724115,0.021985251,0.032325074,2020,False
2020-07-28,-0.20925991583200265,0.4190861353091071,0.11864406779661017,0.4066140651702881,-0.0015611482,-0.0073460913,0.024767714,0.0057849432,-0.026328862,2020,False
2020-07-29,-0.2591558583255,0.374760463538406,0.12146892655367232,0.3691729009151459,-0.012991881,-0.007299082,0.035527173,-0.005692799,-0.048519053,2020,False
2020-07-30,-0.25653193423883264,0.3813105808316524,0.11549295774647887,0.3767680525779724,-0.016902493,-0.008090022,0.028072985,-0.008812471,-0.04497548,2020,False
2020-07-31,-0.2784090875644561,0.3644607392968159,0.09295774647887324,0.3662503957748413,-0.027841853,-0.0074044582,0.026216635,-0.020437395,-0.05405849,2020,True
2020-08-03,-0.23866532744787922,0.38444770077596896,0.12394366197183099,0.385325163602829,-0.013676176,0.0008783098,0.024495346,-0.014554486,-0.038171522,2020,False
2020-08-04,-0.30397947265610764,0.3613973591952709,0.09859154929577464,0.36354413628578186,-0.027114095,-0.010834969,0.030601835,-0.016279127,-0.05771593,2020,False
2020-08-05,-0.3532376441795877,0.3316624357078588,0.09859154929577464,0.33602988719940186,-0.051766727,-0.03405887,0.019963607,-0.017707858,-0.07173033,2020,False
2020-08-06,-0.3032250810978854,0.3454990868917742,0.07887323943661972,0.3522206246852875,-0.03379486,-0.018000389,0.027002933,-0.015794473,-0.060797796,2020,False
2020-08-07,-0.19763080155127669,0.40954364318289455,0.1295774647887324,0.4105566740036011,-0.023787964,-0.014842025,0.014054389,-0.008945939,-0.037842352,2020,True
2020-08-10,-0.1279679146857722,0.41677917223861327,0.11235955056179775,0.4099162817001343,-0.019564584,-0.00054466823,0.010890335,-0.019019915,-0.030454919,2020,False
2020-08-11,-0.03658498209350675,0.4701224785469166,0.12359550561797752,0.4545571804046631,0.006946661,0.020330373,0.021197222,-0.013383713,-0.014250562,2020,False
2020-08-12,-0.02136277891758137,0.5044446954124876,0.15168539325842698,0.48835256695747375,-1.1737595e-05,-0.0017261053,0.00019644112,0.0017143678,-0.00020817871,2020,False
2020-08-13,-0.0006120007730997298,0.5252513894888512,0.17134831460674158,0.5076375007629395,0.015064659,0.0127779255,0.0073599652,0.0022867331,0.0077046934,2020,False
2020-08-14,0.011032151251229153,0.517976790783484,0.1853932584269663,0.49572500586509705,0.010221831,0.017232139,-0.0010378428,-0.007010308,0.011259673,2020,True
2020-08-17,-0.03275808178546661,0.5224920522299783,0.17415730337078653,0.49844807386398315,-0.00828836,-0.010597122,-0.013551943,0.0023087617,0.005263583,2020,False
2020-08-18,0.028771911665164965,0.5245950888700835,0.14887640449438203,0.5023965835571289,0.007187171,0.0045090946,-0.009039158,0.0026780763,0.016226329,2020,False
2020-08-19,0.03735556897371514,0.5359996787715282,0.14325842696629212,0.5148159265518188,0.027029032,0.024235975,0.003450007,0.002793057,0.023579026,2020,False
2020-08-20,-0.0020282743639831614,0.4912855820666262,0.10393258426966293,0.4722527861595154,-0.004395512,0.0069797426,-0.012418098,-0.011375254,0.008022586,2020,False
2020-08-21,-0.07377990760564902,0.4384742256029097,0.06460674157303371,0.41929832100868225,-0.015929334,-0.004721133,-0.0042417245,-0.011208201,-0.011687609,2020,True
2020-08-24,-0.23704140803307097,0.36558578821769605,0.058823529411764705,0.35518190264701843,-0.04895271,-0.038410526,0.0021195426,-0.010542184,-0.05107225,2020,False
2020-08-25,-0.3292620664975344,0.31751552940031696,0.056179775280898875,0.3080367147922516,-0.057959277,-0.038968362,0.025344763,-0.018990915,-0.08330404,2020,False
2020-08-26,-0.35337959089415655,0.33365401133901634,0.09243697478991597,0.3275653123855591,-0.06922669,-0.052959196,0.010484462,-0.016267493,-0.079711154,2020,False
2020-08-27,-0.35230346416710695,0.3506084048013682,0.09523809523809523,0.34531134366989136,-0.08669817,-0.07281594,-0.019046031,-0.013882227,-0.067652136,2020,False
2020-08-28,-0.2937343157970407,0.346545848038881,0.0784313725490196,0.34109562635421753,-0.08292615,-0.0719134,-0.025135932,-0.011012748,-0.057790212,2020,True
2020-08-31,-0.2510725563379743,0.3488882594089255,0.07563025210084033,0.34092625975608826,-0.072913796,-0.054136142,-0.020668047,-0.018777654,-0.05224575,2020,False
2020-09-01,-0.29747013249938487,0.37381004193045214,0.0896358543417367,0.36202746629714966,-0.07820469,-0.06706975,-0.017752372,-0.011134945,-0.06045232,2020,False
2020-09-02,-0.24953000815535595,0.39235674488321026,0.0893854748603352,0.37288400530815125,-0.07436327,-0.06359162,-0.02420919,-0.010771647,-0.05015408,2020,False
2020-09-03,-0.22739398608225592,0.4451594214297597,0.11452513966480447,0.4161226153373718,-0.041513074,-0.039934147,-0.0030252098,-0.001578927,-0.038487863,2020,False
2020-09-04,-0.18819052043175982,0.5026079297631096,0.1792717086834734,0.4817388951778412,-0.026428932,-0.038658973,-0.0029888512,0.0122300405,-0.023440082,2020,True
2020-09-07,-0.014142806719804026,0.6171767926646686,0.22625698324022347,0.58688884973526,-0.0050510443,-0.02719845,-0.016701356,0.022147406,0.011650311,2020,False
2020-09-08,0.16392692295862746,0.7014219144335324,0.2857142857142857,0.6688529253005981,0.026258646,-0.012063073,-0.031185836,0.03832172,0.057444483,2020,False
2020-09-09,0.25072887064645316,0.6735520782343153,0.26256983240223464,0.6395928859710693,0.029398486,0.0025421123,-0.030804383,0.026856374,0.060202867,2020,False
2020-09-10,0.18431835115230857,0.6381537927518154,0.2206703910614525,0.6037659645080566,0.027057435,0.008259811,-0.020247655,0.018797625,0.047305092,2020,False
2020-09-11,-0.006209792210687639,0.6052708482088172,0.23249299719887956,0.5705787539482117,-0.012844615,-0.0358956,-0.026555244,0.023050986,0.013710629,2020,True
2020-09-14,-0.045796619543086795,0.584164821495582,0.24022346368715083,0.5511133074760437,-0.019897778,-0.03878338,-0.023127334,0.018885601,0.0032295566,2020,False
2020-09-15,0.024123924775627564,0.596708114229908,0.24860335195530725,0.5697624683380127,-0.009540363,-0.035259925,-0.0301093,0.02571956,0.020568937,2020,False
2020-09-16,0.06576086762054308,0.6146412858201669,0.2569832402234637,0.5993171334266663,0.025772037,-0.017212825,-0.014687302,0.042984862,0.04045934,2020,False
2020-09-17,0.14579137319799773,0.6084302021347218,0.2395543175487465,0.586918830871582,0.03294592,0.012783251,-0.008141644,0.020162668,0.041087564,2020,False
2020-09-18,0.2446752545288829,0.6263641182944597,0.23676880222841226,0.6035744547843933,0.037528034,0.025684914,-0.015259695,0.011843121,0.05278773,2020,True
2020-09-21,0.2837368713473295,0.6330771906846725,0.24512534818941503,0.6046231985092163,0.053872205,0.047833674,-0.008701993,0.0060385317,0.0625742,2020,False
2020-09-22,0.20076580718349257,0.5930470541482032,0.23676880222841226,0.5672391653060913,0.041146394,0.03964567,-0.0025409102,0.001500722,0.043687303,2020,False
2020-09-23,0.16619855899692207,0.5811373520890276,0.2395543175487465,0.5480657815933228,0.04873076,0.046417426,0.0149746025,0.0023133345,0.03375616,2020,False
2020-09-24,0.15616335436918782,0.5502119375309492,0.22284122562674094,0.5216615200042725,0.05861241,0.06180083,0.02512673,-0.00318842,0.03348568,2020,False
2020-09-25,0.23110691416057932,0.5620059377443817,0.21727019498607242,0.5474104881286621,0.06982045,0.06998798,0.017761135,-0.00016753376,0.052059315,2020,True
2020-09-28,0.19975254877999576,0.5387371447773027,0.23676880222841226,0.5346831679344177,0.06636421,0.062473543,0.014421441,0.0038906634,0.051942766,2020,False
2020-09-29,0.09345944063967901,0.4984827672154924,0.19166666666666668,0.4949742555618286,0.041624013,0.04645753,0.018081792,-0.0048335157,0.023542222,2020,False
2020-09-30,-0.0064678162899297065,0.46567621696832967,0.15833333333333333,0.46182411909103394,0.0012712723,0.0143176075,0.0047675036,-0.013046335,-0.0034962313,2020,False
2020-10-09,-0.08617406653170713,0.44411531718138336,0.13055555555555556,0.4316244423389435,-0.04129215,-0.02727568,-0.021230066,-0.01401647,-0.020062083,2020,True
2020-10-12,-0.0842461520682591,0.4516380178615477,0.125,0.43096280097961426,-0.045307245,-0.032417156,-0.030383809,-0.012890089,-0.014923437,2020,False
2020-10-13,-0.08898063447550397,0.454702478899031,0.125,0.43961647152900696,-0.045371976,-0.035237197,-0.026185676,-0.010134779,-0.0191863,2020,False
2020-10-14,-0.042788080943778124,0.4729530365793901,0.10277777777777777,0.453319251537323,-0.035616376,-0.016268514,-0.02636821,-0.019347861,-0.009248165,2020,False
2020-10-15,-0.006945319465945446,0.5284291445056344,0.13573407202216067,0.5011187195777893,-0.030004187,-0.02068407,-0.032929424,-0.009320116,0.0029252376,2020,False
2020-10-16,0.05247199634386736,0.6146890226911632,0.19166666666666668,0.5763452053070068,-0.02342627,-0.033500515,-0.05251021,0.010074245,0.02908394,2020,True
2020-10-19,0.04564030170737836,0.5992802425616002,0.1883656509695291,0.5657656192779541,-0.005062948,-0.014207593,-0.031026626,0.009144645,0.025963679,2020,False
2020-10-20,0.0671541783563469,0.6150610981384143,0.20498614958448755,0.5778312087059021,0.00027661625,-0.011479979,-0.027445799,0.011756595,0.027722415,2020,False
2020-10-21,0.14720425441345372,0.6535339883068613,0.22437673130193905,0.6118319034576416,0.030157834,0.015803037,-0.0172025,0.014354797,0.047360335,2020,False
2020-10-22,0.11864568000600555,0.6439895052704715,0.2548476454293629,0.6066413521766663,0.03127511,0.002938681,-0.016514968,0.028336428,0.047790077,2020,False
2020-10-23,0.10977481710341237,0.6284673998658543,0.22375690607734808,0.595358669757843,0.053467967,0.030579327,0.008688041,0.02288864,0.044779927,2020,True
2020-10-26,-0.0013506519471695247,0.5559445108305434,0.19613259668508287,0.5312122702598572,0.030695247,0.012968281,0.015654929,0.017726965,0.015040318,2020,False
2020-10-27,-0.10529939398405105,0.5200836308861931,0.1850828729281768,0.49447134137153625,0.011312023,-0.002543324,0.017958276,0.0138553465,-0.006646253,2020,False
2020-10-28,-0.16427419873279162,0.49420058961276253,0.1712707182320442,0.4723470211029053,-0.0020208496,-0.021337483,0.017578151,0.019316634,-0.019599,2020,False
2020-10-29,-0.15472099837591713,0.46611410579940793,0.1712707182320442,0.4495728313922882,-0.0015665725,-0.009880326,0.017423004,0.008313754,-0.018989576,2020,False
2020-10-30,-0.2603235044030469,0.4005780039925033,0.1132596685082873,0.39154717326164246,0.004441269,0.007917831,0.051241502,-0.0034765615,-0.046800233,2020,True
2020-11-02,-0.31812322342696847,0.3801713438753011,0.10497237569060773,0.3750263750553131,-0.02111328,-0.016318768,0.043058045,-0.004794512,-0.06417133,2020,False
2020-11-03,-0.36971251825088647,0.3364361742315507,0.07162534435261708,0.33100786805152893,-0.03140123,-0.014439891,0.047721647,-0.016961336,-0.07912287,2020,False
2020-11-04,-0.39505280622891087,0.3341468957580075,0.09090909090909091,0.33024054765701294,-0.041132003,-0.0269998,0.038429245,-0.0141322035,-0.07956125,2020,False
2020-11-05,-0.3105851832981837,0.39396152512786337,0.12396694214876033,0.3751968443393707,-0.016990798,-0.004839228,0.034628324,-0.012151569,-0.05161912,2020,False
2020-11-06,-0.34376949330506246,0.38556731941640343,0.1043956043956044,0.3618798851966858,-0.031171842,-0.020412937,0.030399432,-0.010758905,-0.061571274,2020,True
2020-11-09,-0.3175343157670335,0.4089462032703652,0.10989010989010989,0.3820459246635437,-0.021820944,-0.015392419,0.032943636,-0.006428525,-0.05476458,2020,False
2020-11-10,-0.3074765226213019,0.39943147027322196,0.10989010989010989,0.37147730588912964,-0.019541133,-0.0009904784,0.033874393,-0.018550655,-0.053415526,2020,False
2020-11-11,-0.3004698991023148,0.39518488316809813,0.10684931506849316,0.3648999333381653,-0.028683476,-0.010244154,0.020269457,-0.018439323,-0.048952933,2020,False
2020-11-12,-0.33919971565165236,0.4117820616934036,0.1178082191780822,0.37832942605018616,-0.026110135,-0.016748777,0.030098658,-0.009361358,-0.056208793,2020,False
2020-11-13,-0.3412638979350606,0.415134260519435,0.12876712328767123,0.38723891973495483,-0.027919918,-0.026297191,0.03077875,-0.0016227271,-0.05869867,2020,True
2020-11-16,-0.21847010327476057,0.4652417214012462,0.1780821917808219,0.42763444781303406,-0.0090077305,-0.008574233,0.021977797,-0.00043349713,-0.030985527,2020,False
2020-11-17,-0.18839728702139194,0.4830231795692499,0.1885245901639344,0.45312875509262085,0.00032769266,-0.006594947,0.023927854,0.00692264,-0.023600161,2020,False
2020-11-18,-0.20250631793477625,0.4732902089545246,0.16120218579234974,0.4448084533214569,-0.0091284495,-0.010619673,0.024651159,0.0014912235,-0.033779606,2020,False
2020-11-19,-0.22308677680317637,0.45952278203861924,0.15300546448087432,0.4368396997451782,-0.017531388,-0.017866483,0.017668659,0.00033509545,-0.035200045,2020,False
2020-11-20,-0.10683046368776157,0.5165612781467466,0.1912568306010929,0.4971553087234497,-0.0073824725,-0.012055475,0.0020612427,0.0046730028,-0.009443715,2020,True
2020-11-23,-0.053950841144453913,0.5718722388939304,0.21311475409836064,0.5432624220848083,-0.003308388,-0.02164608,-0.0074062445,0.018337693,0.0040978566,2020,False
2020-11-24,-0.004098216085624399,0.5972887895358391,0.22950819672131148,0.5702630281448364,-0.00081688457,-0.01741108,-0.01228391,0.016594194,0.011467026,2020,False
2020-11-25,0.03634042656166125,0.6471476891382992,0.273224043715847,0.6124173402786255,0.019251836,-0.009677037,-0.013391265,0.028928872,0.032643102,2020,False
2020-11-26,0.04659635334493849,0.6285393233940111,0.24795640326975477,0.5944271087646484,0.004494485,-0.012358957,-0.026724875,0.016853442,0.03121936,2020,False
2020-11-27,0.10924546422619182,0.6616566802114724,0.26430517711171664,0.6216938495635986,0.009529055,-0.016534239,-0.0373442,0.026063293,0.046873253,2020,True
2020-11-30,0.13768275428974716,0.6717144670589332,0.2615803814713896,0.6418797373771667,0.013525719,-0.016937329,-0.040663447,0.030463047,0.054189168,2020,False
2020-12-01,0.14047641840256989,0.6889259670599639,0.2724795640326976,0.6471957564353943,0.007068795,-0.022337979,-0.04987113,0.029406775,0.056939926,2020,False
2020-12-02,0.17184427606902214,0.6974774862849064,0.2724795640326976,0.6647835373878479,0.012370957,-0.023088615,-0.054280087,0.03545957,0.06665105,2020,False
2020-12-03,0.14254252301244444,0.6827169938521787,0.2724795640326976,0.6428245306015015,0.013665945,-0.017650189,-0.04367489,0.031316135,0.057340834,2020,False
2020-12-04,0.1287929129511355,0.6855055109629572,0.27520435967302453,0.6416144371032715,0.019130332,-0.016755054,-0.04004928,0.035885386,0.05917961,2020,True
2020-12-07,0.1245875975603116,0.6609863957083346,0.24795640326975477,0.6222174763679504,0.0076860483,-0.01706381,-0.04438374,0.024749858,0.052069787,2020,False
2020-12-08,0.11884013559114756,0.6458171684122244,0.24728260869565216,0.6059098243713379,0.007589471,-0.005892247,-0.04280576,0.013481718,0.05039523,2020,False
2020-12-09,0.15706545761066282,0.6540359599085613,0.25815217391304346,0.6165188550949097,0.011728664,0.002555196,-0.042597607,0.009173468,0.05432627,2020,False
2020-12-10,0.12733500342112605,0.6519502098867638,0.23369565217391305,0.6146078705787659,0.02409364,0.0017256497,-0.03108079,0.02236799,0.05517443,2020,False
2020-12-11,0.13231649791601244,0.6477781243342161,0.22554347826086957,0.6161261200904846,0.020073824,0.004037097,-0.03351273,0.016036727,0.053586554,2020,True
2020-12-14,0.05751484925826962,0.6066201585077156,0.2032520325203252,0.5778363943099976,-0.0013305517,-0.013417103,-0.026387202,0.012086552,0.025056649,2020,False
2020-12-15,0.04908185837893883,0.617899823200134,0.2222222222222222,0.5816699862480164,0.0063458537,-0.0043610157,-0.019216258,0.01070687,0.025562111,2020,False
2020-12-16,0.049962009785523225,0.6195761768191324,0.25135135135135134,0.5847852826118469,0.026982518,0.0061544986,-0.004698983,0.02082802,0.0316815,2020,False
2020-12-17,0.1303709669741556,0.6503090582254434,0.2810810810810811,0.6160596013069153,0.047449935,0.02115684,-0.010970343,0.026293095,0.058420278,2020,False
2020-12-18,0.16112037367658075,0.6445095919618467,0.3010752688172043,0.6235965490341187,0.04408761,0.019177048,-0.015283198,0.024910564,0.05937081,2020,True
2020-12-21,0.1562502476873746,0.6602838125567341,0.3064516129032258,0.6356872320175171,0.0441411,0.019785311,-0.012923864,0.024355788,0.05706496,2020,False
2020-12-22,0.17756672038443885,0.6846659212879281,0.31451612903225806,0.660009503364563,0.04847693,0.012283186,-0.026528124,0.036193743,0.075005054,2020,False
2020-12-23,0.14030073136541096,0.6641007451262751,0.31989247311827956,0.6454613208770752,0.040148906,0.012859015,-0.01836634,0.027289892,0.058515247,2020,False
2020-12-24,0.11625081638750985,0.6562509393557102,0.27956989247311825,0.6342201232910156,0.030570308,0.0051679034,-0.024311142,0.025402404,0.05488145,2020,False
2020-12-25,0.09187342995057052,0.671046414845133,0.27419354838709675,0.643828272819519,0.033319376,-0.006184956,-0.023817822,0.039504334,0.0571372,2020,True
2020-12-28,0.16621033084155445,0.7215797538460967,0.2975871313672922,0.6860116124153137,0.04736438,0.0037371824,-0.03678722,0.0436272,0.084151596,2020,False
2020-12-29,0.10397297920503726,0.6830016353967802,0.26273458445040215,0.6520084738731384,0.02897697,-0.01161361,-0.024180489,0.04059058,0.053157456,2020,False
2020-12-30,0.06498673618474204,0.633135006621719,0.2520107238605898,0.6100288033485413,0.0042027044,-0.028731078,-0.029407194,0.032933783,0.033609897,2020,False
2020-12-31,0.03174898417665058,0.6279670533473793,0.225201072386059,0.5937693119049072,0.0010560923,-0.024848314,-0.02283304,0.025904406,0.023889132,2020,False
2021-01-04,-0.02566939674503807,0.6087782084261778,0.22994652406417113,0.5680752396583557,-0.0025053583,-0.03056851,-0.0127736125,0.028063152,0.010268254,2021,False
2021-01-05,-0.0244591244143167,0.5991257573490709,0.24866310160427807,0.5601428151130676,0.0033536458,-0.022220906,-0.01231278,0.025574552,0.015666425,2021,False
2021-01-06,0.001673981555470575,0.562698405576294,0.21122994652406418,0.5352245569229126,0.024728278,0.008379935,0.0060244245,0.016348343,0.018703854,2021,False
2021-01-07,0.025197495900148605,0.5833107115249243,0.232,0.5504475235939026,0.032937977,0.01808412,0.0033480553,0.014853857,0.029589921,2021,False
2021-01-08,0.09257516942158575,0.6259194404283545,0.26737967914438504,0.5941780805587769,0.046864238,0.023608448,-0.007457099,0.02325579,0.054321337,2021,True
2021-01-11,0.03846259322141586,0.5849174740187675,0.23466666666666666,0.5561076402664185,0.026112663,0.01375962,-0.00610022,0.012353043,0.032212883,2021,False
2021-01-12,-0.04890563130489131,0.5379850512711161,0.192,0.5161363482475281,0.016900964,-0.0018775307,0.0075313943,0.018778495,0.00936957,2021,False
2021-01-13,-0.015969467389828806,0.5317898870522273,0.18085106382978725,0.5127052664756775,0.015904607,0.0076860604,0.00082423806,0.008218547,0.015080369,2021,False
2021-01-14,0.03822804670931107,0.6003124311525553,0.22872340425531915,0.5607272982597351,0.002914563,-0.01035191,-0.035887763,0.013266473,0.038802326,2021,False
2021-01-15,0.002151200350054785,0.5857259418736517,0.22606382978723405,0.556647539138794,-0.017235298,-0.037689023,-0.046448268,0.020453725,0.02921297,2021,True
2021-01-18,0.03258281943993172,0.616407546460928,0.2625994694960212,0.5928611755371094,-0.009824935,-0.034139685,-0.04791903,0.02431475,0.038094096,2021,False
2021-01-19,0.050981108831169006,0.6141172620461978,0.2546419098143236,0.5880661010742188,-0.013311788,-0.030722206,-0.054784045,0.017410418,0.041472256,2021,False
2021-01-20,-0.03674633557174682,0.558209027854736,0.21485411140583555,0.5345110297203064,-0.06212531,-0.06273445,-0.072508976,0.0006091371,0.010383666,2021,False
2021-01-21,-0.08601267726157195,0.5409448299029405,0.1962864721485411,0.5187165141105652,-0.06172094,-0.06980222,-0.06223397,0.008081276,0.00051302835,2021,False
2021-01-22,-0.15233525146998755,0.4991518120619909,0.1724137931034483,0.47818851470947266,-0.077198625,-0.08085455,-0.050171427,0.0036559254,-0.027027197,2021,True
2021-01-25,-0.04997262777201441,0.5668692942750361,0.20105820105820105,0.5438529253005981,-0.036178477,-0.048484556,-0.037252944,0.012306079,0.0010744669,2021,False
2021-01-26,0.03594860377059137,0.6034157047340277,0.22427440633245382,0.5745465755462646,-0.009716834,-0.026078224,-0.036731012,0.01636139,0.027014177,2021,False
2021-01-27,0.026261782727291003,0.5736498656078391,0.20844327176781002,0.5575405359268188,0.013798663,0.008420566,-0.012638392,0.0053780973,0.026437055,2021,False
2021-01-28,-0.02782838037038694,0.46102774410332215,0.1503957783641161,0.456009179353714,0.015013588,0.03849644,0.017985115,-0.023482852,-0.0029715272,2021,False
2021-01-29,-0.13020176989543375,0.359522105855818,0.0712401055408971,0.3432602286338806,0.016078435,0.05552739,0.055092443,-0.039448954,-0.039014008,2021,True
2021-02-01,-0.1930555834808957,0.3278293797922177,0.07105263157894737,0.31320852041244507,-0.013332432,0.02980583,0.04408552,-0.043138262,-0.05741795,2021,False
2021-02-02,-0.24482488078192177,0.2748775913477595,0.06315789473684211,0.2606475055217743,-0.029155921,0.01788664,0.05249748,-0.047042564,-0.0816534,2021,False
2021-02-03,-0.26983096877548185,0.2698882684696644,0.05,0.2533383369445801,-0.0186829,0.034223482,0.07879249,-0.052906383,-0.097475395,2021,False
2021-02-04,-0.24813668669042968,0.23464581161702097,0.04736842105263158,0.2377113699913025,-0.03577601,0.026692664,0.066396505,-0.062468678,-0.10217252,2021,False
2021-02-05,-0.16318842808211853,0.24297243887897574,0.04736842105263158,0.2433435320854187,-0.011211312,0.065227345,0.07869208,-0.07643866,-0.08990339,2021,True
2021-02-08,-0.19492328340409046,0.2300597792045565,0.05263157894736842,0.23186208307743073,-0.030984292,0.054669976,0.073357835,-0.085654266,-0.104342125,2021,False
2021-02-09,-0.2111746430533728,0.22515710257380914,0.05789473684210526,0.23178626596927643,-0.043456666,0.048322234,0.07624516,-0.091778904,-0.119701825,2021,False
2021-02-10,-0.27990092109083253,0.21065382235501687,0.05,0.2172957956790924,-0.06938107,0.01562902,0.055711277,-0.0850101,-0.12509236,2021,False
2021-02-18,-0.25846669749578305,0.2284244649844226,0.06578947368421052,0.23544029891490936,-0.066383354,0.005105513,0.04130875,-0.071488865,-0.10769211,2021,False
2021-02-19,-0.26641624764008626,0.272942099634975,0.09711286089238845,0.2763194739818573,-0.07305561,-0.01748892,0.021603225,-0.05556669,-0.09465884,2021,True
2021-02-22,-0.29788100734192835,0.26173150192219996,0.06299212598425197,0.2621506154537201,-0.09836837,-0.040397316,0.004188811,-0.057971053,-0.10255718,2021,False
2021-02-23,-0.37861277518057723,0.28844900704724846,0.09186351706036745,0.27996397018432617,-0.09320544,-0.056349203,0.0015513882,-0.036856234,-0.09475683,2021,False
2021-02-24,-0.30278975628092136,0.32015383324982155,0.08136482939632546,0.3085464537143707,-0.07051534,-0.03649292,0.0035830007,-0.03402242,-0.07409834,2021,False
2021-02-25,-0.2712059748911398,0.36707887835808456,0.09973753280839895,0.3482637107372284,-0.041840244,-0.018834675,0.02682238,-0.02300557,-0.06866263,2021,False
2021-02-26,-0.2943855763161465,0.3276439484362718,0.08136482939632546,0.31680458784103394,-0.06990094,-0.03036879,0.01529415,-0.039532147,-0.08519509,2021,True
2021-03-01,-0.34287343219062655,0.3131943762033599,0.06824146981627296,0.30070772767066956,-0.07202267,-0.039693367,0.02249814,-0.032329302,-0.09452081,2021,False
2021-03-02,-0.34215221126089823,0.3282984078592876,0.07874015748031496,0.31191518902778625,-0.06253792,-0.039961938,0.016007826,-0.022575986,-0.07854575,2021,False
2021-03-03,-0.25370543872536966,0.4545232200750961,0.11548556430446194,0.42292237281799316,-0.027824473,-0.03272004,0.014660363,0.004895568,-0.042484835,2021,False
2021-03-04,-0.18641813864563858,0.4694784703032727,0.13123359580052493,0.4405903220176697,-0.025459725,-0.027421465,0.0060132737,0.0019617397,-0.031473,2021,False
2021-03-05,-0.15976948178153083,0.5108970413877094,0.16230366492146597,0.4826236665248871,-0.012163893,-0.019596726,0.010721877,0.0074328324,-0.02288577,2021,True
2021-03-08,-0.0615519157235358,0.5624500191849748,0.17801047120418848,0.5258973240852356,0.02830208,0.015353452,0.031312086,0.0129486285,-0.0030100048,2021,False
2021-03-09,-0.14579551210462116,0.45976105358090846,0.13612565445026178,0.4274887144565582,0.0069581065,0.014352014,0.03602155,-0.0073939078,-0.029063443,2021,False
2021-03-10,-0.177065981282185,0.418188613879663,0.09162303664921466,0.3924733102321625,-0.012587119,0.0067942766,0.026434105,-0.019381396,-0.039021224,2021,False
2021-03-11,-0.0833994021034015,0.4811658699324579,0.12303664921465969,0.4569513499736786,0.0021476345,0.0066390443,0.017022993,-0.0044914098,-0.014875359,2021,False
2021-03-12,0.003958919383000707,0.5304654459313005,0.1806282722513089,0.5092433094978333,0.025905743,0.016170472,0.013968336,0.009735271,0.011937407,2021,True
2021-03-15,0.038591626549311066,0.5931000631517871,0.20365535248041775,0.5577728748321533,0.024844702,0.015048254,5.448208e-06,0.009796448,0.024839254,2021,False
2021-03-16,-0.028394411429643985,0.5641136837104956,0.16971279373368145,0.5290660262107849,0.0055530905,0.0035536317,0.005765957,0.0019994588,-0.00021286635,2021,False
2021-03-17,-0.0462427601227693,0.5711595092893808,0.195822454308094,0.5341453552246094,0.004153135,-0.0039683036,0.009728733,0.008121438,-0.005575598,2021,False
2021-03-18,0.007085049904670534,0.6009354906390448,0.206266318537859,0.5683419108390808,0.019995747,0.00584832,0.011066085,0.014147427,0.008929662,2021,False
2021-03-19,0.014857751705207013,0.5854787773717662,0.21409921671018275,0.5601533651351929,0.01981732,0.0008442783,0.0012719781,0.018973043,0.018545343,2021,True
2021-03-22,-0.016300102715869985,0.5694320778254299,0.206266318537859,0.551323652267456,0.021966936,0.0061481306,0.009982589,0.015818805,0.011984347,2021,False
2021-03-23,0.11363151596437121,0.6333586433909427,0.2578125,0.600138247013092,0.049623866,0.027245155,0.010486278,0.022378711,0.039137587,2021,False
2021-03-24,0.10204017123931759,0.6383935373055558,0.20833333333333334,0.5978707671165466,0.047349382,0.03084995,0.01364893,0.016499432,0.03370045,2021,False
2021-03-25,-0.0447761121215929,0.5374740108678153,0.14583333333333334,0.5123094916343689,0.012088276,0.004978696,0.010213781,0.0071095806,0.0018744953,2021,False
2021-03-26,-0.12288871334036836,0.4862373046865046,0.13541666666666666,0.4652974605560303,-0.017801082,-0.013336713,-0.0010919848,-0.0044643683,-0.016709097,2021,True
2021-03-29,-0.09173845944620289,0.47481268454275327,0.11979166666666667,0.4666440188884735,-0.0030085687,-0.0033801543,0.0033108275,0.0003715856,-0.006319396,2021,False
2021-03-30,-0.0871036865246587,0.45583305073841035,0.1328125,0.4501301944255829,-0.0056673638,-0.002606772,0.0014796186,-0.0030605919,-0.0071469825,2021,False
2021-03-31,-0.1250894567762219,0.4220611271673656,0.10909090909090909,0.42676788568496704,0.002445592,0.004711647,0.016413555,-0.002266055,-0.013967963,2021,False
2021-04-01,-0.12283211789298856,0.4109026258369001,0.1012987012987013,0.4140104651451111,0.011626022,0.007954744,0.022522695,0.0036712782,-0.010896673,2021,False
2021-04-02,-0.09613344614649634,0.4404475653310949,0.12727272727272726,0.44026073813438416,0.006619802,0.017954603,0.016967626,-0.011334801,-0.010347825,2021,True
2021-04-06,-0.041545969934259595,0.48440134209108043,0.17142857142857143,0.48773130774497986,0.010951041,0.0036730915,0.007430961,0.0072779497,0.0035200804,2021,False
2021-04-07,-0.0369568804391992,0.5087210143573323,0.17662337662337663,0.5078932046890259,0.018792786,-5.693606e-05,0.009705826,0.018849721,0.00908696,2021,False
2021-04-08,-0.007590100901136277,0.5436947864072879,0.18961038961038962,0.5326668620109558,0.0199005,0.000413221,0.0017982166,0.01948728,0.018102285,2021,False
2021-04-09,0.06455748638419347,0.545012123703993,0.2025974025974026,0.5353967547416687,0.029801792,0.02271915,0.0039819838,0.007082641,0.025819808,2021,True
2021-04-12,0.06428591695600717,0.5645345858806943,0.18229166666666666,0.5506053566932678,0.027952312,0.022095108,0.0057470268,0.005857203,0.022205286,2021,False
2021-04-13,0.06544769815488603,0.6126121313559021,0.22597402597402597,0.586875855922699,0.036978263,0.02012135,0.0006628201,0.016856913,0.036315445,2021,False
2021-04-14,0.06307637525041168,0.6150166865735257,0.21614583333333334,0.584555447101593,0.03652805,0.021858126,0.0014708856,0.014669925,0.035057165,2021,False
2021-04-15,0.06815436177556647,0.6200987780058044,0.24281984334203655,0.5870794057846069,0.023930443,0.008596528,-0.016565932,0.015333915,0.040496375,2021,False
2021-04-16,0.07145750976094839,0.6194531587162813,0.21502590673575128,0.5940296053886414,0.012304559,-0.0021146995,-0.025938673,0.014419259,0.038243234,2021,True
2021-04-19,0.03257703388791306,0.6103050882158311,0.17357512953367876,0.5748668909072876,-0.005914677,-0.0111260405,-0.023997854,0.0052113635,0.018083178,2021,False
2021-04-20,-0.004716836161883347,0.5538799074697537,0.15284974093264247,0.522428572177887,-0.008292731,-0.013159797,-0.020213313,0.0048670657,0.0119205825,2021,False
2021-04-21,-0.02128849343111006,0.5543292769848344,0.15284974093264247,0.525046706199646,-0.01113568,-0.014553442,-0.020213585,0.003417762,0.009077906,2021,False
2021-04-22,-0.04250588947387236,0.5194676198170041,0.15284974093264247,0.4927540421485901,-0.0029205065,0.00810652,-0.0017724879,-0.011027027,-0.0011480186,2021,False
2021-04-23,-0.04014142852781559,0.5190178980041168,0.17571059431524547,0.49273058772087097,0.003950768,0.0032923438,0.00024189078,0.00065842434,0.0037088774,2021,True
2021-04-26,-0.027896532896628044,0.49339123522852935,0.15544041450777202,0.47532400488853455,0.01905825,0.029518172,0.014643897,-0.010459922,0.0044143526,2021,False
2021-04-27,-0.04631908036623484,0.4911138581577821,0.17357512953367876,0.4729420244693756,0.011272827,0.025477713,0.014451939,-0.014204886,-0.0031791115,2021,False
2021-04-28,-0.03258805011234578,0.49555793289861527,0.17402597402597403,0.4716721475124359,0.014520894,0.022196516,0.009170135,-0.0076756226,0.0053507593,2021,False
2021-04-29,-0.025105221421463285,0.4840269522812591,0.16449086161879894,0.460191011428833,0.022788482,0.028623058,0.016530696,-0.0058345757,0.0062577855,2021,False
2021-04-30,-0.02599339535468088,0.5094604480454626,0.1906005221932115,0.48554447293281555,0.018857347,0.025380269,0.009346283,-0.006522922,0.009511064,2021,True
2021-05-06,0.0019416191130234891,0.546614732122247,0.2010443864229765,0.5180971026420593,0.03374557,0.028497731,0.010498869,0.005247837,0.023246698,2021,False
2021-05-07,0.009252440256687986,0.5402112622095885,0.21148825065274152,0.5135560035705566,0.035712928,0.03636841,0.017143626,-0.00065548345,0.018569302,2021,True
2021-05-10,0.06864568482926674,0.5824462345452905,0.22135416666666666,0.5498008728027344,0.050296485,0.03698453,0.016330976,0.013311956,0.03396551,2021,False
2021-05-11,0.05621633893891921,0.5684415146936251,0.20052083333333334,0.5422171950340271,0.047281336,0.03351728,0.020121101,0.013764057,0.027160235,2021,False
2021-05-12,0.0552392214183308,0.5834140809029982,0.20833333333333334,0.5520526766777039,0.05279587,0.034064002,0.018360054,0.018731866,0.034435816,2021,False
2021-05-13,0.07370607296121481,0.5800708112934428,0.19270833333333334,0.5470378398895264,0.047454763,0.041105416,0.014138332,0.0063493475,0.033316433,2021,False
2021-05-14,0.10285009608411454,0.5662099835779053,0.18441558441558442,0.5346953272819519,0.051270586,0.049314693,0.009894929,0.001955893,0.041375656,2021,True
2021-05-17,0.07181467967956884,0.5525903948724395,0.18229166666666666,0.5286033153533936,0.056791294,0.060705733,0.022895064,-0.003914438,0.03389623,2021,False
2021-05-18,0.035564261852083105,0.5272612501725569,0.16666666666666666,0.4978977143764496,0.0458321,0.053023417,0.023758506,-0.0071913153,0.022073595,2021,False
2021-05-19,-0.01656662669387707,0.48618759885232715,0.16103896103896104,0.4648260772228241,0.041105878,0.057022274,0.03282122,-0.015916396,0.008284658,2021,False
2021-05-20,-0.017237762926277166,0.49884877659875837,0.18181818181818182,0.4784304201602936,0.041105613,0.037408683,0.028408637,0.0036969297,0.012696976,2021,False
2021-05-21,-0.03159713512518513,0.505701701040774,0.17142857142857143,0.48424023389816284,0.043283347,0.04217544,0.036603592,0.0011079088,0.0066797547,2021,True
2021-05-24,-0.0599354564520723,0.47541109458137615,0.17098445595854922,0.45210182666778564,0.0318194,0.039402824,0.031795353,-0.0075834244,2.4046749e-05,2021,False
2021-05-25,-0.07010283894194874,0.4687767673588183,0.17875647668393782,0.44338324666023254,0.022569407,0.027199624,0.021514809,-0.0046302173,0.001054598,2021,False
2021-05-26,-0.057582397753613235,0.47172172086322944,0.17616580310880828,0.4621186852455139,0.022921765,0.024882432,0.016670257,-0.0019606669,0.0062515084,2021,False
2021-05-27,-0.10357178956813017,0.46126085266090167,0.17357512953367876,0.45027217268943787,0.018949052,0.012033885,0.022636438,0.006915167,-0.0036873855,2021,False
2021-05-28,-0.13299614727211337,0.4635608196959451,0.14248704663212436,0.4467594027519226,-0.0010863667,-0.0009908226,0.009577539,-9.554415e-05,-0.010663905,2021,True
2021-05-31,-0.18527884025369357,0.4296998686510757,0.11658031088082901,0.4093395471572876,-0.029537193,-0.028231157,-0.0058312993,-0.0013060365,-0.023705894,2021,False
2021-06-01,-0.13161524954201304,0.4672779733983122,0.14987080103359174,0.4537692070007324,-0.015565702,-0.025079066,-0.0127289435,0.009513364,-0.0028367583,2021,False
2021-06-02,-0.04404239615816119,0.5203219554193771,0.14470284237726097,0.5063229203224182,0.0017176104,-0.006671296,-0.01708954,0.008388907,0.01880715,2021,False
2021-06-03,0.013184296939285389,0.5479209586550035,0.16020671834625322,0.530768871307373,0.028860113,0.0069413735,-0.0035203844,0.02191874,0.0323805,2021,False
2021-06-04,-0.02652729461557817,0.5299118247638348,0.19896640826873385,0.5144249796867371,0.024714591,0.008952546,0.0026948142,0.015762046,0.022019777,2021,True
2021-06-07,0.03698926289880799,0.5780165768478572,0.21705426356589147,0.5386558175086975,0.03262154,0.02045415,0.00012556012,0.01216739,0.03249598,2021,False
2021-06-08,0.03595951493378254,0.5671896893459247,0.2222222222222222,0.5428005456924438,0.02995311,0.020301437,-0.0015755907,0.009651672,0.0315287,2021,False
2021-06-09,0.013294262940882089,0.5646256095734481,0.211340206185567,0.5293909311294556,0.023416717,0.009965567,-0.004758568,0.01345115,0.028175285,2021,False
2021-06-10,0.09746112212207464,0.5935934343790735,0.2210796915167095,0.5565341711044312,0.038507342,0.030523924,-0.006637717,0.007983418,0.04514506,2021,False
2021-06-11,0.10568964053494312,0.6070153228078449,0.2205128205128205,0.5665457844734192,0.04567917,0.040231716,0.0028810576,0.0054474548,0.042798113,2021,True
2021-06-15,0.16150872818331607,0.6539126631290646,0.2622107969151671,0.6187716126441956,0.07557269,0.057004914,0.0056530847,0.018567778,0.06991961,2021,False
2021-06-16,0.1239041488696689,0.644775477556573,0.24615384615384617,0.6062877774238586,0.072978385,0.04859492,0.00840374,0.024383463,0.064574644,2021,False
2021-06-17,-0.01147535363141594,0.5854465996395509,0.23333333333333334,0.5507439374923706,0.035373177,0.013129681,0.0037444097,0.022243496,0.03162877,2021,False
2021-06-18,-0.02839009020819653,0.5796119639067382,0.2128205128205128,0.5459456443786621,0.026960602,0.0065443167,-0.0013383456,0.020416286,0.028298948,2021,True
2021-06-21,-0.018490636165287972,0.5614240439920691,0.2230769230769231,0.5246949791908264,0.015685482,0.0021046828,-0.008027811,0.013580799,0.023713293,2021,False
2021-06-22,-0.02911056572180032,0.545963869967749,0.24615384615384617,0.5070578455924988,0.016228706,0.005486844,-0.008582287,0.010741862,0.024810992,2021,False
2021-06-23,0.08496713099902638,0.612928427516382,0.2966751918158568,0.575268030166626,0.051311824,0.019750223,-0.011531503,0.031561602,0.06284333,2021,False
2021-06-24,0.08800079758628014,0.6003527052776451,0.2813299232736573,0.5624450445175171,0.048610117,0.027632058,-0.0130258165,0.02097806,0.061635934,2021,False
2021-06-25,0.10634583642010004,0.596402147334721,0.28061224489795916,0.5648630261421204,0.061221328,0.029675163,-0.0061057094,0.031546164,0.06732704,2021,True
2021-06-28,0.14370899086152453,0.6074078495877706,0.25255102040816324,0.574945330619812,0.06409976,0.041062783,-0.0021385357,0.023036975,0.06623829,2021,False
2021-06-29,0.10516206394222638,0.5851698892624904,0.24744897959183673,0.5482695698738098,0.050846227,0.028695978,0.0006789603,0.022150248,0.050167266,2021,False
2021-06-30,0.11368433530883872,0.5857565870333233,0.23214285714285715,0.5492197275161743,0.035626307,0.01986523,-0.010881368,0.015761077,0.046507675,2021,False
2021-07-01,0.1609210536714405,0.6239408465930566,0.24489795918367346,0.5916167497634888,0.07136629,0.039503925,0.002121406,0.031862363,0.069244884,2021,False
2021-07-02,0.09732276408791614,0.5689029682332507,0.19387755102040816,0.5431032180786133,0.038269024,0.027000846,-0.0063657872,0.011268178,0.04463481,2021,True
2021-07-05,0.1324233253943256,0.6061653118987366,0.21882951653944022,0.5735638737678528,0.043250415,0.01689276,-0.01350749,0.026357656,0.056757905,2021,False
2021-07-06,0.20980991010128364,0.6363645725326276,0.2182741116751269,0.5938402414321899,0.058639284,0.053132772,-0.00913369,0.005506512,0.06777298,2021,False
2021-07-07,0.17440227434501845,0.6109685375402484,0.22842639593908629,0.5754340887069702,0.057697356,0.045268934,-0.0042748945,0.0124284215,0.06197225,2021,False
2021-07-08,0.19151204567959193,0.6292354909063825,0.2430379746835443,0.5887112617492676,0.06683883,0.052418202,-0.0066090887,0.014420629,0.07344792,2021,False
2021-07-09,0.1048827427433598,0.5758976394363379,0.22025316455696203,0.5424359440803528,0.019323276,0.009346046,-0.029613746,0.009977231,0.048937023,2021,True
2021-07-12,0.08467079151559961,0.5708207214033567,0.2379746835443038,0.5304351449012756,0.0061553037,0.0009752565,-0.031830255,0.0051800474,0.03798556,2021,False
2021-07-13,-0.018744035177758248,0.5459128178250672,0.22784810126582278,0.5079862475395203,-0.040503595,-0.04848677,-0.059240207,0.007983174,0.018736612,2021,False
2021-07-14,0.08195215560526758,0.5892443990530997,0.24242424242424243,0.5520267486572266,0.0126581695,0.0014736153,-0.041197233,0.011184555,0.053855404,2021,False
2021-07-15,0.09206455095192509,0.5843804490197902,0.23425692695214106,0.5490624308586121,0.015903423,0.01035456,-0.042364404,0.0055488627,0.058267824,2021,False
2021-07-16,0.11770445325105709,0.6026304218869777,0.22474747474747475,0.5702512860298157,0.037768785,0.024452373,-0.02564872,0.0133164115,0.06341751,2021,True
2021-07-19,0.10808105700407139,0.5712973934806901,0.20654911838790932,0.538993775844574,0.03446716,0.027968416,-0.012754436,0.0064987447,0.047221597,2021,False
2021-07-20,0.09040686771386727,0.5574475600248332,0.20351758793969849,0.5319859385490417,0.013622364,0.011558189,-0.021323433,0.002064175,0.034945797,2021,False
2021-07-21,0.052405816952278,0.5617502266561389,0.20854271356783918,0.5361782908439636,0.010195429,-0.0030594554,-0.022751044,0.013254885,0.032946475,2021,False
2021-07-22,0.06485956855881349,0.573320240203746,0.23558897243107768,0.543890655040741,0.013186323,-0.0025855436,-0.025963793,0.015771868,0.039150115,2021,False
2021-07-23,0.03149473155684558,0.5282197057917827,0.19799498746867167,0.5015387535095215,0.026106153,0.019843584,-0.001039639,0.0062625688,0.027145792,2021,True
2021-07-26,0.06299343812892727,0.5218852256936967,0.20300751879699247,0.4931495189666748,0.03887343,0.040289056,0.014708473,-0.0014156252,0.024164956,2021,False
2021-07-27,0.1909462791441405,0.568113480803299,0.21303258145363407,0.5373100638389587,0.10555382,0.10647891,0.046907242,-0.00092508644,0.05864658,2021,False
2021-07-28,0.0648975686804645,0.48613782540975964,0.16,0.46442508697509766,0.064627856,0.082990825,0.04068883,-0.01836297,0.023939025,2021,False
2021-07-29,0.019124811163981275,0.5065134862157257,0.1975,0.47756218910217285,0.059274293,0.06165474,0.042430513,-0.0023804456,0.01684378,2021,False
2021-07-30,-0.09078986248563146,0.47606191943531373,0.1875,0.4410177171230316,0.034271177,0.03281211,0.04007209,0.0014590658,-0.005800914,2021,True
2021-08-02,-0.14088790384567054,0.5007635551107499,0.19201995012468828,0.45997554063796997,0.014858616,0.007286936,0.025671048,0.0075716795,-0.0108124325,2021,False
2021-08-03,-0.2409041454712021,0.44536468449600286,0.14214463840399003,0.406828373670578,-0.014593034,-0.013203616,0.025499513,-0.0013894178,-0.040092546,2021,False
2021-08-04,-0.23987443369203768,0.45614407110766003,0.16169154228855723,0.41335737705230713,-0.011486063,-0.013467789,0.023428205,0.001981726,-0.03491427,2021,False
2021-08-05,-0.25366393989387354,0.4586708846772649,0.18610421836228289,0.4183121621608734,-0.014303064,-0.02131864,0.02149002,0.0070155766,-0.035793085,2021,False
2021-08-06,-0.11855894518848743,0.514852377587276,0.17866004962779156,0.4778516888618469,0.017691977,0.006755162,0.024892831,0.010936815,-0.007200854,2021,True
2021-08-09,-0.12087885781628355,0.5567053471734409,0.2109181141439206,0.5179473757743835,0.02774178,0.005978241,0.028201733,0.021763539,-0.00045995228,2021,False
2021-08-10,-0.11472725400978113,0.5460345470698396,0.20347394540942929,0.5130924582481384,0.026009155,0.0016244937,0.026476594,0.024384663,-0.00046743825,2021,False
2021-08-11,-0.13795753358798313,0.5278401391531224,0.1935483870967742,0.497669517993927,0.020133361,-0.006204949,0.025907602,0.02633831,-0.005774241,2021,False
2021-08-12,-0.16628353467800272,0.5156578758919408,0.21782178217821782,0.48322930932044983,0.00935587,-0.008807884,0.024141751,0.018163754,-0.014785881,2021,False
2021-08-13,-0.02919978937727241,0.586236474322432,0.2716049382716049,0.5549619793891907,0.04353548,0.019058136,0.0150798075,0.024477342,0.02845567,2021,True
2021-08-16,-0.012694097805317562,0.5912469806167355,0.2740740740740741,0.5707130432128906,0.06340848,0.027591407,0.019187126,0.03581707,0.044221353,2021,False
2021-08-17,-0.10894416974760675,0.5364091757759243,0.22962962962962963,0.5058034658432007,0.046028156,0.025668163,0.039467316,0.020359993,0.0065608397,2021,False
2021-08-18,-0.08610084294769237,0.5118393295794152,0.19753086419753085,0.4762420952320099,0.037087236,0.04151055,0.035342,-0.004423313,0.0017452352,2021,False
2021-08-19,-0.15518987136181853,0.46681088080559496,0.17777777777777778,0.43452149629592896,0.039756853,0.0420981,0.06465821,-0.002341248,-0.024901357,2021,False
2021-08-20,-0.23415828807097788,0.41785350052956677,0.14532019704433496,0.3974616229534149,-0.00064963603,0.0127706295,0.052568134,-0.013420265,-0.05321777,2021,True
2021-08-23,-0.2112972193445801,0.4430418151833454,0.16748768472906403,0.4182771146297455,0.011890271,0.015451957,0.056789268,-0.0035616858,-0.044898998,2021,False
2021-08-24,-0.21421594720264092,0.4181506372521584,0.16748768472906403,0.4003099203109741,0.015004132,0.022068255,0.061640345,-0.0070641227,-0.046636213,2021,False
2021-08-25,-0.24328838198801508,0.3920336751999913,0.14742014742014742,0.3810352385044098,0.0036559002,0.0146133555,0.060607966,-0.010957455,-0.056952067,2021,False
2021-08-26,-0.221506486959707,0.40896790227275526,0.13513513513513514,0.38437822461128235,0.012110469,0.023888428,0.067570776,-0.011777959,-0.055460308,2021,False
2021-08-27,-0.2898460752567098,0.380871566760471,0.14004914004914004,0.3508559763431549,-0.010362628,0.0145089645,0.07105543,-0.024871591,-0.08141805,2021,True
2021-08-30,-0.206730722213334,0.43265076646140854,0.14705882352941177,0.4028087556362152,0.015277091,0.017989974,0.059604183,-0.002712883,-0.04432709,2021,False
2021-08-31,-0.09018856102015099,0.5117958888743679,0.22794117647058823,0.4819542467594147,0.043118916,0.02816236,0.040590845,0.014956556,0.0025280714,2021,False
2021-09-01,-0.13493018952167685,0.4850316814504173,0.20098039215686275,0.46211886405944824,0.033061706,0.024682174,0.04492927,0.008379532,-0.011867564,2021,False
2021-09-02,-0.1409199738350915,0.4762446553272108,0.2107843137254902,0.452340304851532,0.002855527,0.0020263752,0.014102379,0.00082915183,-0.011246852,2021,False
2021-09-03,-0.0998973740776429,0.5293443712585907,0.21867321867321868,0.5057724714279175,0.023367694,0.010136699,0.011088388,0.013230994,0.012279306,2021,True
2021-09-06,-0.1969060053968269,0.4709522931068045,0.19607843137254902,0.44271320104599,0.0004945266,0.0010852586,0.02595069,-0.000590732,-0.025456164,2021,False
2021-09-07,-0.1875008274001743,0.48213895038245813,0.20147420147420148,0.4524427652359009,-0.019656956,-0.018309927,0.005306109,-0.0013470296,-0.024963066,2021,False
2021-09-08,-0.13219511591207941,0.486240488129148,0.19362745098039216,0.45417290925979614,-0.047995564,-0.04837142,-0.035526644,0.0003758557,-0.012468919,2021,False
2021-09-09,-0.2025323667447448,0.4352045348974299,0.13970588235294118,0.4031161069869995,-0.07039667,-0.05263438,-0.0339516,-0.017762288,-0.03644507,2021,False
2021-09-10,-0.23700001698135362,0.4105274144739906,0.12009803921568628,0.39048367738723755,-0.09639994,-0.08018434,-0.039628964,-0.0162156,-0.056770977,2021,True
2021-09-13,-0.25377541243521246,0.37747001554907744,0.10268948655256724,0.3682946264743805,-0.098898396,-0.076513685,-0.035881624,-0.02238471,-0.06301677,2021,False
2021-09-14,-0.32296170275692804,0.29876354995576654,0.05867970660146699,0.2931685447692871,-0.106303304,-0.06654064,-0.009892824,-0.03976266,-0.09641048,2021,False
2021-09-15,-0.34567315216301,0.2727501155643193,0.05378973105134474,0.26727327704429626,-0.11921177,-0.0736395,-0.011516424,-0.045572273,-0.10769535,2021,False
2021-09-16,-0.38052722380021614,0.2575472563564008,0.046341463414634146,0.25105372071266174,-0.12126555,-0.07893528,-0.006213684,-0.042330272,-0.115051866,2021,False
2021-09-17,-0.3945474219544777,0.25629051958862786,0.04878048780487805,0.2536605894565582,-0.12827808,-0.09482375,-0.013016614,-0.03345433,-0.115261465,2021,True
2021-09-22,-0.31524108010331237,0.3268449587000698,0.08536585365853659,0.3179871439933777,-0.110898554,-0.099592194,-0.02819066,-0.01130636,-0.0827079,2021,False
2021-09-23,-0.2648800216171534,0.3523750096343442,0.1,0.3446279466152191,-0.090890504,-0.0801585,-0.024415536,-0.010732003,-0.06647497,2021,False
2021-09-24,-0.15055880137536223,0.44283800675639956,0.18048780487804877,0.4318319261074066,-0.031138597,-0.036029413,-0.008116712,0.0048908163,-0.023021884,2021,True
2021-09-27,-0.09266172154301601,0.474098890395956,0.1926829268292683,0.44871625304222107,-0.0049523134,-0.012029879,-7.3121346e-06,0.0070775654,-0.004945001,2021,False
2021-09-28,0.02002040958616491,0.5585178864308354,0.22682926829268293,0.5330660939216614,0.035670117,0.011358129,0.003123499,0.024311988,0.032546617,2021,False
2021-09-29,0.014985328851928298,0.5713022904582237,0.21654501216545013,0.5346401333808899,0.028116615,0.004390923,-0.001579147,0.023725692,0.029695762,2021,False
2021-09-30,0.049807350546750596,0.6104521980706618,0.2798053527980535,0.5765079855918884,0.018604467,-0.014700095,-0.02520491,0.03330456,0.043809377,2021,False
2021-10-08,0.1962682407821588,0.7177922550830993,0.35279805352798055,0.6723387241363525,0.053978022,0.0027485117,-0.03834424,0.05122951,0.09232226,2021,True
2021-10-11,0.2823297244459237,0.7372208503187736,0.3771289537712895,0.7046467065811157,0.096172325,0.035816696,-0.028222168,0.06035563,0.12439449,2021,False
2021-10-12,0.30865335190398413,0.7639888166231074,0.3932038834951456,0.7287505865097046,0.09695068,0.033351906,-0.040492307,0.063598774,0.13744299,2021,False
2021-10-13,0.23930543845001917,0.7244613968937768,0.3801452784503632,0.6927398443222046,0.05438554,0.008246865,-0.05209459,0.046138674,0.10648013,2021,False
2021-10-14,0.17837308478080866,0.6815031066632955,0.3268765133171913,0.6570952534675598,0.043933652,0.0007304098,-0.041981883,0.043203242,0.085915536,2021,False
2021-10-15,0.16042211725918618,0.6257067791090666,0.27602905569007263,0.6004714965820312,0.037695974,0.012003503,-0.030544212,0.02569247,0.06824019,2021,True
2021-10-18,0.1107673147608842,0.5806722155245628,0.2608695652173913,0.5630700588226318,0.0089100925,-0.005409872,-0.03990894,0.014319965,0.048819035,2021,False
2021-10-19,0.053393883947737864,0.5452367247719183,0.2318840579710145,0.5321001410484314,-0.008925592,-0.012601299,-0.037607018,0.0036757076,0.028681427,2021,False
2021-10-20,0.06656438702207636,0.5127675480420882,0.21980676328502416,0.5041581392288208,-0.002492153,0.0060165846,-0.02888903,-0.008508738,0.026396878,2021,False
2021-10-21,0.04269614357223484,0.46696763456724655,0.20048309178743962,0.468343049287796,-0.00065668137,0.0019093334,-0.022490827,-0.0025660149,0.021834146,2021,False
2021-10-22,-0.03746700971684912,0.42794936908117504,0.1497584541062802,0.4286331832408905,-0.023799013,-0.0076363087,-0.0133383265,-0.016162705,-0.010460687,2021,True
2021-10-25,-0.02611919343825186,0.447949590371265,0.15217391304347827,0.4426853358745575,-0.013541653,-0.004521654,-0.0061500077,-0.009019999,-0.007391645,2021,False
2021-10-26,-0.07016000042778207,0.4038280079364247,0.11594202898550725,0.39784306287765503,-0.014941148,0.01767698,0.015192127,-0.032618128,-0.030133275,2021,False
2021-10-27,-0.09591341918940287,0.3781125424312998,0.10602409638554217,0.3772842586040497,0.014181348,0.04269575,0.043565556,-0.028514402,-0.029384209,2021,False
2021-10-28,-0.05243953186028771,0.40095546575584956,0.12289156626506025,0.3956660032272339,0.028189652,0.054437034,0.040290527,-0.026247382,-0.012100875,2021,False
2021-10-29,-0.07768763859492618,0.37668101496120227,0.10120481927710843,0.37151843309402466,0.0068588452,0.040876668,0.039343275,-0.034017824,-0.03248443,2021,True
2021-11-01,-0.14778079279602552,0.34268038296290043,0.0889423076923077,0.3440929055213928,0.0021921797,0.037343994,0.051627975,-0.035151813,-0.049435794,2021,False
2021-11-02,-0.0988884322809504,0.3719938720159696,0.11057692307692307,0.3735078275203705,0.023278095,0.049337327,0.05126577,-0.026059233,-0.027987674,2021,False
2021-11-03,-0.11162951871819055,0.368281766848335,0.11031175059952038,0.37099674344062805,0.016723722,0.042381506,0.044994254,-0.025657784,-0.028270531,2021,False
2021-11-04,-0.06076362675315922,0.42978748372288006,0.14388489208633093,0.4134008586406708,0.030819926,0.050709054,0.037204687,-0.019889127,-0.00638476,2021,False
2021-11-05,0.0809155591595876,0.49160599847221076,0.16546762589928057,0.4749205410480499,0.0634765,0.07924619,0.03713792,-0.01576969,0.026338585,2021,True
2021-11-08,0.04521629377632059,0.46300387362694817,0.15827338129496402,0.4648243188858032,0.055957686,0.06774481,0.038040943,-0.01178712,0.017916743,2021,False
2021-11-09,0.049314508851333615,0.4356929497725431,0.13908872901678657,0.4313684403896332,0.045339607,0.07162332,0.038006876,-0.026283711,0.007332731,2021,False
2021-11-10,0.013801871723137573,0.41642528813570817,0.14388489208633093,0.41832318902015686,0.03283303,0.058635917,0.028457042,-0.025802888,0.0043759868,2021,False
2021-11-11,-0.035483532165856424,0.4115835052777636,0.12709832134292565,0.40423905849456787,0.01547222,0.041551452,0.018109564,-0.026079232,-0.0026373435,2021,False
2021-11-12,0.0572992211422124,0.5252546401057944,0.1750599520383693,0.509280800819397,0.030952688,0.03236916,0.0055106776,-0.0014164709,0.025442012,2021,True
2021-11-15,0.11977157513086845,0.5743673938026123,0.19617224880382775,0.5493833422660828,0.0558252,0.04951973,0.00689824,0.006305471,0.04892696,2021,False
2021-11-16,0.035548368895817896,0.5119215618315854,0.1674641148325359,0.4911869764328003,0.037630778,0.046695262,0.020312335,-0.009064484,0.017318442,2021,False
2021-11-17,-0.06623904249396555,0.46681641090099524,0.1339712918660287,0.44472938776016235,0.01940979,0.030577866,0.025125675,-0.011168076,-0.0057158843,2021,False
2021-11-18,-0.08602625493601099,0.47101492407340184,0.1360381861575179,0.44615796208381653,0.013495886,0.025830626,0.025529126,-0.012334741,-0.01203324,2021,False
2021-11-19,-0.1751836014648478,0.4099054203363379,0.10501193317422435,0.389897882938385,-0.016667254,0.008338715,0.019414995,-0.02500597,-0.03608225,2021,True
2021-11-22,-0.3012105932136557,0.3466227803522856,0.07159904534606205,0.33558201789855957,-0.051906157,-0.028298087,0.01336387,-0.02360807,-0.06527003,2021,False
2021-11-23,-0.22433313689090695,0.4097980733755021,0.0954653937947494,0.3943527340888977,-0.031694315,-0.017815918,0.011504167,-0.013878398,-0.04319848,2021,False
2021-11-24,-0.20757818373350073,0.41041608152457426,0.0954653937947494,0.3931330442428589,-0.027775016,-0.009216677,0.01482996,-0.018558338,-0.042604975,2021,False
2021-11-25,-0.22704318652712505,0.401536856747224,0.07857142857142857,0.38164621591567993,-0.023579443,-0.009114197,0.019980442,-0.014465245,-0.043559887,2021,False
2021-11-26,-0.2947851920141384,0.34420251696660703,0.06190476190476191,0.33022090792655945,-0.028137542,-0.006886128,0.03378343,-0.021251414,-0.06192097,2021,True
2021-11-29,-0.28961859452817607,0.33611092076279997,0.06190476190476191,0.3198270797729492,-0.036530428,-0.011481539,0.026523588,-0.02504889,-0.06305402,2021,False
2021-11-30,-0.2685273933997813,0.3897008290869813,0.08571428571428572,0.37062209844589233,-0.02367566,-0.013671843,0.023772735,-0.010003816,-0.047448397,2021,False
2021-12-01,-0.22936666951378643,0.4000028482491638,0.11190476190476191,0.37963470816612244,-0.013433548,-0.0017711546,0.023331366,-0.011662393,-0.036764912,2021,False
2021-12-02,-0.25192973229765164,0.3620213609605903,0.09026128266033254,0.3484305739402771,-0.023110218,-0.0069386424,0.024045477,-0.016171576,-0.047155693,2021,False
2021-12-03,-0.34116535795710073,0.3219440115259821,0.0665083135391924,0.31073418259620667,-0.0361537,-0.010120376,0.03050542,-0.026033323,-0.06665912,2021,True
2021-12-06,-0.3009042955694802,0.3684162929703144,0.07125890736342043,0.3576972484588623,-0.0017034352,0.009250851,0.05003396,-0.010954287,-0.051737394,2021,False
2021-12-07,-0.31557879557999163,0.36869748760758864,0.0831353919239905,0.3590753376483917,-0.0007383744,0.010918134,0.057311513,-0.011656508,-0.058049887,2021,False
2021-12-08,-0.21665863557948997,0.4575490160988058,0.13981042654028436,0.4347882866859436,0.008543929,0.008081825,0.035807073,0.00046210364,-0.027263144,2021,False
2021-12-09,-0.24932336359339624,0.4293529452917984,0.13981042654028436,0.41040611267089844,-0.013719549,-0.0048398995,0.031876728,-0.00887965,-0.04559628,2021,False
2021-12-10,-0.3000342480165897,0.39676281506310346,0.12322274881516587,0.38260987401008606,-0.030732121,-0.016639587,0.032246117,-0.014092535,-0.06297824,2021,True
2021-12-13,-0.3197049141245061,0.390128450770107,0.12559241706161137,0.3738742768764496,-0.02968946,-0.017944224,0.033726376,-0.011745235,-0.06341583,2021,False
2021-12-14,-0.30363298190916704,0.3950994441091624,0.0995260663507109,0.37523189187049866,-0.03346937,-0.018884566,0.030137954,-0.014584806,-0.06360733,2021,False
2021-12-15,-0.26169850228419905,0.4049074513125555,0.12085308056872038,0.3837485611438751,-0.025674943,-0.008332988,0.02900873,-0.017341955,-0.05468367,2021,False
2021-12-16,-0.22801363428433585,0.442342555631311,0.12056737588652482,0.4126559793949127,-0.008717711,-0.0051600453,0.040768746,-0.0035576657,-0.04948646,2021,False
2021-12-17,-0.2634173317275423,0.373666997251333,0.08747044917257683,0.3525279462337494,-0.010817835,0.0017104034,0.053363174,-0.012528239,-0.06418101,2021,True
2021-12-20,-0.32033237870874376,0.3111502157871155,0.0591016548463357,0.2995063066482544,-0.040084183,-0.0084607275,0.036184993,-0.031623457,-0.07626918,2021,False
2021-12-21,-0.3578479531089974,0.30205224019725946,0.06382978723404255,0.2893441617488861,-0.049044725,-0.011953259,0.031791102,-0.037091464,-0.08083583,2021,False
2021-12-22,-0.3723723883477703,0.2824937826112656,0.0851063829787234,0.2762466371059418,-0.058017135,-0.020538008,0.039865375,-0.037479125,-0.09788251,2021,False
2021-12-23,-0.3968813939274801,0.2730682155961196,0.08254716981132075,0.27546775341033936,-0.057865247,-0.028312197,0.04490713,-0.02955305,-0.10277238,2021,False
2021-12-24,-0.37826052438918806,0.26818630033218155,0.07547169811320754,0.2652243971824646,-0.0513673,-0.02080448,0.048917513,-0.030562822,-0.100284815,2021,True
2021-12-27,-0.3473144034035402,0.29686165597921,0.08490566037735849,0.29419711232185364,-0.037831616,-0.016778419,0.042969815,-0.021053197,-0.08080143,2021,False
2021-12-28,-0.3656451713963258,0.28699544356280965,0.07547169811320754,0.281976580619812,-0.047747944,-0.015543045,0.044098802,-0.0322049,-0.09184675,2021,False
2021-12-29,-0.33708636220318555,0.3310556951931621,0.10141509433962265,0.323886513710022,-0.045304954,-0.022933206,0.02986935,-0.022371748,-0.0751743,2021,False
2021-12-30,-0.2962677223212472,0.3587963803715218,0.1320754716981132,0.35261034965515137,-0.03440371,-0.013545223,0.026068423,-0.020858489,-0.060472135,2021,False
2021-12-31,-0.25469006520682325,0.4236408037440892,0.15330188679245282,0.40638694167137146,-0.025070226,-0.021910593,0.011212401,-0.003159633,-0.03628263,2021,True
2022-01-04,-0.20642090551801992,0.44793739271139854,0.15330188679245282,0.4224705994129181,-0.014533551,-0.015321083,0.013351548,0.00078753196,-0.0278851,2022,False
2022-01-05,-0.25072311840402395,0.43279582499372055,0.14150943396226415,0.41212180256843567,-0.03711715,-0.036804765,0.007040473,-0.00031238422,-0.044157624,2022,False
2022-01-06,-0.24402770890913833,0.4418520897176338,0.12971698113207547,0.4205436110496521,-0.04919024,-0.057192605,-0.00897855,0.008002363,-0.040211692,2022,False
2022-01-07,-0.1620380334741909,0.48797076442050225,0.15058823529411763,0.4626917243003845,-0.037466254,-0.044524748,-0.019516472,0.007058494,-0.017949782,2022,True
2022-01-10,-0.09232322448422692,0.5087062717390828,0.14352941176470588,0.48800307512283325,-0.06021276,-0.061717935,-0.04851913,0.0015051737,-0.01169363,2022,False
2022-01-11,-0.10688103723177741,0.5096486996356795,0.16,0.4797079563140869,-0.081741296,-0.07970348,-0.05935251,-0.0020378157,-0.022388786,2022,False
2022-01-12,-0.08690308512955267,0.5416383726632229,0.18309859154929578,0.5064536333084106,-0.091769114,-0.09721483,-0.07364375,0.0054457188,-0.018125363,2022,False
2022-01-13,-0.19295785580908395,0.45793790631749626,0.14084507042253522,0.4305097460746765,-0.11117496,-0.105795115,-0.06451089,-0.005379848,-0.046664074,2022,False
2022-01-14,-0.24430418718406122,0.4040734846332786,0.0892018779342723,0.38267698884010315,-0.1236575,-0.108108215,-0.052485332,-0.015549287,-0.07117217,2022,True
2022-01-17,-0.34813699744251625,0.3468664438969728,0.07276995305164319,0.32636356353759766,-0.12859023,-0.10776561,-0.031788472,-0.020824619,-0.09680176,2022,False
2022-01-18,-0.29178801520563397,0.38301108397519706,0.08899297423887588,0.3568483293056488,-0.09450045,-0.076744705,-0.019051071,-0.017755747,-0.07544938,2022,False
2022-01-19,-0.2404121302884899,0.3885116586830821,0.10070257611241218,0.35982438921928406,-0.079162024,-0.057830434,-0.015433321,-0.02133159,-0.063728705,2022,False
2022-01-20,-0.2841125762135481,0.37484628638831174,0.117096018735363,0.34530287981033325,-0.07831204,-0.05961498,-0.0031295386,-0.01869706,-0.0751825,2022,False
2022-01-21,-0.2846110011618965,0.37309927671609333,0.11241217798594848,0.3552373945713043,-0.0730834,-0.049539004,-0.003187275,-0.023544397,-0.069896124,2022,True
2022-01-24,-0.27474705656506015,0.3823605936717947,0.12412177985948478,0.35762596130371094,-0.043691132,-0.02012661,0.017488357,-0.023564523,-0.06117949,2022,False
2022-01-25,-0.2204722393120852,0.4091121519310157,0.1358313817330211,0.37861165404319763,-0.0123395305,0.009020853,0.035738476,-0.021360382,-0.048078008,2022,False
2022-01-26,-0.17894505191300764,0.40003686599947796,0.11214953271028037,0.3778437077999115,0.009163062,0.026474249,0.045391154,-0.017311186,-0.03622809,2022,False
2022-01-27,-0.13435833343681702,0.4547264178379272,0.1542056074766355,0.42939743399620056,0.025209196,0.027964544,0.043108214,-0.0027553476,-0.017899018,2022,False
2022-01-28,-0.04878054488547724,0.4977222142565138,0.1985981308411215,0.4713810682296753,0.03774898,0.037319437,0.03497927,0.0004295446,0.0027697124,2022,True
2022-02-07,-0.013562160348554713,0.4862353160707034,0.17289719626168223,0.4692542552947998,0.027865058,0.028648648,0.015842699,-0.0007835906,0.012022359,2022,False
2022-02-08,0.031003854810616786,0.48661216231665405,0.1822429906542056,0.4844101667404175,0.02503595,0.02494026,0.0050143604,9.568967e-05,0.02002159,2022,False
2022-02-09,0.053652826657811035,0.48242146377103273,0.21261682242990654,0.48284241557121277,0.008912846,0.015909262,-0.007691633,-0.0069964156,0.01660448,2022,False
2022-02-10,0.16655147310043758,0.5504001299111231,0.2680652680652681,0.5360409617424011,0.039152026,0.03856652,-0.007836111,0.0005855076,0.046988137,2022,False
2022-02-11,0.17866734806923312,0.5663500844245893,0.27972027972027974,0.5523199439048767,0.04348005,0.038072683,-0.007086716,0.005407367,0.050566766,2022,True
2022-02-14,0.1816401336896309,0.5987828973013019,0.2837209302325581,0.5719847083091736,0.055444274,0.043693446,0.0015473446,0.0117508285,0.05389693,2022,False
2022-02-15,0.10849645982810413,0.5162251715318799,0.2186046511627907,0.5037983059883118,0.026554503,0.034207102,0.0020863668,-0.0076525994,0.024468135,2022,False
2022-02-16,-0.0013152947016774037,0.5243061112919671,0.2302325581395349,0.4922710657119751,0.024726605,0.02162219,0.012498544,0.0031044148,0.012228061,2022,False
2022-02-17,-0.002909541695909579,0.5196482974567183,0.22790697674418606,0.49287235736846924,0.01994868,0.013347814,0.006945268,0.006600866,0.013003413,2022,False
2022-02-18,-0.059730638105082855,0.5136545711091267,0.19721577726218098,0.4803110659122467,-0.011941057,-0.01803769,-0.010430971,0.006096633,-0.0015100855,2022,True
2022-02-21,-0.05381127847366989,0.5379280123905482,0.24129930394431554,0.5094157457351685,-0.020732824,-0.035229336,-0.02816037,0.014496513,0.007427547,2022,False
2022-02-22,-0.09577126318747355,0.5074422927682527,0.20185614849187936,0.48648786544799805,-0.06854253,-0.07747255,-0.061191924,0.00893002,-0.0073506087,2022,False
2022-02-23,-0.018353707601230593,0.5529940081774676,0.20649651972157773,0.5268173217773438,-0.025208613,-0.034622643,-0.0355919,0.00941403,0.010383287,2022,False
2022-02-24,-0.03999288977811674,0.563923760312874,0.19675925925925927,0.5316396355628967,-0.035364512,-0.048897892,-0.043692946,0.01353338,0.008328434,2022,False
2022-02-25,-0.06228375069410499,0.5645811057539387,0.21296296296296297,0.5253840088844299,-0.023343766,-0.043088492,-0.030342458,0.019744726,0.0069986917,2022,True
2022-02-28,-0.07970613583138608,0.5629579720540642,0.19212962962962962,0.5317779183387756,-0.073465884,-0.087945454,-0.07465164,0.01447957,0.0011857599,2022,False
2022-03-01,-0.06249509523603886,0.6056621531248629,0.2199074074074074,0.5741801261901855,-0.07962955,-0.10691207,-0.09043789,0.027282521,0.010808341,2022,False
2022-03-02,0.08311688857127338,0.6319473105244537,0.26851851851851855,0.6007423996925354,-0.03484045,-0.05066944,-0.071958326,0.01582899,0.037117876,2022,False
2022-03-03,0.05855683086854804,0.612837183261015,0.24768518518518517,0.5838142037391663,-0.03015933,-0.04929088,-0.064429134,0.01913155,0.034269802,2022,False
2022-03-04,0.1367177661419975,0.6265693880713673,0.2824074074074074,0.6015335321426392,0.009463602,-0.018111987,-0.045324683,0.02757559,0.054788284,2022,True
2022-03-07,0.11857250776317256,0.6196912053907682,0.24768518518518517,0.5957523584365845,0.029783271,0.0025594572,-0.018681219,0.027223814,0.048464492,2022,False
2022-03-08,0.1186438847795863,0.6111654064938077,0.2471131639722864,0.5938153266906738,0.0649545,0.03671219,0.01589022,0.028242309,0.04906428,2022,False
2022-03-09,0.01527774793464538,0.5772819687330736,0.21247113163972287,0.5603258609771729,0.016838644,-0.0006644177,-0.006829506,0.017503062,0.02366815,2022,False
2022-03-10,0.001812508589919233,0.5472283951893752,0.20554272517321015,0.5283389091491699,0.01813988,0.006930252,0.0020117592,0.011209628,0.016128121,2022,False
2022-03-11,-0.022844327324052238,0.5321686079669681,0.21709006928406466,0.5136213302612305,-0.0044704415,-0.013058286,-0.015432605,0.008587845,0.010962163,2022,True
2022-03-14,-0.0686722174898231,0.5129415127085917,0.1935483870967742,0.4808935225009918,0.029488916,0.015257406,0.025098583,0.0142315095,0.004390333,2022,False
2022-03-15,-0.0620129385838072,0.4819784799028908,0.14285714285714285,0.4462587535381317,0.03617079,0.051592723,0.04492717,-0.015421931,-0.008756377,2022,False
2022-03-16,-0.18054954359764402,0.4544577087141698,0.1359447004608295,0.4350936710834503,-0.0005692032,0.00518194,0.025393471,-0.005751143,-0.025962675,2022,False
2022-03-17,-0.20700822169703373,0.4480952561972506,0.14285714285714285,0.4323490262031555,-0.010921999,-0.012336162,0.020712625,0.001414163,-0.031634625,2022,False
2022-03-18,-0.29294718857936447,0.4018835795060883,0.10829493087557604,0.38133007287979126,-0.0341649,-0.021955995,0.028489798,-0.012208907,-0.062654704,2022,True
2022-03-21,-0.2892407642909455,0.38560771310044145,0.0944700460829493,0.36658748984336853,-0.051025204,-0.031347964,0.018639589,-0.01967724,-0.06966479,2022,False
2022-03-22,-0.34749063940206937,0.37206603067253263,0.08294930875576037,0.34662702679634094,-0.07807632,-0.061438657,0.01074275,-0.01663766,-0.08881907,2022,False
2022-03-23,-0.3786895050033267,0.3511811930232187,0.07586206896551724,0.32911238074302673,-0.0924707,-0.07115549,0.011913282,-0.02131521,-0.10438398,2022,False
2022-03-24,-0.37234754101869155,0.3600256800636247,0.09425287356321839,0.33825746178627014,-0.097420245,-0.07997038,0.0048921425,-0.017449863,-0.102312386,2022,False
2022-03-25,-0.36165917481223225,0.3790779397887329,0.08735632183908046,0.34625259041786194,-0.08600451,-0.065644175,0.013450642,-0.020360336,-0.099455155,2022,True
2022-03-28,-0.3701984027219865,0.35534013148538834,0.0735632183908046,0.3336023688316345,-0.08434836,-0.06263514,0.011244472,-0.02171322,-0.09559283,2022,False
2022-03-29,-0.38188526754985413,0.3536239286593605,0.0735632183908046,0.329462468624115,-0.10446877,-0.076605976,-0.0011024295,-0.027862795,-0.10336634,2022,False
2022-03-30,-0.3381463780439263,0.3762021135571259,0.07586206896551724,0.35863223671913147,-0.10191924,-0.08818195,-0.018298617,-0.013737291,-0.08362062,2022,False
2022-03-31,-0.32278385868697274,0.36848561329685914,0.07586206896551724,0.35149917006492615,-0.085490495,-0.07510968,-0.014616006,-0.010380812,-0.07087449,2022,False
2022-04-01,-0.30196613672733297,0.3863483353240033,0.08275862068965517,0.36686569452285767,-0.092048205,-0.07903628,-0.024305938,-0.013011925,-0.067742266,2022,True
2022-04-06,-0.2821508533532974,0.4071206624677282,0.09195402298850575,0.3898833096027374,-0.10201822,-0.103293285,-0.042046007,0.0012750626,-0.059972215,2022,False
2022-04-07,-0.3292720989865291,0.36910426084453,0.07816091954022988,0.35977691411972046,-0.118901394,-0.11101849,-0.045427214,-0.007882908,-0.07347418,2022,False
2022-04-08,-0.299605195439392,0.41675782051160387,0.11264367816091954,0.3966062664985657,-0.13487364,-0.14176446,-0.07024591,0.0068908185,-0.06462774,2022,True
2022-04-11,-0.273634861282501,0.43320838453942956,0.11467889908256881,0.41375991702079773,-0.16083758,-0.16562732,-0.106092416,0.00478974,-0.05474516,2022,False
2022-04-12,-0.11415363639700046,0.5463711695663188,0.17471264367816092,0.5229117274284363,-0.14877827,-0.16868244,-0.13434187,0.019904166,-0.014436409,2022,False
2022-04-13,-0.07242054116379311,0.5231708791723555,0.17011494252873563,0.5065732002258301,-0.1410564,-0.14676785,-0.1305285,0.005711451,-0.010527909,2022,False
2022-04-14,-0.07881308377158562,0.5343260682334843,0.1834862385321101,0.5139574408531189,-0.10432042,-0.10709069,-0.095678076,0.0027702674,-0.008642346,2022,False
2022-04-15,-0.05937461744004238,0.5222314700831343,0.13625866050808313,0.5048485398292542,-0.08166638,-0.08054968,-0.07318162,-0.0011167005,-0.008484758,2022,True
2022-04-18,-0.025794414581665693,0.5822419395541769,0.16972477064220184,0.5526039004325867,-0.08424901,-0.09119154,-0.08753758,0.0069425255,0.003288567,2022,False
2022-04-19,-0.0016131473808860641,0.5864952612591037,0.1720183486238532,0.5478026866912842,-0.067450285,-0.07604572,-0.0789721,0.008595437,0.011521816,2022,False
2022-04-20,0.07200796100506447,0.6212662750743441,0.20412844036697247,0.5863005518913269,-0.014326638,-0.036200203,-0.05450962,0.021873565,0.040182985,2022,False
2022-04-21,0.19132661891757316,0.6535457201596138,0.20642201834862386,0.6185928583145142,0.049289204,0.027076447,-0.023127023,0.022212757,0.07241623,2022,False
2022-04-22,0.25146338742441077,0.6580271621226758,0.23394495412844038,0.6252559423446655,0.093028,0.07662905,0.006251001,0.016398951,0.086777,2022,True
2022-04-25,0.23951320261114578,0.6249898448271567,0.21052631578947367,0.5988281965255737,0.14088485,0.12169292,0.0571754,0.019191928,0.08370945,2022,False
2022-04-26,0.24731145583136777,0.6409373277139566,0.19954128440366972,0.6127477288246155,0.16957432,0.14530723,0.084783286,0.024267092,0.084791034,2022,False
2022-04-27,0.2121279662781656,0.5667946477792578,0.17660550458715596,0.5541756749153137,0.122524075,0.12178946,0.06290127,0.00073461235,0.0596228,2022,False
2022-04-28,0.24799340540709847,0.5905411283093104,0.2206896551724138,0.5896441340446472,0.11348652,0.10687674,0.04458993,0.0066097826,0.06889659,2022,False
2022-04-29,0.18771084782133057,0.5725088669206009,0.20967741935483872,0.5652409195899963,0.075821765,0.06697992,0.024399234,0.008841842,0.05142253,2022,True
2022-05-05,0.20407973683558478,0.5852514942463676,0.2511520737327189,0.5825147032737732,0.105090514,0.09813357,0.047139183,0.0069569424,0.05795133,2022,False
2022-05-06,0.21021775701404088,0.5786877179950887,0.2465437788018433,0.5754497647285461,0.09839268,0.09185173,0.044512376,0.0065409467,0.053880304,2022,True
2022-05-09,0.10639600278045944,0.522810996809094,0.1935483870967742,0.5249790549278259,0.061080582,0.063792594,0.032251798,-0.0027120113,0.028828785,2022,False
2022-05-10,-0.04977447327674866,0.4642095733311444,0.15207373271889402,0.4673250913619995,0.00065831654,0.007961884,0.011490452,-0.0073035676,-0.010832136,2022,False
2022-05-11,-0.055030758745165456,0.4482626896949854,0.14055299539170507,0.45215895771980286,0.012090169,0.028985102,0.027959235,-0.016894933,-0.015869066,2022,False
2022-05-12,-0.06842691519072876,0.4586320876040021,0.14746543778801843,0.45262610912323,0.015928792,0.02650243,0.027672153,-0.010573639,-0.011743361,2022,False
2022-05-13,-0.11341629817394673,0.4622950054548566,0.14746543778801843,0.45405715703964233,0.010764451,0.017331209,0.028870681,-0.0065667583,-0.01810623,2022,True
2022-05-16,-0.10730061042395882,0.440581462676276,0.15172413793103448,0.43957918882369995,0.027800769,0.046452537,0.04433355,-0.018651769,-0.016532782,2022,False
2022-05-17,-0.06872980397085507,0.4736302216596957,0.1632183908045977,0.47593623399734497,0.03741554,0.035203192,0.041756388,0.0022123493,-0.004340846,2022,False
2022-05-18,-0.028161244702172034,0.482940622683426,0.17011494252873563,0.48600056767463684,0.04286685,0.04246539,0.05007562,0.00040145963,-0.007208772,2022,False
2022-05-19,0.04612593110021568,0.5261457604995992,0.21100917431192662,0.5285214781761169,0.055226017,0.050460123,0.041419122,0.0047658943,0.013806894,2022,False
2022-05-20,0.0787415913795493,0.5643705048836839,0.2018348623853211,0.5544501543045044,0.049289897,0.046313047,0.030856673,0.0029768497,0.018433224,2022,True
2022-05-23,0.0459685524769145,0.5295024179170341,0.16055045871559634,0.5095928907394409,0.04978325,0.061422225,0.042531904,-0.011638977,0.0072513446,2022,False
2022-05-24,0.059617930028162444,0.5594608998328007,0.20229885057471264,0.5527163147926331,0.06346523,0.058572005,0.0459734,0.0048932247,0.017491829,2022,False
2022-05-25,0.11088093948253394,0.5906902924991403,0.21559633027522937,0.5681315660476685,0.06809796,0.059168547,0.036649454,0.008929409,0.031448502,2022,False
2022-05-26,0.17376319328220918,0.6214634621057693,0.24770642201834864,0.5977246165275574,0.07964246,0.06446948,0.029614965,0.015172981,0.050027497,2022,False
2022-05-27,0.1342416393451092,0.6048981597098035,0.25,0.5900923609733582,0.06826794,0.04447681,0.022244941,0.02379113,0.046023,2022,True
2022-05-30,0.06921222901711485,0.5801322250682274,0.25,0.5633968114852905,0.07062029,0.054653652,0.044469584,0.015966639,0.026150707,2022,False
2022-05-31,0.08172868246598164,0.5838110704828782,0.2288329519450801,0.5648766756057739,0.05512919,0.044054072,0.02711524,0.011075117,0.028013948,2022,False
2022-06-01,0.09486024641981192,0.5661597581394086,0.2151029748283753,0.5464140772819519,0.04424846,0.04604592,0.020984992,-0.00179746,0.02326347,2022,False
2022-06-02,0.081091642320713,0.5733556411065176,0.2151029748283753,0.5588423013687134,0.039513387,0.041321382,0.017973889,-0.0018079951,0.021539498,2022,False
2022-06-06,0.029413127324368408,0.5570007998075347,0.1945080091533181,0.5324801802635193,0.03073769,0.030021757,0.017401572,0.00071593374,0.013336118,2022,False
2022-06-07,0.04415504077609949,0.5818318881266252,0.2128146453089245,0.5484241843223572,0.036976777,0.02819061,0.010070569,0.008786166,0.026906207,2022,False
2022-06-08,0.1327754333791774,0.6071985916502778,0.2311212814645309,0.5791157484054565,0.06200181,0.056658957,0.010933574,0.0053428523,0.051068235,2022,False
2022-06-09,0.15828121890234928,0.6053535700449756,0.2494279176201373,0.5897368788719177,0.07990194,0.06250261,0.02150697,0.017399333,0.05839497,2022,False
2022-06-10,0.0877793496264659,0.5738153066810535,0.2191780821917808,0.5620242357254028,0.0737268,0.05933042,0.031463563,0.014396384,0.04226324,2022,True
2022-06-13,0.08181435481897072,0.5498876100061262,0.2146118721461187,0.5382296442985535,0.09032584,0.084785596,0.048543904,0.0055402443,0.041781936,2022,False
2022-06-14,0.05684372890342471,0.5301550791760522,0.1917808219178082,0.5130093097686768,0.06150892,0.056772273,0.025934648,0.004736647,0.035574272,2022,False
2022-06-15,0.01408963311742686,0.5223489309037603,0.17579908675799086,0.5123782753944397,0.054370254,0.04376069,0.029234547,0.010609563,0.025135707,2022,False
2022-06-16,-0.028931718002623306,0.4876490578201901,0.15945330296127563,0.47451508045196533,0.04182678,0.038654167,0.036122467,0.0031726137,0.0057043135,2022,False
2022-06-17,-0.044200418163463415,0.49640708920978527,0.17579908675799086,0.4916099011898041,0.027601527,0.023575874,0.025283901,0.004025653,0.002317626,2022,True
2022-06-20,0.046546662013986266,0.5460825182479749,0.23462414578587698,0.5332746505737305,0.041954607,0.03488152,0.0148604885,0.0070730858,0.027094118,2022,False
2022-06-21,0.05788044539915282,0.527247561824531,0.20501138952164008,0.5219081044197083,0.037150387,0.034681085,0.012792002,0.0024693012,0.024358384,2022,False
2022-06-22,0.03575740660033358,0.5269674058780055,0.20501138952164008,0.5209517478942871,0.03750626,0.031062072,0.015810093,0.006444188,0.021696167,2022,False
2022-06-23,-0.03409658555345067,0.48717676812522115,0.17995444191343962,0.4757483899593353,0.0142447045,0.011818336,0.007840659,0.0024263682,0.006404046,2022,False
2022-06-24,-0.13126372509582865,0.45531930089490263,0.1548974943052392,0.44999420642852783,-0.016352473,-0.01724734,-0.004955425,0.0008948669,-0.011397048,2022,True
2022-06-27,-0.1771242798121585,0.4595157208778147,0.1571753986332574,0.4540161192417145,-0.030175906,-0.032637183,-0.0067069195,0.002461277,-0.023468986,2022,False
2022-06-28,-0.1668437541353299,0.4777727464643364,0.15945330296127563,0.45945408940315247,-0.026563162,-0.02837569,-0.007108301,0.0018125288,-0.019454861,2022,False
2022-06-29,-0.04247560120650459,0.5574775339631304,0.18223234624145787,0.533656895160675,0.0082787825,-0.0098649,-0.0039969073,0.018143684,0.01227569,2022,False
2022-06-30,0.011760187776742682,0.5732734754890864,0.19318181818181818,0.5496639013290405,0.008417126,-0.004527941,-0.018904468,0.012945067,0.027321594,2022,False
2022-07-01,-0.07123928974284519,0.5294263462164464,0.2,0.4960305094718933,0.0031649978,-0.005483043,-0.008618375,0.008648041,0.011783373,2022,True
2022-07-04,-0.04798445557939704,0.5256147240734865,0.18181818181818182,0.4914707839488983,0.01836015,0.010809561,0.0034409894,0.007550588,0.01491916,2022,False
2022-07-05,-0.0827580834571757,0.48719032037814264,0.17954545454545454,0.4676467180252075,0.025031684,0.019485556,0.021117682,0.0055461284,0.0039140023,2022,False
2022-07-06,-0.08120622416981287,0.47614449509791884,0.17233560090702948,0.4444591701030731,0.018894805,0.017317014,0.023524055,0.0015777908,-0.0046292506,2022,False
2022-07-07,-0.10310344145086163,0.4794568990635655,0.16780045351473924,0.44458475708961487,0.0044316687,0.0074621793,0.0146197835,-0.0030305106,-0.010188115,2022,False
2022-07-08,-0.051943869285340394,0.48872958972783714,0.1746031746031746,0.46241438388824463,0.017578514,0.02591065,0.020069478,-0.008332135,-0.0024909638,2022,True
2022-07-11,-0.008288014361173495,0.4920187745304602,0.18099547511312217,0.47548574209213257,0.028211715,0.032257628,0.014019043,-0.004045913,0.0141926715,2022,False
2022-07-12,0.086969173159428,0.5502769617585712,0.19954648526077098,0.5243415236473083,0.054221604,0.056376748,0.015886435,-0.0021551438,0.038335167,2022,False
2022-07-13,-0.00036808509513391126,0.4960667815338129,0.17647058823529413,0.4695873558521271,0.04396029,0.049177717,0.028120656,-0.0052174293,0.015839633,2022,False
2022-07-14,-0.05299838474179317,0.46381328591463605,0.16515837104072398,0.4406042993068695,0.038651526,0.046102352,0.03698363,-0.0074508265,0.0016678944,2022,False
2022-07-15,0.0015879070982825123,0.49672807275733477,0.17607223476297967,0.47131672501564026,0.039756637,0.03879846,0.023415634,0.0009581782,0.016341003,2022,True
2022-07-18,0.04236511554886228,0.5619495957584157,0.20270270270270271,0.5301037430763245,0.009464682,0.007797059,-0.017922638,0.001667623,0.027387321,2022,False
2022-07-19,0.05434507896469836,0.5543282246237907,0.21171171171171171,0.5254284739494324,0.005149561,0.004069152,-0.02591204,0.0010804092,0.0310616,2022,False
2022-07-20,0.009454288604234768,0.4985313388651941,0.15315315315315314,0.4757615625858307,-0.025864743,-0.01192851,-0.03240806,-0.013936233,0.006543316,2022,False
2022-07-21,0.03994172628243369,0.5033730344727542,0.1752808988764045,0.4867585003376007,-0.0063174693,0.009627501,-0.020728085,-0.015944969,0.014410616,2022,False
2022-07-22,0.10149475692532337,0.5388645629653367,0.1662921348314607,0.517532467842102,0.024626032,0.032764945,-0.0101991305,-0.008138914,0.03482516,2022,True
2022-07-25,0.15199890947154543,0.5871390373195152,0.16853932584269662,0.5560019612312317,0.045212325,0.049792208,-0.0033816341,-0.004579883,0.04859396,2022,False
2022-07-26,0.08166785656931537,0.5284651631502351,0.15955056179775282,0.5135934352874756,0.025322199,0.038194627,-0.004963718,-0.012872428,0.030285917,2022,False
2022-07-27,0.05461909154667673,0.47943905166739426,0.14382022471910114,0.47231006622314453,0.010883929,0.031038376,-0.0075324443,-0.020154446,0.018416373,2022,False
2022-07-28,0.0034508678577924797,0.4368796607137665,0.11210762331838565,0.43376854062080383,0.00049359887,0.02871354,0.0027896978,-0.02821994,-0.002296099,2022,False
2022-07-29,0.00033553372286529133,0.4643267621160105,0.15246636771300448,0.4599091708660126,0.008636383,0.017655762,0.005511385,-0.009019379,0.0031249984,2022,True
2022-08-01,0.01525683782062203,0.45737635214607403,0.14798206278026907,0.44924023747444153,0.04252572,0.06085259,0.04345477,-0.018326871,-0.00092905015,2022,False
2022-08-02,-0.002366745880111232,0.48979231180484994,0.19282511210762332,0.47484004497528076,0.04982887,0.05602729,0.042527437,-0.006198421,0.007301431,2022,False
2022-08-03,0.11893128201526616,0.5823401477364465,0.21476510067114093,0.5506957173347473,0.08336621,0.080867134,0.04136089,0.0024990737,0.04200532,2022,False
2022-08-04,0.04398315876590519,0.5653046569674428,0.21252796420581654,0.5267884731292725,0.06818954,0.050135072,0.031878375,0.018054467,0.036311164,2022,False
2022-08-05,-0.08559714624511877,0.4954089343643973,0.174496644295302,0.4685980975627899,0.027729759,0.020053022,0.022286505,0.0076767374,0.0054432545,2022,True
2022-08-08,-0.11541526356895632,0.47133361739695345,0.1789709172259508,0.4576732814311981,0.021367718,0.014980663,0.022654267,0.006387055,-0.0012865495,2022,False
2022-08-09,-0.24731137574152004,0.4327424842526871,0.1610738255033557,0.4159318804740906,-0.012202309,-0.014220021,0.019621288,0.0020177113,-0.031823598,2022,False
2022-08-10,-0.29932446614230607,0.4204145092695736,0.12527964205816555,0.40475839376449585,-0.04542123,-0.054260604,-3.5876918e-05,0.008839373,-0.045385353,2022,False
2022-08-11,-0.22369088098345377,0.45724387974021324,0.15436241610738255,0.4325838088989258,-0.0333037,-0.041112658,-0.004853998,0.0078089572,-0.028449703,2022,False
2022-08-12,-0.284993331624242,0.4241576729589599,0.13616071428571427,0.41057872772216797,-0.041852385,-0.055376716,-0.0002345356,0.013524331,-0.041617848,2022,True
2022-08-15,-0.32993793715404873,0.3844930529234831,0.125,0.3748445510864258,-0.061712213,-0.0649777,0.001587288,0.0032654852,-0.0632995,2022,False
2022-08-16,-0.3714511945888105,0.33818278243519795,0.0645879732739421,0.3347107768058777,-0.099678405,-0.08864182,-0.01308957,-0.011036582,-0.08658884,2022,False
2022-08-17,-0.3822292294407918,0.32750412448011784,0.0757238307349666,0.3262234032154083,-0.115087666,-0.10815316,-0.015342842,-0.0069345087,-0.09974483,2022,False
2022-08-18,-0.38774845039584277,0.3350571758431618,0.05790645879732739,0.3268031179904938,-0.105389655,-0.096968904,-0.012732991,-0.0084207505,-0.092656665,2022,False
2022-08-19,-0.37646367101406064,0.3363033202116609,0.07349665924276169,0.3291908800601959,-0.08802924,-0.08091433,-0.008369106,-0.0071149096,-0.07966014,2022,True
2022-08-22,-0.3719280529816902,0.350627523276285,0.0801781737193764,0.3277371823787689,-0.08700442,-0.075735256,-0.0049485452,-0.011269167,-0.08205588,2022,False
2022-08-23,-0.24089733495870047,0.4409760943245241,0.1288888888888889,0.41091078519821167,-0.034143347,-0.034065638,0.0031449583,-7.7709556e-05,-0.037288304,2022,False
2022-08-24,-0.2079952452043901,0.47528518207795184,0.14666666666666667,0.4406667649745941,-0.009781901,-0.015454042,0.013017979,0.005672141,-0.02279988,2022,False
2022-08-25,-0.2946244161507609,0.44904474416789447,0.15333333333333332,0.42226746678352356,-0.025963485,-0.03775743,0.010981035,0.011793945,-0.03694452,2022,False
2022-08-26,-0.2552673106086089,0.4266807337648138,0.15333333333333332,0.40911027789115906,-0.017332911,-0.016902851,0.015575966,-0.00043006055,-0.03290888,2022,True
2022-08-29,-0.17031587277280036,0.49488093766881963,0.19290465631929046,0.4761263132095337,-0.017799484,-0.024566583,-0.0051382417,0.0067670997,-0.012661242,2022,False
2022-08-30,-0.15930591167716848,0.4963847530233984,0.19111111111111112,0.47648975253105164,-0.014780862,-0.018916287,-0.0026853404,0.0041354243,-0.012095522,2022,False
2022-08-31,-0.08650648407439426,0.551124983452343,0.2039911308203991,0.5202549695968628,-0.0126922745,-0.020896375,-0.017425738,0.008204101,0.0047334637,2022,False
2022-09-01,-0.05729137112549981,0.5512959071309717,0.21729490022172948,0.5271620750427246,-0.036549274,-0.046482585,-0.042115346,0.0099333115,0.0055660717,2022,False
2022-09-02,-0.04341516692353949,0.5587269598789558,0.1951219512195122,0.5325657725334167,-0.03288574,-0.036534544,-0.040077556,0.0036488026,0.0071918145,2022,True
2022-09-05,-0.08906042065468664,0.5136040373808013,0.18403547671840353,0.49173545837402344,-0.052616313,-0.04836269,-0.045269452,-0.004253622,-0.007346861,2022,False
2022-09-06,-0.20016017712854867,0.4156955525178347,0.13968957871396895,0.40389567613601685,-0.07473626,-0.05987445,-0.04348063,-0.014861811,-0.03125563,2022,False
2022-09-07,-0.2064624035653881,0.40539603701448756,0.14412416851441243,0.3956427276134491,-0.0872629,-0.08061044,-0.05432937,-0.0066524595,-0.03293353,2022,False
2022-09-08,-0.030839933418778005,0.5693970750254242,0.21017699115044247,0.5463854074478149,-0.0656858,-0.08040114,-0.07015352,0.014715336,0.0044677183,2022,False
2022-09-09,-0.006984930738000257,0.6070337044734744,0.21729490022172948,0.5756559371948242,-0.059549082,-0.0846824,-0.07510778,0.025133315,0.015558701,2022,True
2022-09-13,-0.08985211716019481,0.5305409450228953,0.19247787610619468,0.5043755173683167,-0.06432545,-0.079803556,-0.06354687,0.015478104,-0.0007785782,2022,False
2022-09-14,0.020248408074793667,0.6199240736650482,0.23008849557522124,0.5878069996833801,-0.0418424,-0.06685887,-0.06557413,0.025016472,0.02373173,2022,False
2022-09-15,-0.06176271991764896,0.5545836371908692,0.18403547671840353,0.5260241031646729,-0.052687593,-0.06698567,-0.05712777,0.014298074,0.004440177,2022,False
2022-09-16,-0.15611502460611582,0.47610316635898037,0.17699115044247787,0.4631373882293701,-0.059471786,-0.06767642,-0.04472346,0.0082046315,-0.014748327,2022,True
2022-09-19,-0.1747090696535659,0.46644800667838393,0.18141592920353983,0.44618460536003113,-0.082445346,-0.08492947,-0.06399102,0.0024841279,-0.018454328,2022,False
2022-09-20,-0.19056036705599882,0.45173373486760005,0.1836283185840708,0.43758875131607056,-0.072307795,-0.07109964,-0.047902055,-0.0012081563,-0.02440574,2022,False
2022-09-21,-0.11904283590045203,0.46543722812137606,0.18805309734513273,0.45193618535995483,-0.043531746,-0.040840294,-0.030491423,-0.0026914515,-0.013040323,2022,False
2022-09-22,-0.09411185395462247,0.45177818555138,0.16150442477876106,0.43950024247169495,-0.013231088,-0.0032286223,-0.0010780841,-0.010002466,-0.012153004,2022,False
2022-09-23,-0.18566730151672936,0.35597429024467003,0.1084070796460177,0.35675156116485596,-0.008530405,0.018863264,0.031939235,-0.027393669,-0.04046964,2022,True
2022-09-26,-0.13891939047887164,0.37980894904809237,0.10619469026548672,0.37608230113983154,0.0006440985,0.023597658,0.035291687,-0.022953559,-0.034647588,2022,False
2022-09-27,-0.041300576337468926,0.45215250480488756,0.17218543046357615,0.4378894567489624,0.021772347,0.023645421,0.02326498,-0.0018730741,-0.0014926326,2022,False
2022-09-28,-0.06909805400107585,0.41499982552569953,0.1456953642384106,0.40446603298187256,0.01328545,0.030733157,0.023954682,-0.017447706,-0.010669232,2022,False
2022-09-29,-0.03364028487538966,0.44754798901432113,0.152317880794702,0.43082451820373535,0.035437096,0.05261349,0.037768852,-0.017176393,-0.002331756,2022,False
2022-09-30,0.07684000895554238,0.5051990648656649,0.1902654867256637,0.4940800368785858,0.067697436,0.07836958,0.035147477,-0.010672145,0.03254996,2022,True
2022-10-10,0.05113264246747289,0.5332526256943528,0.20575221238938052,0.5226545333862305,0.070393115,0.058957703,0.036086626,0.011435412,0.03430649,2022,False
2022-10-11,0.12307626153229032,0.5479549482422518,0.2234513274336283,0.5237987041473389,0.07866649,0.081059195,0.03085391,-0.0023927018,0.04781258,2022,False
2022-10-12,0.038132505957746754,0.5081932634155224,0.18141592920353983,0.48768267035484314,0.036107216,0.04012452,0.020026138,-0.0040173046,0.016081078,2022,False
2022-10-13,-0.005202760980851481,0.5055689009568493,0.19426048565121412,0.4794642925262451,-0.0067388685,-0.0022597713,-0.01968675,-0.004479097,0.012947881,2022,False
2022-10-14,-0.028063852185707772,0.4958718062811662,0.1902654867256637,0.4709148705005646,-0.029309882,-0.023327876,-0.033098686,-0.005982006,0.0037888046,2022,True
2022-10-17,-0.02695052737769815,0.48980895559269094,0.18805309734513273,0.46725863218307495,-0.027356656,-0.020368952,-0.0253809,-0.006987704,-0.0019757561,2022,False
2022-10-18,0.02621296905025109,0.487051382701296,0.16997792494481237,0.4622911810874939,-0.0034628988,0.016256612,-0.009079182,-0.019719511,0.005616283,2022,False
2022-10-19,0.0987846574425488,0.5496184938929123,0.19205298013245034,0.5216749310493469,0.02630631,0.034285616,-0.00050038757,-0.007979305,0.0268067,2022,False
2022-10-20,0.16544699387761033,0.5786054297974232,0.2422907488986784,0.5537101030349731,0.04984395,0.051764995,0.005517253,-0.0019210465,0.044326697,2022,False
2022-10-21,0.0665159813532438,0.47944302652313087,0.1828193832599119,0.46040651202201843,0.03584204,0.05795392,0.02459951,-0.022111882,0.011242529,2022,True
2022-10-24,0.025036861997078164,0.4500254845822722,0.13656387665198239,0.4357907772064209,0.04366168,0.06408179,0.04793472,-0.020420108,-0.0042730384,2022,False
2022-10-25,-0.005664131986400973,0.440168780925999,0.12141280353200883,0.41839057207107544,0.024614776,0.050510854,0.033130366,-0.025896078,-0.008515591,2022,False
2022-10-26,-0.0525398727963405,0.4171215792140157,0.11013215859030837,0.4008796513080597,0.012071886,0.028682314,0.022653485,-0.016610429,-0.010581599,2022,False
2022-10-27,-0.08113376119563664,0.37576684009408934,0.1013215859030837,0.36176976561546326,0.03759302,0.06734491,0.063312165,-0.029751893,-0.025719147,2022,False
2022-10-28,-0.18014782517632238,0.35061715394884235,0.08370044052863436,0.33800026774406433,0.028488314,0.05796255,0.070646964,-0.029474238,-0.04215865,2022,True
2022-10-31,-0.13302511469092046,0.38484377692980176,0.09030837004405286,0.3667304813861847,0.03526234,0.053634007,0.061234985,-0.018371668,-0.025972646,2022,False
2022-11-01,-0.2034632937515635,0.33947052275207507,0.1054945054945055,0.3355434834957123,0.016492529,0.035452574,0.050705194,-0.018960046,-0.034212664,2022,False
2022-11-02,-0.26635746389423776,0.33477090442544905,0.09030837004405286,0.32146337628364563,-0.0064061508,0.014666119,0.047986202,-0.021072268,-0.054392353,2022,False
2022-11-03,-0.24161330699521807,0.3555488566608152,0.08351648351648351,0.3349760174751282,-0.010798628,0.00823428,0.04120624,-0.019032909,-0.05200487,2022,False
2022-11-04,-0.2403747167085138,0.3628511602483091,0.1076923076923077,0.34457099437713623,-0.023937194,-0.006209825,0.021764431,-0.017727368,-0.045701623,2022,True
2022-11-07,-0.2221567658102759,0.4024520468588394,0.12747252747252746,0.3828357458114624,-0.007832516,0.0016680761,0.0282476,-0.009500592,-0.036080115,2022,False
2022-11-08,-0.34399778645560886,0.3420628515686889,0.11208791208791209,0.33517107367515564,-0.038727034,-0.023900067,0.021394907,-0.014826966,-0.06012194,2022,False
2022-11-09,-0.26806530258076045,0.41533411152405075,0.12307692307692308,0.40229901671409607,-0.010796813,-0.011224428,0.02399479,0.0004276149,-0.034791604,2022,False
2022-11-10,-0.3268397003316262,0.37939917178355204,0.10526315789473684,0.36436957120895386,-0.037130218,-0.026705109,0.013259906,-0.010425109,-0.050390124,2022,False
2022-11-11,-0.2434403180024751,0.43626865549842947,0.10526315789473684,0.4135262370109558,-0.029416122,-0.020873906,0.0060753124,-0.008542215,-0.035491433,2022,True
2022-11-14,-0.3213367655586424,0.39164265154189715,0.08991228070175439,0.37592869997024536,-0.031040495,-0.025367297,0.018009359,-0.005673198,-0.049049854,2022,False
2022-11-15,-0.34236809047680233,0.3908285265308784,0.10087719298245613,0.3642966151237488,-0.037835736,-0.028490866,0.023868961,-0.00934487,-0.061704695,2022,False
2022-11-16,-0.2318625837336642,0.41428080044478327,0.1162280701754386,0.4072572886943817,-0.016002836,-0.0040438394,0.03012077,-0.011958996,-0.046123605,2022,False
2022-11-17,-0.24249265958126417,0.40936315436142817,0.13596491228070176,0.3954686224460602,-0.020070966,-0.009663941,0.021760307,-0.010407025,-0.041831274,2022,False
2022-11-18,-0.30817421594982797,0.3598783634831848,0.10307017543859649,0.35240480303764343,-0.015058597,-0.002502248,0.04422422,-0.012556349,-0.059282817,2022,True
2022-11-21,-0.2790160664399231,0.38217152298287427,0.11403508771929824,0.368410587310791,-0.015672894,-0.0026920955,0.03675113,-0.012980798,-0.05242402,2022,False
2022-11-22,-0.19051271614120308,0.42043222385957385,0.12253829321663019,0.40128833055496216,0.010282776,0.020310156,0.040742043,-0.01002738,-0.030459266,2022,False
2022-11-23,-0.26442412996624204,0.39082992631140456,0.10065645514223195,0.37611547112464905,-0.007284062,0.00729819,0.03845082,-0.014582252,-0.045734882,2022,False
2022-11-24,-0.16981531415529372,0.4464626801816411,0.12472647702407003,0.43446436524391174,0.013387912,0.016522322,0.03083661,-0.00313441,-0.017448697,2022,False
2022-11-25,-0.1181282820580049,0.4439074184546111,0.12008733624454149,0.42824241518974304,0.021462265,0.030394534,0.032570835,-0.008932268,-0.01110857,2022,True
2022-11-28,-0.12581228360477936,0.4379332432510542,0.1222707423580786,0.4210919439792633,0.0030707293,0.014611668,0.015827723,-0.011540938,-0.012756994,2022,False
2022-11-29,-0.08792977056070675,0.45377171595467397,0.11353711790393013,0.43095633387565613,-0.000877909,0.012861387,0.006474892,-0.013739296,-0.007352801,2022,False
2022-11-30,-0.1699192594127554,0.40595309821245035,0.1091703056768559,0.39548107981681824,-0.017206809,-0.008288441,0.00053424307,-0.008918367,-0.017741052,2022,False
2022-12-01,-0.174885492587462,0.39984018974356206,0.1111111111111111,0.39234575629234314,-0.03215521,-0.019880429,-0.0065396726,-0.012274779,-0.025615536,2022,False
2022-12-02,-0.0754078989223008,0.45765526684067803,0.10457516339869281,0.4363020062446594,-0.048670452,-0.03109389,-0.036397126,-0.017576562,-0.0122733265,2022,True
2022-12-05,-0.10943339736426459,0.4401164926453194,0.10675381263616558,0.4153607487678528,-0.060415477,-0.045240544,-0.04332331,-0.015174933,-0.017092168,2022,False
2022-12-06,-0.1533061293725691,0.4279028046460555,0.08932461873638345,0.40623271465301514,-0.06712883,-0.055531878,-0.043699812,-0.011596952,-0.023429018,2022,False
2022-12-07,-0.13626608250387298,0.4355982757413447,0.12854030501089325,0.4193563163280487,-0.069305226,-0.059636377,-0.050463285,-0.009668849,-0.01884194,2022,False
2022-12-08,-0.15688765620886094,0.41632082380852375,0.11764705882352941,0.39454594254493713,-0.08298088,-0.07034036,-0.061352186,-0.012640521,-0.021628693,2022,False
2022-12-09,-0.13931950928771034,0.4296882402285447,0.11546840958605664,0.4124269187450409,-0.07070354,-0.055728413,-0.047601532,-0.014975131,-0.023102012,2022,True
2022-12-12,-0.06341741378485444,0.48302804822877227,0.14565217391304347,0.4637267291545868,-0.055376165,-0.049221754,-0.041412063,-0.0061544105,-0.013964102,2022,False
2022-12-13,-0.05454550920038102,0.49428994170056845,0.1673913043478261,0.4787527322769165,-0.051590543,-0.05226956,-0.04679669,0.0006790161,-0.0047938526,2022,False
2022-12-14,-0.00926988516727078,0.5282360587574632,0.1822125813449024,0.5132823586463928,-0.047581423,-0.04818079,-0.04844816,0.0005993657,0.0008667372,2022,False
2022-12-15,-0.02280533289685974,0.509139183928059,0.18655097613882862,0.49606356024742126,-0.0388966,-0.03957765,-0.039307866,0.0006810501,0.0004112646,2022,False
2022-12-16,-0.0509379693954288,0.4981981025541763,0.16919739696312364,0.476053386926651,-0.013565709,-0.011218781,-0.010901139,-0.0023469282,-0.0026645698,2022,True
2022-12-19,0.001974699609872218,0.5482155343105901,0.19739696312364424,0.5115244388580322,0.017101621,0.011890131,0.0073025124,0.00521149,0.009799109,2022,False
2022-12-20,0.049038412299011916,0.578888506472413,0.23210412147505424,0.5410595536231995,0.036837313,0.03043714,0.015400589,0.0064001735,0.021436725,2022,False
2022-12-21,0.04301882145973341,0.5359700789796181,0.19739696312364424,0.5054062008857727,0.040308136,0.042479787,0.023838572,-0.0021716505,0.016469564,2022,False
2022-12-22,0.08406931928587011,0.5462069403362414,0.210412147505423,0.5264117121696472,0.06369716,0.05687023,0.036671795,0.0068269297,0.027025364,2022,False
2022-12-23,0.06127107304232107,0.542330555490884,0.20995670995670995,0.5111438035964966,0.04464649,0.04546943,0.02518636,-0.000822939,0.01946013,2022,True
2022-12-26,0.0911061476695643,0.524131972993551,0.170995670995671,0.5027678608894348,0.033241816,0.042654652,0.016023878,-0.009412836,0.017217938,2022,False
2022-12-27,0.0692677661598507,0.5111666207023952,0.18831168831168832,0.5003871321678162,0.032317497,0.039520063,0.017329017,-0.0072025657,0.01498848,2022,False
2022-12-28,-0.020018206603986632,0.47758298236448843,0.16883116883116883,0.4737883508205414,0.02730541,0.02870972,0.027963204,-0.0014043115,-0.000657795,2022,False
2022-12-29,-0.006029566195295019,0.48758061778709383,0.16630669546436286,0.48044872283935547,0.03756427,0.037030738,0.038129605,0.00053353235,-0.00056533515,2022,False
2022-12-30,-0.02716266238049985,0.48045115912503855,0.1857451403887689,0.47437968850135803,0.023021813,0.023318112,0.027494995,-0.0002962984,-0.0044731814,2022,True
2023-01-03,-0.010081607811782994,0.4943447646695933,0.19438444924406048,0.4954976439476013,0.017081935,0.013861305,0.019463249,0.0032206299,-0.0023813136,2023,False
2023-01-04,-0.06889899675907893,0.4626370857403877,0.18142548596112312,0.45998716354370117,0.009292503,0.010884847,0.023184143,-0.0015923437,-0.01389164,2023,False
2023-01-05,-0.10612343095177149,0.41955453047501623,0.17278617710583152,0.41773298382759094,0.009236141,0.019134995,0.027249726,-0.0098988535,-0.018013585,2023,False
2023-01-06,-0.12297257658468447,0.400896071039209,0.1447084233261339,0.3964771330356598,0.015997687,0.027660815,0.038235124,-0.011663128,-0.022237437,2023,True
2023-01-09,-0.14324616113177216,0.3898995856667038,0.12311015118790497,0.3860045075416565,0.012823163,0.02431726,0.041989625,-0.011494098,-0.029166462,2023,False
2023-01-10,-0.157272963509003,0.36515302970750324,0.11422413793103449,0.35586243867874146,0.018636012,0.04025643,0.05747285,-0.021620417,-0.038836837,2023,False
2023-01-11,-0.1346061963368895,0.38543148256603427,0.10991379310344827,0.3776892423629761,0.039702747,0.05895525,0.06991992,-0.019252501,-0.030217174,2023,False
2023-01-12,-0.09132581101179234,0.393730999201208,0.10129310344827586,0.3874130845069885,0.03504307,0.051769167,0.057306558,-0.016726099,-0.02226349,2023,False
2023-01-13,-0.1428472499011779,0.366673889347849,0.07758620689655173,0.36077558994293213,0.017447,0.0401715,0.052155998,-0.0227245,-0.034709,2023,True
2023-01-16,-0.18375718340640196,0.34208256581815444,0.07956989247311828,0.33522477746009827,0.01601425,0.038053643,0.0567023,-0.022039393,-0.040688053,2023,False
2023-01-17,-0.16826118559516756,0.3622688448057135,0.09032258064516129,0.35274890065193176,0.021201521,0.03352668,0.05240338,-0.01232516,-0.031201858,2023,False
2023-01-18,-0.1177149000042396,0.37985599812707305,0.09462365591397849,0.3661769926548004,0.025552372,0.03790779,0.04709514,-0.012355419,-0.021542767,2023,False
2023-01-19,-0.12826518685980312,0.3524173477837736,0.08172043010752689,0.3447580635547638,0.016336609,0.03478788,0.04449501,-0.01845127,-0.0281584,2023,False
2023-01-20,-0.1145441876642384,0.40351923462133416,0.0815450643776824,0.38515394926071167,0.017415773,0.03131532,0.03429012,-0.013899546,-0.016874347,2023,True
2023-01-30,-0.06298931239159682,0.4238574220400546,0.0967741935483871,0.4038034677505493,0.026937412,0.049735617,0.035453353,-0.022798205,-0.008515941,2023,False
2023-01-31,-0.053207582427368706,0.45885282905557423,0.11587982832618025,0.4372579753398895,0.025401153,0.033515032,0.026634516,-0.00811388,-0.0012333635,2023,False
2023-02-01,-0.13286409279288441,0.4133451834873622,0.09871244635193133,0.4004206955432892,-0.0013477551,0.006985596,0.017723527,-0.008333351,-0.019071281,2023,False
2023-02-02,-0.22686174912418983,0.3825143113498405,0.09421841541755889,0.36585962772369385,-0.016770167,-0.005786255,0.01561433,-0.010983912,-0.032384496,2023,False
2023-02-03,-0.2147778309488198,0.39631330323329655,0.11349036402569593,0.3904784917831421,-0.014494559,-0.007728303,0.015446577,-0.006766256,-0.029941136,2023,True
2023-02-06,-0.2138431827431747,0.3897845039686256,0.11777301927194861,0.3868478238582611,-0.0073001003,0.0036414003,0.020306567,-0.010941501,-0.027606666,2023,False
2023-02-07,-0.19005690128729713,0.4186913402987799,0.11563169164882227,0.4165534973144531,-0.002763966,0.003532708,0.020671716,-0.006296674,-0.023435682,2023,False
2023-02-08,-0.2556304235521517,0.41017563051155187,0.1284796573875803,0.4064294099807739,-0.008062587,-0.0058101704,0.022343213,-0.0022524167,-0.0304058,2023,False
2023-02-09,-0.2401372041266392,0.42665825860343837,0.13276231263383298,0.41809651255607605,-0.014816221,-0.015592351,0.010919049,0.0007761298,-0.02573527,2023,False
2023-02-10,-0.2613422603418404,0.414091551391861,0.11349036402569593,0.40235888957977295,-0.028892873,-0.026582362,0.0030089181,-0.0023105107,-0.03190179,2023,True
2023-02-13,-0.2506161945224393,0.42594142076293706,0.12179487179487179,0.4109194576740265,-0.030516148,-0.029032301,-0.00077941484,-0.0014838465,-0.029736733,2023,False
2023-02-14,-0.2853583414157989,0.42052840177644285,0.1282051282051282,0.4019472897052765,-0.026639132,-0.027031414,0.00787031,0.00039228238,-0.034509443,2023,False
2023-02-15,-0.2551122093977012,0.4128676234252487,0.1300639658848614,0.3967334032058716,-0.017091934,-0.012723922,0.015859613,-0.004368012,-0.03295155,2023,False
2023-02-16,-0.18522895147829532,0.44160170919817027,0.13432835820895522,0.4185957610607147,0.0001336148,0.0047947397,0.024961438,-0.0046611247,-0.024827823,2023,False
2023-02-17,-0.17935894874888447,0.4355774622389245,0.1279317697228145,0.4142685830593109,0.001620397,0.0065814764,0.021945534,-0.0049610795,-0.020325137,2023,True
2023-02-20,-0.19759519343400947,0.45862048329704624,0.14072494669509594,0.4429691731929779,-0.012083395,-0.013817641,0.0085956585,0.0017342456,-0.020679053,2023,False
2023-02-21,-0.2034739919851393,0.43959916536701776,0.13859275053304904,0.42347222566604614,-0.022111587,-0.0243198,-0.00039746796,0.0022082124,-0.02171412,2023,False
2023-02-22,-0.18617455095294377,0.4387252284190654,0.14072494669509594,0.4196281433105469,-0.019598572,-0.018220149,3.411194e-05,-0.0013784226,-0.019632684,2023,False
2023-02-23,-0.20608047734330182,0.42845548201589856,0.12366737739872068,0.4103628993034363,-0.026274731,-0.02051188,-0.0016465429,-0.005762851,-0.024628188,2023,False
2023-02-24,-0.1700651487772896,0.44967068211195327,0.13404255319148936,0.4248175323009491,-0.024650002,-0.023079675,-0.0040224884,-0.0015703272,-0.020627514,2023,True
2023-02-27,-0.13392356796718194,0.46822311142609885,0.13404255319148936,0.44077321887016296,-0.028534228,-0.026038561,-0.010696005,-0.002495667,-0.017838223,2023,False
2023-02-28,-0.1313792323968106,0.4733070035499783,0.14893617021276595,0.4471755623817444,-0.027316533,-0.024263829,-0.010758026,-0.003052704,-0.016558507,2023,False
2023-03-01,-0.14732627698563142,0.4625632304104554,0.14468085106382977,0.4395546019077301,-0.039999686,-0.04168216,-0.024831308,0.0016824752,-0.015168378,2023,False
2023-03-02,-0.11618400027661216,0.47729738236549635,0.1574468085106383,0.4524400532245636,-0.029922502,-0.033019718,-0.022092758,0.0030972157,-0.007829744,2023,False
2023-03-03,-0.09100244982729443,0.48310890075696666,0.1595744680851064,0.45011186599731445,-0.032792743,-0.03593215,-0.030318867,0.0031394064,-0.0024738759,2023,True
2023-03-06,-0.05635119054329161,0.4885426966673242,0.15531914893617021,0.45705944299697876,-0.017597068,-0.020635951,-0.01586893,0.0030388832,-0.001728138,2023,False
2023-03-07,-0.04846475119668232,0.49521900548441855,0.1829787234042553,0.46670156717300415,0.00468155,-0.004389224,-0.00077250454,0.009070775,0.0054540546,2023,False
2023-03-08,-0.029789853871047323,0.47864875758074465,0.1932059447983015,0.4505343735218048,-0.0020262285,-0.0018050512,-0.006650425,-0.00022117724,0.0046241963,2023,False
2023-03-09,-0.023350732575931153,0.4693119504909309,0.19745222929936307,0.4549098610877991,0.01137168,0.0052713505,0.0030960415,0.006100329,0.008275638,2023,False
2023-03-10,-0.041404281344201474,0.43788433234659646,0.16985138004246284,0.42760011553764343,0.009356027,0.012226022,0.00915578,-0.0028699953,0.00020024646,2023,True
2023-03-13,-0.06551989675636875,0.4513888007069871,0.17197452229299362,0.4323071539402008,0.01009165,0.016634298,0.013966833,-0.006542648,-0.003875183,2023,False
2023-03-14,-0.018657542344056272,0.47275668888462874,0.17372881355932204,0.45708873867988586,0.0026806912,0.004030346,-0.0046137907,-0.0013496547,0.0072944816,2023,False
2023-03-15,0.04183726307691202,0.47042471108006767,0.15677966101694915,0.4567073583602905,0.0072642425,0.016421659,-0.0053523392,-0.009157416,0.012616582,2023,False
2023-03-16,0.07717057843005734,0.4897462972375249,0.17584745762711865,0.47631338238716125,0.012460498,0.022959929,-0.0024612183,-0.010499431,0.014921716,2023,False
2023-03-17,0.10725805183364767,0.501215154066649,0.1694915254237288,0.49217405915260315,0.027571782,0.04094723,0.009160833,-0.013375446,0.018410949,2023,True
2023-03-20,0.0916582215099068,0.5329073888673139,0.19703389830508475,0.5100447535514832,0.028147383,0.03765849,-0.0017233681,-0.009511108,0.02987075,2023,False
2023-03-21,0.15531843411650562,0.6092598775631981,0.2605932203389831,0.5712644457817078,0.03123831,0.021957139,-0.017944971,0.0092811715,0.04918328,2023,False
2023-03-22,0.22040107222507987,0.6460169017681003,0.2611464968152866,0.6167557239532471,0.044211626,0.03133358,-0.011076931,0.012878045,0.055288557,2023,False
2023-03-23,0.24410564201173102,0.6594099963899479,0.2860169491525424,0.6311758160591125,0.044142358,0.024802323,-0.018588763,0.019340035,0.06273112,2023,False
2023-03-24,0.18191188904499736,0.6274571098761762,0.2669491525423729,0.5986195206642151,0.026991861,0.017139677,-0.019534638,0.009852184,0.0465265,2023,True
2023-03-27,0.22129651855186583,0.6389414243991924,0.2648305084745763,0.6086539030075073,0.041275438,0.02936751,-0.01459558,0.011907928,0.055871017,2023,False
2023-03-28,0.18013018857477098,0.6486963744210034,0.2754237288135593,0.6098611950874329,0.052699346,0.034370784,-0.0037352918,0.018328562,0.05643464,2023,False
2023-03-29,0.14913168794708934,0.6265122326554446,0.2584745762711864,0.5837945938110352,0.051129375,0.0359161,0.0015379342,0.015213273,0.04959144,2023,False
2023-03-30,0.13159136832609358,0.6117403964401592,0.2711864406779661,0.5775486826896667,0.042793717,0.024884013,-0.006043616,0.017909704,0.048837334,2023,False
2023-03-31,0.042686511569934166,0.5736285515652899,0.23728813559322035,0.54233717918396,0.016331933,0.0030308862,-0.011306259,0.0133010475,0.027638193,2023,True
2023-04-03,0.05409372464920149,0.5658381852526886,0.2288135593220339,0.5422376394271851,0.01877198,0.0052167117,-0.010505268,0.013555268,0.029277248,2023,False
2023-04-04,0.006472281223239431,0.5447719877276935,0.19915254237288135,0.522612452507019,0.010159545,0.00016454898,-0.01185086,0.009994996,0.022010405,2023,False
2023-04-06,-0.06787631507183547,0.5251834060797475,0.18220338983050846,0.4909583330154419,-0.016042147,-0.018347409,-0.025155757,0.0023052618,0.00911361,2023,False
2023-04-07,-0.14409792669894414,0.5044309283563071,0.15677966101694915,0.4657648503780365,-0.039046016,-0.03724558,-0.034879554,-0.0018004365,-0.0041664615,2023,True
2023-04-10,-0.15082593482014184,0.5416119679220147,0.18220338983050846,0.49790146946907043,-0.039498284,-0.05242335,-0.039590314,0.012925066,9.202957e-05,2023,False
2023-04-11,-0.15149620730176888,0.5125260256923546,0.1716101694915254,0.48414483666419983,-0.049286004,-0.06899854,-0.04103275,0.019712534,-0.008253254,2023,False
2023-04-12,-0.1388278483646816,0.5013613662128265,0.17372881355932204,0.4783259928226471,-0.05142008,-0.06586584,-0.03972164,0.014445756,-0.01169844,2023,False
2023-04-13,-0.1720932457995134,0.4986375532940807,0.1613588110403397,0.4679107367992401,-0.040128123,-0.058388792,-0.026970133,0.018260669,-0.01315799,2023,False
2023-04-14,-0.19740553398484645,0.4765385882230975,0.16844349680170576,0.45622751116752625,-0.03160985,-0.05724211,-0.01617745,0.025632262,-0.015432399,2023,True
2023-04-17,-0.2089263727407093,0.4579758462364029,0.13771186440677965,0.43787291646003723,-0.03751226,-0.053227108,-0.016363675,0.015714847,-0.021148587,2023,False
2023-04-18,-0.2623108699375125,0.4402018552835884,0.14376321353065538,0.42183810472488403,-0.04326436,-0.053462967,-0.0050115664,0.010198608,-0.038252793,2023,False
2023-04-19,-0.27415216595368935,0.42256615738208947,0.12473572938689217,0.4002237915992737,-0.051454257,-0.049650688,-0.00090278906,-0.0018035695,-0.050551467,2023,False
2023-04-20,-0.3145209225581677,0.38884473472672915,0.11864406779661017,0.37837615609169006,-0.053898294,-0.05028153,0.012819872,-0.0036167651,-0.06671817,2023,False
2023-04-21,-0.295723826626403,0.389617800486727,0.10993657505285412,0.3773864805698395,-0.02912142,-0.019954227,0.03282418,-0.0091671925,-0.061945602,2023,True
2023-04-24,-0.31424532663040905,0.3693804467887466,0.09513742071881606,0.36508989334106445,-0.016499516,-0.009889302,0.04913619,-0.006610214,-0.06563571,2023,False
2023-04-25,-0.3187059901869948,0.36802145460713437,0.09533898305084745,0.3617822825908661,-0.025981657,-0.01578131,0.03856027,-0.010200348,-0.06454193,2023,False
2023-04-26,-0.31723918841484683,0.3761027799991656,0.125,0.3678206205368042,-0.020363007,-0.014682307,0.032037377,-0.0056807,-0.052400384,2023,False
2023-04-27,-0.3314897480628133,0.3472639387579091,0.10615711252653928,0.34572476148605347,-0.034308735,-0.02562142,0.02371348,-0.0086873155,-0.058022216,2023,False
2023-04-28,-0.25691800703782114,0.40245675287852056,0.1279317697228145,0.3916020095348358,-0.021912113,-0.018931836,0.019135501,-0.002980277,-0.041047614,2023,True
2023-05-04,-0.12592689314940575,0.4423906787005315,0.1513859275053305,0.42339009046554565,-0.008847096,0.0034260263,0.0131885065,-0.012273123,-0.022035602,2023,False
2023-05-05,-0.0981984556755718,0.4328606412551696,0.14925373134328357,0.4214414656162262,-0.010405968,0.0022293462,0.013818415,-0.012635314,-0.024224382,2023,True
2023-05-08,-0.03311266116775332,0.4274688892791749,0.13432835820895522,0.4239237904548645,-0.009201392,0.012827258,0.014213267,-0.02202865,-0.023414658,2023,False
2023-05-09,-0.06406320333498734,0.4456114598193606,0.1257995735607676,0.43870672583580017,-0.0061008157,0.009299925,0.024488112,-0.01540074,-0.030588929,2023,False
2023-05-10,-0.10576833452830997,0.4429573471567221,0.13219616204690832,0.43460720777511597,-0.020234682,-0.004520718,0.019391818,-0.015713964,-0.0396265,2023,False
2023-05-11,-0.04419569216439023,0.46312143553103896,0.1535181236673774,0.4551164507865906,-0.0041951863,0.009604178,0.016765554,-0.013799365,-0.02096074,2023,False
2023-05-12,0.01881986748911628,0.5144058124599811,0.19402985074626866,0.4940556585788727,0.019653967,0.015702723,0.0054281075,0.003951244,0.014225859,2023,True
2023-05-15,-0.030008995295343763,0.5343984332371241,0.19189765458422176,0.5104973912239075,0.015736641,0.0040770676,0.015994627,0.011659574,-0.00025798567,2023,False
2023-05-16,0.04183054248592577,0.5959278120604562,0.21321961620469082,0.5614048838615417,0.033374753,0.015957491,0.011111235,0.017417261,0.022263518,2023,False
2023-05-17,0.10638570655572889,0.6054653579789683,0.22388059701492538,0.5729743838310242,0.02591692,0.016270906,-0.0063464753,0.009646013,0.032263394,2023,False
2023-05-18,0.05752115262532647,0.5877548371155759,0.21961620469083157,0.5558812618255615,0.026024964,0.014733077,0.0043607694,0.011291887,0.021664195,2023,False
2023-05-19,0.06883072793115241,0.6208412694289399,0.27292110874200426,0.5744499564170837,0.035057697,0.01367955,0.0019774162,0.021378148,0.03308028,2023,True
2023-05-22,0.060837829784091774,0.6290261069847976,0.2851063829787234,0.5840581655502319,0.035726685,0.007201681,-0.006561032,0.028525004,0.04228772,2023,False
2023-05-23,0.09604000031084789,0.6526910771662222,0.27872340425531916,0.6137792468070984,0.042343006,0.007047455,-0.012609926,0.03529555,0.05495293,2023,False
2023-05-24,0.011930759324314378,0.6216862195796045,0.24893617021276596,0.5800013542175293,0.03398927,-0.002307351,-0.000936825,0.03629662,0.034926094,2023,False
2023-05-25,-0.02037649086126303,0.5909912677448296,0.23191489361702128,0.5446704626083374,0.02028404,-0.0037146006,-0.0014930356,0.02399864,0.021777075,2023,False
2023-05-26,-0.036804277787332515,0.5512037239743359,0.2,0.5118263363838196,0.011159682,0.004234503,0.0014535403,0.0069251787,0.009706141,2023,True
2023-05-29,-0.038053541517726386,0.5354339937813692,0.17872340425531916,0.5028931498527527,0.019618396,0.008463015,0.009201256,0.011155381,0.01041714,2023,False
2023-05-30,-0.04307979178635187,0.5347645195012785,0.1851063829787234,0.5014394521713257,0.017365092,0.0015547455,0.008273816,0.015810346,0.009091277,2023,False
2023-05-31,-0.01135672783883258,0.5248228337637506,0.1812366737739872,0.4937669336795807,0.017452851,0.0101776235,0.003846169,0.0072752275,0.013606682,2023,False
2023-06-01,0.02610207828583712,0.5179585356307751,0.19361702127659575,0.4920580983161926,0.017816916,0.019757967,0.0029244062,-0.0019410513,0.01489251,2023,False
2023-06-02,0.10658534833635913,0.5621817679306741,0.21914893617021278,0.535761296749115,0.03427323,0.026142387,-0.003401269,0.008130843,0.037674498,2023,True
2023-06-05,0.1630148883604002,0.5899142443686165,0.22340425531914893,0.573421061038971,0.053540073,0.036644112,-0.0045483853,0.016895961,0.05808846,2023,False
2023-06-06,0.12091863776830983,0.5383958228164576,0.2127659574468085,0.5326884984970093,0.038353648,0.04219585,-0.0042229565,-0.003842201,0.042576604,2023,False
2023-06-07,0.0687620927359244,0.5199657901374716,0.18723404255319148,0.5190436840057373,0.0132599175,0.010474888,-0.021479616,0.0027850298,0.03473953,2023,False
2023-06-08,0.009682956508273858,0.47279190404741284,0.16382978723404254,0.4736064076423645,0.0014593375,0.0096662585,-0.011981338,-0.008206921,0.013440676,2023,False
2023-06-09,-0.09285432019482574,0.41714160409951123,0.12978723404255318,0.421875923871994,-0.026063027,-0.008231383,-0.0050253677,-0.017831644,-0.021037659,2023,True
2023-06-12,-0.05143272566925712,0.4250541861536046,0.14437367303609341,0.4266264736652374,-0.01448952,0.0007827368,-0.004548512,-0.015272257,-0.009941008,2023,False
2023-06-13,-0.07564879584583335,0.39972087045778204,0.12314225053078556,0.4032121002674103,-0.01423119,0.0009377109,0.0036297964,-0.015168901,-0.017860986,2023,False
2023-06-14,-0.15499888797758773,0.3686504740860752,0.11889596602972399,0.3776436150074005,-0.018231003,-0.0016316787,0.014460913,-0.016599324,-0.032691915,2023,False
2023-06-15,-0.09318166087443279,0.3962937568282022,0.14437367303609341,0.40395820140838623,-0.013694692,-0.0034620971,0.0048563755,-0.010232596,-0.018551068,2023,False
2023-06-16,-0.181208419503392,0.3558430043724882,0.11464968152866242,0.3623553514480591,-0.029429395,-0.011001364,0.011487019,-0.018428031,-0.040916413,2023,True
2023-06-19,-0.2639346616180917,0.3149328663522762,0.0870488322717622,0.31972312927246094,-0.04650699,-0.019096138,0.016235719,-0.027410852,-0.06274271,2023,False
2023-06-20,-0.31613386927846754,0.3074040992196246,0.08067940552016985,0.3090057969093323,-0.0445091,-0.01570806,0.024395728,-0.028801043,-0.06890483,2023,False
2023-06-21,-0.334225535642489,0.2800440736910342,0.07430997876857749,0.2854922115802765,-0.023046462,0.007033947,0.041137557,-0.030080408,-0.06418402,2023,False
2023-06-26,-0.25856807580259233,0.3210216262119747,0.09978768577494693,0.320512592792511,-0.011009407,0.015485051,0.031818543,-0.026494458,-0.04282795,2023,False
2023-06-27,-0.18411543938348604,0.33792571710966446,0.09957627118644068,0.3459649384021759,-0.0032125914,0.026450273,0.02956523,-0.029662864,-0.03277782,2023,False
2023-06-28,-0.30363338364581843,0.31396452908412037,0.11652542372881355,0.31920158863067627,-0.025784697,-0.0015723804,0.028125992,-0.024212318,-0.053910688,2023,False
2023-06-29,-0.27515767355056364,0.35245148954361133,0.125,0.3524733781814575,-0.019272042,-0.008345302,0.01935524,-0.01092674,-0.03862728,2023,False
2023-06-30,-0.24622772807967855,0.379363835258369,0.1461864406779661,0.3719082474708557,-0.024821095,-0.024125112,0.003276481,-0.00069598295,-0.028097576,2023,True
2023-07-03,-0.32549492658432105,0.3355194185367528,0.09533898305084745,0.33203697204589844,-0.03700596,-0.027444145,0.008031662,-0.009561816,-0.045037623,2023,False
2023-07-04,-0.36356640889405856,0.3377593366098931,0.10993657505285412,0.3320522904396057,-0.038983304,-0.030573374,0.011674451,-0.00840993,-0.050657757,2023,False
2023-07-05,-0.40474161591810964,0.3155855073343145,0.09513742071881606,0.31197693943977356,-0.04432647,-0.035671283,0.01704549,-0.008655187,-0.06137196,2023,False
2023-07-06,-0.43967208504681893,0.2936143739612082,0.080338266384778,0.29258817434310913,-0.0545203,-0.04208783,0.015103576,-0.012432471,-0.06962388,2023,False
2023-07-07,-0.4004642157763834,0.3108114133913535,0.0824524312896406,0.3051323890686035,-0.054118704,-0.040779956,0.011179163,-0.013338748,-0.065297864,2023,True
2023-07-10,-0.41452843641357306,0.2909801528411888,0.08456659619450317,0.28781503438949585,-0.049235128,-0.035986237,0.022005953,-0.013248891,-0.07124108,2023,False
2023-07-11,-0.46519947178236354,0.25901079741997496,0.05485232067510549,0.26245933771133423,-0.060650393,-0.041848075,0.031480487,-0.018802319,-0.092130885,2023,False
2023-07-12,-0.4619629229177066,0.275200692200595,0.05063291139240506,0.27353376150131226,-0.057586454,-0.039510887,0.02943868,-0.018075567,-0.087025136,2023,False
2023-07-13,-0.5113434233530689,0.24328418597278842,0.04852320675105485,0.2443707287311554,-0.07879527,-0.051482115,0.036304876,-0.027313154,-0.115100145,2023,False
2023-07-14,-0.5359795538072076,0.23921193032896715,0.035864978902953586,0.23074613511562347,-0.06862464,-0.03366032,0.06482145,-0.03496432,-0.1334461,2023,True
2023-07-17,-0.5575524911409121,0.229389557564213,0.04631578947368421,0.22634023427963257,-0.071595095,-0.042842083,0.06413292,-0.028753012,-0.13572802,2023,False
2023-07-18,-0.5401890597988167,0.23848385004875866,0.04,0.23576657474040985,-0.06266036,-0.03889369,0.05586036,-0.02376667,-0.11852072,2023,False
2023-07-19,-0.4900090381213111,0.27229795904092186,0.05263157894736842,0.264960378408432,-0.04922351,-0.024080135,0.050640266,-0.025143374,-0.099863775,2023,False
2023-07-20,-0.4130464724499309,0.32752821418913447,0.061052631578947365,0.3051166534423828,-0.025209673,-0.007818086,0.061127525,-0.017391587,-0.086337194,2023,False
2023-07-21,-0.274101589128713,0.40842948525337563,0.12631578947368421,0.38555294275283813,-0.009629109,-0.008648128,0.042653877,-0.0009809807,-0.052282985,2023,True
2023-07-24,-0.25205749665489907,0.4561044894703543,0.14736842105263157,0.43529754877090454,-0.014544848,-0.018836431,0.026840545,0.004291583,-0.041385394,2023,False
2023-07-25,-0.2042318831592487,0.47812266625188626,0.13263157894736843,0.45611944794654846,-0.01738719,-0.020144565,0.009259379,0.0027573742,-0.02664657,2023,False
2023-07-26,-0.22682802910779443,0.45165723252393275,0.13263157894736843,0.43624016642570496,-0.019960709,-0.01964704,0.010251317,-0.00031366944,-0.030212026,2023,False
2023-07-27,-0.17992785992273935,0.48873074246172477,0.15966386554621848,0.46590518951416016,-0.015124934,-0.02357677,0.00025065162,0.008451836,-0.015375585,2023,False
2023-07-28,-0.14497474898538382,0.4784341076091871,0.17016806722689076,0.45267626643180847,-0.042671748,-0.043331467,-0.031401128,0.0006597191,-0.01127062,2023,True
2023-07-31,-0.12927903655748454,0.4680665707451928,0.14495798319327732,0.44553494453430176,-0.038455468,-0.042876035,-0.029763127,0.0044205673,-0.008692341,2023,False
2023-08-01,-0.15078707475851472,0.45511577398080455,0.12184873949579832,0.43768343329429626,-0.044234764,-0.048171967,-0.032402974,0.0039372034,-0.01183179,2023,False
2023-08-02,-0.09978208094588172,0.4437020685905118,0.12394957983193278,0.4306356608867645,-0.043053538,-0.042795423,-0.033396702,-0.0002581142,-0.009656835,2023,False
2023-08-03,-0.13288528460125387,0.40344139891397257,0.10062893081761007,0.3941420018672943,-0.04868762,-0.042961232,-0.033390947,-0.005726386,-0.015296672,2023,False
2023-08-04,-0.18599499360036215,0.37868743418854867,0.07756813417190776,0.3749653100967407,-0.06050626,-0.04811161,-0.027693186,-0.012394648,-0.032813072,2023,True
2023-08-07,-0.16424803519164222,0.4091822658122906,0.11320754716981132,0.403312087059021,-0.060748894,-0.053856097,-0.036402326,-0.0068927966,-0.024346568,2023,False
2023-08-08,-0.13774972478230435,0.4369199646765605,0.13836477987421383,0.43006306886672974,-0.049316347,-0.050946787,-0.033929367,0.0016304404,-0.01538698,2023,False
2023-08-09,-0.03614401756594075,0.49311832811683504,0.16736401673640167,0.46363139152526855,-0.04792934,-0.047496762,-0.04643675,-0.00043257698,-0.0014925897,2023,False
2023-08-10,-0.096097018894158,0.47878382637182876,0.1694560669456067,0.4465169608592987,-0.057068676,-0.055875964,-0.048576567,-0.0011927113,-0.008492108,2023,False
2023-08-11,-0.12951405218331982,0.4694182317244586,0.17364016736401675,0.44242003560066223,-0.02555952,-0.027000025,-0.013543566,0.0014405046,-0.012015955,2023,True
2023-08-14,-0.06215793804059457,0.48842200548361564,0.19246861924686193,0.4728427529335022,-0.019063324,-0.020118037,-0.018151272,0.0010547135,-0.00091205165,2023,False
2023-08-15,0.044619404819674476,0.547606906877668,0.2045929018789144,0.513899028301239,0.0119708525,0.013747038,-0.0044031963,-0.0017761858,0.016374048,2023,False
2023-08-16,0.03788974064588519,0.5314386982119917,0.18997912317327767,0.5122004151344299,0.0066305017,0.011331107,-0.008199869,-0.004700605,0.01483037,2023,False
2023-08-17,0.07921367258271432,0.5508613745679751,0.20250521920668058,0.5225909948348999,0.0016140711,0.00576706,-0.018244173,-0.004152989,0.019858245,2023,False
2023-08-18,0.04234714301155572,0.5227203125474402,0.20250521920668058,0.5024579763412476,0.015829628,0.019261846,8.978118e-05,-0.003432218,0.015739847,2023,True
2023-08-21,-0.009569049157941711,0.4831144613273978,0.19206680584551147,0.46532386541366577,0.02041186,0.029117476,0.016989548,-0.008705616,0.0034223124,2023,False
2023-08-22,-0.0003879826837620246,0.45463338607331877,0.17745302713987474,0.4503887891769409,0.019836092,0.030770954,0.014802737,-0.010934861,0.005033355,2023,False
2023-08-23,-0.02820412560147216,0.4333325837752992,0.162839248434238,0.4300343990325928,0.016946396,0.034498498,0.01922004,-0.017552102,-0.0022736434,2023,False
2023-08-24,0.028034385386326414,0.47150749361242755,0.17745302713987474,0.46829912066459656,0.030020807,0.03961223,0.016308738,-0.009591423,0.013712069,2023,False
2023-08-25,0.13046535102456233,0.5239380218798179,0.20668058455114824,0.5138784646987915,0.030473804,0.030461349,-0.0011081106,1.2455508e-05,0.031581916,2023,True
2023-08-28,0.007107911969353949,0.47400619945842837,0.17916666666666667,0.4713856279850006,0.015808564,0.020031637,0.010914871,-0.004223073,0.004893693,2023,False
2023-08-29,-0.20056733197871912,0.3905099451880332,0.13125,0.3888874650001526,-0.029090388,-0.012607892,0.0036874262,-0.016482495,-0.032777812,2023,False
2023-08-30,-0.3299612866651043,0.361471219932893,0.11041666666666666,0.3559334874153137,-0.037796162,-0.025965312,0.01271889,-0.01183085,-0.050515052,2023,False
2023-08-31,-0.30262987559193094,0.3819591821070605,0.11875,0.3795131742954254,-0.030111829,-0.019204253,0.013743937,-0.0109075755,-0.043855764,2023,False
2023-09-01,-0.18333692753636419,0.4178884089264609,0.17916666666666667,0.41533491015434265,-0.021804783,-0.022451792,-0.005040851,0.0006470084,-0.016763933,2023,True
2023-09-04,-0.3147249610931785,0.39464296777619157,0.17291666666666666,0.3842053711414337,-0.036082197,-0.03619916,-0.00072865374,0.00011696294,-0.03535354,2023,False
2023-09-05,-0.35480692675741127,0.37781394275624075,0.15208333333333332,0.36679527163505554,-0.043648142,-0.044328976,0.0004491933,0.00068083405,-0.044097334,2023,False
2023-09-06,-0.3726498172658454,0.3636259267645784,0.14375,0.35171741247177124,-0.050015055,-0.044001274,-0.0013485225,-0.006013781,-0.048666533,2023,False
2023-09-07,-0.330395766293219,0.395190155631599,0.1392931392931393,0.373516321182251,-0.03405956,-0.0277247,0.006206169,-0.0063348617,-0.04026573,2023,False
2023-09-08,-0.2770375004609327,0.41215182413499907,0.1288981288981289,0.3860433101654053,-0.033476587,-0.026338447,0.0017900079,-0.0071381405,-0.035266597,2023,True
2023-09-11,-0.18699336211995363,0.44857397378096747,0.158004158004158,0.4157024621963501,-0.03286094,-0.02920508,-0.010042181,-0.0036558583,-0.022818757,2023,False
2023-09-12,-0.08306112892643719,0.4640238760378313,0.18711018711018712,0.4278009533882141,-0.016504709,-0.0063175093,-0.0065232986,-0.010187199,-0.009981411,2023,False
2023-09-13,0.025742107196422597,0.48005388715651387,0.19126819126819128,0.45595791935920715,0.0014351102,0.008340219,-0.0030824298,-0.0069051087,0.00451754,2023,False
2023-09-14,0.12727889434988865,0.5231413850422505,0.21205821205821207,0.49543917179107666,0.0043552746,0.0093491785,-0.014575677,-0.004993904,0.018930951,2023,False
2023-09-15,0.12016236847776704,0.5339405163361723,0.20374220374220375,0.5116510391235352,0.005657774,0.010117509,-0.015688498,-0.0044597355,0.021346271,2023,True
2023-09-18,0.25134016603776127,0.585213002881935,0.23076923076923078,0.5662161707878113,0.027002538,0.027954832,-0.022024369,-0.0009522941,0.049026906,2023,False
2023-09-19,0.2602666940704136,0.5847776797528087,0.2157676348547718,0.5608946084976196,0.031860173,0.0371244,-0.015822997,-0.0052642263,0.047683172,2023,False
2023-09-20,0.23538861893996002,0.601103554009364,0.24066390041493776,0.5781126022338867,0.045488585,0.041786756,-0.01264296,0.0037018284,0.058131546,2023,False
2023-09-21,0.1494833791737217,0.5440538025875623,0.2053941908713693,0.5267338752746582,0.019459039,0.027570007,-0.018061608,-0.008110968,0.037520647,2023,False
2023-09-22,0.040601395879618675,0.49530858445643244,0.1950207468879668,0.4778478741645813,-0.0034856845,0.00280085,-0.019644208,-0.0062865345,0.016158523,2023,True
2023-09-25,0.006520633511740435,0.5008941876550178,0.18464730290456433,0.47550687193870544,-0.014519133,-0.00043835456,-0.025689028,-0.014080778,0.0111698955,2023,False
2023-09-26,0.03593280614828267,0.5113468346215876,0.19047619047619047,0.48500534892082214,-0.019287175,-0.011411355,-0.03687096,-0.00787582,0.017583786,2023,False
2023-09-27,-0.05807447207901094,0.4944161367362591,0.17598343685300208,0.46516016125679016,-0.04651983,-0.042897105,-0.04582862,-0.0036227256,-0.000691209,2023,False
2023-09-28,-0.1420012305790248,0.4533729170446172,0.15113871635610765,0.4257286489009857,-0.073632084,-0.061497502,-0.0574112,-0.012134582,-0.016220883,2023,False
2023-10-09,-0.09231879847850165,0.47192301293416117,0.17598343685300208,0.4420906603336334,-0.06175194,-0.052793328,-0.051769197,-0.008958612,-0.009982742,2023,False
2023-10-10,-0.20447184677454483,0.40636094458665556,0.12836438923395446,0.3834298551082611,-0.055987485,-0.037818994,-0.02412462,-0.01816849,-0.031862862,2023,False
2023-10-11,-0.20659683155914804,0.4244061201153757,0.12836438923395446,0.3952142894268036,-0.05539472,-0.040707838,-0.0306908,-0.0146868825,-0.02470392,2023,False
2023-10-12,-0.233360253358123,0.38652764165442405,0.10559006211180125,0.3628999590873718,-0.046194915,-0.027505985,-0.0058334847,-0.01868893,-0.04036143,2023,False
2023-10-13,-0.10387340579339929,0.43665580526557163,0.15320910973084886,0.41645547747612,-0.012553983,0.00033319366,0.001851999,-0.012887177,-0.014405983,2023,True
2023-10-16,-0.005713712777701551,0.49691931602965367,0.18633540372670807,0.4739042818546295,0.008783442,0.009397374,0.0023298883,-0.00061393157,0.0064535537,2023,False
2023-10-17,-0.025097544498149767,0.47472103489740736,0.16322314049586778,0.4519358277320862,0.014543664,0.018766839,0.013767935,-0.0042231753,0.0007757284,2023,False
2023-10-18,-0.09796379814996842,0.444992954842517,0.1590909090909091,0.4274471700191498,0.008736222,0.017631546,0.022573233,-0.008895324,-0.013837011,2023,False
2023-10-19,0.04096020686251682,0.5175435525601566,0.19421487603305784,0.4939544200897217,0.04192093,0.0446898,0.027729673,-0.0027688704,0.014191257,2023,False
2023-10-20,0.19474051872009512,0.5533395461233585,0.25206611570247933,0.5356359481811523,0.09728832,0.09591067,0.05223352,0.0013776496,0.045054797,2023,True
2023-10-23,0.24277446028702798,0.5778890090568364,0.2644628099173554,0.5571382641792297,0.103245646,0.10102867,0.04461043,0.0022169724,0.058635216,2023,False
2023-10-24,0.32285030293058,0.611966695593132,0.27835051546391754,0.5881283283233643,0.09449129,0.09265135,0.019613093,0.0018399358,0.07487819,2023,False
2023-10-25,0.29776582594713585,0.5852665418560897,0.24948453608247423,0.5704231262207031,0.089558005,0.095411144,0.02371248,-0.005853139,0.06584553,2023,False
2023-10-26,0.30590252298353576,0.5825390320005557,0.2288659793814433,0.5660123825073242,0.06015262,0.07164934,0.0032510161,-0.011496723,0.056901604,2023,False
2023-10-27,0.24438348837026955,0.5364653446914363,0.21855670103092784,0.5301586389541626,0.040342618,0.050542176,0.003556535,-0.010199558,0.036786083,2023,True
2023-10-30,0.2548469555696372,0.5332852294547906,0.2309278350515464,0.5345626473426819,0.048356425,0.055647466,0.008865767,-0.0072910413,0.03949066,2023,False
2023-10-31,0.3167344820769352,0.5626079823931683,0.2329896907216495,0.5571043491363525,0.062209107,0.0772405,0.011514081,-0.01503139,0.050695024,2023,False
2023-11-01,0.3138790414982693,0.6009536172247371,0.2721649484536082,0.5824416279792786,0.07556904,0.07564483,0.011658445,-7.5787306e-05,0.063910596,2023,False
2023-11-02,0.3445122149989182,0.6120164040704653,0.2824742268041237,0.5972715020179749,0.06882924,0.06815721,0.006007213,0.00067202747,0.06282203,2023,False
2023-11-03,0.24510732480616576,0.5653694472795554,0.2536082474226804,0.5495747923851013,0.050997965,0.050795827,0.005381266,0.00020213798,0.045616698,2023,True
2023-11-06,0.08095319059179334,0.4672236288374974,0.1934156378600823,0.4518068730831146,0.027092608,0.037643384,0.010654768,-0.0105507765,0.01643784,2023,False
2023-11-07,-0.1074127492890387,0.41426716032232175,0.1748971193415638,0.39623019099235535,0.0022915828,0.01191664,0.009176731,-0.009625058,-0.0068851486,2023,False
2023-11-08,-0.07982642329555482,0.43881820479786654,0.1522633744855967,0.4162610173225403,0.005476476,0.011633488,0.008096889,-0.006157012,-0.0026204125,2023,False
2023-11-09,-0.13887044507355725,0.4140107071671923,0.12962962962962962,0.39173275232315063,0.0031564662,0.01472272,0.014593925,-0.011566253,-0.011437459,2023,False
2023-11-10,-0.13031940739868184,0.4481566858313953,0.1457905544147844,0.42064374685287476,-0.003563473,0.00441586,0.0051584854,-0.007979333,-0.008721959,2023,True
2023-11-13,-0.1119548112268225,0.44401003253158017,0.1540041067761807,0.42899635434150696,-0.0040056603,-0.0011846415,0.0014518328,-0.002821019,-0.005457493,2023,False
2023-11-14,-0.11055756647257345,0.44328523014726323,0.14784394250513347,0.42712047696113586,-0.010935114,-0.0052980524,-0.0050229905,-0.0056370613,-0.0059121232,2023,False
2023-11-15,-0.20742631732336156,0.4117710815778384,0.1540041067761807,0.4009123742580414,-0.023872947,-0.020120585,-0.0040834,-0.003752362,-0.019789547,2023,False
2023-11-16,-0.22272380695455343,0.40899487120723516,0.1457905544147844,0.3888666033744812,-0.019846218,-0.016368166,-0.00010489167,-0.003478052,-0.019741327,2023,False
2023-11-17,-0.21951331566101984,0.3803865250578825,0.13347022587268995,0.3722194731235504,-0.02502446,-0.017909462,-0.0033217084,-0.007114999,-0.021702752,2023,True
2023-11-20,-0.22853664768616103,0.3993327059684626,0.1290983606557377,0.3772169053554535,-0.039393812,-0.03694109,-0.018329794,-0.0024527237,-0.021064019,2023,False
2023-11-21,-0.19760939118727597,0.40999114710240925,0.14549180327868852,0.3864372968673706,-0.029619075,-0.033003595,-0.019460807,0.0033845194,-0.010158269,2023,False
2023-11-22,-0.14895489727568653,0.43069425673896583,0.1598360655737705,0.41092124581336975,-0.028393036,-0.031756792,-0.020725101,0.0033637565,-0.0076679345,2023,False
2023-11-23,-0.04276238908552469,0.4673966036690485,0.19672131147540983,0.4528178870677948,-0.019101465,-0.01691112,-0.020682521,-0.002190346,0.001581056,2023,False
2023-11-24,-0.009200338396454854,0.5177242891978505,0.19427402862985685,0.4929198622703552,-0.011755101,-0.012123722,-0.022922235,0.00036862027,0.011167133,2023,True
2023-11-27,-0.048708703468868866,0.5338608029681389,0.2147239263803681,0.5054813623428345,-0.0017847478,-0.012352836,-0.013123926,0.010568089,0.011339178,2023,False
2023-11-28,-0.08861604376241917,0.49900075505340247,0.18813905930470348,0.47274911403656006,-0.009141198,-0.016171802,-0.01148016,0.0070306035,0.0023389617,2023,False
2023-11-29,-0.06563517233409845,0.4798358320666694,0.18200408997955012,0.45987144112586975,-0.0040070037,-0.007250511,-0.009707908,0.0032435074,0.0057009044,2023,False
2023-11-30,-0.17795356650277253,0.4190328960785602,0.1554192229038855,0.4025951325893402,-0.026775341,-0.023314435,-0.012321623,-0.0034609064,-0.014453718,2023,False
2023-12-01,-0.16445934015552455,0.43032759062089865,0.147239263803681,0.41202542185783386,-0.040348984,-0.03849263,-0.025167832,-0.0018563531,-0.015181152,2023,True
2023-12-04,-0.05058048724689345,0.4795708856024321,0.17177914110429449,0.46112436056137085,-0.029456561,-0.02894665,-0.029333433,-0.00050991215,-0.0001231283,2023,False
2023-12-05,-0.014242120948717546,0.48407778091992537,0.17586912065439672,0.4639381468296051,-0.024685083,-0.023442842,-0.024474911,-0.0012422409,-0.00021017157,2023,False
2023-12-06,-0.09436073285029067,0.44420579316720904,0.16768916155419222,0.42120474576950073,-0.03729159,-0.03229811,-0.028055316,-0.0049934797,-0.009236274,2023,False
2023-12-07,-0.15932344543320093,0.41683042485057736,0.14519427402862986,0.3894594609737396,-0.037360825,-0.034821354,-0.021900011,-0.0025394708,-0.015460813,2023,False
2023-12-08,-0.2629204678751251,0.37703340207493674,0.14314928425357873,0.36315977573394775,-0.04907133,-0.051319607,-0.02137081,0.002248276,-0.027700521,2023,True
2023-12-11,-0.3069400324473726,0.3801227019110933,0.1469387755102041,0.36422213912010193,-0.06849653,-0.07638416,-0.034143776,0.007887624,-0.034352757,2023,False
2023-12-12,-0.269939661143384,0.3969700162680618,0.13673469387755102,0.3637910783290863,-0.071142994,-0.073673226,-0.037230935,0.002530232,-0.03391206,2023,False
2023-12-13,-0.25442967796453236,0.3906147879655875,0.1326530612244898,0.3676892817020416,-0.052647803,-0.05700933,-0.0203998,0.004361525,-0.032248005,2023,False
2023-12-14,-0.07294112143735274,0.47176524485610055,0.15714285714285714,0.44690534472465515,-0.0151869,-0.025701543,-0.010746164,0.010514643,-0.004440736,2023,False
2023-12-15,-0.14723288967413575,0.39486311817427416,0.1489795918367347,0.3790721893310547,-0.012500991,-0.010647758,0.005978387,-0.0018532332,-0.018479377,2023,True
2023-12-18,-0.2764634087531106,0.3256173013456999,0.10408163265306122,0.3177095055580139,-0.027103657,-0.017803377,0.016579252,-0.00930028,-0.04368291,2023,False
2023-12-19,-0.3063636521735795,0.3214000252161019,0.11020408163265306,0.31232157349586487,-0.03335984,-0.021151096,0.013266708,-0.012208745,-0.04662655,2023,False
2023-12-20,-0.3465213575505112,0.29256948383520653,0.08979591836734693,0.285180926322937,-0.03818957,-0.019181538,0.023192914,-0.019008033,-0.061382487,2023,False
2023-12-21,-0.35030188965612474,0.28266946245917685,0.08571428571428572,0.2871891260147095,-0.05442783,-0.036899235,0.0013566058,-0.017528594,-0.055784434,2023,False
2023-12-22,-0.26664365050747457,0.3095973382738151,0.06924643584521385,0.3172891438007355,-0.039998405,-0.026469558,0.0016984626,-0.013528846,-0.04169687,2023,True
2023-12-25,-0.2877332237720406,0.2642827702285575,0.06109979633401222,0.27414530515670776,-0.05345491,-0.023378057,0.0046673855,-0.030076852,-0.058122296,2023,False
2023-12-26,-0.2893514567847545,0.26321931182490516,0.06924643584521385,0.27526044845581055,-0.046189364,-0.014778945,0.011161088,-0.03141042,-0.057350453,2023,False
2023-12-27,-0.2845311686768352,0.2861163375136858,0.07128309572301425,0.29483529925346375,-0.053674985,-0.027581051,0.0034328615,-0.026093934,-0.057107847,2023,False
2023-12-28,-0.39686010493817575,0.27765547611113756,0.05295315682281059,0.2827361822128296,-0.08320111,-0.059517693,-0.0083836885,-0.023683418,-0.07481742,2023,False
2023-12-29,-0.3898969739411397,0.30103938214515263,0.06720977596741344,0.3012654185295105,-0.090453714,-0.076214425,-0.018843038,-0.014239289,-0.071610674,2023,True
2024-01-02,-0.3539418150645342,0.33326575666510067,0.07128309572301425,0.3268505930900574,-0.08231749,-0.07417249,-0.02393554,-0.008144997,-0.058381945,2024,False
2024-01-03,-0.30990287327884053,0.36956479859732094,0.0814663951120163,0.3530225455760956,-0.10306718,-0.0912548,-0.052184075,-0.011812381,-0.050883107,2024,False
2024-01-04,-0.2219223653147288,0.43483592957306566,0.10386965376782077,0.41751012206077576,-0.07781871,-0.07339438,-0.04636924,-0.004424326,-0.031449467,2024,False
2024-01-05,-0.25422205496464617,0.4378690981637924,0.10772357723577236,0.41588741540908813,-0.09538612,-0.09287509,-0.055831507,-0.0025110245,-0.03955461,2024,True
2024-01-08,-0.22961650904335693,0.47680749135626577,0.12398373983739837,0.4585917890071869,-0.11430971,-0.11708408,-0.07459425,0.0027743652,-0.03971546,2024,False
2024-01-09,-0.2740158721307413,0.46655162281109336,0.10975609756097561,0.44394925236701965,-0.104291126,-0.10441065,-0.05118908,0.000119522214,-0.053102046,2024,False
2024-01-10,-0.35370480323179043,0.42408244315012744,0.10365853658536585,0.39970457553863525,-0.08882366,-0.08990064,-0.019929746,0.0010769814,-0.06889392,2024,False
2024-01-11,-0.36193022219792403,0.3948908115078139,0.08536585365853659,0.380600243806839,-0.084430695,-0.078988306,-0.0076169646,-0.0054423884,-0.07681373,2024,False
2024-01-12,-0.4313939959184958,0.3467844954477021,0.06300813008130081,0.3338877856731415,-0.11455854,-0.096518144,-0.008690553,-0.018040396,-0.10586799,2024,True
2024-01-15,-0.47028321716722654,0.3323427680337588,0.042682926829268296,0.32708412408828735,-0.13841203,-0.12047524,-0.013166846,-0.017936788,-0.12524518,2024,False
2024-01-16,-0.395822515050198,0.35548708352599273,0.044715447154471545,0.3514655530452728,-0.16758318,-0.14688104,-0.046071652,-0.020702139,-0.121511534,2024,False
2024-01-17,-0.40644381009940866,0.3604186724674944,0.044715447154471545,0.3559280037879944,-0.16762666,-0.14966434,-0.030464983,-0.017962322,-0.13716169,2024,False
2024-01-18,-0.38592144949654367,0.3656318454728497,0.05894308943089431,0.35706305503845215,-0.1988312,-0.18090421,-0.061677948,-0.017926991,-0.13715325,2024,False
2024-01-19,-0.3836529747370258,0.38908261182964116,0.042682926829268296,0.3752581477165222,-0.23648186,-0.22500014,-0.0726707,-0.011481717,-0.16381116,2024,True
2024-01-22,-0.34919801905386066,0.3985433899775431,0.032454361054766734,0.38587528467178345,-0.2338114,-0.22278328,-0.05364618,-0.011028111,-0.18016522,2024,False
2024-01-23,-0.34017381771248467,0.43101939750140955,0.05476673427991886,0.41414007544517517,-0.2094777,-0.20174995,-0.0036924763,-0.007727742,-0.20578521,2024,False
2024-01-24,-0.31810812690825957,0.4380559834649332,0.060851926977687626,0.4290529787540436,-0.20795493,-0.20029275,-0.012802048,-0.007662177,-0.19515288,2024,False
2024-01-25,-0.2366958924555474,0.5020819523052344,0.08519269776876268,0.4884953498840332,-0.14637716,-0.15253223,-0.0322468,0.0061550736,-0.11413036,2024,False
2024-01-26,-0.17790882448101109,0.5621176158363763,0.15618661257606492,0.5478684902191162,-0.090010725,-0.12130384,-0.024378173,0.031293117,-0.06563255,2024,True
2024-01-29,-0.12566278727707733,0.605559930541935,0.18255578093306288,0.5827031135559082,-0.027206514,-0.060812403,0.010969098,0.03360589,-0.038175613,2024,False
2024-01-30,-0.012593769402392749,0.6524944852997895,0.2129817444219067,0.6204733848571777,0.032624353,-0.003769273,0.025618495,0.036393628,0.0070058573,2024,False
2024-01-31,0.08632783743193889,0.6879964220160905,0.2413793103448276,0.6520619988441467,0.088258006,0.057712786,0.05269015,0.03054522,0.035567857,2024,False
2024-02-01,0.25940945746237093,0.7363606209642402,0.2799188640973631,0.6968370079994202,0.16438402,0.12679106,0.07390159,0.037592962,0.09048243,2024,False
2024-02-02,0.4692651782378044,0.7225612589530024,0.3022312373225152,0.6799255609512329,0.29362056,0.27334037,0.11604243,0.020280182,0.17757812,2024,True
2024-02-05,0.5879146858585852,0.7218527019631883,0.2697768762677485,0.6871529817581177,0.34628278,0.3286334,0.098850526,0.017649382,0.24743226,2024,False
2024-02-06,0.5916088828673313,0.7423352746966408,0.3022312373225152,0.7023093104362488,0.29422408,0.2624394,0.04392382,0.031784683,0.25030026,2024,False
2024-02-07,0.6083742102562064,0.7698273342516192,0.33874239350912777,0.7285009622573853,0.3298145,0.2879082,0.029558107,0.041906297,0.30025637,2024,False
2024-02-08,0.5941633161798335,0.7653485945390169,0.28600405679513186,0.7256833910942078,0.20678857,0.18838878,0.02585737,0.01839979,0.1809312,2024,False
2024-02-19,0.5355803607590791,0.7398853086733879,0.2332657200811359,0.6999030113220215,0.16678807,0.15450111,0.02291209,0.012286961,0.14387599,2024,False
2024-02-20,0.43384821332703694,0.6903883745186491,0.2150101419878296,0.6589769124984741,0.11654522,0.1087189,0.01134325,0.007826321,0.105201975,2024,False
2024-02-21,0.3486399920192157,0.63437849683741,0.18661257606490872,0.6074101328849792,0.097531855,0.1008146,0.01927444,-0.0032827482,0.07825741,2024,False
2024-02-22,0.15902124590248587,0.5589192111163334,0.15821501014198783,0.5460971593856812,0.04986603,0.053944323,0.008338808,-0.0040782914,0.041527223,2024,False
2024-02-23,-0.018750035700248857,0.5074578230331034,0.14807302231237324,0.4830949008464813,0.024904557,0.032229908,0.015235246,-0.0073253512,0.00966931,2024,True
2024-02-26,-0.02798292435762667,0.49105128956697436,0.15212981744421908,0.47736355662345886,0.02958377,0.03126081,0.016782751,-0.00167704,0.0128010195,2024,False
2024-02-27,0.22201998549845894,0.5985565292931269,0.1663286004056795,0.5757188200950623,0.051448684,0.04860137,0.004461879,0.0028473139,0.046986803,2024,False
2024-02-28,0.3896162181305902,0.6390500313770272,0.1882591093117409,0.6190892457962036,0.085179284,0.08938248,0.012792951,-0.004203193,0.07238633,2024,False
2024-02-29,0.28495088830717336,0.5978353959763127,0.1724137931034483,0.5877788066864014,0.05779113,0.06147346,0.0049642893,-0.0036823303,0.05282684,2024,False
2024-03-01,0.343477325100273,0.6367625783124754,0.19878296146044624,0.6226009130477905,0.08774515,0.08694972,0.018668864,0.00079543144,0.069076285,2024,True
2024-03-04,0.42092182252632404,0.6614864282633459,0.20850202429149797,0.6407005786895752,0.11223804,0.11395806,0.021576583,-0.0017200187,0.09066146,2024,False
2024-03-05,0.4734987509524424,0.6849900404835393,0.1947261663286004,0.6594486832618713,0.11698563,0.11382568,0.014407241,0.0031599477,0.10257839,2024,False
2024-03-06,0.44886062575435964,0.6736762848958179,0.16396761133603238,0.647171676158905,0.11394186,0.11090967,0.013319329,0.0030321926,0.100622535,2024,False
2024-03-07,0.41229920675315845,0.655818637371094,0.18421052631578946,0.6292402148246765,0.108220406,0.10503552,0.0063104527,0.0031848848,0.10190995,2024,False
2024-03-08,0.28077021935995294,0.596360514780543,0.15991902834008098,0.5759066343307495,0.06380345,0.07210698,-0.002199256,-0.0083035305,0.066002704,2024,True
2024-03-11,0.08537002511401832,0.509891620679399,0.12753036437246965,0.4982282519340515,0.0077725207,0.017450321,-0.01264132,-0.009677801,0.02041384,2024,False
2024-03-12,-0.11724222826240333,0.4131431774029617,0.10931174089068826,0.4056513011455536,-0.032275602,-0.013119624,-0.00958073,-0.01915598,-0.02269487,2024,False
2024-03-13,-0.028050427021559948,0.4611421397819655,0.1194331983805668,0.4480495750904083,-0.017185116,-0.0044760695,-0.016079027,-0.012709047,-0.001106089,2024,False
2024-03-14,-0.01657998095783341,0.48356874441316844,0.14777327935222673,0.4671404957771301,-0.0037501901,-0.0007813006,-0.011616817,-0.0029688897,0.007866627,2024,False
2024-03-15,-0.076064932708447,0.44371721993999963,0.10931174089068826,0.42692357301712036,-0.014235886,-0.0037570663,-0.0050009475,-0.01047882,-0.009234939,2024,True
2024-03-18,-0.17156422419801012,0.4068752868354764,0.10526315789473684,0.39596155285835266,-0.028359706,-0.01950678,0.0019103643,-0.008852925,-0.03027007,2024,False
2024-03-19,-0.31679663151836696,0.34370678671822513,0.06680161943319839,0.3352157771587372,-0.057815403,-0.04539427,0.005840594,-0.012421131,-0.063655995,2024,False
2024-03-20,-0.41183145114463937,0.31035646657695837,0.044534412955465584,0.30294719338417053,-0.09004498,-0.073709235,0.003134756,-0.016335748,-0.09317974,2024,False
2024-03-21,-0.42036186979532547,0.30476367332575915,0.044534412955465584,0.2977423071861267,-0.08443205,-0.0681539,0.012941757,-0.016278148,-0.097373806,2024,False
2024-03-22,-0.41825045559177304,0.30664138667661417,0.06275303643724696,0.30202290415763855,-0.083217345,-0.06947152,0.01419493,-0.013745822,-0.09741227,2024,True
2024-03-25,-0.39565644688708046,0.3065601202519381,0.06477732793522267,0.2995538115501404,-0.06310174,-0.051258758,0.019442912,-0.011842981,-0.082544655,2024,False
2024-03-26,-0.30759940746691244,0.3487426125264463,0.0708502024291498,0.3336317837238312,-0.04181318,-0.034144785,0.015159788,-0.0076683946,-0.056972966,2024,False
2024-03-27,-0.5106406159335128,0.26136948903187035,0.024291497975708502,0.25513598322868347,-0.10884552,-0.08751393,0.01915746,-0.021331586,-0.12800297,2024,False
2024-03-28,-0.6194906651212616,0.22998316993888956,0.024291497975708502,0.22683276236057281,-0.1931648,-0.1657044,0.0063327616,-0.027460396,-0.19949755,2024,False
2024-03-29,-0.5963212868889803,0.251633077693773,0.02631578947368421,0.2454819530248642,-0.17238684,-0.15202788,-0.006183611,-0.020358965,-0.16620323,2024,True
2024-04-01,-0.5425605782102908,0.2957700939265051,0.0465587044534413,0.28432562947273254,-0.14795898,-0.13842733,-0.003355102,-0.009531647,-0.14460388,2024,False
2024-04-02,-0.4885936309891761,0.33875719388945286,0.048582995951417005,0.32362112402915955,-0.13458459,-0.12607865,-0.0038853546,-0.00850594,-0.13069923,2024,False
2024-04-03,-0.45978515104516215,0.3391668431188787,0.058704453441295545,0.3229192793369293,-0.12857568,-0.11545586,-0.009526779,-0.013119824,-0.1190489,2024,False
2024-04-08,-0.38523266403796186,0.369145663612479,0.06072874493927125,0.3520810604095459,-0.108572826,-0.09196832,-0.016886538,-0.016604505,-0.091686286,2024,False
2024-04-09,-0.25838537550344653,0.4316942841409967,0.11538461538461539,0.4088365435600281,-0.06635739,-0.06786923,-0.015522926,0.001511842,-0.050834462,2024,False
2024-04-10,-0.2067861584636682,0.4623971142133158,0.1437246963562753,0.4382963478565216,-0.044809084,-0.0568981,-0.011899138,0.012089014,-0.032909945,2024,False
2024-04-11,-0.1711244503568166,0.488137050202677,0.15587044534412955,0.45559588074684143,-0.028796937,-0.03952304,-0.0019950187,0.010726102,-0.026801918,2024,False
2024-04-12,0.08050527556219414,0.5826984840362905,0.21095334685598377,0.5537188053131104,0.051006503,0.042706907,0.02758816,0.008299597,0.023418343,2024,True
2024-04-15,0.3880405898341582,0.7008693781269933,0.29124236252545826,0.6723796129226685,0.16081928,0.14296123,0.040770177,0.017858043,0.120049104,2024,False
2024-04-16,0.2974221780773232,0.6442300321958142,0.23076923076923078,0.6197372078895569,0.12231361,0.1172651,0.04415569,0.0050485134,0.07815792,2024,False
2024-04-17,0.33479552272754937,0.6381390158609139,0.23279352226720648,0.6212199330329895,0.11329837,0.112913676,0.027564287,0.00038469583,0.085734084,2024,False
2024-04-18,0.3015471100063507,0.6262192343309249,0.1862348178137652,0.6007124185562134,0.113931924,0.10970147,0.027109079,0.0042304546,0.086822845,2024,False
2024-04-19,0.35197212573469394,0.6375381841811513,0.1902834008097166,0.6136715412139893,0.13415645,0.13656725,0.04125872,-0.0024107993,0.09289773,2024,True
2024-04-22,0.18326341975354626,0.5487758982990313,0.145748987854251,0.5350359082221985,0.09350095,0.10165053,0.049834922,-0.008149579,0.043666027,2024,False
2024-04-23,-0.08559351769817564,0.4422415487094179,0.10526315789473684,0.42652782797813416,0.034074735,0.052314274,0.056206238,-0.01823954,-0.022131503,2024,False
2024-04-24,-0.1332238788878095,0.40179400886781297,0.09109311740890688,0.38686949014663696,0.017720282,0.041233588,0.049428068,-0.023513306,-0.031707786,2024,False
2024-04-25,-0.13901742112362606,0.3794271596849805,0.10141987829614604,0.3742600977420807,0.008047993,0.029483026,0.038564324,-0.021435034,-0.03051633,2024,False
2024-04-26,-0.14220102377270194,0.43088442193144927,0.11991869918699187,0.42098763585090637,0.0010765585,0.0072693145,0.019247046,-0.006192756,-0.018170487,2024,True
2024-04-29,-0.09267758709409665,0.48705798988708476,0.1413934426229508,0.4755622446537018,0.013527989,0.01217134,0.016955659,0.0013566492,-0.0034276694,2024,False
2024-04-30,-0.12429891377712515,0.4802421747986973,0.18237704918032788,0.4594164490699768,0.013110577,0.005864994,0.016713005,0.007245583,-0.0036024274,2024,False
2024-05-06,-0.20005767734605692,0.462690756228008,0.15132924335378323,0.4411958158016205,-0.010110268,-0.011520993,0.011299157,0.0014107246,-0.021409426,2024,False
2024-05-07,-0.17495818433447813,0.4887588946997486,0.1492842535787321,0.46043625473976135,-8.797109e-06,-0.0026357817,0.018313358,0.0026269846,-0.018322155,2024,False
2024-05-08,-0.14871135416628722,0.47532679295819413,0.1574642126789366,0.45680272579193115,-0.02224484,-0.018016052,-0.0042511704,-0.0042287894,-0.01799367,2024,False
2024-05-09,-0.14135857603992513,0.4694264533653974,0.14519427402862986,0.4511246383190155,-0.026334506,-0.02768798,-0.01150312,0.0013534743,-0.014831386,2024,False
2024-05-10,-0.05336280305064837,0.5078803310157859,0.17791411042944785,0.48993149399757385,-0.012252242,-0.016713552,-0.012078685,0.00446131,-0.00017355755,2024,True
2024-05-13,-0.02607798191087617,0.5079584996144332,0.17995910020449898,0.49783435463905334,-0.011397906,-0.014067421,-0.016966792,0.002669515,0.005568886,2024,False
2024-05-14,-0.05133229133734679,0.48180324849855577,0.16768916155419222,0.47283780574798584,-0.018059885,-0.013440335,-0.017441701,-0.00461955,-0.000618184,2024,False
2024-05-15,-0.08461710441457194,0.4414880497845633,0.13701431492842536,0.4378490447998047,-0.03355056,-0.022357533,-0.024524989,-0.011193028,-0.009025572,2024,False
2024-05-16,-0.07039205520241025,0.44023808843079587,0.13701431492842536,0.43376824259757996,-0.034760542,-0.019925369,-0.02538438,-0.014835173,-0.009376163,2024,False
2024-05-17,-0.035779217311390644,0.4462790960955716,0.10860655737704918,0.4346890151500702,-0.05846492,-0.04408913,-0.050801866,-0.014375787,-0.0076630525,2024,True
2024-05-20,-0.182123082943198,0.40478548696173267,0.10224948875255624,0.39833515882492065,-0.072101325,-0.06327701,-0.046778742,-0.008824311,-0.025322583,2024,False
2024-05-21,-0.20152433330970737,0.39979566588802445,0.09202453987730061,0.39829543232917786,-0.08202721,-0.07635825,-0.046559095,-0.0056689605,-0.035468116,2024,False
2024-05-22,-0.23209465336617172,0.38155704476978525,0.09202453987730061,0.38137510418891907,-0.10960647,-0.090291716,-0.06154224,-0.019314751,-0.04806423,2024,False
2024-05-23,-0.23916330795397162,0.36852458304695057,0.09815950920245399,0.3724360764026642,-0.09663089,-0.085886456,-0.056547016,-0.010744438,-0.040083878,2024,False
2024-05-24,-0.18573147530227335,0.3811890894462066,0.09611451942740286,0.379885196685791,-0.08637399,-0.07037263,-0.054137807,-0.016001359,-0.032236185,2024,True
2024-05-27,-0.06902934062467136,0.4333068315938558,0.09815950920245399,0.43206313252449036,-0.05768029,-0.0440791,-0.04990614,-0.013601191,-0.007774152,2024,False
2024-05-28,-0.013735744278511921,0.4436504803703004,0.1165644171779141,0.4421139657497406,-0.05273575,-0.03800407,-0.05269988,-0.014731679,-3.587082e-05,2024,False
2024-05-29,-0.025050164004673355,0.47124692585540306,0.12678936605316973,0.467314213514328,-0.047865488,-0.038277235,-0.047636557,-0.009588253,-0.00022893026,2024,False
2024-05-30,0.014673301292239848,0.49889565489209947,0.14519427402862986,0.49412745237350464,-0.041304115,-0.039576966,-0.052517425,-0.0017271489,0.01121331,2024,False
2024-05-31,0.03437581081646741,0.5149884724138069,0.1554192229038855,0.5021375417709351,-0.021330679,-0.01793252,-0.03339055,-0.0033981595,0.012059873,2024,True
2024-06-03,0.12613926429373298,0.5524411489397109,0.16768916155419222,0.5303609371185303,0.004615353,0.0033138425,-0.023210557,0.0013015105,0.02782591,2024,False
2024-06-04,0.19454914400645343,0.5749084678161335,0.20040899795501022,0.559011697769165,0.0064524687,-0.0021135882,-0.038093362,0.008566057,0.04454583,2024,False
2024-06-05,0.17453140358008,0.5577483691970838,0.2065439672801636,0.5388262271881104,0.025445595,0.019518202,-0.014942646,0.005927393,0.04038824,2024,False
2024-06-06,0.20065166300956946,0.6097527462838417,0.21267893660531698,0.5870776176452637,0.008476262,-0.0035618602,-0.042100552,0.012038122,0.050576814,2024,False
2024-06-07,0.1310474274051452,0.565284854816342,0.2065439672801636,0.5495330691337585,-0.010819393,-0.013281944,-0.044252306,0.002462551,0.033432912,2024,True
2024-06-11,-0.0041901904172416005,0.5020385444536982,0.1901840490797546,0.4881197214126587,-0.036281373,-0.039336774,-0.043551147,0.0030554011,0.0072697736,2024,False
2024-06-12,-0.032752419170329505,0.45218240306730306,0.17177914110429449,0.43785130977630615,-0.041272774,-0.028402284,-0.036290146,-0.012870491,-0.004982628,2024,False
2024-06-13,0.0023808821574376154,0.4781341453948666,0.17551020408163265,0.46616697311401367,-0.032156847,-0.031087361,-0.035624653,-0.0010694861,0.0034678057,2024,False
2024-06-14,-0.059356532840155594,0.4462389463237447,0.13673469387755102,0.4398682117462158,-0.047564957,-0.04213883,-0.03259652,-0.0054261275,-0.014968436,2024,True
2024-06-17,-0.12999326469516237,0.4136060193969068,0.12040816326530612,0.40126121044158936,-0.05578111,-0.046949983,-0.030745756,-0.0088311285,-0.025035355,2024,False
2024-06-18,-0.2170236043637757,0.38731740475543924,0.09591836734693877,0.3695136308670044,-0.071050264,-0.05711367,-0.030832492,-0.013936594,-0.040217772,2024,False
2024-06-19,-0.23176933432253957,0.39785790644574437,0.10204081632653061,0.36885344982147217,-0.078539826,-0.064061366,-0.033395823,-0.01447846,-0.045144003,2024,False
2024-06-20,-0.2814360722100932,0.3587371192517208,0.08775510204081632,0.3398131728172302,-0.08222144,-0.07070673,-0.031224098,-0.011514708,-0.050997343,2024,False
2024-06-21,-0.2391002405399716,0.3600640833864275,0.10633946830265849,0.34629225730895996,-0.06943864,-0.049411684,-0.019238355,-0.020026952,-0.050200284,2024,True
2024-06-24,-0.09696065522984544,0.4277426355654536,0.14314928425357873,0.4130498766899109,-0.04479822,-0.030197756,-0.026052251,-0.014600465,-0.01874597,2024,False
2024-06-25,-0.003610367035856216,0.47781368754349035,0.15306122448979592,0.45773518085479736,-0.028943744,-0.018409343,-0.028137159,-0.0105344,-0.00080658495,2024,False
2024-06-26,-0.09220806243283763,0.46412713178606885,0.15950920245398773,0.44633856415748596,-0.021765977,-0.013286027,-0.011695241,-0.00847995,-0.0100707365,2024,False
2024-06-27,-0.13921315367937528,0.4231068913403971,0.15306122448979592,0.4160989224910736,-0.022573259,-0.012708887,-0.004100128,-0.009864371,-0.01847313,2024,False
2024-06-28,-0.0828285063998629,0.45994507447680794,0.1469387755102041,0.44112032651901245,-0.023567269,-0.018175589,-0.013192397,-0.0053916797,-0.010374872,2024,True
2024-07-01,-0.0446600648923327,0.499279496922896,0.15510204081632653,0.4776190221309662,-0.035020236,-0.02266472,-0.026815789,-0.012355516,-0.008204447,2024,False
2024-07-02,-0.03214698153047859,0.49363294376344147,0.14489795918367346,0.47567278146743774,-0.029495835,-0.025424385,-0.026635727,-0.00407145,-0.0028601084,2024,False
2024-07-03,-0.14995427667965955,0.42028034729228736,0.12678936605316973,0.41014203429222107,-0.04034489,-0.024824934,-0.0141671905,-0.015519956,-0.0261777,2024,False
2024-07-04,-0.03217015377841637,0.4729883095584694,0.15337423312883436,0.4662647247314453,-0.0031493115,0.002686769,-0.00053523824,-0.0058360808,-0.0026140732,2024,False
2024-07-05,-0.014270940491658092,0.46218479897784714,0.16359918200409,0.46343183517456055,0.011807124,0.015123962,0.01565191,-0.0033168383,-0.0038447855,2024,True
2024-07-08,-0.08366347722903586,0.4185390548391016,0.130879345603272,0.4176277220249176,-0.0009413621,0.015258862,0.01873781,-0.016200224,-0.019679172,2024,False
2024-07-09,-0.17207370611114428,0.3946064061176012,0.12474437627811862,0.38965705037117004,-0.04138542,-0.027228054,-0.009963127,-0.014157366,-0.031422295,2024,False
2024-07-10,-0.25345689734806537,0.35106893481093066,0.10429447852760736,0.34318938851356506,-0.07583739,-0.04573453,-0.023512097,-0.03010286,-0.052325293,2024,False
2024-07-11,-0.2508947562006849,0.35848630040312657,0.11451942740286299,0.3542134761810303,-0.061945435,-0.039864726,-0.017212486,-0.022080708,-0.04473295,2024,False
2024-07-12,-0.1894907663057304,0.36740242073237195,0.1083844580777096,0.35854384303092957,-0.045181133,-0.021455552,-0.004293518,-0.02372558,-0.040887617,2024,True
2024-07-15,-0.1576080038103648,0.3774574324748612,0.1165644171779141,0.37856045365333557,-0.031909782,-0.011205006,0.0026670133,-0.020704776,-0.034576796,2024,False
2024-07-16,-0.15644665754645812,0.3691305973555262,0.12474437627811862,0.368062824010849,-0.006807805,0.013814363,0.024378657,-0.020622168,-0.031186461,2024,False
2024-07-17,-0.03405228340912523,0.43429992525859146,0.13496932515337423,0.4280112385749817,0.037347306,0.053123616,0.04912625,-0.01577631,-0.011778943,2024,False
2024-07-18,-0.15145202006041736,0.383527592150774,0.11247443762781185,0.3800447881221771,0.0055409446,0.020525884,0.03236245,-0.014984939,-0.026821505,2024,False
2024-07-19,-0.28721128146206,0.3057891343935612,0.09202453987730061,0.306479811668396,-0.034217827,-0.007868728,0.019829102,-0.0263491,-0.05404693,2024,True
2024-07-22,-0.3223125370448509,0.2912728932473434,0.07770961145194274,0.2920776903629303,-0.03850027,-0.010637527,0.023429643,-0.027862744,-0.061929915,2024,False
2024-07-23,-0.2696712349581025,0.3324329018242486,0.08793456032719836,0.3363461494445801,-0.0011188786,0.016880235,0.050709974,-0.017999113,-0.051828854,2024,False
2024-07-24,-0.2962041748048652,0.2967499501766261,0.0836734693877551,0.29512083530426025,-0.009601858,0.020046968,0.051840078,-0.029648826,-0.061441936,2024,False
2024-07-25,-0.24422532134163757,0.36141383816723155,0.12857142857142856,0.3657066524028778,-0.0032716147,0.005524411,0.032279473,-0.008796025,-0.035551086,2024,False
2024-07-26,-0.33050999804477826,0.3177154397826926,0.08979591836734693,0.31790438294410706,-0.03237238,-0.01726166,0.026221456,-0.015110722,-0.05859384,2024,True
2024-07-29,-0.3349590766448087,0.31365088655125484,0.07551020408163266,0.31948596239089966,-0.037208807,-0.019422326,0.02100609,-0.01778648,-0.058214895,2024,False
2024-07-30,-0.2867835993846039,0.35957363763210426,0.10204081632653061,0.35971125960350037,-0.04588876,-0.031402547,-0.0016493968,-0.014486212,-0.04423936,2024,False
2024-07-31,-0.3038739045277644,0.3304512436954748,0.0836734693877551,0.3306201100349426,-0.06406994,-0.04675308,-0.013790801,-0.017316863,-0.05027914,2024,False
2024-08-01,-0.22368175200898238,0.37520583797208035,0.11836734693877551,0.37572574615478516,-0.04800781,-0.032327868,-0.014943217,-0.01567994,-0.033064593,2024,False
2024-08-02,-0.11024742134998151,0.4435880125731924,0.14081632653061224,0.4383981227874756,-0.024113426,-0.018751305,-0.010445297,-0.0053621214,-0.013668129,2024,True
2024-08-05,-0.09390754000124743,0.4526727835912413,0.1384928716904277,0.444612592458725,-0.032938402,-0.02787935,-0.022215404,-0.0050590523,-0.0107229985,2024,False
2024-08-06,-0.1161594893314515,0.4492537905682803,0.14867617107942974,0.4424794614315033,-0.044759918,-0.04376764,-0.03154288,-0.0009922795,-0.013217039,2024,False
2024-08-07,-0.060239452666022,0.46890953930410073,0.16089613034623218,0.460534930229187,-0.044172414,-0.038796138,-0.036755186,-0.0053762756,-0.007417228,2024,False
2024-08-08,-0.0980264125314583,0.4550711640000472,0.1443089430894309,0.44815608859062195,-0.062708914,-0.058782,-0.049811713,-0.003926914,-0.012897201,2024,False
2024-08-09,-0.05639953749297651,0.47046114819098556,0.13617886178861788,0.46660658717155457,-0.038278867,-0.033952363,-0.03049219,-0.0043265037,-0.0077866763,2024,True
2024-08-12,-0.10075399826701198,0.42591057093202006,0.12398373983739837,0.42461779713630676,-0.050712496,-0.039136913,-0.03393851,-0.011575583,-0.016773988,2024,False
2024-08-13,-0.16877149071427458,0.3774354246030461,0.0975609756097561,0.3737829327583313,-0.06814783,-0.04768617,-0.033296004,-0.02046166,-0.034851827,2024,False
2024-08-14,-0.15751550709592949,0.3892261574533032,0.11991869918699187,0.38364893198013306,-0.058634415,-0.044058442,-0.028522316,-0.014575973,-0.030112099,2024,False
2024-08-15,-0.1021061395848508,0.4123247693468188,0.12804878048780488,0.40583860874176025,-0.030624362,-0.0196189,-0.015385045,-0.011005461,-0.015239317,2024,False
2024-08-16,-0.04890028344099867,0.46775392271349936,0.15040650406504066,0.4597032070159912,-0.019120745,-0.014252552,-0.01675148,-0.0048681935,-0.002369266,2024,True
2024-08-19,-0.06790235994492752,0.4638906539721928,0.1565040650406504,0.45603281259536743,-0.010368485,-0.0009616534,-0.0035305796,-0.009406831,-0.0068379054,2024,False
2024-08-20,-0.10183002585342465,0.43939508113140735,0.13008130081300814,0.4386482834815979,-0.00833523,-0.008438747,0.000954918,0.000103517435,-0.009290148,2024,False
2024-08-21,-0.04708393414452124,0.4578831742614794,0.12398373983739837,0.459941565990448,0.009284455,0.0075700264,0.009757468,0.0017144289,-0.00047301222,2024,False
2024-08-22,-0.04111792491819954,0.4752892412285056,0.13821138211382114,0.4675416052341461,0.016844831,0.019118141,0.01685285,-0.00227331,-8.018687e-06,2024,False
2024-08-23,-0.036665393359960934,0.4918487531811934,0.17073170731707318,0.4754788279533386,-0.00026570467,-0.0048812185,-0.0033431447,0.004615514,0.00307744,2024,True
2024-08-26,0.015031680486560998,0.5024570508688602,0.18292682926829268,0.4906158745288849,0.0070801238,0.0069175134,-0.0012138808,0.00016261032,0.008294005,2024,False
2024-08-27,0.07822382915194645,0.5385917319916262,0.21341463414634146,0.5259631276130676,0.019594286,0.012613035,-0.0034304855,0.006981251,0.023024771,2024,False
2024-08-28,0.06528214704769567,0.541588347416375,0.22560975609756098,0.5251020789146423,0.014589736,0.0061861654,-0.0060351016,0.008403571,0.020624839,2024,False
2024-08-29,-0.0632773921132769,0.5091202348083204,0.2032520325203252,0.4862919747829437,-0.033027336,-0.03734084,-0.029852457,0.0043135025,-0.0031748787,2024,False
2024-08-30,-0.0709395884223591,0.5153564359371049,0.1910569105691057,0.48668089509010315,-0.044486023,-0.05127062,-0.041331887,0.0067845955,-0.0031541362,2024,True
2024-09-02,-0.11986260107438393,0.4806500506214989,0.16056910569105692,0.45537710189819336,-0.028655889,-0.028496688,-0.013411984,-0.00015920028,-0.015243905,2024,False
2024-09-03,-0.11055244941430184,0.46702572681119525,0.15040650406504066,0.44859185814857483,-0.026867906,-0.022141354,-0.00905164,-0.0047265515,-0.017816266,2024,False
2024-09-04,-0.13111263299670783,0.4730525163711385,0.13821138211382114,0.4560719132423401,-0.022550765,-0.030263808,-0.010371927,0.007713042,-0.012178838,2024,False
2024-09-05,-0.16207705234429562,0.42925489592046323,0.14634146341463414,0.4197400212287903,-0.0032429646,-0.004731986,0.017964903,0.0014890216,-0.021207867,2024,False
2024-09-06,-0.14739276048907105,0.44922285567867315,0.13211382113821138,0.4339281916618347,0.045519747,0.04675045,0.06604603,-0.0012307018,-0.020526282,2024,True
2024-09-09,-0.19851710670080894,0.4279264333195897,0.13821138211382114,0.4111253321170807,0.050475057,0.054864302,0.08088487,-0.004389245,-0.03040981,2024,False
2024-09-10,-0.13837776835461665,0.45333251153618576,0.13821138211382114,0.43951156735420227,0.107490264,0.109378375,0.12900963,-0.0018881112,-0.02151937,2024,False
2024-09-11,-0.02527322626383918,0.46498040135853863,0.11991869918699187,0.44440120458602905,0.20103458,0.21894084,0.20909221,-0.017906263,-0.008057639,2024,False
2024-09-12,0.14351700547876156,0.541710018673498,0.16666666666666666,0.5145942568778992,0.39177462,0.4012395,0.32117423,-0.00946489,0.07060039,2024,False
2024-09-13,0.2132478948966817,0.5801177076852442,0.18495934959349594,0.5474326014518738,0.3721633,0.3838491,0.25535822,-0.011685818,0.11680508,2024,True
2024-09-18,0.1653770605076262,0.5776632843255528,0.19308943089430894,0.5384066104888916,0.30233958,0.30107263,0.21089132,0.0012669563,0.09144826,2024,False
2024-09-19,0.084937272488003,0.5470252812604052,0.16666666666666666,0.5097646713256836,0.2327936,0.24406324,0.18354109,-0.011269644,0.04925251,2024,False
2024-09-20,0.1479227798887007,0.57916710897074,0.18699186991869918,0.5364031195640564,0.2466284,0.24928199,0.17576271,-0.002653584,0.07086569,2024,True
2024-09-23,0.229278991020094,0.6053032465745798,0.20934959349593496,0.5655982494354248,0.2639995,0.26836926,0.15381427,-0.0043697655,0.11018522,2024,False
2024-09-24,0.1934303525114604,0.5941193020734683,0.21544715447154472,0.5570724010467529,0.19428511,0.19652694,0.11013651,-0.002241835,0.0841486,2024,False
2024-09-25,0.25469113328781773,0.604782215268924,0.21341463414634146,0.5748289823532104,0.20922007,0.20478815,0.09774863,0.0044319183,0.11147144,2024,False
2024-09-26,0.22525175944610307,0.6343056584788221,0.22560975609756098,0.5996968746185303,0.1750479,0.15181419,0.063000016,0.023233712,0.11204789,2024,False
2024-09-27,0.25923428498846074,0.6443455275996696,0.21747967479674796,0.6074253916740417,0.103913285,0.092999764,-0.004360998,0.010913521,0.10827428,2024,True
2024-09-30,0.16358047131747566,0.6136249913469473,0.22967479674796748,0.5831477046012878,-0.009991484,-0.03141894,-0.07702896,0.021427454,0.06703748,2024,False
2024-10-08,0.12684199548547503,0.5983139535530269,0.19308943089430894,0.5675715208053589,0.037615754,0.03190216,-0.011869068,0.005713593,0.049484823,2024,False
2024-10-09,0.2992095475721855,0.6808598251039356,0.1951219512195122,0.6411046981811523,0.06703388,0.049511462,-0.012897035,0.017522417,0.07993092,2024,False
2024-10-10,0.377017161474627,0.6695810570716588,0.17718940936863545,0.6406447291374207,0.12708014,0.1268178,0.025973706,0.00026234984,0.101106435,2024,False
2024-10-11,0.375042981550538,0.6811503203878451,0.17515274949083504,0.653683066368103,0.15427627,0.13798283,0.041868057,0.016293436,0.112408206,2024,True
2024-10-14,0.29103947220790327,0.6377350931149932,0.17718940936863545,0.6093426942825317,0.12941912,0.11827377,0.039128706,0.011145346,0.09029041,2024,False
2024-10-15,0.22710092939361823,0.6068766458479401,0.18329938900203666,0.5710195899009705,0.119066976,0.12372364,0.042979866,-0.004656665,0.07608711,2024,False
2024-10-16,0.18199564104240465,0.6038117604413424,0.17922606924643583,0.5753210783004761,0.13130666,0.119449906,0.05929978,0.011856757,0.07200688,2024,False
2024-10-17,0.036206770126545114,0.5472064384345534,0.16089613034623218,0.5251774191856384,0.08641963,0.0891476,0.05473801,-0.0027279705,0.031681616,2024,False
2024-10-18,-0.03220485830070586,0.5238525869124782,0.15885947046843177,0.4947488307952881,0.049114708,0.04262441,0.029299036,0.0064902976,0.019815672,2024,True
2024-10-21,-0.03065602172723581,0.5029470201975758,0.14634146341463414,0.48295119404792786,0.05625547,0.06929045,0.04650147,-0.013034981,0.009754002,2024,False
2024-10-22,-0.006779822455400994,0.49904684981786446,0.13821138211382114,0.47777116298675537,0.06811109,0.0760624,0.051571913,-0.007951312,0.016539179,2024,False
2024-10-23,-0.0011261058317275066,0.5004413202363585,0.1483739837398374,0.4724671542644501,0.085035406,0.0884355,0.06602388,-0.0034000948,0.019011527,2024,False
2024-10-24,0.0422958109271165,0.5511916607797235,0.15853658536585366,0.5236939787864685,0.10132095,0.098492905,0.07114388,0.0028280467,0.030177072,2024,False
2024-10-25,0.1168744086316616,0.5660421314240448,0.1670061099796334,0.544632077217102,0.08820968,0.09376828,0.045802355,-0.0055586025,0.042407326,2024,True
2024-10-28,0.09180774475693042,0.5520332310331978,0.17515274949083504,0.5268386006355286,0.091813825,0.087717414,0.059147023,0.004096411,0.032666802,2024,False
2024-10-29,0.13791597790342564,0.5896244521716931,0.17922606924643583,0.556554913520813,0.10029227,0.08047313,0.05390171,0.01981914,0.046390563,2024,False
2024-10-30,0.0602524877119933,0.5245716411200371,0.1629327902240326,0.4991210997104645,0.060146965,0.059302226,0.043415833,0.0008447394,0.016731132,2024,False
2024-10-31,0.06121360361450294,0.5409216279790626,0.164969450101833,0.5203081369400024,0.060141638,0.05512845,0.039553285,0.0050131865,0.020588353,2024,False
2024-11-01,-0.09918014443268176,0.481579307320606,0.15478615071283094,0.468511164188385,0.01934502,0.014430744,0.03077751,0.0049142772,-0.011432489,2024,True
2024-11-04,-0.22302244631424895,0.4089592579636445,0.12016293279022404,0.40096497535705566,-0.030620933,-0.024711093,0.007961876,-0.0059098396,-0.03858281,2024,False
2024-11-05,-0.20537866750351616,0.3881476069940381,0.10772357723577236,0.38307785987854004,-0.024806736,-0.011499041,0.019001761,-0.013307695,-0.043808497,2024,False
2024-11-06,-0.1617362162235466,0.39491288397035895,0.09959349593495935,0.3900303840637207,-0.025086451,-0.004441073,0.014457561,-0.020645378,-0.039544012,2024,False
2024-11-07,-0.28635866310609276,0.31944665327010724,0.06707317073170732,0.32259976863861084,-0.07134026,-0.042450596,-0.0033130427,-0.028889667,-0.06802722,2024,False
2024-11-08,-0.3988298432411107,0.2828111155608015,0.054878048780487805,0.28291982412338257,-0.11105304,-0.07768039,-0.016973523,-0.033372656,-0.09407952,2024,True
2024-11-11,-0.3895364940917505,0.3086465616129649,0.06300813008130081,0.3084399998188019,-0.099368885,-0.08056582,-0.01482659,-0.018803068,-0.0845423,2024,False
2024-11-12,-0.4055731700633462,0.30238454939742754,0.07723577235772358,0.30021724104881287,-0.09941662,-0.06891836,-0.019680774,-0.030498259,-0.079735845,2024,False
2024-11-13,-0.3122027612958233,0.3528673953780884,0.09552845528455285,0.34159132838249207,-0.05447709,-0.034230974,0.0046266965,-0.020246115,-0.059103783,2024,False
2024-11-14,-0.25592093004424854,0.41338857328248785,0.10975609756097561,0.38664066791534424,-0.019228855,-0.011330318,0.019538082,-0.007898537,-0.038766935,2024,False
2024-11-15,0.04190135063789318,0.532390170160122,0.13211382113821138,0.5084580779075623,0.064875565,0.060457088,0.043131407,0.0044184774,0.021744158,2024,True
2024-11-18,0.04091789711035356,0.5397842543015693,0.12398373983739837,0.5136071443557739,0.07313003,0.07160471,0.055681985,0.0015253201,0.017448042,2024,False
2024-11-19,-0.068051742987404,0.4961545330671886,0.11585365853658537,0.4623919725418091,0.023973785,0.029786296,0.03197327,-0.005812511,-0.0079994835,2024,False
2024-11-20,-0.06888905620237987,0.4866770230577098,0.14227642276422764,0.4569801092147827,0.017120348,0.0125862025,0.01942374,0.004534146,-0.0023033917,2024,False
2024-11-21,-0.049270373431975135,0.4948628667443343,0.15447154471544716,0.4604640305042267,0.038348768,0.038094025,0.032254808,0.0002547428,0.0060939603,2024,False
2024-11-22,0.038814131169940716,0.5233450977344372,0.17073170731707318,0.4890079200267792,0.07314304,0.074930646,0.058538076,-0.0017876029,0.014604967,2024,True
2024-11-25,0.07541529732928447,0.5431808109030558,0.18495934959349594,0.5073712468147278,0.089942716,0.088408805,0.060767297,0.0015339106,0.02917542,2024,False
2024-11-26,0.08347422000597512,0.5164804321943632,0.17886178861788618,0.4977255165576935,0.100006014,0.10000203,0.06658029,3.9860606e-06,0.033425726,2024,False
2024-11-27,0.003138072195735143,0.4710066700804798,0.15447154471544716,0.45662450790405273,0.06418584,0.07693446,0.052999966,-0.012748614,0.011185877,2024,False
2024-11-28,0.04065092294027399,0.46944743586787496,0.15040650406504066,0.4645022749900818,0.057904825,0.074605025,0.03725633,-0.0167002,0.020648494,2024,False
2024-11-29,-0.09638578204463241,0.4188684007601565,0.13995943204868155,0.4094533622264862,0.012612206,0.026088588,0.022086717,-0.013476382,-0.009474511,2024,True
2024-12-02,-0.19879082285678903,0.3944867531081543,0.14198782961460446,0.3853299021720886,-0.028065862,-0.014855022,-0.0010200329,-0.0132108405,-0.02704583,2024,False
2024-12-03,-0.24595155406254035,0.3836694014394484,0.1460446247464503,0.38320913910865784,-0.030510185,-0.022011966,0.00026957798,-0.00849822,-0.030779764,2024,False
2024-12-04,-0.2190930117757557,0.40370854815694496,0.1440162271805274,0.39817744493484497,-0.031871036,-0.025542859,-0.0064163064,-0.0063281767,-0.02545473,2024,False
2024-12-05,-0.10952738132345283,0.43518708983450166,0.15010141987829614,0.4263356924057007,-0.01598836,-0.01432805,-0.011652931,-0.0016603088,-0.0043354286,2024,False
2024-12-06,-0.18686660740148026,0.4571041547433477,0.1643002028397566,0.43954530358314514,-0.04107829,-0.04669635,-0.02546237,0.005618058,-0.0156159215,2024,True
2024-12-09,-0.33515214595660053,0.3808005216158561,0.12981744421906694,0.3712356388568878,-0.09188959,-0.09169002,-0.040157706,-0.00019957125,-0.051731884,2024,False
2024-12-10,-0.3142631707607161,0.40488133801143233,0.11359026369168357,0.3836453855037689,-0.10307413,-0.102626026,-0.04378211,-0.00044810772,-0.059292022,2024,False
2024-12-11,-0.27477625038571274,0.39927327644529165,0.11561866125760649,0.38450706005096436,-0.1013059,-0.09989638,-0.04847375,-0.0014095232,-0.052832153,2024,False
2024-12-12,-0.32618360824609366,0.38923512269806404,0.11967545638945233,0.3763924837112427,-0.09235294,-0.094392635,-0.025314184,0.0020396933,-0.06703876,2024,False
2024-12-13,-0.3061860766792932,0.40316019876815345,0.10569105691056911,0.37833642959594727,-0.1028233,-0.098552,-0.022056295,-0.0042712986,-0.080767006,2024,True
2024-12-16,-0.28773079568330145,0.39578480747534045,0.1257606490872211,0.37542352080345154,-0.0821172,-0.06851603,-0.018946068,-0.013601169,-0.06317113,2024,False
2024-12-17,-0.2853767337964747,0.3838797845903452,0.13008130081300814,0.3703177869319916,-0.08813535,-0.07331602,-0.041350402,-0.014819324,-0.046784945,2024,False
2024-12-18,-0.37962169771311516,0.3407046808847648,0.0872210953346856,0.3299880027770996,-0.12996429,-0.11369814,-0.05310043,-0.016266152,-0.07686386,2024,False
2024-12-19,-0.4767157982462079,0.2978118215848067,0.06693711967545639,0.28768041729927063,-0.18152069,-0.16215064,-0.07280067,-0.01937005,-0.10872001,2024,False
2024-12-20,-0.4261603582689285,0.3053502575464792,0.0872210953346856,0.2947838306427002,-0.14189194,-0.11700019,-0.057093766,-0.024891749,-0.08479817,2024,True
2024-12-23,-0.3043377711621909,0.38366146488019365,0.11561866125760649,0.36528897285461426,-0.100111835,-0.09039691,-0.05779924,-0.009714924,-0.042312596,2024,False
2024-12-24,-0.12064332274000637,0.4859971746086027,0.15010141987829614,0.4578189551830292,-0.05411898,-0.05809921,-0.046553995,0.0039802305,-0.0075649843,2024,False
2024-12-25,-0.17938015310657499,0.4776146960894398,0.15618661257606492,0.4456501007080078,-0.07787466,-0.08384568,-0.06162097,0.005971022,-0.016253691,2024,False
2024-12-26,-0.25432557377544246,0.4614835687720669,0.1643002028397566,0.4199428856372833,-0.114460096,-0.12131072,-0.087640606,0.0068506226,-0.02681949,2024,False
2024-12-27,-0.07228697285032248,0.5502010031155017,0.2210953346855984,0.5090001225471497,-0.04977145,-0.062235396,-0.056355774,0.012463946,0.006584324,2024,True
2024-12-30,0.04022297554964499,0.6007580403141773,0.2738336713995943,0.5687362551689148,-0.005423866,-0.033923987,-0.0380374,0.028500121,0.032613534,2024,False
2024-12-31,0.061754392154487296,0.6020247201894319,0.2697768762677485,0.5701744556427002,0.020578247,-0.008587303,-0.012313758,0.02916555,0.032892004,2024,False
2025-01-02,0.12950510507350016,0.6166648333599186,0.2718052738336714,0.5900837779045105,0.055594247,0.02605817,0.0115223825,0.029536078,0.044071864,2025,False
2025-01-03,0.28489599815643984,0.6783934834211429,0.2799188640973631,0.642184317111969,0.10506989,0.07758661,0.02920439,0.027483277,0.0758655,2025,True
2025-01-06,0.22960927418879692,0.666275819257218,0.29006085192697767,0.6292566061019897,0.088468455,0.063195474,0.026412422,0.02527298,0.062056035,2025,False
2025-01-07,0.14461910714161721,0.609923876068157,0.27586206896551724,0.5790427327156067,0.066345654,0.046265457,0.019051343,0.020080198,0.04729431,2025,False
2025-01-08,0.0232963492138263,0.5631670602797718,0.25557809330628806,0.523561418056488,0.046879426,0.033490103,0.028378986,0.013389323,0.01850044,2025,False
2025-01-09,-0.0003907131102571313,0.5258952032655136,0.25760649087221094,0.49155351519584656,0.040036328,0.03260435,0.030586544,0.0074319765,0.009449784,2025,False
2025-01-10,0.0317828490997981,0.507134219827229,0.2028397565922921,0.48215025663375854,0.07072803,0.06827327,0.056022536,0.0024547577,0.01470549,2025,True
2025-01-13,-0.07001662769393156,0.4501524607618794,0.18052738336713997,0.42993032932281494,0.017134083,0.022766406,0.022285916,-0.0056323223,-0.0051518325,2025,False
2025-01-14,-0.032686660571150085,0.449604952283976,0.1845841784989858,0.44123342633247375,0.019354744,0.026186852,0.021486731,-0.006832108,-0.0021319874,2025,False
2025-01-15,0.05562104233924913,0.5122973842462452,0.2210953346855984,0.5005760192871094,0.052798644,0.042162005,0.027991213,0.010636639,0.02480743,2025,False
2025-01-16,0.06326592377442548,0.5277163334891724,0.1947261663286004,0.5084748268127441,0.0658625,0.059124433,0.039863966,0.0067380667,0.025998533,2025,False
2025-01-17,0.0751109341224242,0.5638487891645114,0.2028397565922921,0.5301038026809692,0.07085133,0.060406666,0.028601678,0.010444667,0.042249657,2025,True
2025-01-20,0.11617062607593173,0.5637559555504981,0.19675456389452334,0.5329391956329346,0.073583424,0.07571548,0.03585385,-0.0021320581,0.037729573,2025,False
2025-01-21,0.07415486870858777,0.5720459914809115,0.2165991902834008,0.53395015001297,0.086855814,0.075608596,0.04804171,0.011247218,0.038814105,2025,False
2025-01-22,0.035718224612643484,0.5092758570218389,0.17611336032388664,0.4840696454048157,0.05633956,0.060922317,0.033492863,-0.004582759,0.022846695,2025,False
2025-01-23,0.07098902040733865,0.5608442746729047,0.19433198380566802,0.5243738293647766,0.08812757,0.0892791,0.050724145,-0.0011515319,0.037403423,2025,False
2025-01-24,0.19841899465685736,0.5925954945676479,0.20647773279352227,0.5552359223365784,0.08208379,0.0908055,0.025773367,-0.008721709,0.056310423,2025,True
2025-01-27,0.20303620819687448,0.6296314383570945,0.242914979757085,0.5975854992866516,0.09959671,0.08442896,0.032339625,0.01516775,0.067257084,2025,False
2025-02-05,0.22223367970981028,0.6191406841729458,0.23279352226720648,0.5871366858482361,0.095344774,0.09407607,0.031161103,0.0012687072,0.06418367,2025,False
2025-02-06,0.23471682972004757,0.6164400922478332,0.2165991902834008,0.5880112051963806,0.07972611,0.082478784,0.011825831,-0.0027526766,0.06790028,2025,False
2025-02-07,0.21646917780927624,0.600333489893681,0.2631578947368421,0.5746609568595886,0.076030046,0.07040904,0.009484844,0.0056210086,0.0665452,2025,True
2025-02-10,0.19546556851832672,0.5587625943571792,0.2145748987854251,0.5407430529594421,0.060316123,0.06664106,0.0059160925,-0.0063249394,0.05440003,2025,False
2025-02-11,0.1409589571910434,0.5603665469035307,0.23279352226720648,0.5338490605354309,0.06300967,0.06422659,0.0156137245,-0.0012169182,0.04739595,2025,False
2025-02-12,0.15692250437660973,0.5496810888519812,0.22267206477732793,0.5323055386543274,0.061574668,0.054764576,0.01198684,0.0068100914,0.049587827,2025,False
2025-02-13,0.03110361342050348,0.4964349801455719,0.20040485829959515,0.4735957384109497,0.03069344,0.033718254,0.009952571,-0.0030248147,0.020740869,2025,False
2025-02-14,-0.1157932424428461,0.42032302060463805,0.15587044534412955,0.4055306017398834,-0.010342843,0.0038262594,0.0031851677,-0.014169103,-0.013528011,2025,True
2025-02-17,-0.06255766389260882,0.4444430271705389,0.1862348178137652,0.4239490330219269,0.007451983,0.013917676,0.01060726,-0.006465693,-0.003155277,2025,False
2025-02-18,-0.02843017041147946,0.45857164713669146,0.17611336032388664,0.4365421533584595,0.013460364,0.024668317,0.01026937,-0.011207953,0.0031909943,2025,False
2025-02-19,0.04779644887100233,0.4845864167307568,0.18016194331983806,0.46631625294685364,0.026196878,0.038240932,0.010202988,-0.0120440535,0.01599389,2025,False
2025-02-20,-0.07223251667494766,0.4419736757102994,0.16396761133603238,0.4269943833351135,0.01132334,0.028060965,0.015556194,-0.016737625,-0.0042328537,2025,False
2025-02-21,-0.14453390183917741,0.3997683140335793,0.16396761133603238,0.39262279868125916,-0.005049075,0.008383621,0.011598059,-0.013432696,-0.016647134,2025,True
2025-02-24,-0.2254795209213564,0.36874565459663655,0.12955465587044535,0.3595903515815735,-0.014852973,-0.0029678459,0.01558937,-0.011885127,-0.030442342,2025,False
2025-02-25,-0.17069888760467003,0.38400899285053575,0.11538461538461539,0.3611273467540741,-0.009233811,0.015962724,0.017273022,-0.025196534,-0.026506834,2025,False
2025-02-26,-0.2670884689888986,0.3346103919155734,0.11336032388663968,0.3190007507801056,-0.03353794,-0.0052028587,0.012148439,-0.02833508,-0.04568638,2025,False
2025-02-27,-0.13633122265099065,0.4260875238737062,0.13360323886639677,0.39660948514938354,0.008843294,0.024547663,0.029646423,-0.015704367,-0.020803127,2025,False
2025-02-28,-0.006743600977678272,0.5196643265894931,0.18864097363083165,0.48885488510131836,0.053673178,0.055099968,0.03893987,-0.0014267899,0.014733307,2025,True
2025-03-03,-0.023799483640642032,0.505146994463158,0.1902834008097166,0.4794378876686096,0.055270255,0.056847107,0.040622234,-0.001576852,0.01464802,2025,False
2025-03-04,-0.16457730856105113,0.42259806103016756,0.15010141987829614,0.39908790588378906,0.03149205,0.042322144,0.0440273,-0.010830093,-0.012535248,2025,False
2025-03-05,-0.2830992355917803,0.3659908724874174,0.11967545638945233,0.3473567068576813,-0.0024071978,0.0074795466,0.03532564,-0.009886744,-0.037732836,2025,False
2025-03-06,-0.36932487464021496,0.30717210625770314,0.07894736842105263,0.29546862840652466,-0.037335437,-0.012077237,0.030520339,-0.0252582,-0.067855775,2025,False
2025-03-07,-0.39794998177716806,0.3045778344136922,0.08113590263691683,0.29643675684928894,-0.05961386,-0.043283902,0.012411519,-0.016329959,-0.07202538,2025,True
2025-03-10,-0.4375388407480829,0.28608415870052767,0.08299595141700405,0.28146713972091675,-0.06512342,-0.049333278,0.015457018,-0.015790138,-0.080580436,2025,False
2025-03-11,-0.4789101410501983,0.25386797509438846,0.06275303643724696,0.2521812319755554,-0.086898424,-0.05898,0.012012205,-0.027918424,-0.09891063,2025,False
2025-03-12,-0.4292476560202406,0.2908650427528572,0.08502024291497975,0.2844560146331787,-0.061512664,-0.03960344,0.018726913,-0.021909226,-0.08023958,2025,False
2025-03-13,-0.4323756642297805,0.28773590308843555,0.08097165991902834,0.2851926386356354,-0.073933944,-0.054435287,0.0020856475,-0.019498657,-0.07601959,2025,False
2025-03-14,-0.4376594003922548,0.28902502132265,0.07910750507099391,0.2839386463165283,-0.111414805,-0.09375711,-0.02732986,-0.017657697,-0.08408494,2025,True
2025-03-17,-0.42508080645233737,0.27251541569506343,0.06275303643724696,0.2685471475124359,-0.10376682,-0.07990236,-0.018739047,-0.023864463,-0.08502778,2025,False
2025-03-18,-0.4140654201202738,0.2829293309098833,0.0728744939271255,0.28065502643585205,-0.09508952,-0.07279205,-0.015876848,-0.022297464,-0.079212666,2025,False
2025-03-19,-0.4333430073108721,0.2742848560771124,0.06882591093117409,0.27518391609191895,-0.107656695,-0.08493578,-0.017358754,-0.022720918,-0.09029794,2025,False
2025-03-20,-0.41803624891840907,0.28612317638291157,0.056795131845841784,0.28328651189804077,-0.19297625,-0.16370878,-0.08256491,-0.029267475,-0.11041134,2025,False
2025-03-21,-0.4418492504398405,0.2659692764160393,0.05070993914807302,0.26791709661483765,-0.20335478,-0.16943088,-0.07712434,-0.033923894,-0.12623043,2025,True
2025-03-24,-0.3486589525669786,0.3113806895708197,0.05465587044534413,0.31353065371513367,-0.1933822,-0.16833602,-0.08836341,-0.025046185,-0.105018795,2025,False
2025-03-25,-0.231257542225219,0.362544737585925,0.08299595141700405,0.35781797766685486,-0.120168045,-0.10501692,-0.059193254,-0.015151128,-0.06097479,2025,False
2025-03-26,-0.17600521334078748,0.3907726972969021,0.09939148073022312,0.3788147568702698,-0.10638321,-0.087087214,-0.06591592,-0.019295998,-0.040467292,2025,False
2025-03-27,-0.10469741530965931,0.4331835144034871,0.1075050709939148,0.4144907295703888,-0.07274069,-0.055123083,-0.047706775,-0.017617606,-0.025033914,2025,False
2025-03-28,-0.06112287046894193,0.47033090820573464,0.13184584178498987,0.449911504983902,-0.04372627,-0.034870192,-0.034197032,-0.008856077,-0.009529237,2025,True
2025-03-31,-0.12347256931913224,0.44721146616114743,0.11538461538461539,0.4259362518787384,-0.07823222,-0.069671676,-0.04778796,-0.008560546,-0.03044426,2025,False
2025-04-01,-0.11231209091067144,0.44994676229575403,0.1214574898785425,0.42294108867645264,-0.071461685,-0.06962029,-0.04670587,-0.0018413961,-0.024755813,2025,False
2025-04-02,-0.09164386993273015,0.45503905288444957,0.1194331983805668,0.42969071865081787,-0.06784022,-0.067120455,-0.051710773,-0.00071976334,-0.016129445,2025,False
2025-04-03,0.09341060361574581,0.5809060042791452,0.19433198380566802,0.5491482615470886,0.073199,0.057622403,0.04214414,0.015576594,0.031054858,2025,False
2025-04-07,0.22410360482203195,0.6499930813793434,0.2028397565922921,0.6214463710784912,0.12767723,0.1132419,0.07288227,0.014435329,0.05479496,2025,False
2025-04-08,0.27536204429817873,0.6649660686822187,0.23732251521298176,0.6363723278045654,0.15329193,0.12800904,0.07193924,0.02528289,0.08135269,2025,False
2025-04-09,0.04024850620128284,0.5299636160884078,0.19838056680161945,0.5092434883117676,0.040890597,0.032347,0.019125812,0.008543596,0.021764785,2025,False
2025-04-10,-0.04661842735314384,0.5032836936917737,0.1700404858299595,0.4825490117073059,0.02864877,0.020778425,0.028051438,0.007870344,0.0005973317,2025,False
2025-04-11,-0.1267168594407564,0.4757475563563226,0.15212981744421908,0.46006667613983154,-0.009563141,-0.011535413,0.006384651,0.001972272,-0.015947793,2025,True
2025-04-14,-0.06890420490028555,0.5136923147518461,0.164969450101833,0.4926389455795288,0.004820319,0.00011646456,0.013786806,0.004703854,-0.008966487,2025,False
2025-04-15,0.010826027563503496,0.5560173733297687,0.21747967479674796,0.5458975434303284,0.043501478,0.030264257,0.03484082,0.013237221,0.008660659,2025,False
2025-04-16,0.08865393124439525,0.5984233925729601,0.23279352226720648,0.5776658654212952,0.062454857,0.04560906,0.03614535,0.016845796,0.026309505,2025,False
2025-04-17,0.14173418536197901,0.5839785132731012,0.23076923076923078,0.5653979182243347,0.08449763,0.07930017,0.04652873,0.005197458,0.0379689,2025,False
2025-04-18,0.10219637479446593,0.5428925886938785,0.19838056680161945,0.5325356721878052,0.06874594,0.0698196,0.044425935,-0.0010736585,0.024320006,2025,True
2025-04-21,-0.018739923640450868,0.5101313116861999,0.17849898580121704,0.49033573269844055,0.042647604,0.043322567,0.04880055,-0.000674963,-0.0061529465,2025,False
2025-04-22,-0.011930778143925609,0.5320320611814292,0.18864097363083165,0.5058791637420654,0.044062417,0.036985952,0.04493182,0.0070764646,-0.0008694045,2025,False
2025-04-23,0.1494849396639841,0.5903567657298983,0.21095334685598377,0.557809054851532,0.0692988,0.061479192,0.03413309,0.007819604,0.035165705,2025,False
2025-04-24,0.09306507019968342,0.5579499193336356,0.20934959349593496,0.5375432372093201,0.057266124,0.057686705,0.039917808,-0.00042058155,0.017348316,2025,False
2025-04-25,0.019720572811497254,0.4951408998580612,0.17922606924643583,0.474945604801178,0.053999454,0.05720402,0.05421913,-0.0032045655,-0.00021967664,2025,True
2025-04-28,-0.00218304593802561,0.48758478826688884,0.19467213114754098,0.4741846024990082,0.05490802,0.059371054,0.052748922,-0.0044630356,0.0021590963,2025,False
2025-04-29,-0.059286448752961976,0.41301347368228214,0.17248459958932238,0.4127598702907562,0.033290345,0.044872902,0.04723954,-0.011582557,-0.013949193,2025,False
2025-04-30,-0.10342568099914784,0.38724920999740364,0.15432098765432098,0.3818618655204773,0.017445518,0.035806686,0.042700455,-0.018361168,-0.025254937,2025,False
2025-05-06,-0.14661583427652522,0.3665980667837015,0.1440329218106996,0.3658922016620636,-0.006088026,0.016050123,0.027269596,-0.022138149,-0.03335762,2025,False
2025-05-07,-0.1596049521589807,0.3603980537704213,0.13991769547325103,0.3568204343318939,-0.016056832,0.0060823,0.011245563,-0.022139132,-0.027302396,2025,False
2025-05-08,-0.16660955976472197,0.3954479684627254,0.15020576131687244,0.37880733609199524,-0.009427235,0.005467625,0.010461437,-0.01489486,-0.019888673,2025,False
2025-05-09,-0.19946557183279306,0.36733866357874073,0.14609053497942387,0.3556287884712219,-0.024487691,-0.011341435,0.0022769761,-0.013146256,-0.026764667,2025,True
2025-05-12,-0.2392764078345413,0.340466872490591,0.11728395061728394,0.3272714614868164,-0.039098516,-0.014446273,0.0017586211,-0.024652243,-0.040857136,2025,False
2025-05-13,-0.2176404365742447,0.3600985160769164,0.11316872427983539,0.34407559037208557,-0.029890131,-0.010762839,0.009768299,-0.019127293,-0.03965843,2025,False
2025-05-14,-0.1361502179793497,0.39090675640926387,0.12757201646090535,0.38081952929496765,-0.0030178858,0.009013514,0.013790904,-0.0120314,-0.01680879,2025,False
2025-05-15,-0.2215652482028846,0.3448500391759256,0.12551440329218108,0.33765262365341187,-0.024820508,0.0011335791,0.0138060935,-0.025954088,-0.038626604,2025,False
2025-05-16,-0.17813264272659965,0.36208543761101464,0.12757201646090535,0.3519493341445923,-0.01464173,-0.0017013402,0.009803091,-0.01294039,-0.024444822,2025,True
2025-05-19,-0.20100152498882176,0.3766257943508343,0.15637860082304528,0.3657481074333191,-0.012545804,-0.004884933,0.010703582,-0.0076608704,-0.023249386,2025,False
2025-05-20,-0.09953872068077306,0.44696577494998435,0.17078189300411523,0.42429864406585693,0.0037469955,-0.0012049306,0.006990389,0.004951926,-0.0032433935,2025,False
2025-05-21,-0.11717556611198093,0.4396504817988639,0.16666666666666666,0.41435813903808594,0.008049547,0.009171977,0.015189194,-0.00112243,-0.0071396474,2025,False
2025-05-22,-0.05049319986161924,0.47393503234601764,0.1831275720164609,0.451150119304657,0.03141946,0.030190935,0.030429538,0.0012285244,0.0009899214,2025,False
2025-05-23,-0.06250617842592891,0.4328550869902309,0.16872427983539096,0.4230082631111145,0.028838146,0.033136003,0.027686022,-0.0042978562,0.0011521243,2025,True
2025-05-26,-0.08918713469291448,0.4179296154010274,0.16255144032921812,0.40985384583473206,0.026167665,0.032648873,0.0327288,-0.006481208,-0.006561134,2025,False
2025-05-27,-0.048233305900480854,0.44865819109626864,0.17695473251028807,0.4358358681201935,0.03162347,0.032802355,0.025285179,-0.001178883,0.0063382927,2025,False
2025-05-28,-0.1305585316229527,0.4258248958118193,0.16427104722792607,0.41121163964271545,0.004634654,0.012849487,0.011553239,-0.008214833,-0.006918585,2025,False
2025-05-29,-0.039252209678361794,0.4736320663436273,0.19917864476386038,0.45206528902053833,0.021412628,0.021751802,0.010045389,-0.00033917464,0.011367239,2025,False
2025-05-30,-0.057072585114664676,0.45239682372301765,0.16837782340862423,0.4334679841995239,0.012061608,0.026374452,0.011658035,-0.014312844,0.0004035728,2025,True
2025-06-03,-0.10637833835770576,0.42734157678433304,0.15811088295687886,0.4163055717945099,-0.005419148,0.0068890923,0.0003033842,-0.01230824,-0.0057225325,2025,False
2025-06-04,-0.11741527131379749,0.4486126527688339,0.19096509240246407,0.4365934431552887,-0.011938635,-0.013044387,-0.009612097,0.0011057518,-0.0023265379,2025,False
2025-06-05,-0.20781093092583083,0.4141782876483236,0.14784394250513347,0.3983853757381439,-0.035991035,-0.029469587,-0.0140954675,-0.0065214485,-0.021895569,2025,False
2025-06-06,-0.21749550464587952,0.38551072356431865,0.1293634496919918,0.37684139609336853,-0.046934154,-0.036175434,-0.019187141,-0.01075872,-0.027747013,2025,True
2025-06-09,-0.10993218371203677,0.4143163387830327,0.1540041067761807,0.39946141839027405,-0.020021107,-0.004458544,-0.0028411145,-0.015562563,-0.017179992,2025,False
2025-06-10,-0.07555492031040817,0.43698208794218835,0.15605749486652978,0.4255615472793579,-0.00489264,-0.00032708203,0.001596088,-0.004565558,-0.006488728,2025,False
2025-06-11,-0.10574844269068481,0.39763781763687595,0.1413934426229508,0.39483702182769775,-0.009995163,0.004723856,0.010174831,-0.01471902,-0.020169996,2025,False
2025-06-12,-0.05431710600759025,0.39991534156751557,0.13141683778234087,0.39203396439552307,0.0029074969,0.026936695,0.017732656,-0.024029199,-0.014825159,2025,False
2025-06-13,-0.025740906939780133,0.4071813892063998,0.1540041067761807,0.4067969024181366,0.0144643765,0.029978119,0.021974685,-0.015513742,-0.007510308,2025,True
2025-06-16,-0.01699579843501452,0.43611099955141525,0.15778688524590165,0.4177073538303375,0.022982428,0.037582457,0.026679894,-0.014600029,-0.003697466,2025,False
2025-06-17,-0.06878536252822127,0.4171694130839505,0.14549180327868852,0.39454150199890137,0.02397672,0.038872056,0.03131155,-0.014895335,-0.0073348284,2025,False
2025-06-18,-0.07744458745726174,0.4155477234855161,0.15368852459016394,0.40184953808784485,0.037398808,0.04399015,0.040670138,-0.0065913424,-0.0032713301,2025,False
2025-06-19,0.028359654130400175,0.4993390335571658,0.19672131147540983,0.4779365360736847,0.064914756,0.05824669,0.045179762,0.0066680647,0.019734994,2025,False
2025-06-20,-0.04398081504055908,0.47299111716879927,0.18442622950819673,0.45224660634994507,0.055674896,0.05322116,0.04713028,0.002453737,0.008544616,2025,True
2025-06-23,-0.07223848807481065,0.4641839439773592,0.18275154004106775,0.44715508818626404,0.042936713,0.036468253,0.035238344,0.00646846,0.0076983683,2025,False
2025-06-24,-0.09633780754167509,0.4323261475923115,0.15778688524590165,0.4198335111141205,0.035796314,0.032572877,0.03227454,0.0032234378,0.003521774,2025,False
2025-06-25,-0.19667277968920396,0.39420114866052963,0.16188524590163936,0.3875372111797333,0.016054455,0.012485184,0.031887308,0.0035692714,-0.015832853,2025,False
2025-06-26,-0.22864159294216707,0.40774138132548043,0.1680327868852459,0.3895733058452606,0.017723706,0.01119879,0.033182345,0.006524916,-0.01545864,2025,False
2025-06-27,-0.24153300974573386,0.39905927806868247,0.15163934426229508,0.38030508160591125,0.010573903,0.009054599,0.035923105,0.0015193038,-0.025349202,2025,True
2025-06-30,-0.2316279276100091,0.4219076949593877,0.1557377049180328,0.40388333797454834,-0.0016259033,0.0023231371,0.021710206,-0.0039490405,-0.023336109,2025,False
2025-07-01,-0.09443606445294374,0.49517264461037147,0.22745901639344263,0.46895119547843933,0.023053462,0.012403321,0.020393588,0.01065014,0.002659874,2025,False
2025-07-02,-0.047692963027495046,0.5216446649275002,0.21063394683026584,0.49727919697761536,0.031101383,0.022265306,0.02225541,0.0088360775,0.008845974,2025,False
2025-07-03,-0.027590406922147953,0.5075545753819021,0.22085889570552147,0.48963436484336853,0.03724522,0.025755603,0.024539998,0.011489619,0.012705224,2025,False
2025-07-04,-0.02965542105177756,0.509648165621558,0.2065439672801636,0.4851841330528259,0.04865054,0.042011004,0.035878424,0.0066395365,0.012772117,2025,True
2025-07-07,-0.1064700293304077,0.48946918913935233,0.17827868852459017,0.47100621461868286,0.04155732,0.035350624,0.038453292,0.006206695,0.0031040274,2025,False
2025-07-08,-0.18006272999719017,0.44929829982368386,0.16155419222903886,0.43183380365371704,0.02454521,0.025476346,0.04024207,-0.0009311363,-0.015696859,2025,False
2025-07-09,-0.1305029321084962,0.48212068594870633,0.16973415132924335,0.45205971598625183,0.035223823,0.035992857,0.043466564,-0.000769034,-0.008242741,2025,False
2025-07-10,-0.12431563409502154,0.4645468374900925,0.17586912065439672,0.4404442310333252,0.036225896,0.041697886,0.039958037,-0.0054719895,-0.003732141,2025,False
2025-07-11,-0.05377961748114416,0.49616813316276126,0.19631901840490798,0.4706728756427765,0.048634432,0.038640656,0.03651654,0.009993777,0.0121178925,2025,True
2025-07-14,-0.029703249969244325,0.5133222628776193,0.2085889570552147,0.48229581117630005,0.06265006,0.050455034,0.042676542,0.012195028,0.01997352,2025,False
2025-07-15,-0.09237990263551028,0.4775036410907751,0.17959183673469387,0.46066930890083313,0.050830297,0.041739635,0.046598945,0.009090662,0.0042313524,2025,False
2025-07-16,-0.05768207932775135,0.4774844466558815,0.2,0.4665146768093109,0.03663837,0.032015655,0.029828079,0.0046227165,0.0068102926,2025,False
2025-07-17,-0.059542328688107445,0.4802778581214118,0.20204081632653062,0.4644359052181244,0.030034835,0.021472177,0.021265829,0.008562658,0.008769006,2025,False
2025-07-18,-0.00730243663385891,0.5065998072089067,0.20408163265306123,0.4890165328979492,0.030001665,0.020388087,0.011901903,0.009613577,0.018099762,2025,True
2025-07-21,0.053638926603006315,0.5301470052003509,0.22040816326530613,0.5198647975921631,0.047541387,0.038321637,0.012074254,0.009219751,0.035467133,2025,False
2025-07-22,0.15243241594610196,0.5897667350199514,0.24693877551020407,0.5683096647262573,0.06487255,0.054958146,0.009076128,0.009914402,0.055796422,2025,False
2025-07-23,0.14347370704268295,0.5769754477505202,0.22448979591836735,0.5517219305038452,0.06402394,0.04935439,0.0077668726,0.014669552,0.05625707,2025,False
2025-07-24,0.12740317886614058,0.5536160123460081,0.22244897959183674,0.5274683237075806,0.05327741,0.042207383,0.0018445821,0.011070028,0.05143283,2025,False
2025-07-25,0.1285495643404944,0.5404242715394753,0.22606924643584522,0.510231077671051,0.0574895,0.054366887,0.012850647,0.0031226128,0.044638854,2025,True
2025-07-28,0.07322315901417029,0.517229315934995,0.23217922606924643,0.4956780672073364,0.058324717,0.04880447,0.021522947,0.009520248,0.03680177,2025,False
2025-07-29,0.1299197327683697,0.560648332789295,0.23983739837398374,0.5494456887245178,0.07366856,0.057019427,0.02389136,0.016649134,0.049777202,2025,False
2025-07-30,0.07697469449410137,0.5684069950096269,0.21792260692464357,0.5486782193183899,0.07594965,0.04697446,0.027721211,0.028975185,0.048228435,2025,False
2025-07-31,0.12397111405823497,0.5907425583035307,0.24643584521384929,0.5703108906745911,0.087794,0.05619113,0.031084403,0.031602867,0.056709595,2025,False
2025-08-01,0.1582104711088663,0.6012805734882233,0.2606924643584521,0.5716539025306702,0.1065059,0.081410155,0.041563176,0.025095746,0.064942725,2025,True
2025-08-04,0.13643141049790156,0.5973960046678755,0.2545824847250509,0.5691832900047302,0.10052633,0.072914004,0.03485679,0.027612329,0.065669544,2025,False
2025-08-05,0.04957852319822714,0.5507393280451254,0.22810590631364563,0.511216938495636,0.07371877,0.057595488,0.037080724,0.016123284,0.036638048,2025,False
2025-08-06,0.029635229780271763,0.5352769276012801,0.22810590631364563,0.5028536915779114,0.07076142,0.053638846,0.040217116,0.017122574,0.030544303,2025,False
2025-08-07,0.08061216878504038,0.5676687869576738,0.23014256619144602,0.5390135049819946,0.07765306,0.058285844,0.036453076,0.019367214,0.041199982,2025,False
2025-08-08,0.06331699822151589,0.5829427534687001,0.22967479674796748,0.5514284372329712,0.08342559,0.064116456,0.042289685,0.019309133,0.041135903,2025,True
2025-08-11,0.07157234399474147,0.5678882127305233,0.20121951219512196,0.5438159108161926,0.078932494,0.067531794,0.043198463,0.0114007,0.03573403,2025,False
2025-08-12,0.03270660313240153,0.5251055118190497,0.19715447154471544,0.5117523670196533,0.063526295,0.048251897,0.032820605,0.015274398,0.03070569,2025,False
2025-08-13,-0.008858201531493732,0.4987186624776606,0.1951219512195122,0.486650675535202,0.036273252,0.033640552,0.018810827,0.0026327,0.017462425,2025,False
2025-08-14,-0.017539510112706228,0.5072607735021184,0.19715447154471544,0.487282395362854,0.047994256,0.037279647,0.026293771,0.010714609,0.021700485,2025,False
2025-08-15,-0.028991440567266154,0.4962843284296997,0.16869918699186992,0.4692237079143524,0.029936831,0.021569287,0.012835544,0.008367544,0.017101288,2025,True
2025-08-18,-0.1195595055570207,0.4699200796625697,0.17682926829268292,0.4510037899017334,0.0029204183,-0.00837881,0.0042481176,0.011299228,-0.0013276993,2025,False
2025-08-19,-0.10485967941085775,0.49580610387913765,0.17073170731707318,0.47673845291137695,-0.00047966716,-0.011149962,-0.007821722,0.010670295,0.007342055,2025,False
2025-08-20,-0.15046498154400226,0.48424776195695823,0.18902439024390244,0.46288877725601196,-0.027394019,-0.031153021,-0.023387346,0.0037590023,-0.0040066727,2025,False
2025-08-21,-0.1846211596062582,0.46143078327542264,0.1565040650406504,0.4402084946632385,-0.031097302,-0.035278678,-0.01637857,0.0041813757,-0.014718732,2025,False
2025-08-22,-0.17419016752014882,0.4306727674214655,0.1565040650406504,0.4240089952945709,-0.03239263,-0.025788134,-0.00687003,-0.0066044945,-0.025522599,2025,True
2025-08-25,-0.16285129943149812,0.4527295031933234,0.16024340770791076,0.4347812533378601,-0.033645935,-0.026643625,-0.015517376,-0.007002311,-0.018128559,2025,False
2025-08-26,-0.18308353375160794,0.4441087769852756,0.15821501014198783,0.41986310482025146,-0.033590402,-0.031052133,-0.010805141,-0.0025382694,-0.022785261,2025,False
2025-08-27,-0.1348424650934293,0.45446115259640774,0.16835699797160245,0.43795308470726013,0.0006709943,-0.0015266014,0.008311119,0.0021975958,-0.0076401248,2025,False
2025-08-28,-0.12279946810557081,0.4486555656083917,0.18052738336713997,0.4299886226654053,0.0052851895,0.0062294947,0.008341393,-0.0009443052,-0.003056204,2025,False
2025-08-29,-0.16739215436631133,0.43283316554827844,0.17682926829268292,0.41517722606658936,-0.007605119,-0.006648796,0.007345158,-0.000956323,-0.014950277,2025,True
2025-09-01,-0.05059471900536113,0.4787871309563622,0.20121951219512196,0.46096712350845337,0.019717488,0.018078106,0.012785166,0.0016393829,0.006932323,2025,False
2025-09-02,0.040054506478421764,0.5185633504583778,0.2129817444219067,0.5049603581428528,0.04960932,0.044935197,0.024561021,0.0046741217,0.025048297,2025,False
2025-09-03,0.20207700992653255,0.6099668072970139,0.25760649087221094,0.591202437877655,0.09076948,0.07468711,0.02162422,0.016082369,0.069145255,2025,False
2025-09-04,0.21298497969314223,0.636699477304673,0.2738336713995943,0.6151286363601685,0.078477405,0.053410113,0.006807409,0.025067292,0.071669996,2025,False
2025-09-05,0.15804756465755238,0.6394554424698807,0.2920892494929006,0.6048009991645813,0.054294165,0.028501967,-0.01249067,0.025792198,0.06678484,2025,True
2025-09-08,0.13375256138903502,0.6393526311947062,0.30628803245436104,0.6115362644195557,0.046778582,0.013223781,-0.025937824,0.0335548,0.07271641,2025,False
2025-09-09,0.14002383576254393,0.6060055518040376,0.22267206477732793,0.5869407653808594,0.047842797,0.028575093,-0.011991788,0.019267704,0.059834585,2025,False
2025-09-10,0.14474954629692544,0.5922849660142628,0.22672064777327935,0.5767566561698914,0.041979633,0.036649074,-0.0077736457,0.005330559,0.04975328,2025,False
2025-09-11,0.05302330880703508,0.5169225594172147,0.17038539553752535,0.5009014010429382,-0.0017769784,0.0135957,-0.020271542,-0.015372679,0.018494563,2025,False
2025-09-12,0.02620563055195625,0.4951508315403604,0.1663286004056795,0.4802643358707428,-0.0074257297,0.0114655355,-0.019522697,-0.018891266,0.012096968,2025,True
2025-09-15,0.06946653502312715,0.504739825453364,0.1643002028397566,0.49068230390548706,0.00014182375,0.027350107,-0.018278886,-0.027208284,0.01842071,2025,False
2025-09-16,0.021794161683077455,0.4725138497199529,0.15212981744421908,0.46783626079559326,-0.009616478,0.015353307,-0.017477183,-0.024969786,0.007860704,2025,False
2025-09-17,-0.11342401442003898,0.3656307419496297,0.1075050709939148,0.3641678988933563,-0.036894824,0.0008184338,-0.0059252367,-0.03771326,-0.030969588,2025,False
2025-09-18,-0.1605988540101204,0.3749133360928834,0.1359026369168357,0.36695969104766846,-0.03847146,-0.015080612,-0.00495509,-0.023390848,-0.03351637,2025,False
2025-09-19,-0.18034193219649208,0.3251209935441807,0.10953346855983773,0.3257030248641968,-0.038282275,0.00044386028,0.007972779,-0.038726136,-0.046255052,2025,True
2025-09-22,-0.25252603748885166,0.3070974755498351,0.09939148073022312,0.30505502223968506,-0.041708965,-0.0031442158,0.028504407,-0.03856475,-0.07021337,2025,False
2025-09-23,-0.234696374938281,0.3443644730783462,0.11764705882352941,0.3394854664802551,-0.03747002,-0.013300199,0.011604755,-0.024169821,-0.049074776,2025,False
2025-09-24,-0.33422543500177554,0.30058066574423414,0.10141987829614604,0.29383915662765503,-0.075889625,-0.042988118,0.0005349101,-0.032901507,-0.07642453,2025,False
2025-09-25,-0.30271158115182406,0.34923758276168226,0.1257606490872211,0.3347221910953522,-0.051451948,-0.0333498,0.001738908,-0.018102147,-0.053190857,2025,False
2025-09-26,-0.28380545246162936,0.36489695272700984,0.12195121951219512,0.34588462114334106,-0.033833507,-0.025659548,0.0152266435,-0.008173959,-0.04906015,2025,True
2025-09-29,-0.3203527896239721,0.35403777321033514,0.11561866125760649,0.3281969726085663,-0.046971932,-0.03473476,0.014641163,-0.012237173,-0.061613094,2025,False
2025-09-30,-0.41105202721345735,0.31283467047560726,0.07505070993914807,0.2856466472148895,-0.07576908,-0.056675587,0.01581378,-0.019093495,-0.091582865,2025,False
2025-10-09,-0.3304268220614701,0.38109118544754395,0.11764705882352941,0.35990428924560547,-0.031475265,-0.03011348,0.012789466,-0.0013617855,-0.04426473,2025,False
2025-10-10,-0.20134469905138225,0.460465044268027,0.18089430894308944,0.43802711367607117,0.017376276,0.0047220555,0.02685192,0.012654221,-0.009475645,2025,True
2025-10-13,-0.1667299499957717,0.4836482216062851,0.1991869918699187,0.45635464787483215,0.010953,-0.001604376,0.01953247,0.012557376,-0.00857947,2025,False
2025-10-14,-0.0472737443196241,0.553451000093741,0.2697768762677485,0.5276943445205688,0.03839648,0.0107250195,0.012352942,0.027671462,0.02604354,2025,False
2025-10-15,-0.07440923399292367,0.5123363469479466,0.23529411764705882,0.4876682460308075,0.022782572,0.009346414,0.012708875,0.013436157,0.010073696,2025,False
2025-10-16,-0.007527160792151514,0.5439364644309291,0.21703853955375255,0.5154264569282532,0.04381234,0.037545945,0.027796688,0.006266393,0.01601565,2025,False
2025-10-17,-0.08660752842373282,0.4826851423137167,0.1947261663286004,0.46341603994369507,0.034399185,0.031232022,0.035403688,0.0031671636,-0.0010045022,2025,True
2025-10-20,-0.12906917311005497,0.4449157540220008,0.17849898580121704,0.4265577793121338,0.01181286,0.017470276,0.025644442,-0.005657416,-0.013831582,2025,False
2025-10-21,-0.1554848594861699,0.3968818089908626,0.15212981744421908,0.39039188623428345,-0.0014238418,0.019828914,0.02179798,-0.021252755,-0.02322182,2025,False
2025-10-22,-0.03556248289332357,0.4646411479558216,0.17849898580121704,0.4502655565738678,0.03163956,0.04428117,0.026045999,-0.012641609,0.0055935625,2025,False
2025-10-23,-0.09568580753914468,0.42943961687432697,0.15010141987829614,0.41751688718795776,0.010957484,0.026237115,0.017522966,-0.015279631,-0.0065654824,2025,False
2025-10-24,-0.20661835920046295,0.3563737770273017,0.13184584178498987,0.350947767496109,-0.011978155,0.003764446,0.02584968,-0.0157426,-0.037827834,2025,True
2025-10-27,-0.21498294487956796,0.3547612038070994,0.11764705882352941,0.3445570468902588,-0.013077293,0.009842153,0.027757019,-0.022919446,-0.04083431,2025,False
2025-10-28,-0.26222694816429004,0.32740500780795057,0.13184584178498987,0.31878530979156494,-0.029022444,-0.007678858,0.029942991,-0.021343585,-0.058965437,2025,False
2025-10-29,-0.23622422413598135,0.35454723951968603,0.1257606490872211,0.34190791845321655,-0.013149177,0.008469282,0.033500586,-0.02161846,-0.04664976,2025,False
2025-10-30,-0.2500094345916137,0.34484857113501377,0.12373225152129817,0.32724592089653015,-0.009148209,0.014930766,0.033633396,-0.024078976,-0.042781606,2025,False
2025-10-31,-0.22207808909551663,0.3929948390557216,0.13793103448275862,0.3728889524936676,0.0049145613,0.008099767,0.026472026,-0.003185206,-0.021557465,2025,True
2025-11-03,-0.19557202161581533,0.4208507280396023,0.1643002028397566,0.40496107935905457,0.003651124,0.00358809,0.016346155,6.303401e-05,-0.012695031,2025,False
2025-11-04,-0.1810032539971219,0.45381981401335564,0.18052738336713997,0.4304172992706299,-0.0019089876,-0.014428331,0.0045800665,0.012519343,-0.0064890543,2025,False
2025-11-05,-0.23028964209372227,0.4223627941168578,0.15010141987829614,0.3897222578525543,-0.028017737,-0.029739948,-0.0048366166,0.001722211,-0.02318112,2025,False
2025-11-06,-0.2928023394389862,0.3938106416005465,0.13387423935091278,0.3658257722854614,-0.06690397,-0.06055058,-0.028391149,-0.0063533895,-0.038512822,2025,False
2025-11-07,-0.26502910940806823,0.4369662727339488,0.15618661257606492,0.4036019444465637,-0.066537194,-0.06865839,-0.035882547,0.0021211952,-0.030654646,2025,True
2025-11-10,-0.16186427683660823,0.4905634448455508,0.1663286004056795,0.4620743989944458,-0.040500075,-0.049983393,-0.026588507,0.009483319,-0.013911568,2025,False
2025-11-11,-0.11678090613023563,0.5164520952275364,0.17038539553752535,0.4849392771720886,-0.026927533,-0.03287742,-0.020179627,0.0059498865,-0.006747905,2025,False
2025-11-12,-0.14665018492101534,0.5020882092680343,0.17849898580121704,0.4667070209980011,-0.037730172,-0.04082187,-0.023756012,0.0030916966,-0.01397416,2025,False
2025-11-13,-0.09819232096897418,0.515877367811607,0.1947261663286004,0.4909006357192993,-0.030699298,-0.039161973,-0.027631061,0.008462675,-0.0030682366,2025,False
2025-11-14,-0.10024362157195338,0.5014662379470615,0.17849898580121704,0.4818800091743469,-0.019152611,-0.027498294,-0.013008252,0.008345682,-0.0061443597,2025,True
2025-11-17,-0.09262165984892926,0.4981496415362989,0.1744421906693712,0.47199246287345886,-0.020227462,-0.02076077,-0.017715247,0.00053330883,-0.0025122147,2025,False
2025-11-18,-0.07166782154888329,0.48947928257206075,0.16835699797160245,0.47555071115493774,-0.012464867,-0.018699646,-0.015345697,0.006234779,0.0028808303,2025,False
2025-11-19,-0.04739319755736751,0.4852764859690082,0.1680161943319838,0.4713951647281647,-0.017338846,-0.010836312,-0.017649313,-0.0065025343,0.00031046756,2025,False
2025-11-20,0.026200373155022175,0.5276067796101743,0.18052738336713997,0.5129971504211426,0.026976781,0.027289722,0.012475226,-0.00031294115,0.014501555,2025,False
2025-11-21,0.14066408264651767,0.6008760411445716,0.23123732251521298,0.5838660001754761,0.06886936,0.061235394,0.024770966,0.0076339655,0.044098392,2025,True
2025-11-24,0.1006356880681124,0.5912536132690841,0.24543610547667344,0.5696855783462524,0.041923042,0.037286777,0.0074686445,0.0046362653,0.034454398,2025,False
2025-11-25,0.06422253278895983,0.5671424161296859,0.21095334685598377,0.5470559000968933,0.030901972,0.020748584,0.0017255481,0.010153389,0.029176423,2025,False
2025-11-26,0.03137846066160625,0.559865494567288,0.2129817444219067,0.5345208048820496,0.02518778,0.015319681,-0.0016749377,0.009868098,0.026862716,2025,False
2025-11-27,-0.003194119497707863,0.5421474523297272,0.2129817444219067,0.5240569114685059,0.016528385,-0.0018852716,-0.0040262546,0.018413655,0.02055464,2025,False
2025-11-28,-0.0023200025000652356,0.5293295001181667,0.23170731707317074,0.5134126543998718,0.0030603528,-0.009255387,-0.0167462,0.01231574,0.019806553,2025,True
2025-12-01,-0.02425356047857642,0.5193837792843031,0.22515212981744423,0.5070313215255737,-0.011387699,-0.02026358,-0.025300333,0.008875881,0.013912634,2025,False
2025-12-02,0.01318862119363613,0.5537819563262592,0.22920892494929007,0.5394710302352905,-0.0001333611,-0.012746927,-0.025850497,0.012613567,0.025717136,2025,False
2025-12-03,0.03107002740327196,0.5555850339389101,0.24543610547667344,0.5361313819885254,0.024567204,2.8575652e-05,-0.010800172,0.024538629,0.035367377,2025,False
2025-12-04,-0.0331427888420678,0.5042110293986081,0.22718052738336714,0.48978328704833984,0.015053329,-0.0020030015,-0.0040367763,0.017056331,0.019090105,2025,False
2025-12-05,-0.03702988209757367,0.4911121668510161,0.21951219512195122,0.4803428649902344,0.0024931198,-0.010410849,-0.010873594,0.012903969,0.013366714,2025,True
2025-12-08,-0.04226040666011237,0.4964048176103226,0.2129817444219067,0.47984427213668823,-0.001214262,-0.010037146,-0.0115911085,0.0088228835,0.010376846,2025,False
2025-12-09,-0.021951758951783463,0.5199330505186474,0.22920892494929007,0.5029118061065674,0.014599107,0.0006541067,-0.002142256,0.013945,0.016741363,2025,False
2025-12-10,-0.02433260363448697,0.47772440098414215,0.20486815415821502,0.4680742621421814,0.02543357,0.019976841,0.01327296,0.005456729,0.01216061,2025,False
2025-12-11,0.050796425869204825,0.5477259253890282,0.2434077079107505,0.5242327451705933,0.04725335,0.033565894,0.018130941,0.013687458,0.02912241,2025,False
2025-12-12,0.07211244027566434,0.5877288829729705,0.24746450304259635,0.5550255179405212,0.052673385,0.035952166,0.0187078,0.016721219,0.033965584,2025,True
2025-12-15,0.14065185256266458,0.6307198379212541,0.2778904665314402,0.5902287364006042,0.077778295,0.060984697,0.026705412,0.016793597,0.05107288,2025,False
2025-12-16,0.09354500671614444,0.5779550957617913,0.22718052738336714,0.5503103733062744,0.07304557,0.06147333,0.033537734,0.011572238,0.039507832,2025,False
2025-12-17,0.18143744180116989,0.6047600276779975,0.22718052738336714,0.5743958950042725,0.07343288,0.06355069,0.027150728,0.009882189,0.04628215,2025,False
2025-12-18,0.19669201600559852,0.6250156491533694,0.26369168356997974,0.5972985029220581,0.09022277,0.0728559,0.029836232,0.017366871,0.06038654,2025,False
2025-12-19,0.1944305602454382,0.6261250860332057,0.2621951219512195,0.5995458364486694,0.08758382,0.08079214,0.027327128,0.006791681,0.06025669,2025,True
2025-12-22,0.1886320479869186,0.5791091374499243,0.2657200811359026,0.5551609396934509,0.09284209,0.09225679,0.034062013,0.00058529526,0.058780074,2025,False
2025-12-23,0.14460373747632385,0.5352996716136501,0.2150101419878296,0.5198076367378235,0.08901406,0.105378956,0.043769307,-0.016364895,0.045244753,2025,False
2025-12-24,0.12051266644734764,0.5420507890036783,0.22920892494929007,0.5285854935646057,0.1008932,0.11639923,0.06173665,-0.015506029,0.03915655,2025,False
2025-12-25,0.0630513486293546,0.5175701260234712,0.22357723577235772,0.5017175078392029,0.088739485,0.09538351,0.07060725,-0.0066440254,0.018132232,2025,False
2025-12-26,0.044397209465707715,0.5035440170970297,0.17886178861788618,0.479576051235199,0.079171576,0.1036768,0.080531694,-0.024505228,-0.0013601184,2025,True
2025-12-29,0.02537771728018762,0.5059222269848086,0.20121951219512196,0.48140275478363037,0.075107425,0.085533515,0.069222845,-0.010426089,0.0058845803,2025,False
2025-12-30,0.08792738266441913,0.5357462489474943,0.21747967479674796,0.5040531158447266,0.08710518,0.097301714,0.061514698,-0.010196537,0.02559048,2025,False
2025-12-31,0.1195009337376794,0.5448437030037102,0.23529411764705882,0.5182498097419739,0.08482861,0.08351388,0.044444587,0.0013147295,0.04038402,2025,False
2026-01-05,0.04007536370843798,0.5053944890928812,0.20689655172413793,0.48356038331985474,0.057472978,0.05532569,0.033149883,0.0021472871,0.024323095,2026,False
2026-01-06,0.012781021422052,0.4927582885878585,0.2028397565922921,0.4741463363170624,0.048865397,0.047983576,0.028715309,0.0008818209,0.020150088,2026,False
2026-01-07,0.0005379472630398889,0.49333818608138164,0.2028397565922921,0.46786731481552124,0.04905214,0.053494398,0.031729013,-0.004442256,0.017323129,2026,False
2026-01-08,0.0032362435736853932,0.4983995050634655,0.2028397565922921,0.4702761769294739,0.052154236,0.053575892,0.03166885,-0.0014216565,0.020485386,2026,False
2026-01-09,-0.0940612322109718,0.4819774300404712,0.1947261663286004,0.455814003944397,0.022948608,0.018845942,0.022334753,0.004102666,0.0006138552,2026,True
2026-01-12,-0.10814181439524055,0.48801387635379667,0.20081135902636918,0.46518248319625854,0.008540788,0.0012726333,0.0039476226,0.0072681545,0.004593165,2026,False
2026-01-13,-0.1212211906886021,0.47946181403082344,0.17849898580121704,0.45966121554374695,0.011842841,0.003792933,0.011124529,0.008049908,0.00071831234,2026,False
2026-01-14,-0.1507038544521768,0.4841875626150811,0.19675456389452334,0.4576248228549957,0.024945188,0.008877626,0.01877968,0.016067563,0.006165508,2026,False
2026-01-15,-0.2590152128831522,0.4257403969038189,0.16227180527383367,0.40613943338394165,-0.007015979,-0.009736926,0.018475074,0.0027209474,-0.025491053,2026,False
2026-01-16,-0.2598699502746326,0.4458340655206771,0.17849898580121704,0.42275574803352356,-0.01709205,-0.019266875,0.0057917167,0.0021748263,-0.022883765,2026,True
2026-01-19,-0.11474680842661625,0.525650163370785,0.23732251521298176,0.4937060475349426,0.0071776323,-0.01040656,-0.0062532416,0.017584193,0.013430874,2026,False
2026-01-20,-0.13718760723818763,0.49089469360383364,0.18864097363083165,0.45776522159576416,0.0008134083,-0.0032385972,0.0011803735,0.0040520057,-0.0003669652,2026,False
2026-01-21,-0.23869508581523002,0.4475310667579612,0.1720647773279352,0.4214059114456177,-0.023011783,-0.02541071,0.0001429042,0.0023989268,-0.023154687,2026,False
2026-01-22,-0.2743050934382267,0.4256981244612079,0.13793103448275862,0.4017549455165863,-0.040605053,-0.03941874,-0.0072641056,-0.001186315,-0.033340946,2026,False
2026-01-23,-0.17251393950414504,0.4544740162166342,0.15212981744421908,0.4317265450954437,-0.018288087,-0.018733578,-0.005496625,0.0004454907,-0.012791462,2026,True
2026-01-26,-0.1603676322991848,0.4383844321730395,0.1659919028340081,0.41332587599754333,-0.0041068937,0.00024229784,0.007437478,-0.0043491917,-0.011544371,2026,False
2026-01-27,-0.18243155137336714,0.414082276795933,0.15182186234817813,0.3990579843521118,-0.014352452,-0.0086026555,0.0053988327,-0.0057497965,-0.019751284,2026,False
2026-01-28,-0.10745281737394109,0.4445231111102202,0.17408906882591094,0.4303964376449585,-0.005044668,-0.0057449485,-0.0005948392,0.00070028054,-0.0044498285,2026,False
2026-01-29,0.03637601055225013,0.4785003408029333,0.20445344129554655,0.462938129901886,0.014998141,0.020621829,-0.0015204247,-0.005623688,0.016518565,2026,False
2026-01-30,0.04314656376331371,0.4713907394992953,0.19838056680161945,0.4523560702800751,0.025873031,0.02831837,0.008585785,-0.0024453383,0.017287247,2026,True
2026-02-02,-0.026180400686649428,0.42740622550716173,0.17611336032388664,0.41585028171539307,0.025590649,0.03484864,0.02562892,-0.009257993,-3.827177e-05,2026,False
2026-02-03,0.0541847680046901,0.47977259289279245,0.20242914979757085,0.4720589220523834,0.037004992,0.03394861,0.013653151,0.003056381,0.02335184,2026,False
2026-02-04,0.13952605391248224,0.5241873917731195,0.21862348178137653,0.512897789478302,0.060371805,0.05394077,0.012263321,0.0064310357,0.048108485,2026,False
2026-02-05,0.13026963511050038,0.5785801583844429,0.24696356275303644,0.5645514130592346,0.071740836,0.042406008,0.004595971,0.029334828,0.06714486,2026,False
2026-02-06,-0.029392404380841553,0.5081797155096608,0.20647773279352227,0.4963725507259369,0.013429437,0.0030266377,-0.006133613,0.010402799,0.01956305,2026,True
2026-02-09,-0.024334849248527208,0.524891644636021,0.1882591093117409,0.5062786340713501,-0.014197305,-0.022621142,-0.027503876,0.008423837,0.013306571,2026,False
2026-02-10,0.008254873702637399,0.5448370765222266,0.22672064777327935,0.5249027013778687,0.006076331,-0.011741115,-0.025758449,0.017817445,0.03183478,2026,False
2026-02-11,-0.021212987376588003,0.525607072306564,0.20242914979757085,0.5001299977302551,0.0037901325,-0.006001954,-0.016269244,0.009792087,0.020059377,2026,False
2026-02-12,-0.1057377126277492,0.4845130162059471,0.16767676767676767,0.45908161997795105,-0.017442789,-0.026206592,-0.01686817,0.008763803,-0.0005746186,2026,False
2026-02-13,-0.006394545931972594,0.5479829118261681,0.2080808080808081,0.5192424654960632,0.018354077,0.007288771,-0.008238629,0.011065306,0.026592705,2026,True
2026-02-24,0.02743079304966009,0.5698044992553934,0.21818181818181817,0.5408893823623657,0.019628374,0.0042413436,-0.019354759,0.01538703,0.038983133,2026,False
2026-02-25,-0.11093527284736708,0.47945646461486585,0.16161616161616163,0.46035194396972656,-0.014519822,-0.018608732,-0.017486159,0.0040889103,0.002966337,2026,False
2026-02-26,-0.17133599908504255,0.42730501271503635,0.14747474747474748,0.40730270743370056,-0.03815156,-0.030774882,-0.023352109,-0.0073766764,-0.01479945,2026,False
2026-02-27,-0.26374743743979717,0.35685366881501474,0.12323232323232323,0.34160658717155457,-0.06208149,-0.042817935,-0.014085393,-0.019263554,-0.047996096,2026,True
2026-03-02,-0.2646933421043673,0.36117736252842353,0.1292929292929293,0.3456391394138336,-0.043665938,-0.024104683,0.0020822012,-0.019561255,-0.04574814,2026,False
2026-03-03,-0.2811097787473916,0.3820192112067946,0.13131313131313133,0.36572831869125366,-0.023808632,-0.015327439,0.017881533,-0.008481193,-0.041690163,2026,False
2026-03-04,-0.3375147453342163,0.36526427849723353,0.13535353535353536,0.356698215007782,-0.048999816,-0.042430777,0.0043141497,-0.006569039,-0.053313967,2026,False
2026-03-05,-0.29904187218088285,0.4295082690414363,0.15151515151515152,0.4134809076786041,-0.05527147,-0.06173151,-0.018716397,0.006460041,-0.036555074,2026,False
2026-03-06,-0.18981780493235734,0.4966558080031176,0.16532258064516128,0.4702747166156769,-0.07522869,-0.09289913,-0.0637503,0.017670438,-0.011478394,2026,True
2026-03-09,-0.3100142109485307,0.404234904871924,0.1310483870967742,0.3833669126033783,-0.11898747,-0.12117145,-0.07399607,0.0021839812,-0.044991404,2026,False
2026-03-10,-0.2445498838244383,0.4196754510429801,0.13911290322580644,0.39560380578041077,-0.087756924,-0.08632856,-0.056711484,-0.0014283657,-0.03104544,2026,False
2026-03-11,-0.2015517320941694,0.4513304813729862,0.17338709677419356,0.4215430021286011,-0.0785535,-0.085862145,-0.059120968,0.007308647,-0.01943253,2026,False
2026-03-12,-0.13501051070246514,0.4837053605076968,0.18383838383838383,0.4528751075267792,-0.0694472,-0.07957053,-0.061096825,0.010123335,-0.008350372,2026,False
2026-03-13,-0.060888915730612336,0.5364727643336046,0.20404040404040405,0.50810307264328,-0.041747924,-0.060313564,-0.054706983,0.01856564,0.012959059,2026,True
2026-03-16,-0.062133616015754956,0.5124145430431557,0.20202020202020202,0.4909902811050415,-0.039963096,-0.05363824,-0.05065732,0.013675142,0.010694224,2026,False
2026-03-17,-0.047913424785938415,0.5406853685741797,0.21818181818181817,0.5115309357643127,-0.02329878,-0.037284046,-0.03564417,0.013985267,0.01234539,2026,False
2026-03-18,-0.06455407290660299,0.5065238876384736,0.2157258064516129,0.4896934926509857,-0.024390329,-0.035471067,-0.036071956,0.011080738,0.0116816275,2026,False
2026-03-19,-0.07307115505613511,0.5028939062301231,0.21370967741935484,0.4874137341976166,-0.031833835,-0.04110078,-0.03703324,0.009266946,0.0051994063,2026,False
2026-03-20,-0.043330196473330154,0.5089555647783883,0.2157258064516129,0.48967432975769043,0.021183709,0.009632579,0.013832743,0.01155113,0.0073509654,2026,True
2026-03-23,0.08792809867805852,0.5786320149075679,0.2540322580645161,0.5571390390396118,0.071651176,0.05772283,0.037943292,0.013928346,0.033707883,2026,False
2026-03-24,0.0728599073745772,0.5889549202509946,0.2661290322580645,0.5627471804618835,0.039339144,0.022296539,0.008827033,0.017042605,0.03051211,2026,False
2026-03-25,0.15310062865248766,0.6229631733453539,0.2862903225806452,0.5892605781555176,0.059520498,0.0454085,0.018433223,0.014111999,0.041087277,2026,False
2026-03-26,0.12924347626171545,0.6249590345694941,0.2782258064516129,0.59096759557724,0.0563365,0.04037306,0.013637777,0.015963439,0.042698722,2026,False
2026-03-27,0.18788566501214815,0.645429156602284,0.28888888888888886,0.6184460520744324,0.06992199,0.05193763,0.0113133965,0.017984364,0.058608595,2026,True
2026-03-30,0.21649193801154942,0.6770411139323438,0.3292929292929293,0.6389538645744324,0.08497897,0.055833705,0.013256592,0.029145263,0.07172237,2026,False
2026-03-31,0.22401599536003644,0.6750450580090165,0.30707070707070705,0.6397979259490967,0.08230722,0.057322532,0.012777897,0.024984688,0.069529325,2026,False
2026-04-01,0.2867377764453892,0.6957273627283578,0.3333333333333333,0.6620919704437256,0.11566648,0.08496857,0.016564135,0.030697912,0.09910235,2026,False
2026-04-02,0.33178856330732953,0.6621021957061954,0.28888888888888886,0.6368253827095032,0.13372067,0.1188211,0.030900883,0.014899567,0.102819785,2026,False
2026-04-03,0.2801720758838171,0.6526573337326805,0.29292929292929293,0.6186710000038147,0.12214684,0.11099661,0.03226544,0.011150226,0.0898814,2026,True
2026-04-07,0.23035066738352286,0.6632804187690142,0.29494949494949496,0.6345463991165161,0.099653505,0.072719075,0.010216185,0.02693443,0.08943732,2026,False
2026-04-08,0.1809189072630652,0.6431671857797954,0.26464646464646463,0.6059116125106812,0.07684227,0.06560029,0.0123315565,0.01124198,0.06451072,2026,False
2026-04-09,0.14504438331868585,0.6206016619867696,0.26464646464646463,0.5854913592338562,0.057440408,0.04184829,-0.006946719,0.015592117,0.06438713,2026,False
2026-04-10,0.1607839909321595,0.6252587371790875,0.2828282828282828,0.6013209223747253,0.07325211,0.048938923,-0.002611155,0.02431319,0.075863265,2026,True
2026-04-13,0.11156671760008792,0.5909424415096671,0.2545454545454545,0.5753203630447388,0.054987367,0.026091024,-0.0074477503,0.028896343,0.062435117,2026,False
2026-04-14,0.10320711737102253,0.5757013510702106,0.2413793103448276,0.5569127798080444,0.04936331,0.025954003,-0.0035602867,0.023409309,0.052923597,2026,False
2026-04-15,0.11500537240823677,0.5972114745980425,0.2738336713995943,0.5786216855049133,0.061632127,0.023840802,-0.0024376293,0.037791327,0.064069755,2026,False
2026-04-16,0.14111943387500386,0.6178282745912771,0.27419354838709675,0.5970737338066101,0.0740768,0.036354475,0.0046882927,0.037722327,0.06938851,2026,False
2026-04-17,0.18556864843884424,0.6576270091861345,0.2903225806451613,0.6340886354446411,0.09044595,0.043586716,0.0015159771,0.046859235,0.08892997,2026,True
2026-04-20,0.22083026876523112,0.6706862967738881,0.30505050505050507,0.6446206569671631,0.107628316,0.060596783,0.009077707,0.047031533,0.09855061,2026,False
2026-04-21,0.21631585458804783,0.6711951138295474,0.28888888888888886,0.6359123587608337,0.11453094,0.06936363,0.013881989,0.045167312,0.100648955,2026,False
2026-04-22,0.2296905655227551,0.6827546507608742,0.2909090909090909,0.6484820246696472,0.119403794,0.08029689,0.009707664,0.039106905,0.10969613,2026,False
2026-04-23,0.2931607323199793,0.7238411784721837,0.33131313131313134,0.6866783499717712,0.15358342,0.096637,0.013900178,0.05694642,0.13968325,2026,False
2026-04-24,0.2840223976364477,0.6927057219917705,0.305668016194332,0.6614630818367004,0.13569298,0.11205877,0.009354681,0.02363421,0.1263383,2026,True
2026-04-27,0.28405082803359566,0.681543269135766,0.30425963488843816,0.6517124772071838,0.1228587,0.086547226,-0.0046733785,0.036311477,0.12753208,2026,False
2026-04-28,0.31695859758605344,0.6806945646009613,0.2979591836734694,0.6584672331809998,0.11697775,0.086004496,-0.02306437,0.030973256,0.14004213,2026,False
2026-04-29,0.2628104397219384,0.6439945263221574,0.2725409836065574,0.6268918514251709,0.09822256,0.07361655,-0.021002851,0.024606012,0.11922541,2026,False
2026-04-30,0.235100336394084,0.6544720636704399,0.29713114754098363,0.6368955969810486,0.08737925,0.052244596,-0.031211613,0.03513465,0.11859086,2026,False
2026-05-06,0.16885748318841778,0.6367426659945008,0.27049180327868855,0.6114184260368347,0.061570056,0.0353985,-0.030880464,0.026171558,0.09245052,2026,False
2026-05-07,0.14791916557228274,0.6287064986675889,0.26844262295081966,0.6034179925918579,0.03363976,0.010002798,-0.049576085,0.02363696,0.08321585,2026,False
2026-05-08,0.12855954476880924,0.6233652235360148,0.27049180327868855,0.5942111611366272,0.029748026,0.0049188104,-0.049713355,0.024829216,0.07946138,2026,True
2026-05-11,0.07507561154683073,0.6057481622929767,0.2520491803278688,0.5717777013778687,0.013359095,-0.009040742,-0.05085234,0.022399837,0.064211436,2026,False
2026-05-12,0.05308831848949739,0.6199041608438762,0.2581967213114754,0.5828548669815063,0.0029003874,-0.028444147,-0.056505032,0.031344533,0.05940542,2026,False
2026-05-13,0.025961504127413305,0.6133290801127748,0.26844262295081966,0.5781797766685486,-0.0050114193,-0.037922964,-0.05747855,0.032911543,0.05246713,2026,False
2026-05-14,-0.029197332556364888,0.62684936344171,0.26639344262295084,0.5869877338409424,0.0064353226,-0.033511583,-0.03718893,0.039946906,0.043624252,2026,False
2026-05-15,-0.18495072717913147,0.5046530899079651,0.20081967213114754,0.48152363300323486,-0.03092262,-0.04429816,-0.017403828,0.013375541,-0.013518792,2026,True
2026-05-18,-0.20386720501459138,0.5343086339867262,0.20901639344262296,0.5068604350090027,-0.03515635,-0.06420883,-0.025700403,0.029052477,-0.009455947,2026,False
2026-05-19,-0.16975824980259316,0.5465007189460335,0.22131147540983606,0.5146995186805725,-0.027140848,-0.059403334,-0.03362908,0.032262485,0.00648823,2026,False
2026-05-20,-0.1366708376096937,0.5587979165467789,0.22131147540983606,0.5290529727935791,-0.029104574,-0.065722056,-0.047023818,0.03661748,0.017919244,2026,False
2026-05-21,-0.159124850625311,0.5462590098134847,0.21267893660531698,0.5157024264335632,-0.023615504,-0.045208924,-0.029759873,0.02159342,0.006144369,2026,False
2026-05-22,-0.2527172386374522,0.46694370698494847,0.1885245901639344,0.44816339015960693,-0.07629708,-0.08636554,-0.044234462,0.010068461,-0.03206262,2026,True
2026-05-25,-0.17609804096143433,0.5235748347600546,0.22745901639344263,0.49679628014564514,-0.046993427,-0.067454144,-0.04648133,0.020460717,-0.00051209703,2026,False
2026-05-26,-0.1933682901387123,0.508706935868345,0.22131147540983606,0.4870297908782959,-0.042492952,-0.064907715,-0.03692491,0.022414763,-0.0055680424,2026,False
2026-05-27,-0.16705964471955717,0.5350354296227205,0.2459016393442623,0.516728937625885,-0.033784892,-0.06818472,-0.038439307,0.034399826,0.004654415,2026,False
2026-05-28,-0.07511334652480035,0.5577046875719016,0.26434426229508196,0.5364636778831482,-0.008634663,-0.039150346,-0.03357439,0.030515682,0.024939727,2026,False
2026-05-29,0.06400639905634302,0.652881110257455,0.32581967213114754,0.6269472241401672,0.043350425,-0.0119498,-0.030460788,0.055300225,0.07381121,2026,True
2026-06-01,0.257479563487938,0.747774664551547,0.36475409836065575,0.7177675366401672,0.108702146,0.02587585,-0.0388286,0.082826294,0.14753075,2026,False
2026-06-02,0.21176902282681376,0.718551846010867,0.35040983606557374,0.6874005794525146,0.09728191,0.025418635,-0.034982316,0.07186328,0.13226423,2026,False
2026-06-03,0.2590603240217086,0.7523885153342628,0.39344262295081966,0.718846321105957,0.122669056,0.038966585,-0.03103125,0.083702475,0.1537003,2026,False
2026-06-04,0.2763712561550264,0.7778969179890001,0.38934426229508196,0.7433456778526306,0.13332744,0.038739704,-0.047252994,0.094587736,0.18058044,2026,False
2026-06-05,0.2344601897631959,0.7621559848947863,0.4049079754601227,0.7308534979820251,0.17431672,0.073720396,-0.001492585,0.10059632,0.17580931,2026,True
2026-06-08,0.22671012476070493,0.7496632404649667,0.39959016393442626,0.7158421874046326,0.14927533,0.060603213,-0.015205483,0.08867212,0.16448082,2026,False
2026-06-09,0.2792073655733448,0.7894359740054222,0.44672131147540983,0.7489332556724548,0.18484038,0.063919015,-0.026756685,0.120921366,0.21159707,2026,False
2026-06-10,0.26630264742358495,0.7786062585875907,0.430327868852459,0.7438219785690308,0.16824894,0.065904915,-0.036068864,0.10234402,0.20431781,2026,False
2026-06-11,0.21490752149003578,0.7669066346598217,0.4036885245901639,0.730155885219574,0.12540977,0.028513487,-0.05693406,0.096896276,0.18234383,2026,False
2026-06-12,0.2688426083070603,0.7661200924176735,0.3790983606557377,0.7293768525123596,0.12595329,0.036849678,-0.070462644,0.08910361,0.19641593,2026,True
2026-06-15,0.17479225044349128,0.6975340876036016,0.32786885245901637,0.6682314872741699,0.09888945,0.03510955,-0.044179916,0.0637799,0.14306936,2026,False
2026-06-16,0.03784960767511567,0.572618325478088,0.23155737704918034,0.5489693284034729,0.030928385,0.012859542,-0.02116279,0.018068843,0.052091174,2026,False
2026-06-17,-0.10586469549148152,0.4855560084769471,0.19057377049180327,0.4650742709636688,-0.01094814,-0.012531376,-0.0044506798,0.0015832363,-0.0064974604,2026,False
2026-06-18,-0.22392904251108348,0.4076064685557044,0.16359918200409,0.3962084650993347,-0.038347155,-0.024960883,0.018834569,-0.013386272,-0.057181723,2026,False
2026-06-22,-0.1625614147035533,0.4542983506377038,0.2028688524590164,0.4408167004585266,-0.05650878,-0.062757984,-0.02900527,0.0062492043,-0.02750351,2026,False
2026-06-23,-0.3001812725470288,0.364264129512296,0.14314928425357873,0.3543424606323242,-0.09256189,-0.07787232,-0.02002629,-0.014689572,-0.072535604,2026,False
2026-06-24,-0.4015714306813056,0.3129337109154648,0.12474437627811862,0.3026198446750641,-0.11613038,-0.09348553,-0.002321088,-0.022644855,-0.113809295,2026,False
2026-06-25,-0.3438010003804514,0.3296819403143218,0.13729508196721313,0.323061466217041,-0.07017987,-0.05189662,0.022925885,-0.018283252,-0.093105756,2026,False
2026-06-26,-0.4895492343815367,0.2599987499613179,0.0778688524590164,0.25558069348335266,-0.1259979,-0.086072095,0.03150115,-0.039925806,-0.15749905,2026,True
2026-06-29,-0.6074557484659028,0.21401105964069533,0.036885245901639344,0.2107851356267929,-0.17051917,-0.13125381,0.04259877,-0.039265364,-0.21311794,2026,False
2026-06-30,-0.6132209200932071,0.20628232560496837,0.030737704918032786,0.20139184594154358,-0.1831422,-0.14764649,0.037720274,-0.035495713,-0.22086248,2026,False
2026-07-01,-0.6359046055326144,0.21481020376962928,0.032719836400818,0.21146740019321442,-0.18826139,-0.16585425,0.030966774,-0.022407144,-0.21922816,2026,False
2026-07-02,-0.6840404646222117,0.18526201387207428,0.022494887525562373,0.1825432926416397,-0.23545472,-0.20791844,0.018262263,-0.027536288,-0.25371698,2026,False
2026-07-03,-0.7236770754100631,0.16250907162221545,0.014314928425357873,0.1601618081331253,-0.28239807,-0.24002613,0.00908313,-0.042371944,-0.2914812,2026,True
2026-07-06,-0.708204970258564,0.16641214463670448,0.010224948875255624,0.1600472629070282,-0.29036638,-0.24542083,0.017808864,-0.044945553,-0.30817524,2026,False
2026-07-07,-0.6232795436093062,0.20078864165217197,0.024539877300613498,0.18853332102298737,-0.21744485,-0.17456466,0.012412912,-0.042880192,-0.22985776,2026,False
2026-07-08,-0.6317039214266443,0.16547413640602285,0.02044989775051125,0.15770487487316132,-0.23405072,-0.1662572,0.027478116,-0.06779352,-0.26152885,2026,False
2026-07-09,-0.6554495063557886,0.1477484224826382,0.012269938650306749,0.14793460071086884,-0.2758686,-0.20300233,0.0069242627,-0.07286626,-0.28279287,2026,False
2026-07-10,-0.6205636723973028,0.14598456384347072,0.014314928425357873,0.1465979367494583,-0.21810755,-0.15044856,0.015128347,-0.06765899,-0.2332359,2026,True
2026-07-13,-0.5668844591578207,0.13655595901813167,0.018404907975460124,0.13653795421123505,-0.20187774,-0.12718235,0.0154563,-0.07469539,-0.21733405,2026,False
2026-07-14,-0.6194833165407468,0.11215530042770833,0.012269938650306749,0.11401315033435822,-0.2521672,-0.15932745,0.011543407,-0.09283975,-0.2637106,2026,False
2026-07-15,-0.5881161440582849,0.12549487471991078,0.022448979591836733,0.12661854922771454,-0.24267912,-0.16023941,0.013461948,-0.082439706,-0.25614107,2026,False
2026-07-16,-0.41731309490720425,0.1720010570927636,0.04285714285714286,0.1678764373064041,-0.14102207,-0.072943255,0.015365698,-0.068078816,-0.15638778,2026,False
2026-07-17,-0.3134722753881807,0.17247325924598422,0.044897959183673466,0.1730848252773285,-0.10330192,-0.021228615,0.039260842,-0.0820733,-0.14256276,2026,True
2026-07-20,-0.07692272901585435,0.22261171037850278,0.06313645621181263,0.229249507188797,-0.027591534,0.052000847,0.041814603,-0.07959238,-0.06940614,2026,False
2026-07-21,-0.09072639557164364,0.23123761331096546,0.06109979633401222,0.23324570059776306,-0.032056518,0.044779588,0.042459488,-0.07683611,-0.074516006,2026,False
2026-07-22,0.05564374816200023,0.314236030186311,0.06720977596741344,0.3134940266609192,0.015000509,0.070477694,0.02916796,-0.055477187,-0.01416745,2026,False
2026-07-23,0.251427878930463,0.48911087792689006,0.13441955193482688,0.4683065712451935,0.0770416,0.10628092,0.030845532,-0.02923932,0.046196073,2026,False
2026-07-24,0.1984055033805436,0.4606214942299052,0.14052953156822812,0.43660783767700195,0.07995601,0.1093507,0.039773073,-0.029394694,0.040182937,2026,True
2026-07-27,0.3083951026059489,0.5647914266452815,0.17922606924643583,0.5371482968330383,0.10327443,0.11244942,0.036981374,-0.009174995,0.06629305,2026,False
2026-07-28,0.583569452526156,0.7981051916300363,0.34826883910386963,0.7543931603431702,0.1916064,0.16682294,0.017441733,0.024783462,0.17416467,2026,False
2026-07-29,0.6606716774434204,0.8901830604432279,0.4786150712830957,0.8425276875495911,0.27442914,0.20430565,0.0063588065,0.07012349,0.26807034,2026,False
2026-07-30,0.5621495868693521,0.8483761973516326,0.4175152749490835,0.8036597371101379,0.19855489,0.15023644,0.0015265036,0.048318446,0.19702838,2026,False
2026-07-31,0.6447666886178492,0.9227547988738947,0.5682281059063137,0.8747032880783081,0.29699504,0.18056636,-0.011127359,0.11642869,0.3081224,2026,True
2026-08-03,0.5842908065295669,0.9134147949836486,0.5661914460285132,0.8656232357025146,0.2627864,0.1599199,-0.003583094,0.102866486,0.2663695,2026,False
2026-08-04,0.3002685930596615,0.8212086651427073,0.38414634146341464,0.7730427384376526,0.11624445,0.060134403,-0.005280009,0.056110047,0.12152446,2026,False
2026-08-05,0.06412715558695087,0.6797776120217832,0.2459349593495935,0.633583128452301,0.057048853,0.028756784,0.0067716804,0.02829207,0.050277174,2026,False
2026-08-06,-0.05389865161542398,0.5881994138779404,0.2032520325203252,0.5557997822761536,0.024992868,0.003919637,0.004093637,0.021073231,0.02089923,2026,False
2026-08-07,-0.10783822393358307,0.5435298397782713,0.19715447154471544,0.519008457660675,-0.0063565327,-0.023772012,-0.011815868,0.017415479,0.0054593356,2026,True
2026-08-10,-0.2177882115657201,0.4863985056524188,0.19066937119675456,0.46364644169807434,-0.018447055,-0.03989382,-0.004148403,0.021446766,-0.014298651,2026,False
2026-08-11,-0.2972743159451422,0.42515571325470464,0.145748987854251,0.40691280364990234,-0.02935624,-0.039628036,0.0107858805,0.010271797,-0.04014212,2026,False
2026-08-12,-0.2318194584780463,0.46412507240105777,0.15789473684210525,0.4381548762321472,-0.02262424,-0.029678553,0.006783183,0.007054314,-0.029407423,2026,False
2026-08-13,-0.1492030213071647,0.49227549978638696,0.16194331983805668,0.472478449344635,0.0066739763,-0.0041695624,0.021729026,0.010843539,-0.015055049,2026,False
2026-08-14,-0.3037670824973189,0.3755922325344472,0.0951417004048583,0.3608821630477905,-0.035301395,-0.029771436,0.02133685,-0.0055299588,-0.056638245,2026,True
2026-08-17,-0.3795395990049835,0.2745751767314282,0.044534412955465584,0.26512300968170166,-0.063993715,-0.03467127,0.029100008,-0.029322445,-0.09309372,2026,False
2026-08-18,-0.21292514038339155,0.3481371292077877,0.08502024291497975,0.34069326519966125,-0.022770245,-0.006822239,0.023726426,-0.015948005,-0.04649667,2026,False
2026-08-19,-0.12117264498389578,0.4132521758329504,0.12550607287449392,0.3943310081958771,-0.003620381,0.012194883,0.022362828,-0.015815264,-0.025983209,2026,False
2026-08-20,-0.20562631428511208,0.33000722703178764,0.08704453441295547,0.316459059715271,-0.018544853,0.0079874685,0.03283177,-0.026532322,-0.051376622,2026,False
2026-08-21,-0.08873357129886475,0.44354063603915755,0.13562753036437247,0.411607027053833,0.012886924,0.021592254,0.0280663,-0.00870533,-0.015179376,2026,True
