date,G1,G2,G3,G4,G5,G6,G7,G8,G9,G10,year
2019-01-02,0.052634154,0.052829985,0.04652804,0.05058096,0.0492289,0.047702715,0.052452065,0.047674324,0.042219963,0.04529299,2019
2019-01-03,0.0457931,0.0431935,0.038182933,0.03833263,0.041863836,0.041505426,0.040862564,0.03896927,0.027020568,0.03126587,2019
2019-01-04,0.030298868,0.028106509,0.02580093,0.023118876,0.023133678,0.024010545,0.02179397,0.016487893,0.0051032575,-0.0020677655,2019
2019-01-07,0.019918427,0.016480185,0.014581765,0.012536161,0.013464787,0.012837569,0.008476463,0.0026604515,-0.0035619345,-0.01060093,2019
2019-01-08,0.0061884564,0.0020830228,0.0014933585,0.003160057,-0.0016335566,-0.0024027545,-0.0044933707,-0.010411649,-0.0133395195,-0.030800594,2019
2019-01-09,0.016431669,0.011622042,0.011901205,0.014241927,0.00891727,0.0044315225,0.014049848,0.008071515,-0.0022715642,-0.024619365,2019
2019-01-10,0.014970378,0.010116954,0.010390345,0.011510448,0.013467748,0.00823717,0.012883549,0.0041095796,-0.0035697292,-0.037457418,2019
2019-01-11,0.0041639996,0.0024986765,0.0028144543,0.007908665,0.0053557586,0.0050366684,0.0073025175,0.005302271,-0.017631534,-0.051711738,2019
2019-01-14,-0.020990834,-0.02318286,-0.020462649,-0.022408321,-0.025234938,-0.02360607,-0.022379717,-0.034155775,-0.048901133,-0.09726787,2019
2019-01-15,-0.04887243,-0.039431836,-0.034949735,-0.036589887,-0.034978576,-0.034849,-0.032745373,-0.04054558,-0.05676622,-0.103459045,2019
2019-01-16,-0.05986591,-0.046827924,-0.048299048,-0.045690417,-0.04225417,-0.037522063,-0.04123408,-0.049275503,-0.06695545,-0.12270657,2019
2019-01-17,-0.045591217,-0.03684565,-0.04321765,-0.024696505,-0.032656413,-0.03089342,-0.03484073,-0.03403589,-0.057237726,-0.10583575,2019
2019-01-18,-0.03738062,-0.026569122,-0.025229342,-0.018302383,-0.024505245,-0.01270204,-0.009831783,-0.016034635,-0.03298238,-0.075158305,2019
2019-01-21,-0.009635212,-0.0037556645,0.00051481934,0.008830131,0.0052665994,0.012295448,0.010662365,0.009488326,-0.011767003,-0.050003253,2019
2019-01-22,0.013063786,0.017650705,0.027925825,0.025041984,0.029002074,0.03257313,0.029899238,0.026775023,0.0016701876,-0.031225035,2019
2019-01-23,0.015879035,0.023876866,0.025777927,0.030842353,0.03458656,0.036880214,0.024712889,0.028755331,0.011993275,-0.025323099,2019
2019-01-24,0.015285401,0.02961213,0.026842127,0.03831084,0.03234345,0.035085578,0.030937852,0.028636537,0.02122681,-0.0037653362,2019
2019-01-25,0.044718593,0.046946496,0.05354743,0.057958417,0.06319678,0.059385575,0.060952306,0.051268034,0.056068532,0.033444967,2019
2019-01-28,0.09269886,0.09058128,0.09503419,0.09909955,0.09951034,0.10247657,0.10355002,0.107822835,0.107068755,0.10053992,2019
2019-01-29,0.08267389,0.08546298,0.09190338,0.1056291,0.103235774,0.118020065,0.1079473,0.12351256,0.11856469,0.12737504,2019
2019-01-30,0.10128356,0.10104245,0.11467306,0.13212353,0.12979662,0.14004995,0.1404899,0.16445953,0.16115598,0.18835214,2019
2019-01-31,0.09972019,0.09417339,0.102841735,0.12264856,0.11577682,0.14055638,0.13385718,0.14435364,0.14752282,0.18561345,2019
2019-02-01,0.10909473,0.11592562,0.12685037,0.1342853,0.14624234,0.1538028,0.14867403,0.16584523,0.17591134,0.20799235,2019
2019-02-11,0.13025549,0.12628697,0.13374396,0.1437056,0.15089057,0.15330139,0.16199884,0.16609746,0.16983074,0.19364537,2019
2019-02-12,0.110842764,0.109498456,0.115823336,0.13108942,0.12939368,0.12158711,0.12543748,0.14354664,0.14409843,0.16476606,2019
2019-02-13,0.11086652,0.1100386,0.11139282,0.11572887,0.117044926,0.12527102,0.11072349,0.11788981,0.12463978,0.13372512,2019
2019-02-14,0.099639736,0.09816717,0.110538386,0.11279081,0.10778117,0.11709648,0.10893109,0.1181436,0.13103516,0.12731068,2019
2019-02-15,0.10799528,0.111913346,0.11231727,0.114526294,0.12230242,0.12592377,0.117297746,0.12994282,0.13602006,0.13382262,2019
2019-02-18,0.10528036,0.104381986,0.11322039,0.11295032,0.114091106,0.12059246,0.11127608,0.111562036,0.13754664,0.14059387,2019
2019-02-19,0.13668074,0.13888885,0.13543928,0.14215466,0.14808682,0.13684893,0.15190798,0.1382925,0.15789157,0.16679673,2019
2019-02-20,0.15709949,0.15789194,0.14970937,0.16016895,0.15927075,0.15632254,0.16318181,0.15752926,0.17101589,0.17569582,2019
2019-02-21,0.13634701,0.14251024,0.1273425,0.13884608,0.14116535,0.13609697,0.14456606,0.13452786,0.15075716,0.15029714,2019
2019-02-22,0.09599542,0.09718949,0.091813475,0.09404483,0.09304358,0.0862427,0.08981697,0.08143564,0.10340641,0.077523,2019
2019-02-25,0.10837045,0.100871004,0.09057587,0.10528364,0.10262484,0.095862955,0.10243564,0.099821456,0.11177643,0.094397046,2019
2019-02-26,0.10583168,0.10009203,0.10023748,0.094407246,0.10188948,0.09680437,0.103783816,0.09758651,0.11559068,0.11491267,2019
2019-02-27,0.06658833,0.06715225,0.06114862,0.06615362,0.06665303,0.053761814,0.05279918,0.057231642,0.06329618,0.072880454,2019
2019-02-28,0.07834122,0.08008909,0.07604072,0.07484415,0.071359836,0.06276666,0.06511908,0.069455095,0.06859059,0.07656756,2019
2019-03-01,0.070657454,0.06276764,0.061190754,0.061766185,0.059343573,0.05595852,0.05465928,0.059466466,0.047737524,0.038917176,2019
2019-03-04,0.07518593,0.06733906,0.061993852,0.06561952,0.06449595,0.060086064,0.06693952,0.06337086,0.057132263,0.036813103,2019
2019-03-05,0.04904708,0.04278388,0.041228157,0.03423248,0.037515927,0.032453056,0.033802856,0.029396493,0.024906436,-0.0005173641,2019
2019-03-06,0.037802555,0.03524196,0.029043883,0.030952515,0.034050982,0.02892234,0.03581253,0.031563386,0.02320498,-0.005278867,2019
2019-03-07,0.06557748,0.05623204,0.052247442,0.053713914,0.046187773,0.04453356,0.04944675,0.0334326,0.023346253,-0.0017999762,2019
2019-03-08,0.06933174,0.071160674,0.058411304,0.05537758,0.051400322,0.045531135,0.049309365,0.02993064,0.026382184,-0.0089419475,2019
2019-03-11,0.022994893,0.022488596,0.0109648295,0.007072232,0.0013491696,-0.0013371048,-0.008025234,-0.015393082,-0.029913329,-0.055329587,2019
2019-03-12,0.015083168,0.0059610573,0.00063910347,-0.008888467,-0.007036536,-0.015489071,-0.01745101,-0.027073491,-0.042555083,-0.070519075,2019
2019-03-13,0.050199363,0.049924508,0.028323617,0.02975918,0.025211422,0.01516435,0.02334273,0.014992484,0.011380745,-0.013627307,2019
2019-03-14,0.034026433,0.03490323,0.022430874,0.013931445,0.01713992,0.01776872,0.008846473,0.013641517,0.012196261,-0.019631187,2019
2019-03-15,0.05248566,0.059613213,0.046632513,0.044167943,0.044608515,0.038414694,0.048271023,0.04917513,0.04282697,0.023718188,2019
2019-03-18,0.058240283,0.055181634,0.049912315,0.04576494,0.04572968,0.04308318,0.048706457,0.05424398,0.034204815,0.033728745,2019
2019-03-19,0.061714597,0.061364055,0.0572791,0.06385296,0.052394174,0.05963709,0.05796172,0.046681087,0.046134114,0.0298867,2019
2019-03-20,0.0542407,0.060600337,0.056536634,0.058995243,0.05120003,0.056544565,0.054827083,0.037293535,0.03614786,0.007933024,2019
2019-03-21,0.05890634,0.06508815,0.06688734,0.060701337,0.05704283,0.061120484,0.05214321,0.03341924,0.02312224,0.009548068,2019
2019-03-22,0.054544616,0.056743253,0.06321521,0.050932083,0.053333003,0.053535763,0.044978976,0.034700356,0.019473441,0.011645029,2019
2019-03-25,0.07463802,0.07361558,0.06804581,0.06609244,0.071694136,0.068964764,0.06608238,0.052850742,0.043596454,0.03235472,2019
2019-03-26,0.09588412,0.08313815,0.08466098,0.08182781,0.07943704,0.08224028,0.07241303,0.054019615,0.051951937,0.04058226,2019
2019-03-27,0.07503764,0.075335816,0.06542065,0.063519746,0.061053995,0.0592313,0.05065076,0.046129175,0.03890302,0.02561145,2019
2019-03-28,0.08415433,0.07764348,0.07704965,0.07310673,0.06786806,0.06494522,0.05629388,0.054045852,0.04472552,0.039686266,2019
2019-03-29,0.032503508,0.02574914,0.020530095,0.02266891,0.013408585,0.004586977,-0.0024322325,-0.013033756,-0.014336325,-0.02396828,2019
2019-04-01,0.04586772,0.033441838,0.024487244,0.026677683,0.023462892,0.01765379,0.008031631,-0.0050396794,-0.010965811,-0.015582347,2019
2019-04-02,0.041318938,0.025483359,0.026848609,0.014548556,0.0058887256,0.014584773,0.0028653776,-0.0021004758,-0.0047199246,-0.00340231,2019
2019-04-03,0.029046379,0.017698003,0.0111852,0.00419814,-0.008604006,-0.008809164,-0.008852091,-0.014789411,-0.023028743,-0.018152768,2019
2019-04-04,0.032578204,0.019780528,0.007834788,0.011094916,-0.007762728,-0.01060761,-0.003942233,-0.0070647663,-0.018085836,-0.006439265,2019
2019-04-08,0.0044350903,0.0020399145,-0.0071228263,-0.019282615,-0.012871907,-0.025442738,-0.024052102,-0.027249267,-0.031988654,-0.021696094,2019
2019-04-09,-0.0004899826,-0.005517553,-0.019501904,-0.020183576,-0.022848144,-0.026303157,-0.028343914,-0.028651668,-0.0327727,-0.031987924,2019
2019-04-10,-0.014140143,-0.013801029,-0.028205693,-0.026551714,-0.027656415,-0.027557118,-0.030620236,-0.030196724,-0.030705038,-0.037612084,2019
2019-04-11,-0.035348494,-0.03956635,-0.041378465,-0.046043567,-0.049964983,-0.03315375,-0.04426633,-0.04431779,-0.045677833,-0.057351492,2019
2019-04-12,-0.07517224,-0.072097465,-0.07669721,-0.080985144,-0.0725081,-0.07378472,-0.07370621,-0.07145097,-0.087314844,-0.10602306,2019
2019-04-15,-0.0574634,-0.060951672,-0.06974764,-0.06645844,-0.066809975,-0.06517095,-0.0681718,-0.07499979,-0.08531477,-0.1076467,2019
2019-04-16,-0.1217704,-0.1275852,-0.12432418,-0.13830097,-0.13949043,-0.1319619,-0.1411782,-0.1561498,-0.16212861,-0.18949144,2019
2019-04-17,-0.12625003,-0.14353748,-0.12702128,-0.1454106,-0.14137253,-0.13931894,-0.15220362,-0.16345023,-0.17725286,-0.20582126,2019
2019-04-18,-0.12141941,-0.12670991,-0.12462187,-0.14134039,-0.1366696,-0.14046723,-0.14036526,-0.15039589,-0.16610317,-0.20262966,2019
2019-04-19,-0.1275664,-0.13200276,-0.13505758,-0.13672246,-0.1447202,-0.14569558,-0.14968097,-0.15855782,-0.1627858,-0.2106096,2019
2019-04-22,-0.10221281,-0.10186408,-0.09957049,-0.11210786,-0.11116511,-0.11260215,-0.11934702,-0.13230185,-0.13061838,-0.1705936,2019
2019-04-23,-0.09193861,-0.09126004,-0.09404889,-0.102323584,-0.09386888,-0.11067557,-0.10822238,-0.11068115,-0.12280771,-0.15515713,2019
2019-04-24,-0.08246986,-0.080137454,-0.091652825,-0.092011765,-0.09722182,-0.09911806,-0.09739976,-0.11526068,-0.11861948,-0.14338177,2019
2019-04-25,-0.04309506,-0.047913354,-0.05447053,-0.053776972,-0.06490204,-0.0523498,-0.06551818,-0.069981225,-0.07589237,-0.09634364,2019
2019-04-26,0.002852802,-0.009667402,-0.015333023,-0.025890566,-0.016217835,-0.031483065,-0.033043325,-0.029591072,-0.041377645,-0.04347783,2019
2019-04-29,-0.009602728,-0.019707462,-0.030830864,-0.03615569,-0.03385922,-0.038699433,-0.04429893,-0.03599249,-0.043374904,-0.032965876,2019
2019-04-30,0.012880065,-0.00010055392,-0.0055479035,-0.007394135,-0.009699552,-0.0091626085,-0.011201958,-0.013963654,-0.007658059,-0.020152947,2019
2019-05-06,0.037994724,0.03097024,0.025713833,0.03331479,0.024880202,0.02110788,0.022073466,0.018497134,0.018797854,0.012987895,2019
2019-05-07,0.032935966,0.024661822,0.0335777,0.022189308,0.023585908,0.022973552,0.018031092,0.015939686,0.01453122,0.009738816,2019
2019-05-08,0.0075453585,0.0076278765,0.007987354,0.01103832,0.0045046275,0.018604733,-0.00034410716,0.011509584,0.0072038625,0.0014433762,2019
2019-05-09,-0.0189759,-0.019891102,-0.01610277,-0.020238837,-0.019345064,-0.02113569,-0.021048773,-0.01812094,-0.023673063,-0.03807161,2019
2019-05-10,-0.013859785,-0.010551407,-0.015743244,-0.019797517,-0.012469243,-0.017033953,-0.007839076,-0.01495548,-0.02077075,-0.039919432,2019
2019-05-13,0.004115447,0.009000774,0.0054583456,0.0060101477,0.0149266645,0.0066790474,0.00915717,0.000878883,0.004021323,-0.025512775,2019
2019-05-14,-0.008288054,-0.005226553,-0.0055384296,0.00011967219,-0.0029177107,-0.0024758645,-0.005070997,0.0020062684,-0.01377725,-0.041177012,2019
2019-05-15,-0.03249483,-0.020236602,-0.025696548,-0.02758091,-0.027519787,-0.02134977,-0.027140677,-0.02003414,-0.028207676,-0.06339615,2019
2019-05-16,-0.008965778,-0.0014791808,-0.0019616517,-0.00507154,-0.0026490316,-0.0035502946,-0.0015793081,0.00408543,-0.0019325877,-0.04180403,2019
2019-05-17,0.0052404297,0.015205533,0.013758893,0.017026916,0.0152322445,0.007812541,0.016805643,0.016590424,0.014505041,-0.008261866,2019
2019-05-20,-0.034852143,-0.026450265,-0.026687352,-0.02513123,-0.018815577,-0.028147392,-0.022830795,-0.016067728,-0.022547772,-0.045599587,2019
2019-05-21,-0.029944282,-0.024280822,-0.024081146,-0.02146752,-0.025902906,-0.019547138,-0.025688719,-0.023168275,-0.030025544,-0.050383314,2019
2019-05-22,-0.035640407,-0.02724849,-0.02792858,-0.022516372,-0.027963808,-0.028131517,-0.032368522,-0.02827758,-0.029404324,-0.052054375,2019
2019-05-23,-0.038320363,-0.01912946,-0.02001748,-0.017789675,-0.012603751,-0.019740943,-0.010563567,-0.0141184665,-0.010963177,-0.029684192,2019
2019-05-24,-0.015683834,-0.007322028,-0.003087242,-0.0054972363,-0.0012308804,-0.0037634468,0.0014254341,-0.0015757967,-0.0113024125,-0.0018681744,2019
2019-05-27,-0.010088385,-0.008072085,-0.006871236,-0.010772976,-0.0090427175,-0.010809375,-0.007610329,-0.012139906,-0.0070057395,-0.012956312,2019
2019-05-28,-0.013955345,-0.010305827,-0.009111823,-0.00087838445,-0.009933743,-0.0062915706,-0.009093337,-0.00914229,-0.018415237,-0.017132554,2019
2019-05-29,-0.008311432,-0.003948313,-0.003766374,0.001027271,0.002011401,-0.003376182,-0.0011677571,-0.010054519,-0.016822798,-0.025328005,2019
2019-05-30,-0.017391516,-0.019001255,-0.01885421,-0.016159257,-0.019672876,-0.01689423,-0.021337615,-0.033893418,-0.041131917,-0.05209448,2019
2019-05-31,-0.004247074,-0.0043439935,-0.00922892,-0.010865325,-0.00445938,-0.01146966,-0.011809569,-0.012831331,-0.029275857,-0.0499016,2019
2019-06-03,0.025448395,0.024241038,0.029206526,0.02147494,0.022997163,0.022328159,0.026791409,0.024648303,0.017389137,0.0037274805,2019
2019-06-04,0.033130202,0.031535022,0.0276542,0.033714022,0.026422169,0.027408544,0.029011445,0.02620102,0.012997417,-0.006765067,2019
2019-06-05,0.06312546,0.06856707,0.07427249,0.07572856,0.07546396,0.07078434,0.08154183,0.078033864,0.072225936,0.055485573,2019
2019-06-06,0.065885484,0.07241158,0.07320695,0.07739833,0.07518932,0.07765381,0.071388334,0.077702545,0.072038665,0.056925476,2019
2019-06-10,0.03228071,0.03313412,0.037202194,0.037132945,0.038682353,0.032876056,0.03798652,0.037675876,0.02477458,0.010367842,2019
2019-06-11,0.029617243,0.028304035,0.029625043,0.030314235,0.028334327,0.023973892,0.026587939,0.027499992,0.011315562,-0.022555506,2019
2019-06-12,0.028860327,0.03129377,0.03093487,0.0394067,0.035794824,0.03957121,0.034139723,0.033714537,0.012788458,-0.011615642,2019
2019-06-13,0.024121884,0.021293417,0.030574886,0.023939209,0.02912212,0.030458037,0.028611427,0.025814822,0.0071759406,-0.00981298,2019
2019-06-14,0.055688757,0.052344218,0.05391543,0.05970244,0.05913032,0.07024711,0.0634204,0.06939937,0.045643836,0.029055834,2019
2019-06-17,0.060275562,0.05901136,0.059329074,0.06678401,0.07346592,0.06893612,0.0713735,0.080129124,0.053981308,0.032023933,2019
2019-06-18,0.032087486,0.032491285,0.033150695,0.040916666,0.040476546,0.039135564,0.044584353,0.04275019,0.02319064,-0.012234994,2019
2019-06-19,0.022280464,0.02690651,0.027799899,0.030363435,0.033032857,0.038690932,0.034570027,0.033004407,0.017008455,-0.008657894,2019
2019-06-20,-0.0055512935,0.0016200189,0.0023037838,0.006515887,0.0055655004,0.012437317,0.0075935926,0.011164497,-0.0009208588,-0.04086706,2019
2019-06-21,-0.020997465,-0.020268142,-0.017051432,-0.020966822,-0.016406596,-0.012463013,-0.016857052,-0.025092563,-0.03659749,-0.066479415,2019
2019-06-24,-0.020551126,-0.01845734,-0.012917898,-0.018677438,-0.009102037,-0.008109301,-0.013478271,-0.013467054,-0.032057013,-0.069595575,2019
2019-06-25,-0.024282025,-0.018613484,-0.01765749,-0.014968485,-0.013790017,-0.009954678,-0.013458427,-0.01478063,-0.03150393,-0.06483914,2019
2019-06-26,-0.027532184,-0.023782946,-0.021667618,-0.02348455,-0.02145705,-0.018145846,-0.02009205,-0.02141439,-0.0354621,-0.07251206,2019
2019-06-27,-0.015659723,-0.0061681853,-0.0062211,-0.010389372,-0.009208553,-0.010953259,-0.012068895,-0.0141737955,-0.031014364,-0.057680264,2019
2019-06-28,-0.029705828,-0.02576682,-0.027420975,-0.031591713,-0.026107384,-0.03746319,-0.032522757,-0.041094907,-0.046011623,-0.07723083,2019
2019-07-01,-0.024955772,-0.02422249,-0.0198064,-0.028199557,-0.02237928,-0.031123627,-0.039809525,-0.031273406,-0.044028252,-0.06270448,2019
2019-07-02,-0.014077458,-0.015266106,-0.012138121,-0.016202789,-0.015879208,-0.019270618,-0.0237914,-0.028541006,-0.023664016,-0.041923903,2019
2019-07-03,-0.030749043,-0.028029557,-0.025410498,-0.030774431,-0.032675445,-0.03021323,-0.032720342,-0.031819012,-0.03379554,-0.05180012,2019
2019-07-04,-0.024221333,-0.022137532,-0.025280342,-0.025737774,-0.024998516,-0.026569683,-0.026673606,-0.028824156,-0.03343791,-0.045173112,2019
2019-07-05,-0.019348847,-0.01756985,-0.018688122,-0.022406975,-0.023702929,-0.027814887,-0.025517426,-0.029231831,-0.03557873,-0.056532618,2019
2019-07-08,-0.0062141377,-0.010300571,-0.011053604,-0.016034909,-0.014778974,-0.020231364,-0.018775115,-0.01782546,-0.03156796,-0.050937362,2019
2019-07-09,0.003415254,0.0022725598,0.003940689,0.0029211533,-0.0015618874,-0.0016520865,-0.007994479,-0.0023432262,-0.007928641,-0.028211571,2019
2019-07-10,0.0016587112,0.0016868039,0.0027485043,-0.0009247874,-0.002194434,-0.004596377,-0.0055124825,-0.002412085,0.0008111269,-0.021473398,2019
2019-07-11,0.00013902722,0.00044810458,-0.00064277806,0.0018978327,-0.00016814732,-0.0033942366,9.4779425e-05,-0.0008189446,0.0072911493,-0.016978387,2019
2019-07-12,-0.0036673245,-0.0009481318,-0.004911934,0.00018763402,0.0034866794,0.0013237213,-0.00030218298,-0.0030244226,0.0032505712,-0.011830737,2019
2019-07-15,-0.0029477898,-0.007513579,-0.0023725547,-0.005275478,-0.00058160536,-0.003579733,-0.003767975,-0.003471176,-0.0067452607,-0.018231569,2019
2019-07-16,-0.008228507,-0.0104144905,-0.014738191,-0.010355264,-0.014693715,-0.011179803,-0.016608903,-0.013881686,-0.01595555,-0.029855365,2019
2019-07-17,-0.0035634877,-0.0006672346,-0.0080685485,-0.0055171563,-0.004671496,-0.0019166816,-0.0035701469,-0.002501893,-0.005678023,-0.017653741,2019
2019-07-18,-0.025244847,-0.02569212,-0.02882393,-0.027482228,-0.021878809,-0.02890134,-0.02050057,-0.024361309,-0.029379945,-0.036496434,2019
2019-07-19,-0.018252483,-0.010949234,-0.013128681,-0.0061063627,-0.0047616595,-0.0036406063,0.004047371,0.0033469405,0.012040844,0.0046049603,2019
2019-07-22,-0.050195716,-0.054023407,-0.045937415,-0.03973835,-0.048720755,-0.04346003,-0.046827607,-0.03566216,-0.02905912,-0.04005319,2019
2019-07-23,-0.059085187,-0.063381694,-0.059686393,-0.057511948,-0.05595088,-0.05375268,-0.050098676,-0.04975662,-0.043226153,-0.047412127,2019
2019-07-24,-0.061349243,-0.059964597,-0.055062603,-0.059524342,-0.053925697,-0.05569534,-0.054500747,-0.04743218,-0.04648092,-0.051097248,2019
2019-07-25,-0.059951197,-0.06590987,-0.060553644,-0.06330688,-0.062291373,-0.06267847,-0.055449568,-0.052671306,-0.04974115,-0.04966025,2019
2019-07-26,-0.060375825,-0.064871706,-0.063596204,-0.0633628,-0.067740165,-0.058832776,-0.059318487,-0.057557847,-0.05860632,-0.048331097,2019
2019-07-29,-0.06360771,-0.07114445,-0.06836493,-0.06596293,-0.06931042,-0.06463264,-0.066460446,-0.06521902,-0.063094996,-0.040951904,2019
2019-07-30,-0.052246332,-0.058694303,-0.05461124,-0.052959196,-0.047426514,-0.04695143,-0.045139484,-0.04342196,-0.041902542,-0.022772595,2019
2019-07-31,-0.056240097,-0.061583832,-0.056657042,-0.053074118,-0.059885517,-0.057955004,-0.055600137,-0.053633388,-0.058825344,-0.03782034,2019
2019-08-01,-0.027575668,-0.028218534,-0.016876455,-0.022125602,-0.019109696,-0.02078145,-0.015892077,-0.012890277,-0.019379297,-0.0019970592,2019
2019-08-02,-0.007341337,-0.0062064147,-0.0027864303,0.0025917594,0.0023661922,0.0045792204,0.0030488132,0.00728671,-0.00028191114,0.009346353,2019
2019-08-05,0.0384392,0.04601651,0.056061894,0.053815607,0.058214758,0.06615997,0.06533528,0.073118895,0.059114505,0.06539285,2019
2019-08-06,0.036631458,0.042988107,0.046137046,0.044792153,0.052273467,0.051355258,0.056805592,0.058305066,0.052117575,0.05234466,2019
2019-08-07,0.03702878,0.048903488,0.041930124,0.043496918,0.053882644,0.051525105,0.06401548,0.060550712,0.0536718,0.05133555,2019
2019-08-08,0.041254953,0.05107504,0.04990474,0.053070053,0.05517972,0.06312937,0.074282035,0.06350798,0.058650725,0.05095213,2019
2019-08-09,0.028386392,0.031746585,0.042706605,0.042556547,0.046534948,0.051667076,0.05769346,0.053054404,0.050060112,0.04649807,2019
2019-08-12,0.0721551,0.057869017,0.06460591,0.06284684,0.06884974,0.06211551,0.06697174,0.06368267,0.06242254,0.04737393,2019
2019-08-13,0.06540625,0.055675644,0.059401486,0.054126617,0.053901035,0.056980245,0.053909414,0.04696923,0.047815368,0.03643878,2019
2019-08-14,0.052444547,0.058657553,0.0759875,0.07119898,0.071953334,0.07006004,0.07830391,0.0775547,0.070121765,0.06541447,2019
2019-08-15,0.03977599,0.04183839,0.045945838,0.0478222,0.04470669,0.047559634,0.04607097,0.036985748,0.037490174,0.026965236,2019
2019-08-16,0.025279898,0.026109612,0.035801884,0.035629984,0.029761225,0.034262262,0.028681172,0.02704009,0.02178064,0.013256589,2019
2019-08-19,0.018186707,0.020498034,0.027094482,0.024916548,0.031280026,0.02760377,0.027933272,0.026666583,0.022606615,0.015807288,2019
2019-08-20,0.027079696,0.03230319,0.03156668,0.02806531,0.036106516,0.031848572,0.039575174,0.034675047,0.03627932,0.021159858,2019
2019-08-21,0.045969643,0.052023705,0.045140542,0.043677285,0.052374475,0.049240615,0.051135648,0.053233493,0.051464394,0.04443251,2019
2019-08-22,0.039554294,0.044088997,0.03920266,0.04151254,0.044992607,0.050861694,0.046032038,0.049496543,0.053508747,0.05158528,2019
2019-08-23,0.068044625,0.06707014,0.066807024,0.071146645,0.07783211,0.07766059,0.070488155,0.077908956,0.08471086,0.082739316,2019
2019-08-26,0.04656728,0.05181341,0.055090487,0.058841795,0.05989022,0.063348696,0.06682839,0.06645989,0.075945064,0.07684636,2019
2019-08-27,0.0452678,0.05005447,0.049063627,0.056125965,0.061481398,0.06306993,0.06743168,0.06326067,0.07072665,0.08230135,2019
2019-08-28,0.043428075,0.04798552,0.05380343,0.0531268,0.05567354,0.060496137,0.06396687,0.062087756,0.07702124,0.06380525,2019
2019-08-29,0.06338921,0.06706895,0.066018105,0.074043974,0.07515334,0.074127235,0.07095221,0.072983235,0.08820697,0.08067072,2019
2019-08-30,0.03481381,0.03811998,0.04231496,0.04597179,0.0497185,0.046722084,0.042714227,0.054386728,0.06481706,0.06282524,2019
2019-09-02,0.023637926,0.026596881,0.03246617,0.035191815,0.027237467,0.037449688,0.033649854,0.03360141,0.042609014,0.03262958,2019
2019-09-03,0.023118703,0.028255543,0.02608396,0.029786194,0.028189309,0.029278867,0.029190756,0.031374864,0.042427924,0.024233239,2019
2019-09-04,0.010491265,0.014802389,0.01574218,0.017171059,0.019058334,0.017064445,0.027033336,0.027326249,0.028005334,0.018208014,2019
2019-09-05,-0.0018419726,0.0024034404,0.0024616492,0.0067107566,0.0040675956,0.0045366213,0.017983913,0.011164825,0.0144280195,0.009193587,2019
2019-09-06,-0.0072572995,-0.0011852832,-0.00016439222,-0.006059527,-0.00091109506,0.00212499,0.0052972403,0.004505809,0.014326504,-0.005054605,2019
2019-09-09,-0.023009866,-0.018626664,-0.023280507,-0.024594966,-0.02120027,-0.016988674,-0.021883978,-0.02044534,-0.021825515,-0.035560016,2019
2019-09-10,-0.040861804,-0.037058245,-0.04291655,-0.035961475,-0.04069586,-0.030778503,-0.044410978,-0.045416836,-0.055014484,-0.08088288,2019
2019-09-11,-0.04016799,-0.040245324,-0.042460714,-0.037951574,-0.046032295,-0.03902078,-0.041215304,-0.04872819,-0.05249299,-0.08334552,2019
2019-09-12,-0.049880054,-0.053103723,-0.048565716,-0.05076817,-0.050299257,-0.04875927,-0.04800539,-0.060122497,-0.07424573,-0.09186109,2019
2019-09-16,-0.03266448,-0.03293313,-0.030325826,-0.036552798,-0.03072146,-0.035641227,-0.032377254,-0.050784435,-0.05626571,-0.08465242,2019
2019-09-17,-0.028266199,-0.024815142,-0.027083503,-0.02934304,-0.03693107,-0.03428319,-0.037224196,-0.05043042,-0.048606783,-0.08417373,2019
2019-09-18,-0.01853041,-0.017295472,-0.018434223,-0.023074748,-0.018244214,-0.025233038,-0.023694236,-0.03922439,-0.036650646,-0.061825316,2019
2019-09-19,-0.02414814,-0.023634706,-0.020559495,-0.021524215,-0.018271608,-0.01981717,-0.03365766,-0.04041514,-0.032032225,-0.06696851,2019
2019-09-20,0.0087084025,0.0081617385,0.006705354,0.0067920582,0.0055877636,0.0023274275,0.00055782596,-0.017475052,-0.008423698,-0.042831425,2019
2019-09-23,-0.000557374,0.0012089445,0.0022438986,-0.0073794103,-0.007824708,-0.01280871,-0.022256015,-0.030254517,-0.039779674,-0.06363105,2019
2019-09-24,0.010888347,0.013793852,0.014239495,0.008130743,0.0027323097,0.001551362,-0.014347242,-0.01411163,-0.030485151,-0.047769163,2019
2019-09-25,0.02313236,0.023016721,0.020277813,0.017558862,0.01721137,0.009998372,0.012120571,0.0072576995,-0.0033091165,-0.015223856,2019
2019-09-26,0.014668005,0.014543077,0.013564071,0.0072407825,0.016252473,0.008530384,0.009362075,0.009088541,-0.002842331,-0.01923551,2019
2019-09-27,0.004658891,0.006086905,0.003530125,0.002853987,-0.0011199876,-0.0035231092,-0.0019060671,-0.004942251,-0.019255534,-0.03177432,2019
2019-09-30,0.009377766,0.012423298,0.0064719347,0.014650367,0.009533358,0.006261397,0.013606481,0.008984455,0.0053218924,-0.01965523,2019
2019-10-08,0.021732362,0.018255511,0.015055163,0.014885079,0.013513878,0.012455298,0.0153214475,0.011374663,0.010197805,-0.00858432,2019
2019-10-09,0.0039297976,-0.0018581428,-0.00095265947,-0.0063409423,-0.009336234,-0.0065320763,-0.003927274,-0.005943345,-0.01774101,-0.036290452,2019
2019-10-10,0.0027010322,-0.0053869924,-0.0067746593,-0.01122287,-0.007825962,-0.010165353,-0.008380146,-0.011792458,-0.023155551,-0.043904155,2019
2019-10-11,-0.0034636406,-0.00669841,-0.005694423,-0.0110674,-0.006896564,-0.004761862,-0.0029175538,-0.0049305805,-0.018059213,-0.03021292,2019
2019-10-14,-0.0008389645,-0.0027462447,-0.004753807,-0.0014843962,-0.0004988146,0.0018559701,0.007229115,-0.0018512241,-0.0033949243,-0.021333681,2019
2019-10-15,-0.015478423,-0.018581694,-0.017285883,-0.018569218,-0.012737183,-0.01419189,-0.0150198275,-0.0071512708,-0.025492646,-0.036938135,2019
2019-10-16,-0.017583275,-0.018323278,-0.018818427,-0.016101882,-0.018294852,-0.014925206,-0.013702155,-0.018983632,-0.031920366,-0.036802165,2019
2019-10-17,-0.007870634,-0.009660917,-0.011013259,-0.011074887,-0.009504732,-0.007742284,-0.011075043,-0.016890867,-0.02230069,-0.04250074,2019
2019-10-18,0.007662484,0.00817448,0.014508221,0.012962016,0.014810545,0.012130723,0.014702219,0.014165087,0.009211725,-0.009745481,2019
2019-10-21,-0.00068028393,-0.0056170835,-0.00058573985,0.0052180504,0.002407103,0.00017657537,0.014104594,-0.0017039415,-0.0016638914,-0.027876792,2019
2019-10-22,-0.010123993,-0.006944895,-0.0039465325,-0.0004569753,-0.008679256,-0.0074355165,0.0015582938,-0.0067471517,-0.012496671,-0.04007711,2019
2019-10-23,-0.0058880625,-0.00047299577,0.0035846399,0.0016806073,-0.0027629149,-6.556511e-05,0.0048264805,0.0033474758,-0.015023989,-0.028827112,2019
2019-10-24,-0.008503465,-0.001989203,0.008022851,0.0006703176,0.0033594733,0.0055191657,0.0018500164,0.0099193435,-0.008945558,-0.01887502,2019
2019-10-25,-0.042433005,-0.03749925,-0.03315965,-0.035067495,-0.04099488,-0.043208428,-0.036579177,-0.037021156,-0.046507537,-0.062140897,2019
2019-10-28,-0.062470935,-0.048649542,-0.046819195,-0.04373498,-0.046933006,-0.042603854,-0.042590756,-0.03823026,-0.048916638,-0.06986006,2019
2019-10-29,-0.044401947,-0.039528243,-0.031678263,-0.026262,-0.025611859,-0.026645321,-0.021435801,-0.016849073,-0.019786993,-0.05016286,2019
2019-10-30,-0.032536898,-0.027748484,-0.024017306,-0.018297702,-0.022736005,-0.019165652,-0.0073662526,-0.005546741,-0.006616249,-0.026535718,2019
2019-10-31,-0.039720397,-0.03119994,-0.02596758,-0.02049246,-0.021010872,-0.016555542,-0.016580286,-0.007739029,-0.013051948,-0.021885246,2019
2019-11-01,-0.049909372,-0.04136428,-0.038514785,-0.03521066,-0.02975577,-0.031738758,-0.030165134,-0.024598865,-0.028212426,-0.03735194,2019
2019-11-04,-0.029159458,-0.024282455,-0.022516591,-0.019482898,-0.017360006,-0.015935568,-0.010891984,-0.014220734,-0.011384673,-0.017305512,2019
2019-11-05,-0.022986695,-0.017894147,-0.018506818,-0.015457505,-0.011091155,-0.0074373567,-0.0060278648,-0.0030252566,0.00030591997,-0.0036498224,2019
2019-11-06,-0.021848805,-0.020188015,-0.02038355,-0.015912155,-0.01308574,-0.018812053,-0.014038738,-0.007091196,-0.012163049,-0.019819658,2019
2019-11-07,-0.02019128,-0.023905262,-0.021610323,-0.022523975,-0.021869125,-0.025513899,-0.026189433,-0.0152848065,-0.02310802,-0.030274851,2019
2019-11-08,0.0045102965,0.0042466293,-0.004067951,-0.010339583,-0.008422251,-0.007254292,-0.011941444,-0.008001681,-0.02014058,-0.037916113,2019
2019-11-11,0.016144488,0.011420369,0.004240381,0.007178647,0.0044943676,0.0063727032,0.0018093535,-0.002292003,-0.008314707,-0.035821684,2019
2019-11-12,0.013741336,0.0043013897,0.005520104,-0.0011206691,0.003415414,0.002681123,-0.0010508021,-0.005084409,-0.014046691,-0.03910792,2019
2019-11-13,0.007673886,-0.00064942596,0.0006899618,-0.003255176,-0.0056405975,-0.007085218,-0.0073174154,-0.008627405,-0.019996643,-0.043656696,2019
2019-11-14,0.011915597,0.0035631498,0.0002498556,-0.0017099509,-0.009473017,-0.0034393545,-0.009619524,-0.014554706,-0.019449802,-0.039309178,2019
2019-11-15,0.019166594,0.010701048,0.0078073503,0.0047594877,-0.00077737955,0.0017539656,-0.006483009,-0.006200179,-0.009543779,-0.026347728,2019
2019-11-18,-0.0016376267,-0.0059063197,-0.00961623,-0.012582797,-0.012217705,-0.014586775,-0.017493645,-0.022062978,-0.02739322,-0.04646957,2019
2019-11-19,0.006000869,-0.00040216697,-0.0025664454,-0.0063779354,-0.0110078575,-0.012204526,-0.01624303,-0.01759127,-0.025551183,-0.04926068,2019
2019-11-20,0.015469856,0.0073966854,0.008308668,0.0076444936,0.0025137314,0.0029167077,-0.006680135,-0.00070452277,-0.0063292384,-0.024049394,2019
2019-11-21,0.011287289,0.011984855,0.011813048,0.008354244,0.0136983795,0.00769081,0.00089430605,0.0066442927,0.0047883154,-0.0040831403,2019
2019-11-22,0.02276495,0.02085352,0.018788386,0.027249826,0.018487908,0.023808032,0.0189581,0.022921294,0.034172878,0.04280704,2019
2019-11-25,0.03136955,0.02003357,0.020985052,0.019464472,0.022053143,0.018975535,0.018671459,0.024836425,0.031385053,0.043195236,2019
2019-11-26,0.034196325,0.0260757,0.023804037,0.02804937,0.02713108,0.02464199,0.022604248,0.026843503,0.040870424,0.05587668,2019
2019-11-27,0.02149215,0.027968477,0.025966762,0.0259348,0.027620453,0.025424149,0.03141758,0.028104091,0.042984344,0.05693066,2019
2019-11-28,0.03091694,0.035413567,0.040203504,0.03612434,0.03962534,0.041742828,0.037658013,0.04140797,0.043491002,0.061665174,2019
2019-11-29,0.041934658,0.04139449,0.046868205,0.044881057,0.042814907,0.04634097,0.045927577,0.049038514,0.05751861,0.07367261,2019
2019-12-02,0.04803793,0.061859433,0.06132583,0.06475739,0.0630177,0.06997178,0.06839047,0.07124896,0.076745935,0.09566998,2019
2019-12-03,0.046555974,0.060259763,0.06180135,0.057390094,0.06306911,0.070945755,0.066621944,0.07014518,0.07640451,0.09997385,2019
2019-12-04,0.041143537,0.050699037,0.056402776,0.05725056,0.0511725,0.06473752,0.0674265,0.064544484,0.06799309,0.089587934,2019
2019-12-05,0.038857806,0.04901614,0.05226374,0.045713484,0.053398397,0.058595892,0.06077969,0.060037233,0.06437971,0.07542857,2019
2019-12-06,0.022872182,0.03259851,0.03404051,0.026508715,0.026771288,0.031040471,0.036476836,0.03243294,0.030918097,0.030019239,2019
2019-12-09,0.01857663,0.03219475,0.02619851,0.024852311,0.02914778,0.026609542,0.035123117,0.029810077,0.028176615,0.013942181,2019
2019-12-10,0.01962818,0.031943455,0.03143844,0.035459276,0.035275117,0.03371379,0.039463017,0.04134648,0.0350235,0.024521515,2019
2019-12-11,0.02664346,0.041103195,0.038909633,0.040134452,0.043878954,0.042826295,0.04501057,0.046835136,0.0408552,0.02696121,2019
2019-12-12,0.028469015,0.039684784,0.041053522,0.03940536,0.04433723,0.04355936,0.045593444,0.042691004,0.044307463,0.037987966,2019
2019-12-13,0.023685988,0.024371149,0.029634586,0.021844447,0.023228416,0.019599594,0.016404651,0.017606404,0.011251369,-0.012038943,2019
2019-12-16,0.016492654,0.02255019,0.02434635,0.020993568,0.014461939,0.016780293,0.012669276,0.010584507,0.00097199157,-0.017487597,2019
2019-12-17,0.030084731,0.03651962,0.028038658,0.02620586,0.029340412,0.025975266,0.02445167,0.02120793,0.013556072,-0.0054844413,2019
2019-12-18,0.029228363,0.036586214,0.03459895,0.03102797,0.029986491,0.030038282,0.02841681,0.02581532,0.023787178,0.0052731233,2019
2019-12-19,0.031142915,0.0303815,0.043142334,0.029859258,0.038237143,0.03415865,0.0428952,0.034690112,0.040168025,0.008878168,2019
2019-12-20,0.055810414,0.056489017,0.05624584,0.061202176,0.061664473,0.06827368,0.070641905,0.06803813,0.07603387,0.057364434,2019
2019-12-23,0.05488271,0.061747465,0.05795065,0.06672178,0.06687513,0.06632883,0.06251555,0.0732811,0.068187036,0.06769298,2019
2019-12-24,0.0475016,0.05331038,0.058752876,0.061906613,0.062208824,0.06797234,0.05806897,0.070242204,0.06094171,0.05226062,2019
2019-12-25,0.043760225,0.05358195,0.055417586,0.05641641,0.058807973,0.05594897,0.057585757,0.06364189,0.070513345,0.04054803,2019
2019-12-26,0.039919365,0.045563586,0.04770554,0.054213252,0.050072204,0.05296351,0.05336375,0.052513298,0.061266616,0.041446038,2019
2019-12-27,0.0631584,0.06462553,0.06248899,0.06392876,0.063687354,0.072171055,0.07122682,0.08286266,0.08704158,0.0877867,2019
2019-12-30,0.038878538,0.046148233,0.045780975,0.044336945,0.044597052,0.04756647,0.05605534,0.05932155,0.05393185,0.067263365,2019
2019-12-31,0.016984584,0.024994664,0.027066007,0.03654279,0.030969156,0.03207914,0.03689674,0.037770126,0.04488641,0.037839178,2019
2020-01-02,-0.0022124234,0.008887074,0.015650162,0.021391775,0.02616915,0.026909366,0.029602928,0.03625269,0.0351612,0.032304097,2020
2020-01-03,0.0080088135,0.01368288,0.012040581,0.010870323,0.0076066623,0.019297073,0.021231035,0.02254275,0.022013718,0.022896351,2020
2020-01-06,-0.015688008,-0.0023565711,-0.0015574803,0.008847059,0.004087081,0.004845202,0.017018918,0.014946965,0.016145352,0.0064938203,2020
2020-01-07,-0.01978956,-0.011625816,-0.011255698,-0.0016599272,-0.0001424207,-0.0059481724,0.0038190119,0.0083072,-0.003720563,-0.001357665,2020
2020-01-08,-0.03640631,-0.028960304,-0.025221901,-0.024171824,-0.024020005,-0.024738325,-0.02142252,-0.019865079,-0.016001694,-0.027802316,2020
2020-01-09,-0.13229696,-0.1272703,-0.12540342,-0.12488691,-0.122599855,-0.11817176,-0.11685683,-0.112889364,-0.114555426,-0.12739843,2020
2020-01-10,-0.14977732,-0.13521354,-0.14008878,-0.14242925,-0.13528693,-0.13539746,-0.14540029,-0.12666245,-0.12685564,-0.14378063,2020
2020-01-13,-0.13619822,-0.118880406,-0.12433829,-0.12342271,-0.119159244,-0.11842577,-0.11881609,-0.09567845,-0.09674576,-0.10280694,2020
2020-01-14,-0.10486919,-0.085725114,-0.09399073,-0.09157221,-0.09370573,-0.09135873,-0.08397699,-0.0851173,-0.08428261,-0.0741706,2020
2020-01-15,-0.090761624,-0.076606356,-0.0823565,-0.07304394,-0.07193479,-0.077353574,-0.07676506,-0.07501084,-0.067391425,-0.058151398,2020
2020-01-16,-0.07254725,-0.07065278,-0.07139716,-0.06152268,-0.06299713,-0.07040459,-0.053686567,-0.058640454,-0.042987987,-0.036996666,2020
2020-01-17,-0.06489851,-0.06974012,-0.06383226,-0.06573327,-0.059343822,-0.064740494,-0.055606537,-0.055229183,-0.053019892,-0.03228399,2020
2020-01-20,-0.06814976,-0.06480049,-0.0594973,-0.06541612,-0.06217844,-0.043187093,-0.057027325,-0.046455275,-0.04626586,-0.015383406,2020
2020-01-21,-0.06338221,-0.058577415,-0.060370307,-0.059144273,-0.043172218,-0.044902295,-0.04045385,-0.024730802,-0.010422808,0.018548619,2020
2020-01-22,-0.04115915,-0.05037463,-0.04539071,-0.043326486,-0.042112704,-0.031037746,-0.027149372,-0.018713789,0.0037964748,0.023342378,2020
2020-01-23,0.091056794,0.08680237,0.09401729,0.09778839,0.10529545,0.08956686,0.10601651,0.117159925,0.12203677,0.14583099,2020
2020-02-03,0.18210077,0.17436205,0.16817588,0.15529847,0.1549323,0.15291794,0.14518958,0.14594714,0.122071445,0.09586652,2020
2020-02-04,0.14422101,0.13476716,0.13125902,0.11622381,0.111990936,0.1138355,0.10991344,0.117528655,0.1167974,0.08116214,2020
2020-02-05,0.13214697,0.12616658,0.11822788,0.11244624,0.109025404,0.104673706,0.10548856,0.1031936,0.0845358,0.016211405,2020
2020-02-06,0.13994181,0.122297116,0.12170614,0.10953875,0.11249022,0.11551529,0.11171008,0.11526231,0.08716275,0.015399323,2020
2020-02-07,0.12205136,0.102769144,0.10210327,0.084057875,0.09417443,0.10638849,0.103790686,0.11437773,0.07899664,0.049974017,2020
2020-02-10,0.098804496,0.06535316,0.07217049,0.06241751,0.07401076,0.089434855,0.091803454,0.10587814,0.082945935,0.09099349,2020
2020-02-11,0.121719815,0.0823954,0.08434341,0.07834177,0.07692475,0.08894696,0.08093082,0.093343675,0.07633621,0.07318237,2020
2020-02-12,0.11304126,0.0739898,0.07577493,0.079550795,0.071918674,0.07744894,0.07815707,0.07212277,0.056448616,0.039156195,2020
2020-02-13,0.06362048,0.03960215,0.035920296,0.03822492,0.033874854,0.03939062,0.04140035,0.03253574,0.021742133,0.011866567,2020
2020-02-14,0.041743662,0.023119794,0.03123697,0.03579503,0.02892537,0.03287588,0.036193486,0.01676483,0.01214299,-0.0006637845,2020
2020-02-17,0.048853137,0.036636293,0.038305078,0.036690902,0.04278558,0.046072613,0.042987235,0.03015282,0.024575995,0.0035735616,2020
2020-02-18,0.03356648,0.032608405,0.02522245,0.021915663,0.036052372,0.02919992,0.04031505,0.005429785,0.009575556,-0.009961774,2020
2020-02-19,0.055019267,0.048628572,0.041366216,0.046734605,0.0534671,0.04794794,0.05121312,0.038167927,0.021059006,0.013764009,2020
2020-02-20,0.044107623,0.03407638,0.02885459,0.02996199,0.035985574,0.029944189,0.039128993,0.01558021,0.0023978301,0.0021452103,2020
2020-02-21,0.02777761,0.025107056,0.011249981,0.010384187,0.011810113,0.009916269,0.0029062608,-0.032658357,-0.0251642,-0.04885586,2020
2020-02-24,0.03296825,0.031360578,0.025378628,0.012903687,0.011247134,0.006773696,-0.012414715,-0.037696507,-0.051755287,-0.080354825,2020
2020-02-25,0.044953387,0.038806763,0.033242557,0.025008202,0.02787394,0.021224495,0.009145902,-0.014058766,-0.03563643,-0.051758114,2020
2020-02-26,0.0062702373,0.0010547093,0.0036346242,-0.0020404558,-0.01493958,-0.0055154082,-0.029217495,-0.033140957,-0.03137952,-0.036086414,2020
2020-02-27,0.021995325,0.016417738,0.006824632,0.0018947624,0.0035483008,-0.012412386,-0.009024092,-0.020378107,-0.023356844,-0.033660397,2020
2020-02-28,0.016921697,0.014333232,0.0018329597,-0.006764509,-0.011054551,-0.026614517,-0.024945514,-0.028781308,-0.029726338,-0.024626164,2020
2020-03-02,-0.058547687,-0.05225046,-0.06142292,-0.06876364,-0.076056845,-0.08155215,-0.089004844,-0.08961623,-0.09070713,-0.104409404,2020
2020-03-03,-0.048315637,-0.040972035,-0.046420153,-0.06689506,-0.0585734,-0.06831209,-0.061877683,-0.068440855,-0.07050362,-0.08634618,2020
2020-03-04,-0.09906194,-0.08950092,-0.098517455,-0.105170466,-0.104901224,-0.11015268,-0.10061391,-0.11023667,-0.113367185,-0.12160012,2020
2020-03-05,-0.08930757,-0.084865786,-0.088305235,-0.08816647,-0.089212246,-0.090970196,-0.08679313,-0.0846568,-0.08758236,-0.10782554,2020
2020-03-06,-0.08468188,-0.085122764,-0.08802043,-0.0827097,-0.09111021,-0.08966972,-0.09064542,-0.08399583,-0.08913284,-0.12140804,2020
2020-03-09,-0.085183755,-0.078958295,-0.07228903,-0.08468412,-0.077537745,-0.07515289,-0.07803445,-0.072960615,-0.06562442,-0.10766607,2020
2020-03-10,-0.08960055,-0.07291419,-0.0733232,-0.081983,-0.07541704,-0.07685569,-0.07086639,-0.07055565,-0.07372282,-0.10205262,2020
2020-03-11,-0.060969736,-0.056991395,-0.04530439,-0.05044261,-0.048394352,-0.045100708,-0.03616561,-0.04193031,-0.052865945,-0.07647465,2020
2020-03-12,-0.0374961,-0.02508208,-0.01763313,-0.02080954,-0.009649726,-0.0083298795,-0.007980487,-0.013989859,-0.018919563,-0.058464486,2020
2020-03-13,-0.074588664,-0.06382198,-0.054793503,-0.052396975,-0.04710274,-0.043968815,-0.048342474,-0.038249042,-0.07142852,-0.094894454,2020
2020-03-16,-0.044091873,-0.01885134,-0.009845596,-0.006825916,-0.0012193149,-0.0023151743,0.0011640651,-0.0010566573,-0.027854504,-0.041423213,2020
2020-03-17,-0.05661446,-0.036984973,-0.030650614,-0.017929645,-0.01832537,-0.018641902,-0.013706237,-0.015246293,-0.03747634,-0.06101924,2020
2020-03-18,-0.028613972,-0.014421907,0.0004590738,0.0047343867,0.004468359,0.011528484,0.0068099042,0.0024550972,-0.016084164,-0.036689483,2020
2020-03-19,-0.028008899,-0.013115519,-0.0068375445,-0.0074127708,0.0016089441,0.0048699873,-0.0041332347,-0.0068179416,-0.021732718,-0.046461407,2020
2020-03-20,0.030998271,0.04218277,0.037642423,0.040120766,0.040704854,0.04104304,0.03750284,0.028557023,0.019004688,-0.016662568,2020
2020-03-23,0.054786097,0.04181139,0.048506185,0.0500252,0.04314976,0.05587657,0.039539777,0.03347535,0.030183634,0.004890784,2020
2020-03-24,0.0273596,0.02997386,0.022131328,0.022249594,0.0212649,0.02520955,0.029874278,0.024845973,0.014069162,-0.00083393365,2020
2020-03-25,0.0091334,0.008227015,0.0036866234,0.0116210375,0.011187429,0.017938314,0.017088866,0.018990774,0.0072614993,-0.01295167,2020
2020-03-26,-0.020695915,-0.018068234,-0.013810988,-0.0042768014,-0.011518126,0.00044749893,-0.00114481,0.0014247883,-0.009608285,-0.018787228,2020
2020-03-27,0.051165797,0.046287928,0.039559834,0.04020105,0.036360823,0.035629615,0.030946555,0.025896374,0.025641048,0.017868098,2020
2020-03-30,0.060199212,0.049981743,0.04513262,0.037003443,0.031975806,0.030058702,0.028712535,0.028170839,0.025070472,0.019826325,2020
2020-03-31,0.04853765,0.042430006,0.037262596,0.037218988,0.03103486,0.025928175,0.0368379,0.028332984,0.022087228,0.025007589,2020
2020-04-01,0.060271833,0.055861827,0.045595862,0.046814445,0.040677857,0.036100123,0.041565087,0.039509043,0.032982253,0.03321832,2020
2020-04-02,0.040444396,0.039513357,0.0387827,0.033425,0.032200467,0.029002817,0.036068283,0.023838729,0.020729087,0.01627763,2020
2020-04-03,0.00902351,0.013690145,0.010750388,0.010718577,0.0057020327,0.0045103305,0.010982716,0.0059329406,0.004170155,-0.0061057997,2020
2020-04-07,-0.010293459,0.00027137826,0.0020533567,0.0047136177,0.005427403,0.008037402,0.0076083858,0.0070786676,0.013007234,-0.01249964,2020
2020-04-08,-0.017466439,-0.001762298,-0.003099718,-0.002981209,0.0021391455,-6.7636705e-05,0.010803734,0.009703018,0.0079709,0.00041125005,2020
2020-04-09,-0.008928195,0.0019003992,0.0027079836,0.0062126685,-0.0028105157,0.0031595745,0.0044075893,0.0074215108,-0.010905521,-0.0065003033,2020
2020-04-10,0.0008650931,0.016294077,0.01769571,0.0073698587,0.013219173,0.009761756,0.019791415,0.007467144,0.00060076173,-0.013822325,2020
2020-04-13,-0.048118703,-0.031625506,-0.032764375,-0.021314224,-0.016332889,-0.024607757,-0.019853614,-0.024581326,-0.022787482,-0.045854025,2020
2020-04-14,-0.062193684,-0.036947493,-0.030178493,-0.02623334,-0.015319999,-0.023385886,-0.015920434,-0.021639321,-0.025350118,-0.062464133,2020
2020-04-15,-0.034285035,-0.009224861,0.0018675374,-0.0012913271,0.00011842904,-0.0063852696,-0.0077608423,-0.009079486,-0.014643289,-0.059271965,2020
2020-04-16,-0.030295013,-0.0063437717,0.0035227782,-0.0027626774,-0.002199593,-0.009880922,-0.008251168,-0.0071959263,-0.013677324,-0.04457248,2020
2020-04-17,-0.028598433,0.0024451134,0.006929466,0.013146933,0.009267961,0.0061626146,0.0021996223,0.005614582,-0.009227301,-0.035230078,2020
2020-04-20,-0.010262945,0.0149549795,0.02134217,0.028119074,0.025936006,0.01522799,0.020709654,0.007495114,-0.004667155,-0.04338942,2020
2020-04-21,-0.00090522243,0.012148894,0.028211465,0.025195835,0.021842048,0.012652278,0.01409236,-0.0075223763,-0.005944528,-0.04706443,2020
2020-04-22,-0.016990324,0.0015873966,0.00932619,0.008324446,0.011358701,0.003108804,-0.0016753335,-0.012544821,-0.022351528,-0.058269136,2020
2020-04-23,0.008400716,0.023914117,0.023451066,0.031301737,0.017480066,0.030370168,0.01717602,0.010220746,-0.002869677,-0.03159352,2020
2020-04-24,0.029084874,0.030252822,0.037233785,0.03588487,0.024769437,0.025034385,0.02160796,0.025686232,-0.0001186196,-0.008642907,2020
2020-04-27,0.082171746,0.07773967,0.06983008,0.05776545,0.049003225,0.041292764,0.037851855,0.039757404,0.026175553,0.027537322,2020
2020-04-28,0.064792216,0.06271725,0.058769498,0.0517299,0.042143244,0.034250353,0.04329366,0.041150596,0.027105212,0.034682836,2020
2020-04-29,0.047704756,0.047594756,0.042505015,0.046944637,0.029814003,0.03383596,0.03041239,0.036635794,0.02481818,0.036325846,2020
2020-04-30,0.02417033,0.030046351,0.01945164,0.014128402,0.022949256,0.019859273,0.030557444,0.02762028,0.023305133,0.02404295,2020
2020-05-06,0.006199056,0.0069515025,0.008896842,0.0021719646,0.011466912,0.004386477,0.0017084528,0.009767289,0.0063401824,0.0012791668,2020
2020-05-07,-0.026170116,-0.016142944,-0.016425587,-0.018049525,-0.0228539,-0.021484697,-0.021195961,-0.009442386,-0.019243538,-0.022019438,2020
2020-05-08,-0.04140589,-0.017764878,-0.024133494,-0.031043012,-0.03226949,-0.03504936,-0.025070054,-0.023181109,-0.029874891,-0.037168197,2020
2020-05-11,-0.016834158,0.00325629,-0.005578728,-0.009039467,-0.013793342,-0.010919808,-0.0072484226,-0.005541643,-0.0136848865,-0.019145401,2020
2020-05-12,-0.015057732,-0.008595141,-0.004778431,-0.008300539,-0.0008322948,-0.009165834,-0.012609384,-0.0067955577,-0.009285753,-0.015798027,2020
2020-05-13,-0.013598209,-0.007644652,-0.009731274,-0.003296397,-0.014389559,-0.0104113715,-0.019103615,-0.016792413,-0.018355187,-0.036605723,2020
2020-05-14,0.001764832,0.001102908,0.0010466285,-0.00851935,-0.00057869253,-0.01185994,-0.0026880526,-0.007019734,-0.015357705,-0.02796446,2020
2020-05-15,0.023352457,0.021836162,0.020265939,0.022603182,0.022120155,0.021430768,0.021377077,0.0098436605,0.008250718,-0.0044580833,2020
2020-05-18,0.028508186,0.027998107,0.032289974,0.027651863,0.021762291,0.026643889,0.021920145,0.021174211,0.015767833,0.012640409,2020
2020-05-19,0.03839839,0.037382834,0.032784116,0.030307628,0.035703517,0.030866392,0.027669748,0.027575344,0.021069247,0.008736187,2020
2020-05-20,0.046081003,0.034221493,0.038721114,0.035172418,0.037781343,0.03543,0.034367725,0.035770807,0.03637425,0.023927143,2020
2020-05-21,0.06417944,0.051462136,0.055668224,0.05558597,0.051424354,0.059566643,0.048668243,0.051572636,0.054152235,0.04495366,2020
2020-05-22,0.07052895,0.061863188,0.066405594,0.065098576,0.06261408,0.06972794,0.05880184,0.067089975,0.06230609,0.048834696,2020
2020-05-25,0.062135056,0.04651302,0.04552449,0.05134914,0.048959527,0.04322054,0.048525285,0.04686844,0.043864395,0.029289275,2020
2020-05-26,0.05080417,0.04861852,0.041304834,0.034480058,0.04486266,0.040291563,0.040821563,0.036412485,0.04241619,0.011765931,2020
2020-05-27,0.05627955,0.0474892,0.052692663,0.05066437,0.050313093,0.046733975,0.054394666,0.050423272,0.04896413,0.030784832,2020
2020-05-28,0.03916077,0.029650254,0.031888112,0.03711586,0.03238163,0.02934128,0.029910045,0.029172892,0.0310018,0.011928511,2020
2020-05-29,0.023055475,0.017506866,0.020541128,0.01944775,0.020608231,0.0186319,0.02445491,0.019697314,0.013980209,0.007035239,2020
2020-06-01,0.01679954,0.011084945,0.011068137,0.013013669,0.01697682,0.015127948,0.021352516,0.016581925,0.015535138,-0.0036381388,2020
2020-06-02,0.023065872,0.011442611,0.015881183,0.016166298,0.01738958,0.02069425,0.020501556,0.018091843,0.017050289,-0.0014550076,2020
2020-06-03,0.025908433,0.023691682,0.01854214,0.016940245,0.021459399,0.023037769,0.020571992,0.0223226,0.010717375,-0.000262381,2020
2020-06-04,0.036064625,0.026159298,0.028192077,0.023296876,0.022766454,0.023312971,0.026889943,0.021529634,0.008848317,0.003977863,2020
2020-06-05,0.034739643,0.027250534,0.028887618,0.019352363,0.02298053,0.022054715,0.028785495,0.02987519,0.019041045,0.0125055555,2020
2020-06-08,0.022606416,0.0281241,0.024627415,0.021974355,0.024670614,0.019586738,0.023958445,0.02887568,0.02168777,0.020615984,2020
2020-06-09,0.022058524,0.024787609,0.026275875,0.02303079,0.018726531,0.026429145,0.02564468,0.022858199,0.029667199,0.01491187,2020
2020-06-10,0.025829844,0.021521026,0.019989925,0.012211956,0.016778791,0.013367588,0.013075057,0.012759491,0.017200552,0.0020972795,2020
2020-06-11,0.045211583,0.03991203,0.037707046,0.042971577,0.038246818,0.036236994,0.03842142,0.03476966,0.04483464,0.01795994,2020
2020-06-12,0.04547441,0.043312095,0.036526017,0.042413127,0.028834673,0.03308079,0.028448137,0.034414206,0.034050986,0.009343298,2020
2020-06-15,0.05747275,0.04478567,0.04063496,0.046505675,0.04009029,0.033361115,0.039154116,0.03394976,0.03246529,0.012995714,2020
2020-06-16,0.06604375,0.05465627,0.046736117,0.048005078,0.04593954,0.047099814,0.041310865,0.04092864,0.03891902,0.015623051,2020
2020-06-17,0.10093068,0.089437835,0.08086296,0.07595663,0.08092073,0.07315461,0.07444986,0.069123454,0.058902703,0.051904824,2020
2020-06-18,0.1126039,0.10636363,0.100467876,0.099918194,0.1009995,0.09483482,0.10279415,0.0970301,0.09351327,0.09814386,2020
2020-06-19,0.112076454,0.10367814,0.10673812,0.100009225,0.10259499,0.1047156,0.0978497,0.10219919,0.10620858,0.100782916,2020
2020-06-22,0.13614607,0.13002057,0.13054924,0.13391224,0.1338524,0.13083069,0.1362258,0.14972977,0.14319961,0.14463706,2020
2020-06-23,0.13911407,0.14268999,0.15147726,0.14455922,0.14367689,0.14987378,0.14573388,0.1578026,0.15260975,0.16408254,2020
2020-06-24,0.156129,0.16005917,0.17913297,0.17033833,0.18016656,0.15940185,0.1716964,0.1744567,0.17909253,0.19710355,2020
2020-06-29,0.14603536,0.16283843,0.16293883,0.16934957,0.16326535,0.1663327,0.16695084,0.16749558,0.17256373,0.19105469,2020
2020-06-30,0.13881245,0.14067672,0.14189833,0.14929695,0.14413586,0.14989586,0.13428746,0.15327792,0.13734998,0.1622978,2020
2020-07-01,0.10003156,0.09471202,0.10018892,0.09455798,0.101867914,0.10170052,0.09085986,0.09455479,0.089931116,0.100727774,2020
2020-07-02,0.055877313,0.0599815,0.052577138,0.055434577,0.054298356,0.05428066,0.05250632,0.053136922,0.042032167,0.04397666,2020
2020-07-03,0.046880923,0.05450171,0.04764171,0.04955534,0.045098774,0.046545073,0.036637187,0.034590412,0.030622723,0.029372288,2020
2020-07-06,0.03451341,0.045187827,0.043839097,0.04179971,0.036195047,0.03780446,0.03238812,0.021591522,0.022537021,0.009405699,2020
2020-07-07,0.0485396,0.046616383,0.047773708,0.042099327,0.03521618,0.03742722,0.026938774,0.01960641,0.02229864,0.0009319274,2020
2020-07-08,0.007835606,0.007837547,0.013697619,0.0075253826,-0.004667527,-0.002692458,-0.0077094114,-0.018589735,-0.021050842,-0.045414846,2020
2020-07-09,-0.0044929595,-0.011395997,-0.0033808877,-0.019499263,-0.019781213,-0.019789834,-0.030934159,-0.029350063,-0.052131366,-0.07953929,2020
2020-07-10,-0.035852727,-0.044049416,-0.04134519,-0.055283114,-0.05360741,-0.0612786,-0.07355905,-0.066813946,-0.08433499,-0.12203927,2020
2020-07-13,-0.032602776,-0.03339346,-0.03249327,-0.041594844,-0.05848225,-0.05687751,-0.061564524,-0.07810491,-0.07204536,-0.12388461,2020
2020-07-14,-0.018145276,-0.022315772,-0.028723227,-0.024804734,-0.029614516,-0.031171836,-0.040716697,-0.04423902,-0.044992365,-0.066491,2020
2020-07-15,0.013265585,0.016138315,0.012852372,0.010476045,0.0230039,0.011976404,-0.0016787782,0.0037366115,0.009356079,0.008540733,2020
2020-07-16,0.031592138,0.039150625,0.053522408,0.049595956,0.044666443,0.037416913,0.038459852,0.03991134,0.051553007,0.050209742,2020
2020-07-17,0.04246712,0.047871023,0.056785487,0.04937009,0.05883228,0.03518547,0.049625397,0.036293652,0.047681823,0.066090465,2020
2020-07-20,0.022934673,0.037104867,0.033183515,0.04307078,0.03770522,0.04351693,0.039774463,0.030308131,0.036892347,0.05791904,2020
2020-07-21,0.022313466,0.020983147,0.024106357,0.032917105,0.023321422,0.03577963,0.035550144,0.02991945,0.021409934,0.053975534,2020
2020-07-22,0.04723382,0.04339647,0.045318857,0.037221014,0.0377933,0.05475162,0.04354707,0.045116704,0.045420535,0.055434186,2020
2020-07-23,0.046188056,0.041838415,0.038350552,0.050812107,0.04072515,0.045969315,0.05670634,0.04618706,0.047165174,0.058755144,2020
2020-07-24,0.08242907,0.081731044,0.07141042,0.06904378,0.08062621,0.08184204,0.08337842,0.07760403,0.06657598,0.09031747,2020
2020-07-27,0.06644516,0.06629139,0.059134617,0.062308162,0.0587457,0.064938284,0.06550249,0.061277956,0.058134284,0.08219217,2020
2020-07-28,0.013922045,0.0123534845,0.011843436,0.017066985,0.021884605,0.02251487,0.020981835,0.01840092,0.017841483,0.0289371,2020
2020-07-29,0.02656259,0.018287025,0.01984591,0.018128872,0.023318145,0.013567329,0.032157805,0.014332257,0.018597275,0.008790371,2020
2020-07-30,0.013761129,0.018463027,0.025786398,0.01752538,0.013987107,0.023724701,0.013118336,0.019205246,0.015048843,-0.008324787,2020
2020-07-31,0.011034189,0.017403556,0.018088635,0.015438616,0.012952879,0.013050761,0.009899807,0.005405479,0.0021997741,-0.028720053,2020
2020-08-03,0.017921882,0.02368012,0.018056419,0.023987988,0.016521363,0.019542852,0.010450402,0.011835688,0.011678095,-0.016048973,2020
2020-08-04,0.01455469,0.025749955,0.0122439945,0.022159614,0.0117785195,0.004888278,0.009831501,0.0046273465,0.004726834,-0.017046032,2020
2020-08-05,-0.0027919782,0.0029253322,0.008658852,-0.0025881443,-0.007132334,-0.009831211,-0.0038079773,-0.016041575,-0.013658916,-0.0391268,2020
2020-08-06,0.01622721,0.02182446,0.025361385,0.016392736,0.0109876245,0.0018158964,0.007170244,-0.0024718584,-0.0054689636,-0.03890898,2020
2020-08-07,0.01386703,0.016558308,0.013819966,0.01604982,0.0022268393,0.0042006476,0.0028248248,-0.0073611382,-0.009451223,-0.043139607,2020
2020-08-10,0.027897278,0.023400197,0.021020658,0.016366104,0.020951098,0.005688385,0.009367181,0.00026234583,-0.00077648164,-0.03785752,2020
2020-08-11,0.048311457,0.04355674,0.039853454,0.026884273,0.035676934,0.027994225,0.025758931,0.020661628,0.01295555,-0.018056583,2020
2020-08-12,0.03505677,0.024713827,0.024204928,0.013864509,0.0072654835,0.006766721,0.0043093525,-0.0039922274,-0.0029755617,-0.04054401,2020
2020-08-13,0.046661,0.0348095,0.029119613,0.019485915,0.017985724,0.01245758,0.0034593397,0.014446426,0.005899394,-0.023453984,2020
2020-08-14,0.049252853,0.031831995,0.011721141,0.019116709,0.0089902505,0.0043400796,0.006594082,0.001205159,-0.0009352605,-0.019801104,2020
2020-08-17,0.028223393,0.0077635767,0.004218051,-0.004958952,-0.009719914,-0.008752383,-0.011982082,-0.013410901,-0.019744541,-0.045200825,2020
2020-08-18,0.04471687,0.017387932,0.02266023,0.01005259,0.0069987574,0.003000585,0.003354094,-0.0076977853,0.012951411,-0.028505065,2020
2020-08-19,0.061055053,0.03831871,0.026950574,0.02446975,0.015130092,0.01770004,0.021416858,0.013204259,0.011569277,-0.0036991576,2020
2020-08-20,0.029886214,0.024156582,0.010144532,0.007394826,0.0070643383,0.006716801,0.0056771855,-0.0019990902,-0.0068036197,-0.011427555,2020
2020-08-21,0.020493641,0.019713864,0.017959569,0.016461484,0.004422977,0.024560934,0.010824514,0.005784333,0.017651923,0.012318902,2020
2020-08-24,-0.013592898,-0.0010456932,-0.010553109,-0.0060010175,0.0012076638,0.004752593,-0.004668982,0.007918671,0.0034850219,0.022600781,2020
2020-08-25,-0.018973699,-0.0040693153,-0.009969805,-0.0047014495,-0.0010538055,0.0060284603,0.012178375,0.026712364,0.01756109,0.0508492,2020
2020-08-26,-0.03666014,-0.030185826,-0.026485778,-0.027735172,-0.017096093,-0.022355415,-0.021933751,-0.01619474,-0.01444226,-0.015988978,2020
2020-08-27,-0.059170175,-0.05712249,-0.048794992,-0.05234849,-0.047309585,-0.047574434,-0.05051914,-0.045391228,-0.044042736,-0.037890863,2020
2020-08-28,-0.056489136,-0.051980693,-0.046967458,-0.04729793,-0.040375926,-0.049070347,-0.03772588,-0.041281506,-0.033485595,-0.0072851367,2020
2020-08-31,-0.04564578,-0.042554077,-0.042085182,-0.027165541,-0.036819495,-0.040039126,-0.025427245,-0.0322113,-0.024634637,-0.0043221163,2020
2020-09-01,-0.056588132,-0.052924246,-0.046056326,-0.041406546,-0.046362624,-0.042028777,-0.043497976,-0.047078885,-0.04246246,-0.03553758,2020
2020-09-02,-0.050908934,-0.04718467,-0.04744734,-0.040402014,-0.048351213,-0.048164334,-0.039857075,-0.041447945,-0.04697042,-0.032677766,2020
2020-09-03,-0.026024798,-0.025197836,-0.02262746,-0.022240406,-0.022156011,-0.019490631,-0.025255024,-0.025644721,-0.02550747,-0.029645445,2020
2020-09-04,-0.024924414,-0.017531829,-0.0232721,-0.02340425,-0.01530639,-0.024190368,-0.020226873,-0.025603196,-0.02911458,-0.04739285,2020
2020-09-07,-0.01796531,-0.0147357145,-0.020399468,-0.023433192,-0.019989204,-0.021629127,-0.02944381,-0.027712852,-0.032294683,-0.07006905,2020
2020-09-08,0.00021461479,-0.008766017,-0.009826275,-0.015371376,-0.012224533,-0.018192422,-0.021739261,-0.025158426,-0.031376306,-0.08418061,2020
2020-09-09,0.010192941,-0.00097542,-0.004015023,-0.013256166,-0.006746597,-0.014076437,-0.023662819,-0.012394047,-0.010215352,-0.018997477,2020
2020-09-10,0.012559241,0.0030885409,-0.007767685,-0.0010444745,-0.0073994272,-0.0112962965,-0.009192253,-0.005948129,-0.0059429845,5.5311106e-05,2020
2020-09-11,-0.016912034,-0.023523584,-0.0325059,-0.03111403,-0.029952334,-0.040996652,-0.03519191,-0.03774325,-0.03751406,-0.061361603,2020
2020-09-14,-0.016008286,-0.02513651,-0.029050127,-0.03179967,-0.029821934,-0.03586751,-0.033711772,-0.041484997,-0.04230646,-0.07047977,2020
2020-09-15,-0.010409681,-0.017250177,-0.024534669,-0.02840877,-0.030722985,-0.035905126,-0.03467677,-0.03559257,-0.04369565,-0.06386809,2020
2020-09-16,0.013321514,0.008936363,0.00059694535,-0.004614242,-0.008218507,-0.010723715,-0.014305365,-0.016742751,-0.017206723,-0.036514737,2020
2020-09-17,0.023455344,0.01622603,0.009013596,0.011453663,0.0036535503,0.0056008445,0.0021979355,-0.0035853093,0.0042215767,-0.004691911,2020
2020-09-18,0.018987348,0.0112512475,0.010685631,0.0030956662,0.0038852824,0.007387004,0.0010526428,0.00017020198,0.0071298415,0.010765789,2020
2020-09-21,0.036736928,0.02108655,0.02215001,0.0108898105,0.019518897,0.0106383,0.008051085,0.009090504,0.01727495,0.03797224,2020
2020-09-22,0.028088944,0.0185838,0.0159453,0.010935096,0.015326011,0.008463441,0.008105804,0.008507103,0.015631188,0.021346675,2020
2020-09-23,0.037194606,0.032285035,0.030219866,0.024981853,0.023733748,0.020588193,0.021711456,0.023560302,0.027728586,0.039353658,2020
2020-09-24,0.040384524,0.03609099,0.04161523,0.044700876,0.039585955,0.038478266,0.03428244,0.0448819,0.049324587,0.053932402,2020
2020-09-25,0.043710973,0.054453734,0.047841128,0.051038466,0.041621316,0.048293803,0.046471484,0.03545706,0.042617988,0.06208769,2020
2020-09-28,0.04206341,0.045377832,0.052260853,0.049643844,0.038208023,0.05182571,0.03257422,0.038076803,0.037518825,0.054916076,2020
2020-09-29,0.026178459,0.024130134,0.04488938,0.031567067,0.033940144,0.036760304,0.039997768,0.035318352,0.03708666,0.058094975,2020
2020-09-30,-0.0034428623,-0.00087532285,0.011034687,0.01273831,0.013931079,0.009767981,0.016649134,0.011464291,0.009032533,0.020263817,2020
2020-10-09,-0.03137643,-0.024290284,-0.03512757,-0.023887793,-0.025904482,-0.023053268,-0.026556764,-0.026360912,-0.022337485,-0.018303614,2020
2020-10-12,-0.02849199,-0.029795218,-0.029434798,-0.037739184,-0.024249334,-0.033646323,-0.04130666,-0.032795306,-0.029645752,-0.034088906,2020
2020-10-13,-0.03374141,-0.031378016,-0.03177451,-0.027731512,-0.035804614,-0.03313252,-0.029598562,-0.03640126,-0.03283843,-0.042396344,2020
2020-10-14,-0.02322436,-0.027983064,-0.0222147,-0.02730884,-0.028602092,-0.027460549,-0.023735328,-0.03222002,-0.026358522,-0.028866224,2020
2020-10-15,-0.034893923,-0.031029701,-0.026694573,-0.02532947,-0.030402873,-0.023434695,-0.039598413,-0.03140519,-0.030385988,-0.04526358,2020
2020-10-16,-0.047687065,-0.044923477,-0.039754968,-0.042612206,-0.047182262,-0.050247654,-0.046069425,-0.051491823,-0.05152431,-0.06951187,2020
2020-10-19,-0.019840866,-0.02741247,-0.02222067,-0.02049365,-0.021965379,-0.028458616,-0.030808905,-0.0374209,-0.026828997,-0.045834832,2020
2020-10-20,-0.017760761,-0.01630401,-0.02158785,-0.020319907,-0.015852239,-0.027902517,-0.031517588,-0.025553852,-0.029702734,-0.04241191,2020
2020-10-21,0.0038752127,0.002384739,0.0054512024,-0.0025171395,0.00015357998,-0.0044999667,-0.0116871735,-0.009163385,-0.009268691,-0.02475517,2020
2020-10-22,0.020638987,-0.0018513578,0.0047837663,-0.0039477684,-0.001029427,-0.0024546164,-0.0102958,-0.015098032,-0.011997189,-0.03346353,2020
2020-10-23,0.044558935,0.043349087,0.025659254,0.030392127,0.020639077,0.02171794,0.012838367,0.014788432,0.004866796,-0.0035780226,2020
2020-10-26,0.032058064,0.029958328,0.027313739,0.026193295,0.01698302,0.016696325,0.011694567,0.014709515,0.012944519,-0.012200583,2020
2020-10-27,0.018257136,0.015071541,0.013164373,0.01953823,0.006657866,0.007020398,0.007692931,0.006882774,0.010376027,-0.020328207,2020
2020-10-28,0.0058611967,0.0051072785,0.010572725,0.012962389,-0.0017997874,0.005936805,0.0011766802,0.006592054,0.007781331,-0.031593617,2020
2020-10-29,0.011942682,0.011701368,0.014753329,0.020833716,0.0077408873,0.011442106,0.013270139,0.009578533,0.01568449,-0.023823092,2020
2020-10-30,0.031436052,0.035299297,0.04062368,0.045091,0.045357894,0.03602858,0.03662147,0.04232105,0.039187662,-0.0041978327,2020
2020-11-02,0.014294569,0.011137199,0.018780557,0.023303648,0.024210064,0.019802812,0.01717605,0.024879646,0.022425586,-0.03479985,2020
2020-11-03,0.016721487,0.016861446,0.02196223,0.015482555,0.01979582,0.030830879,0.022039084,0.025139432,0.01952974,-0.03556098,2020
2020-11-04,-0.0100971665,-0.0036144592,0.0055464637,0.004075488,0.015238752,0.013445206,0.013643141,0.011493005,0.02171617,-0.032501046,2020
2020-11-05,0.013999109,0.01864811,0.014170902,0.0171621,0.01953632,0.018958561,0.015235322,0.020121677,0.006579207,-0.027431928,2020
2020-11-06,-0.007578825,-0.0027866547,0.009603711,-0.0021688947,0.01152676,0.007421994,0.015565423,0.0051853196,0.0049769003,-0.026624769,2020
2020-11-09,0.00476096,0.0072362293,0.0028745073,0.010393267,0.010835974,0.008026332,0.012514482,0.011199765,0.0023744446,-0.024321446,2020
2020-11-10,-0.008648943,0.005261714,0.006789332,0.009463626,0.016379198,0.011105524,0.02256838,0.020556532,0.017317938,0.0053365533,2020
2020-11-11,-0.02065693,-0.009858412,-0.00011221033,0.0028919093,0.0019395594,0.004788151,0.009871292,0.015883788,0.0037737535,0.0040903096,2020
2020-11-12,-0.016956545,-0.005208806,0.0009260836,0.0038970073,0.00366538,0.0048492034,0.011255686,0.009326672,0.005288245,-0.007067724,2020
2020-11-13,-0.01629039,-0.004339669,-0.0044096,0.0018831772,0.0016384491,-0.0003514629,0.0048051868,0.0026175433,0.0016261769,-0.007606596,2020
2020-11-16,0.0013997032,0.0052671204,0.009663079,0.0073778015,0.004062099,0.010878333,0.012036591,0.004895669,-0.0005474256,-0.0032439146,2020
2020-11-17,0.008012554,0.004466911,0.008292499,0.012507812,0.011982197,0.009685235,0.010794149,0.01010736,0.0070648296,-0.009973473,2020
2020-11-18,0.0055286903,0.00927733,0.005329604,0.013119198,0.011137705,0.0060174093,0.008451669,0.0025896803,0.009937669,-0.02025033,2020
2020-11-19,0.0010072388,0.007658558,0.0044284943,0.0049956287,0.0053904913,0.000109077315,-0.0014651917,0.0021248145,-0.0017427951,-0.025345802,2020
2020-11-20,0.0013611631,0.0060718064,-0.0024559216,0.0026294545,-0.0009823082,-0.0054909973,-0.00089263654,-0.004567785,-0.0075909286,-0.037752837,2020
2020-11-23,-0.006347556,-0.004002498,0.0006464052,-0.0018674938,-0.004886737,-0.014107604,-0.009693187,-0.011151792,-0.018833114,-0.039967947,2020
2020-11-24,-0.009815405,-0.005129463,-0.008288191,-0.00954682,-0.011494349,-0.014820031,-0.012306794,-0.013315807,-0.035987426,-0.036341105,2020
2020-11-25,-0.0067216144,-0.0012950122,-0.0020042118,-0.007817423,-0.010404488,-0.010743858,-0.015609979,-0.013412391,-0.02611907,-0.035079364,2020
2020-11-26,-0.015472888,-0.013428104,-0.018003542,-0.028825972,-0.016336625,-0.020938545,-0.025577553,-0.018293725,-0.038002443,-0.03886349,2020
2020-11-27,-0.019888725,-0.020880107,-0.024135157,-0.027730342,-0.02430328,-0.028096795,-0.029560026,-0.031315498,-0.04006174,-0.04264583,2020
2020-11-30,-0.030181495,-0.025375715,-0.02508057,-0.026394963,-0.02672143,-0.030740391,-0.017831985,-0.03189109,-0.03627049,-0.045199808,2020
2020-12-01,-0.04051975,-0.03375615,-0.032330163,-0.035166137,-0.036856096,-0.040225253,-0.03678416,-0.04222244,-0.05404291,-0.065152146,2020
2020-12-02,-0.042406395,-0.036052246,-0.038215246,-0.03622804,-0.04793673,-0.042170517,-0.040080715,-0.046159156,-0.05574167,-0.061912652,2020
2020-12-03,-0.036890965,-0.032551773,-0.036162052,-0.031715173,-0.03559423,-0.034048177,-0.037583552,-0.0385036,-0.03644789,-0.05106805,2020
2020-12-04,-0.029839845,-0.027126627,-0.0328227,-0.03371436,-0.037924588,-0.03705058,-0.030529315,-0.032913968,-0.030887859,-0.049265094,2020
2020-12-07,-0.027969178,-0.03436667,-0.03404626,-0.041567687,-0.03464795,-0.035184786,-0.035202615,-0.03597854,-0.03213243,-0.04552333,2020
2020-12-08,-0.027180498,-0.033036657,-0.029855523,-0.034916427,-0.048727725,-0.02815719,-0.0358616,-0.031499162,-0.031261172,-0.035408385,2020
2020-12-09,-0.025708998,-0.03194771,-0.04007789,-0.037938166,-0.026185768,-0.031689342,-0.031920742,-0.044673465,-0.030372376,-0.03221455,2020
2020-12-10,-0.013382783,-0.021221764,-0.027244534,-0.026194235,-0.014087944,-0.01860872,-0.014807816,-0.023079861,-0.01977379,-0.028033093,2020
2020-12-11,-0.009942626,-0.025745522,-0.027901128,-0.025247408,-0.02453833,-0.01770565,-0.025294159,-0.03251345,-0.026040062,-0.030868024,2020
2020-12-14,-0.021365192,-0.030643959,-0.03069815,-0.030029023,-0.03118119,-0.030612154,-0.030001702,-0.028306972,-0.022523845,-0.03484693,2020
2020-12-15,-0.024482712,-0.028827926,-0.028258799,-0.029053546,-0.025391359,-0.023517521,-0.024377404,-0.024010966,-0.016150616,-0.016722115,2020
2020-12-16,-0.007319845,-0.009632927,-0.014932695,-0.014081526,-0.0059961923,-0.0120894285,-0.009714745,-0.00069967774,-0.004805492,8.1077174e-05,2020
2020-12-17,-1.8563142e-05,-0.0076344144,-0.0055171424,-0.0052978834,-0.001742823,-0.0021256292,-0.0077066193,-0.0011861341,-0.0032804855,-0.00032085326,2020
2020-12-18,0.0034912815,-0.009471204,-0.0053087063,-0.008165681,-0.0002171929,-0.009063785,-0.011196839,-0.0044348245,-0.010936642,0.0032609322,2020
2020-12-21,-0.009230292,-0.004671519,-0.010670418,-0.010758061,-0.005942535,-0.006055855,-0.008242726,-0.008300923,-0.0033872866,-0.008336294,2020
2020-12-22,-0.016154166,-0.012696382,-0.019080764,-0.019450597,-0.021482721,-0.018255195,-0.023398738,-0.02018574,-0.024676602,-0.01933455,2020
2020-12-23,-0.016444009,-0.016094107,-0.011753424,-0.009144435,-0.011055633,-0.013441247,-0.018364387,-0.019947108,-0.025154663,-0.041047007,2020
2020-12-24,-0.026587745,-0.018323882,-0.018916994,-0.019197483,-0.0130112,-0.030623186,-0.025564345,-0.02227674,-0.04461027,-0.05574157,2020
2020-12-25,-0.02548914,-0.013098198,-0.006356473,-0.01356602,-0.015472746,-0.022959543,-0.021583516,-0.027765157,-0.0469982,-0.0716628,2020
2020-12-28,-0.044130053,-0.031030953,-0.020856822,-0.01706607,-0.029470805,-0.021988602,-0.025171403,-0.034003504,-0.051771954,-0.066628546,2020
2020-12-29,-0.017756611,-0.013900794,-0.021375008,-0.015531328,-0.02471414,-0.027033132,-0.027350094,-0.03706956,-0.056896728,-0.09682892,2020
2020-12-30,-0.04237459,-0.029199861,-0.020519637,-0.022430984,-0.022559756,-0.027656121,-0.029186627,-0.03596903,-0.046986137,-0.098946825,2020
2020-12-31,-0.046793368,-0.03699872,-0.016214153,-0.019834414,-0.014780981,-0.017217737,-0.02530229,-0.038956955,-0.043799803,-0.09322886,2020
2021-01-04,-0.032384582,-0.02678589,-0.011552673,-0.009673263,-0.0153381815,-0.012578798,-0.020607699,-0.030709704,-0.048907027,-0.08225203,2021
2021-01-05,-0.017235039,-0.018460028,-0.0071309246,-0.008481243,-0.0092761405,-0.004554383,-0.017103104,-0.02781283,-0.036738563,-0.073501095,2021
2021-01-06,0.024241554,0.019906523,0.028613402,0.02271362,0.01970431,0.022259891,0.0091560185,0.00071626506,-0.017188748,-0.045853704,2021
2021-01-07,0.01739776,0.021352133,0.015755862,0.0192782,0.011436259,0.019946802,0.005038884,0.01168158,-0.0039298087,-0.0298798,2021
2021-01-08,0.00632708,0.013050926,0.018264193,0.012534252,0.01098846,0.015139302,0.010502792,0.0052801548,0.0044370177,-0.013337942,2021
2021-01-11,0.01932725,0.017148763,0.0037636445,0.0028787781,0.006180978,0.0031767143,0.0027269905,-0.00085442176,-0.008137607,-0.017118687,2021
2021-01-12,0.04080043,0.029270647,0.014375217,0.016456954,0.008863816,0.0120956795,0.0027745673,-0.005454455,-0.0057886904,-0.0272576,2021
2021-01-13,0.040373918,0.02398351,0.0040028826,0.008645548,0.0038918965,0.0022676098,0.0027551693,-0.01145489,-0.013342763,-0.008927227,2021
2021-01-14,-0.012639637,-0.015519783,-0.020546487,-0.020437354,-0.020382171,-0.019952388,-0.023698062,-0.03296885,-0.032565206,-0.040535558,2021
2021-01-15,-0.044815242,-0.039580103,-0.033165045,-0.037354298,-0.040095422,-0.04075411,-0.041848775,-0.04036217,-0.05059786,-0.059968084,2021
2021-01-18,-0.05777955,-0.052499313,-0.036867674,-0.04644231,-0.041672185,-0.03513019,-0.039191227,-0.047302905,-0.046963833,-0.059978303,2021
2021-01-19,-0.06784946,-0.056695115,-0.037783496,-0.04151437,-0.05326185,-0.04443463,-0.053346064,-0.052477606,-0.051893946,-0.06343462,2021
2021-01-20,-0.11273426,-0.092797235,-0.07520013,-0.07369844,-0.07367299,-0.079690225,-0.07638271,-0.079527356,-0.07763809,-0.08947996,2021
2021-01-21,-0.08270082,-0.06687043,-0.059962954,-0.06124616,-0.057110798,-0.0701779,-0.07986178,-0.083902575,-0.090301774,-0.112354465,2021
2021-01-22,-0.07714166,-0.061739884,-0.05353548,-0.04828193,-0.058974046,-0.07009638,-0.07682355,-0.08607666,-0.092705645,-0.12460005,2021
2021-01-25,-0.0690018,-0.039395947,-0.038356043,-0.038188595,-0.03777914,-0.047504436,-0.051253345,-0.06599985,-0.06915332,-0.09505417,2021
2021-01-26,-0.048272036,-0.03208247,-0.019022169,-0.023955468,-0.038460992,-0.030722462,-0.030540999,-0.04361046,-0.054693706,-0.075560704,2021
2021-01-27,-0.026403734,-0.004204854,-0.00074971636,-0.002189023,-0.0066731973,-0.0034242799,0.00091864966,-0.017778864,-0.014922328,-0.037515417,2021
2021-01-28,0.03139008,0.036176484,0.029824408,0.028476538,0.023257192,0.027571656,0.025972081,0.020558724,0.01722459,-0.0028042598,2021
2021-01-29,0.0625124,0.056019988,0.057908714,0.05948798,0.05449441,0.054777753,0.06484772,0.05934437,0.056515414,0.052196883,2021
2021-02-01,0.044433635,0.033607688,0.03717843,0.03889887,0.044100467,0.036880095,0.03589094,0.055093877,0.0374235,0.035461646,2021
2021-02-02,0.06684716,0.049613986,0.04982019,0.048665196,0.04285583,0.0458228,0.05207991,0.047578294,0.04856395,0.030370641,2021
2021-02-03,0.0841365,0.07458214,0.062362585,0.06539545,0.074843675,0.069882646,0.06613508,0.07940537,0.060482137,0.051099572,2021
2021-02-04,0.049769457,0.05284515,0.06366797,0.05960108,0.06992423,0.06519951,0.06454856,0.069989644,0.065894015,0.054006524,2021
2021-02-05,0.074904665,0.07584469,0.07846116,0.08993508,0.08781297,0.095244005,0.092865914,0.0990329,0.10372563,0.09981446,2021
2021-02-08,0.09763033,0.073352806,0.069633424,0.07429583,0.076462865,0.07918021,0.084884,0.07480494,0.08182615,0.083535194,2021
2021-02-09,0.09671835,0.07063271,0.05518329,0.062842935,0.06716109,0.06744558,0.071838185,0.067268856,0.07548127,0.08103494,2021
2021-02-10,0.07705043,0.052406684,0.031725693,0.03448822,0.047461905,0.04449784,0.050782453,0.03744559,0.04075474,0.05227638,2021
2021-02-18,0.060086925,0.045871537,0.026117174,0.016823769,0.016424756,0.019440034,0.031459834,0.017451156,0.022378912,0.028829802,2021
2021-02-19,0.015152055,0.0019832053,0.002553749,0.00051488576,0.00373203,0.0033167896,0.007959652,-0.0029912582,-0.0050980956,0.002831283,2021
2021-02-22,0.014904471,0.0010073414,-0.014080964,-0.015996177,-0.022418208,-0.014400922,-0.023551473,-0.018314015,-0.036459897,-0.037854392,2021
2021-02-23,-0.013923562,-0.02038974,-0.02250687,-0.027788274,-0.027811198,-0.030719606,-0.033695903,-0.033883914,-0.047061577,-0.040155083,2021
2021-02-24,-0.01921673,-0.017512519,-0.014343956,-0.021087741,-0.016757125,-0.019790618,-0.013613828,-0.016449329,-0.036868665,-0.02166324,2021
2021-02-25,-0.004265306,-0.0036748308,-0.003981316,-0.006895646,-0.00046003584,0.0029901094,-0.0015675136,-0.0017633723,-0.015042761,0.0023949489,2021
2021-02-26,-0.02405781,-0.017387152,-0.017552901,-0.014956132,-0.016131118,-0.0123347845,-0.007224251,-0.021748079,-0.02819887,-0.018645631,2021
2021-03-01,-0.0068890788,-0.007556814,-0.008863566,-0.015933191,-0.011940735,-0.009776321,-0.017749013,-0.017081678,-0.028392214,-0.0101898955,2021
2021-03-02,0.0008999926,-0.0045577944,-0.011956362,-0.0065541216,-0.0120709315,-0.0150617,-0.016686726,-0.01560713,-0.018829864,-0.004102144,2021
2021-03-03,0.0022738306,0.0022089307,-0.004254434,-0.007674877,-0.012874093,-0.008249723,-0.016463293,-0.012519998,-0.017457502,-0.011045061,2021
2021-03-04,-0.0064049256,-0.012484763,-0.007708199,-0.010243066,-0.007854937,-0.0071410947,-0.021002932,-0.01292488,-0.008339139,-0.008259499,2021
2021-03-05,-0.0012369995,-0.0017858967,-0.0038652313,-0.0076092375,-0.007703375,-0.0024981427,-0.016508821,-0.0056455815,-0.010915368,0.0030627223,2021
2021-03-08,0.024210967,0.0258004,0.019348245,0.021192439,0.027127113,0.024351792,0.01622366,0.020471144,0.0258295,0.03641132,2021
2021-03-09,0.028785083,0.02851776,0.02845882,0.029438538,0.033456896,0.026055941,0.020427074,0.025586141,0.029404523,0.027261488,2021
2021-03-10,0.02602904,0.024860293,0.02700547,0.022470498,0.01917521,0.014588719,0.012743281,0.020481544,0.012642159,0.0017717814,2021
2021-03-11,0.035944056,0.029852921,0.028650748,0.02311452,0.020709105,0.014616613,0.013429781,0.007256611,0.010419241,-0.012844689,2021
2021-03-12,0.04801947,0.034267824,0.034198042,0.026258769,0.023686305,0.019216966,0.01689687,0.009231297,0.017405968,0.00097452657,2021
2021-03-15,0.024715407,0.021516733,0.018591307,0.010431689,0.0093812365,0.010986335,0.0035140144,-0.0019593346,0.0021103427,-0.024040243,2021
2021-03-16,0.014773991,0.007703569,0.012441203,0.003722079,0.0025627154,-0.0023470088,-0.0028384181,-0.006276066,-0.0019368677,-0.02729291,2021
2021-03-17,0.0071711875,0.011437229,0.009832322,0.0047574355,0.002470118,-0.0011412723,-0.0055242595,-0.01050477,-0.011145449,-0.02845521,2021
2021-03-18,0.019433888,0.015934937,0.011791795,0.015561769,0.011109554,0.010154368,0.0018994804,-0.0054365024,-0.0151741095,-0.020211732,2021
2021-03-19,0.024228813,0.019036612,0.012141037,0.011994565,0.004563209,0.0037553161,-0.0036552646,-0.0050855996,-0.0073088254,-0.020407654,2021
2021-03-22,0.013605742,0.015354634,0.013249422,0.014326012,0.013182429,0.011919987,0.005423751,0.006846977,0.0002616289,0.014092681,2021
2021-03-23,0.043720394,0.02934146,0.017927269,0.01990496,0.016174773,0.02252175,0.01667262,0.019531032,0.019263681,0.025318436,2021
2021-03-24,0.030044034,0.024048803,0.02476891,0.018882671,0.020717336,0.01893277,0.02482988,0.020166196,0.023929367,0.02146953,2021
2021-03-25,0.0076667764,0.0090861395,0.012851498,0.011800031,0.0089187175,0.0074201506,0.014480731,0.007596805,0.006450247,0.0054224003,2021
2021-03-26,-0.0012568188,-0.0046572085,-0.005923698,-0.002489333,-0.00029115146,-0.0055775545,-0.0124098025,-0.010092192,-0.012429763,-0.020223478,2021
2021-03-29,0.010593456,0.010200699,0.007515754,0.0027236075,0.012259118,0.0028720796,0.004669437,0.0018412042,0.0020862345,-0.007196136,2021
2021-03-30,0.017552128,0.011299317,0.0061544064,0.009811257,0.0066520963,0.0031811802,0.008395206,0.002362534,0.0061638267,-0.012127045,2021
2021-03-31,0.020097388,0.019006032,0.017543847,0.01658382,0.016989594,0.01908291,0.015823172,0.012882698,0.021275336,0.0012668312,2021
2021-04-01,0.040009074,0.029948315,0.019683927,0.02630215,0.02637375,0.025063599,0.02489451,0.01828447,0.0361352,0.0075896406,2021
2021-04-02,0.024912037,0.023569167,0.026565455,0.017514065,0.020518154,0.024410473,0.020669429,0.02147288,0.028432554,0.0029881336,2021
2021-04-06,0.012765445,0.020486778,0.015029387,0.010219884,0.0109817125,0.009607058,0.008106524,0.013507001,0.009919988,-0.02302817,2021
2021-04-07,0.01572013,0.018650629,0.019930638,0.015408483,0.013259189,0.016661113,0.011245807,0.013598547,0.00706366,-0.0199262,2021
2021-04-08,0.019337233,0.01129602,0.017849289,0.013522432,0.0080031855,0.011965382,0.010333947,0.004156133,0.009820319,-0.030386293,2021
2021-04-09,0.022488173,0.01948867,0.02812371,0.019067088,0.02613959,0.024037978,0.010682411,0.0191901,0.018846212,-0.030688709,2021
2021-04-12,0.026756128,0.023038968,0.015689211,0.021445049,0.021379948,0.01818501,0.0016330235,0.01599809,0.0059031607,-0.03175316,2021
2021-04-13,0.037550196,0.020773716,0.019090662,0.015375964,0.014528767,0.012607048,0.0037653614,0.0065471246,-0.0038120598,-0.034405377,2021
2021-04-14,0.020239709,0.023789292,0.015279984,0.016965112,0.017367737,0.019882645,0.008731786,0.012391803,0.0010539079,-0.035746627,2021
2021-04-15,0.0048551788,0.004262554,-0.0063271746,-0.004849901,-0.0042119413,-0.009243977,-0.00972038,-0.01590883,-0.027152779,-0.04223809,2021
2021-04-16,-0.017507745,-0.014362016,-0.018530358,-0.017851038,-0.01940782,-0.013726688,-0.015414384,-0.02550478,-0.026451916,-0.05216241,2021
2021-04-19,-0.023495546,-0.025362277,-0.024927633,-0.022570847,-0.022567095,-0.02714697,-0.021902619,-0.03567235,-0.03573185,-0.044811383,2021
2021-04-20,-0.028246924,-0.024560658,-0.025848448,-0.023585754,-0.016651744,-0.021237975,-0.020743588,-0.021338565,-0.019707538,-0.022831446,2021
2021-04-21,-0.024921011,-0.027060814,-0.026381131,-0.021768352,-0.02574973,-0.030229824,-0.019158063,-0.026978327,-0.023400815,-0.022350026,2021
2021-04-22,-0.006678926,-0.015329479,-0.007783829,-0.013894365,-2.6248897e-05,-0.01118366,-0.010206722,-0.02030089,-0.0036702668,0.0065088123,2021
2021-04-23,-0.008868102,-0.01424957,-0.004768912,-0.007993903,-0.003875311,-0.0055795754,-0.009135973,-0.018117452,0.00542085,0.025062464,2021
2021-04-26,0.017165678,0.00974294,0.011326995,0.017592413,0.014945337,0.0019837108,0.0130656175,0.0052178353,0.029341856,0.045362774,2021
2021-04-27,0.012853883,0.009244844,0.006227878,0.0091830995,0.0152333435,0.004764685,0.0043545035,0.014863793,0.018688219,0.032712772,2021
2021-04-28,0.008815468,0.004049822,-0.00157756,0.0022830868,0.008562808,0.0051728897,0.007066756,0.0051319855,0.02571028,0.036807034,2021
2021-04-29,0.012250227,0.01074407,0.010901557,0.014150092,0.012026979,0.020968694,0.026564498,0.02825153,0.04010808,0.06082398,2021
2021-04-30,0.0039247125,0.009382541,0.0035448824,0.007683914,0.010419131,0.018547924,0.023429975,0.020681016,0.03279021,0.042790767,2021
2021-05-06,0.007485574,0.009478776,0.007557875,0.008448847,0.02086284,0.019780086,0.026999865,0.03236136,0.031569466,0.054231472,2021
2021-05-07,0.016849095,0.01849707,0.019943047,0.018206455,0.0333958,0.026516974,0.04150051,0.029078726,0.038566355,0.032790713,2021
2021-05-10,0.026502235,0.028590832,0.02228133,0.027933719,0.038242448,0.038280677,0.043064926,0.036703542,0.038392827,0.02043849,2021
2021-05-11,0.029073248,0.028705498,0.026350878,0.0349855,0.03135063,0.044831607,0.047155842,0.038336527,0.040297233,0.02592942,2021
2021-05-12,0.03416467,0.02805757,0.028130716,0.03376942,0.03623564,0.04588606,0.040210914,0.043394893,0.039704554,0.027582308,2021
2021-05-13,0.03329551,0.02502083,0.020959472,0.025841527,0.02576398,0.037861448,0.031193027,0.04298356,0.033842884,0.03255456,2021
2021-05-14,0.025657248,0.02138365,0.019698462,0.02345418,0.033582482,0.036931563,0.043271184,0.04928753,0.054299828,0.052767992,2021
2021-05-17,0.02684333,0.030313512,0.034316238,0.03487365,0.04299168,0.05451682,0.056251198,0.0677172,0.062088687,0.06261962,2021
2021-05-18,0.045869708,0.03448157,0.030915944,0.036773074,0.03993055,0.053241123,0.051874503,0.054929476,0.050949946,0.046996895,2021
2021-05-19,0.051636823,0.03616544,0.037418276,0.034090605,0.045938995,0.051301766,0.04939601,0.056748927,0.055543106,0.048518777,2021
2021-05-20,0.03508596,0.0311253,0.032970816,0.035029564,0.037375517,0.04590034,0.046482116,0.04829192,0.04516445,0.03311157,2021
2021-05-21,0.030892694,0.036002215,0.03220745,0.03963645,0.04045127,0.04219156,0.05540363,0.052724555,0.050314456,0.032530315,2021
2021-05-24,0.017862061,0.031421546,0.031311594,0.03226947,0.03905345,0.037101906,0.04860168,0.049004935,0.04827213,0.031006683,2021
2021-05-25,0.019888448,0.021469472,0.024547234,0.02577136,0.023777137,0.026804907,0.03087015,0.039096974,0.033802077,0.013123381,2021
2021-05-26,0.010386655,0.017003516,0.024955478,0.020159027,0.025886402,0.025091251,0.033262447,0.030465525,0.033380177,0.011748814,2021
2021-05-27,0.008498282,0.017406508,0.02496877,0.024743881,0.02551194,0.031171627,0.035576947,0.033916645,0.029406656,0.002531835,2021
2021-05-28,0.00197665,0.008561501,0.014432105,0.0090260515,0.015494151,0.019365452,0.017792817,0.014049096,0.009290843,-0.023755336,2021
2021-05-31,-0.0064883055,-0.00030527645,0.00018350911,-0.008313635,0.0002972039,0.0023739585,-0.004938017,-0.006777835,-0.02126487,-0.04807977,2021
2021-06-01,-0.010021895,-0.0046894993,-0.0070988564,-0.010160585,0.0010921696,-0.00497333,-0.0018044608,-0.010197059,-0.015827596,-0.041892763,2021
2021-06-02,-0.012343106,-0.008939476,-0.008923451,-0.0019040931,0.0027893449,0.008947974,0.002286125,0.0041388026,-0.0019653176,-0.020650124,2021
2021-06-03,-0.0068620355,0.0056664315,0.00047913872,0.014052653,0.020829864,0.025450172,0.016612612,0.027846754,0.020122113,0.007867865,2021
2021-06-04,-0.0024701704,0.00982063,0.0032770305,0.013215779,0.022844883,0.027344363,0.02813069,0.021833552,0.021414703,0.012873499,2021
2021-06-07,-0.003545657,0.0046811164,0.0026751314,0.01202033,0.02149515,0.03209146,0.024884015,0.030032651,0.029929101,0.017000964,2021
2021-06-08,5.4205266e-05,0.0031363603,-0.0018899604,0.012937556,0.017818877,0.023127273,0.019843943,0.030635228,0.026402254,0.01018592,2021
2021-06-09,-0.00086245063,-0.0014478862,0.0020403294,0.008203544,0.010648133,0.011832103,0.0148079945,0.017980736,0.015782576,-0.0008592656,2021
2021-06-10,-0.0021150464,0.0030909986,0.0051134885,0.019453624,0.014531195,0.01645727,0.024317503,0.024615947,0.024379432,0.013908686,2021
2021-06-11,0.0034412353,0.0091481125,0.014433508,0.026136212,0.024420055,0.023902506,0.027771981,0.029103046,0.036274225,0.020734537,2021
2021-06-15,0.008995961,0.0126575185,0.0216819,0.036963183,0.034476284,0.040431175,0.029368741,0.04579148,0.050149396,0.034967296,2021
2021-06-16,0.022593247,0.019993557,0.030043801,0.029556729,0.04490865,0.033988703,0.03282731,0.043453217,0.03189325,0.022031365,2021
2021-06-17,0.0031838918,0.01041419,0.011353738,0.01413738,0.017433004,0.014671769,0.014455785,0.02034828,0.008243432,-0.0045222496,2021
2021-06-18,0.0013437077,0.0009722213,0.00059071986,0.012687582,0.0068522324,0.004392636,0.005996346,0.011989463,0.010900961,-0.012541112,2021
2021-06-21,-0.0058837,-0.0023181213,-0.005993044,-0.0031870187,-0.0045119277,0.004964704,-0.0025033564,0.011004829,0.008110589,-0.009616593,2021
2021-06-22,-0.0057577975,0.002112955,-0.003227351,-0.002523678,-0.0043790312,0.0068732663,-0.00091387215,0.017501015,0.0089699235,-0.012154487,2021
2021-06-23,-0.010691787,-0.007041453,-0.004036601,-0.009402801,0.0017038804,0.007197065,0.013559514,0.022411533,0.03238429,0.01138084,2021
2021-06-24,-0.010770397,-0.013296455,-0.0064950343,-0.012507781,-2.0832205e-05,0.0016581721,0.013420839,0.026805649,0.037399825,0.019740107,2021
2021-06-25,-0.0036045075,-0.0039540795,0.00081925775,0.0009072275,0.0062513435,0.015432106,0.024581226,0.03609493,0.04302007,0.035318777,2021
2021-06-28,0.0023963957,0.0024566837,0.016832449,0.00951356,0.01129065,0.022725591,0.040572416,0.037717737,0.044941872,0.046606127,2021
2021-06-29,0.0036123039,0.003645765,0.018012354,0.01091961,0.011567305,0.024467126,0.034108307,0.03814792,0.036990847,0.038088016,2021
2021-06-30,-0.0042143576,-0.008724647,0.006280976,0.00064839626,-0.0004767181,0.009866866,0.024148285,0.0210805,0.032909155,0.020976814,2021
2021-07-01,0.0041958136,0.0071988883,0.018041784,0.014554374,0.029350951,0.026441425,0.046308104,0.045363516,0.054858547,0.051257838,2021
2021-07-02,-7.9614773e-07,0.0044170027,0.008400529,0.011868616,0.016059583,0.02187353,0.030115142,0.032563888,0.028941061,0.019545073,2021
2021-07-05,-0.0037422623,0.002414318,0.005689308,0.0029311958,0.0140095875,0.015905762,0.019622672,0.022367703,0.027485287,0.026038775,2021
2021-07-06,-0.002546558,0.010436125,0.005374336,0.012557187,0.021683391,0.025942652,0.0297581,0.0408166,0.04761871,0.050280098,2021
2021-07-07,0.003453772,0.0125974715,0.013169843,0.016708946,0.021852091,0.029251782,0.031418554,0.0411996,0.048808344,0.051927485,2021
2021-07-08,0.0034252228,0.008308161,0.013345411,0.00880529,0.025008058,0.023925766,0.030442625,0.037587754,0.05520403,0.05440201,2021
2021-07-09,-0.023452483,-0.02339272,-0.020606365,-0.014611128,-0.012126373,-0.010587668,0.0005296847,0.0022215096,0.012986058,0.012171559,2021
2021-07-12,-0.030102903,-0.031531118,-0.034386165,-0.029910486,-0.021951951,-0.020832008,0.0017081493,-0.009955899,0.009854917,-0.0014803613,2021
2021-07-13,-0.050167736,-0.056665927,-0.06353679,-0.064439766,-0.055414185,-0.055875372,-0.047719546,-0.050124593,-0.046699513,-0.06589242,2021
2021-07-14,-0.04018707,-0.040814642,-0.038985208,-0.026470093,-0.035943028,-0.02172437,-0.0074131354,-0.0061721243,0.00089675037,-0.013382578,2021
2021-07-15,-0.037655395,-0.04915721,-0.034462035,-0.026444264,-0.027911799,-0.01425313,-0.0038812642,-0.004317748,0.013247244,-0.008696666,2021
2021-07-16,-0.018791357,-0.03322517,-0.013038332,-0.0015770983,-0.0042476,0.010991352,0.0159048,0.016589122,0.028126577,0.013760924,2021
2021-07-19,-0.0041574244,-0.0078012696,0.003566885,0.015454988,0.014303187,0.02222302,0.023085525,0.02915558,0.027837064,0.0088821,2021
2021-07-20,-0.013518307,-0.012863574,-0.0062584924,0.0036102338,-0.0028343182,0.0017533514,0.013134632,0.009970397,0.0084224865,-0.0142460205,2021
2021-07-21,-0.017447127,-0.013213117,-0.009644283,-0.009332428,-0.0055505857,-0.0029527738,0.006680641,0.0044445205,-0.0021409222,-0.020268971,2021
2021-07-22,-0.024581594,-0.017438272,-0.0060880086,-0.005496301,-0.00659758,-0.0038407396,0.0017050166,0.006455186,-0.002440115,-0.01857281,2021
2021-07-23,0.0074068527,0.010703151,0.024539094,0.022012055,0.022339957,0.019641886,0.022363346,0.031157391,0.015035847,-0.0011779965,2021
2021-07-26,0.024206404,0.031115549,0.034291252,0.028017772,0.03550958,0.035600998,0.043236095,0.04887709,0.03674687,0.0270975,2021
2021-07-27,0.07643196,0.0628055,0.06255908,0.06632092,0.076399036,0.08710717,0.104605384,0.10020726,0.10088923,0.10561297,2021
2021-07-28,0.0676558,0.056616332,0.0538354,0.057140112,0.067274146,0.07066537,0.07985319,0.08299717,0.083752856,0.06761386,2021
2021-07-29,0.06395251,0.054312024,0.0523732,0.050921787,0.06043528,0.0612801,0.07779922,0.060925327,0.06543901,0.042028144,2021
2021-07-30,0.052963223,0.046505924,0.04355724,0.04134095,0.046182126,0.04643389,0.052346095,0.05113406,0.03910043,0.021121416,2021
2021-08-02,0.024602097,0.017174141,0.019965034,0.018149279,0.00952659,0.02087184,0.021525428,0.016995674,0.025059495,0.009254431,2021
2021-08-03,0.018748296,0.014576445,0.011810721,0.01300824,0.0005415238,0.011429257,0.012650114,-3.4402583e-05,-0.001137103,-0.0030647498,2021
2021-08-04,0.025312716,0.02233398,0.014502967,0.017130977,0.007202672,0.00932792,0.009358238,-0.0022192937,0.005841335,-0.013988907,2021
2021-08-05,0.02175045,0.020534499,0.011661774,0.009406646,0.010282286,0.0047630207,0.005558034,-0.0065169623,-0.0027233944,-0.020301314,2021
2021-08-06,0.01548496,0.0137519,0.014631224,0.021321591,0.014685007,0.023158738,0.027792607,0.022838445,0.023718342,0.014763462,2021
2021-08-09,0.0150765525,0.013447922,0.0126959765,0.016474158,0.02051474,0.017110644,0.023716655,0.022710662,0.019263687,0.018221665,2021
2021-08-10,0.0153274,0.01514236,0.01425047,0.012018341,0.01837533,0.0102049215,0.018525695,0.019925423,0.021096826,0.0081549045,2021
2021-08-11,0.020023588,0.01833222,0.014081256,0.01093952,0.010514127,0.006904509,0.010682831,0.01628765,0.022078548,-0.0020815441,2021
2021-08-12,0.018731453,0.0140140895,0.011247944,0.005254765,0.0064299395,0.0010616119,-0.0020130514,0.0055268863,0.0082864985,-0.017933253,2021
2021-08-13,0.012454462,0.0011521708,0.002887135,0.00023608308,0.00262312,-0.0049380977,0.01077659,0.017647963,0.032406084,0.00915267,2021
2021-08-16,0.01840652,0.008501189,0.011200879,0.0069994032,0.012922013,0.0062180157,0.020893501,0.03014573,0.044201963,0.016246917,2021
2021-08-17,0.033099577,0.027493423,0.028985633,0.019282438,0.018694779,0.021023346,0.026866164,0.03377955,0.034143,0.0153811285,2021
2021-08-18,0.03883642,0.027584465,0.033231955,0.026888466,0.017128168,0.026563484,0.029387835,0.03613789,0.03692949,0.01600371,2021
2021-08-19,0.06150925,0.055026807,0.056111984,0.04415189,0.04354376,0.038985826,0.050050985,0.058541957,0.047158726,0.024725815,2021
2021-08-20,0.045532767,0.038475424,0.036996014,0.029669108,0.026476162,0.024413833,0.022967348,0.03756773,0.007970635,-0.016992291,2021
2021-08-23,0.05461578,0.047965202,0.03521163,0.029925134,0.027055616,0.024438573,0.024908368,0.030248698,0.014683278,-0.004535428,2021
2021-08-24,0.06411113,0.051510222,0.041584644,0.03909142,0.030115414,0.03486931,0.027915528,0.032345854,0.019309217,0.007453265,2021
2021-08-25,0.06892896,0.060398784,0.043724727,0.040685173,0.038732883,0.031417392,0.02846915,0.028035145,0.005890118,-0.0032180026,2021
2021-08-26,0.07191798,0.05710773,0.05334094,0.046608374,0.049119156,0.044485487,0.030685099,0.032406088,0.03026214,0.004265932,2021
2021-08-27,0.07095067,0.061675753,0.051459577,0.041257314,0.050640307,0.038073257,0.02114343,0.01276568,0.015332861,-0.006369932,2021
2021-08-30,0.06861101,0.058553845,0.052137434,0.05023391,0.049646243,0.04185332,0.025572062,0.022380384,0.028279025,0.012964237,2021
2021-08-31,0.047943093,0.04078929,0.035892654,0.037714746,0.037927587,0.03289933,0.023971003,0.021858007,0.040197518,0.03609375,2021
2021-09-01,0.0491161,0.04403409,0.035460226,0.04057402,0.03687933,0.02359385,0.020748781,0.0262827,0.031583786,0.029222095,2021
2021-09-02,0.020920314,0.0116503835,0.014969247,0.0087803835,0.01061926,-0.006501439,-0.00073385885,-0.0043206145,-0.0014856037,8.320368e-05,2021
2021-09-03,0.013195304,0.012212446,0.005711449,-0.0030776476,0.005505714,-0.010390566,-0.008187029,-0.0008040649,-0.0037063172,0.022022445,2021
2021-09-06,0.014689735,0.008359154,0.016103638,0.00459763,-0.0016588076,0.002602593,-0.01135827,0.0005835822,-0.0016446807,0.008236981,2021
2021-09-07,-0.007807387,-0.008989117,-0.01243307,-0.009987898,-0.017518915,-0.01973083,-0.02393682,-0.025785888,-0.023751331,-0.02146317,2021
2021-09-08,-0.03022078,-0.028830953,-0.03258026,-0.03709353,-0.042441107,-0.047006875,-0.050043482,-0.05396267,-0.060594764,-0.062400922,2021
2021-09-09,-0.029022679,-0.037471406,-0.04516811,-0.042704392,-0.049669866,-0.049541835,-0.051999062,-0.06362469,-0.0648205,-0.07587062,2021
2021-09-10,-0.038949333,-0.04817865,-0.050365686,-0.052213028,-0.05647459,-0.060952168,-0.06796833,-0.07887434,-0.08284214,-0.1045825,2021
2021-09-13,-0.034372058,-0.043685928,-0.048812617,-0.04792604,-0.04788062,-0.056649424,-0.06694712,-0.072133146,-0.07922685,-0.10640622,2021
2021-09-14,-0.0032286032,-0.017273067,-0.01659732,-0.015981318,-0.025894972,-0.031917382,-0.04517907,-0.048453834,-0.06360531,-0.103403896,2021
2021-09-15,0.0074194935,-0.0127211455,-0.021024518,-0.016176166,-0.027580764,-0.030961683,-0.044844355,-0.055266317,-0.07556206,-0.12539566,2021
2021-09-16,0.009120394,-0.0043816026,-0.012428589,-0.011576951,-0.02425731,-0.02871532,-0.04310382,-0.05751079,-0.0767295,-0.12895565,2021
2021-09-17,0.017617587,-0.004216286,-0.012827141,-0.019600775,-0.016991764,-0.03767686,-0.046962917,-0.07153023,-0.08294693,-0.13967887,2021
2021-09-22,0.0016518082,-0.011830853,-0.020533228,-0.026377462,-0.032904573,-0.043669328,-0.05605512,-0.06970711,-0.08771569,-0.1335186,2021
2021-09-23,-0.0018924753,-0.0069113425,-0.014880873,-0.023993075,-0.025689417,-0.04028504,-0.045512613,-0.056941066,-0.078668654,-0.11221261,2021
2021-09-24,0.0033658447,0.001269469,-0.00804879,-0.004969102,-0.009668456,-0.013250017,-0.02521916,-0.022381278,-0.030227218,-0.050332602,2021
2021-09-27,0.020763176,0.013361022,0.009072365,0.0074460763,0.009841942,0.003934239,-0.004409566,-0.008186345,-0.008838866,-0.03078595,2021
2021-09-28,0.028446961,0.026594296,0.017339488,0.019121472,0.019027255,0.019637566,0.020799628,0.009931395,0.013919456,-0.008010194,2021
2021-09-29,0.02079417,0.014266043,0.012784282,0.009914978,0.006452794,0.007439,0.0055637904,0.0084468145,0.011421129,-0.006012133,2021
2021-09-30,-0.0066625252,-0.008699672,-0.015110529,-0.017821547,-0.022261532,-0.013708502,-0.0095794685,-0.024342103,-0.018651817,-0.016689764,2021
2021-10-08,-0.017036695,-0.008875982,-0.017805867,-0.023390658,-0.028959468,-0.019182649,-0.020873355,-0.014754777,-0.01627949,-0.004852288,2021
2021-10-11,-0.01296737,-0.0068283696,-0.004244445,-0.009485775,-0.007956131,0.00033472924,0.0026495599,0.006728951,0.017516516,0.046095412,2021
2021-10-12,-0.018295001,-0.016891483,-0.020842656,-0.017364133,-0.017979631,-0.013043903,-0.011785532,-0.0072893673,0.016992582,0.009096872,2021
2021-10-13,-0.055759095,-0.0395433,-0.049027983,-0.04155887,-0.03875991,-0.039499417,-0.026779821,-0.028726418,-0.012386309,-0.00095466216,2021
2021-10-14,-0.040865548,-0.036870193,-0.04357276,-0.03198154,-0.02987744,-0.032350756,-0.026538184,-0.019830108,-0.015580436,0.00083123613,2021
2021-10-15,-0.021769747,-0.020569714,-0.01902131,-0.019122943,-0.016577588,-0.014344629,-0.013219399,-0.007394494,0.0010842372,0.014411035,2021
2021-10-18,-0.021198586,-0.024590332,-0.027783655,-0.025570057,-0.028979395,-0.02427898,-0.02090426,-0.016886096,-0.018890634,-0.010548304,2021
2021-10-19,-0.021385428,-0.022979902,-0.02968507,-0.0254057,-0.03061474,-0.026969152,-0.018606111,-0.021366678,-0.026439626,-0.023915332,2021
2021-10-20,-0.005599165,-0.013079768,-0.0109577775,-0.008134684,-0.017985327,-0.008286338,-0.010127243,-0.0060020145,-0.0019524362,-0.011768487,2021
2021-10-21,0.0040253154,-0.0012926413,0.006009853,-0.0014134541,0.00045402153,0.0013627809,-0.002108984,0.0032170396,0.01029416,-0.01108691,2021
2021-10-22,0.007663288,0.0006671629,0.0012355099,0.011585697,-0.0015671352,-0.0020380453,0.003386827,0.008096071,0.00038318877,-0.01868044,2021
2021-10-25,0.022774259,0.007799789,0.009788434,0.012509286,0.0025136338,0.008991747,0.0066976002,0.004086887,0.0058704866,-0.008233137,2021
2021-10-26,0.047693,0.039120015,0.030535426,0.03588754,0.030925663,0.032823447,0.020812552,0.025761751,0.023448095,-0.0016689843,2021
2021-10-27,0.08303782,0.070662,0.06482086,0.06669495,0.059602614,0.061942745,0.04899095,0.057827625,0.04754612,0.036917962,2021
2021-10-28,0.08420578,0.08363789,0.0673259,0.06278432,0.06987867,0.058119036,0.052319124,0.0577965,0.053599138,0.047098767,2021
2021-10-29,0.08566293,0.077263586,0.06871849,0.061604768,0.06672413,0.05763474,0.046458095,0.05062967,0.041731022,0.026595816,2021
2021-11-01,0.082619235,0.07869182,0.07033205,0.06779523,0.061725818,0.057886597,0.061860573,0.046598017,0.03705998,0.030128006,2021
2021-11-02,0.09191333,0.081888735,0.07674413,0.06926867,0.059325747,0.06695182,0.059065238,0.056094334,0.05304158,0.045449942,2021
2021-11-03,0.07902602,0.06921451,0.06410813,0.05772637,0.05740337,0.04742616,0.054876465,0.04746304,0.043232486,0.035551302,2021
2021-11-04,0.07017522,0.061259296,0.060526576,0.048701186,0.048578065,0.051617667,0.05400975,0.047990903,0.046736956,0.04098658,2021
2021-11-05,0.07804201,0.073962756,0.05915106,0.056625668,0.057146177,0.06743939,0.068907954,0.07048139,0.07353844,0.06459443,2021
2021-11-08,0.07530829,0.07339497,0.06354415,0.049617644,0.057096917,0.06442731,0.059713237,0.05857196,0.0648378,0.061094604,2021
2021-11-09,0.077053644,0.0793657,0.06132174,0.05007262,0.052891236,0.060727485,0.06728764,0.058309987,0.063086726,0.06625398,2021
2021-11-10,0.061561383,0.058300093,0.047024805,0.037734814,0.050026346,0.050686046,0.053633645,0.05269103,0.054318253,0.046148364,2021
2021-11-11,0.04827244,0.041290864,0.038037844,0.029242357,0.040830832,0.038363773,0.043262243,0.03890278,0.045858957,0.02913592,2021
2021-11-12,0.026969964,0.020501334,0.01391031,0.014269602,0.018311389,0.023959013,0.030281533,0.029811772,0.03935617,0.027983725,2021
2021-11-15,0.033185683,0.023167718,0.022330338,0.01875457,0.03441513,0.030065006,0.047694143,0.050529767,0.06018593,0.053865258,2021
2021-11-16,0.04417314,0.03481731,0.029742954,0.029454472,0.03211489,0.039112553,0.043749537,0.042855978,0.054524798,0.03868267,2021
2021-11-17,0.047830425,0.034636825,0.03221261,0.02762821,0.029164633,0.037578333,0.036957443,0.034462724,0.037820395,0.020431962,2021
2021-11-18,0.042756177,0.034270674,0.029112114,0.021482479,0.029050337,0.032807626,0.029238353,0.03253261,0.028588235,0.01238191,2021
2021-11-19,0.021302246,0.019463873,0.018723505,0.013143092,0.01263822,0.013304594,0.009122828,0.016182756,0.0033402438,-0.010675303,2021
2021-11-22,0.0070961136,0.0072076586,0.0085567115,-0.0017291127,-0.007967111,-0.0030241718,-0.013441836,-0.017126696,-0.02544264,-0.052198883,2021
2021-11-23,0.0047465987,0.007944244,0.013006042,-0.0011535366,0.0013210592,-0.0037674317,-0.00076779915,-0.010983731,-0.02009759,-0.039284714,2021
2021-11-24,0.008855839,0.010503873,0.017445803,0.008557359,0.00976084,0.0046449676,0.007030917,-0.0045751426,-0.014274586,-0.03506307,2021
2021-11-25,0.021141,0.017925495,0.020846995,0.016940562,0.016712083,0.010970785,0.009885947,0.0017218342,-0.007356775,-0.031095464,2021
2021-11-26,0.033199057,0.031880435,0.031093283,0.028669741,0.0227165,0.025936203,0.016259521,0.0110613825,-0.008213211,-0.023723882,2021
2021-11-29,0.025347123,0.02512885,0.017824298,0.018025707,0.015675655,0.01452837,0.005553185,0.0011330196,-0.0061858306,-0.02755511,2021
2021-11-30,0.0247216,0.023450198,0.016222538,0.016735474,0.0173761,0.010705716,0.0058452426,0.0065012434,-0.0074333358,-0.017294748,2021
2021-12-01,0.03317165,0.02063147,0.02091475,0.01944862,0.017928883,0.016828647,0.010795343,0.011975087,0.0011648972,-0.0013809517,2021
2021-12-02,0.03747648,0.0264525,0.018926436,0.018416863,0.023313753,0.019262735,0.009510267,0.0016708497,0.0029263773,0.010495972,2021
2021-12-03,0.06478139,0.038536776,0.028253373,0.021028057,0.017929513,0.0099765435,0.001957907,-0.0025230197,-0.011348888,0.0022083425,2021
2021-12-06,0.08381428,0.059653565,0.046210296,0.03778986,0.0320803,0.0320674,0.016751535,0.0162555,0.016012287,0.019144762,2021
2021-12-07,0.08702782,0.06114983,0.05446271,0.038316503,0.034684423,0.026796667,0.023910245,0.019461466,0.018931828,0.02042719,2021
2021-12-08,0.062384825,0.049162976,0.03033561,0.028359434,0.015792252,0.014043083,0.012897852,0.0052428767,0.01256788,0.012554359,2021
2021-12-09,0.03597241,0.034229625,0.020379,0.017306454,0.0060158977,-0.00015309743,-0.004235436,-0.0069024744,-0.0030471298,0.002634497,2021
2021-12-10,0.03171311,0.035546415,0.020203542,0.012702239,-0.00082367164,-0.008480405,-0.013326437,-0.017863343,-0.018878303,-0.022990292,2021
2021-12-13,0.03926357,0.030462505,0.01966643,0.0162939,0.006712999,-0.0032868045,-0.010177585,-0.020333657,-0.023239823,-0.03463773,2021
2021-12-14,0.030003095,0.0239698,0.020460544,0.007240308,0.007958984,-0.005807158,-0.008869952,-0.027332844,-0.02339632,-0.040946253,2021
2021-12-15,0.02978509,0.027632024,0.024407353,0.020451868,0.014090662,0.0012564083,-0.011040963,-0.014447078,-0.020429801,-0.038196076,2021
2021-12-16,0.032086313,0.038154658,0.029171998,0.032797344,0.023981962,0.015204567,-0.00023609231,-0.0017524172,-0.011019447,-0.036819063,2021
2021-12-17,0.04935138,0.055503413,0.044954002,0.047358625,0.036795896,0.027618358,0.023727896,0.013343483,0.0032586013,-0.025755074,2021
2021-12-20,0.030547839,0.030462628,0.035867926,0.035217408,0.023311922,0.020142535,0.0056620706,0.003444939,-0.008094495,-0.029932018,2021
2021-12-21,0.03449112,0.03281643,0.029543163,0.030307531,0.009949991,0.0034334902,-0.004887558,-0.013491998,-0.015770469,-0.03821394,2021
2021-12-22,0.042305958,0.03991427,0.03607666,0.032664347,0.011128146,0.0051482143,0.0004095051,-0.013937586,-0.019940801,-0.03551374,2021
2021-12-23,0.05635201,0.045268048,0.040969927,0.03620072,0.012157468,0.0087317405,0.0020787665,-0.009258208,-0.011921321,-0.044916943,2021
2021-12-24,0.066185966,0.04502688,0.032371633,0.025740594,0.028010098,0.014071314,0.014223279,0.0040943553,0.012998467,-0.02112078,2021
2021-12-27,0.06393233,0.045994077,0.033178326,0.027651606,0.021151576,0.008780597,0.01061836,0.0062318714,0.0038074348,-0.011753757,2021
2021-12-28,0.070678405,0.052443936,0.04392498,0.030186998,0.013729705,0.005401698,-0.000523942,-0.0042601465,-0.0030592154,-0.009122065,2021
2021-12-29,0.049162,0.028891966,0.017383393,0.012254895,-0.0011763099,-0.012281715,-0.0017440432,-0.01167223,-0.0056839176,-0.018042294,2021
2021-12-30,0.050540145,0.029942209,0.017208302,0.014088428,0.0028377625,-0.006205878,-0.008028147,-0.015895331,-0.013062045,-0.014121182,2021
2021-12-31,0.022604002,0.0062926495,0.009749858,0.0021049816,-0.0132640265,-0.0067652054,-0.017098596,-0.01918753,-0.021529127,-0.027005604,2021
2022-01-04,0.030695528,0.0127736665,0.006730104,0.004513701,-0.0081548,-0.01133805,-0.01100367,-0.012955163,-0.013513874,-0.024351738,2022
2022-01-05,0.0058664703,-0.0050114724,-0.011724994,-0.015748492,-0.02178541,-0.019248975,-0.02983073,-0.028688965,-0.032945536,-0.02922609,2022
2022-01-06,-0.0033967188,-0.01607617,-0.025606358,-0.031968612,-0.032200545,-0.029730346,-0.04971918,-0.048046272,-0.052666664,-0.051554676,2022
2022-01-07,-0.011113099,-0.024438871,-0.025479773,-0.032293163,-0.02539717,-0.034624666,-0.04217602,-0.04570421,-0.05083121,-0.040861167,2022
2022-01-10,-0.05174802,-0.05646239,-0.057819575,-0.0540989,-0.054744706,-0.050817706,-0.06551875,-0.0665315,-0.075241186,-0.075270884,2022
2022-01-11,-0.068236776,-0.07385478,-0.069585316,-0.061402332,-0.07320043,-0.07131992,-0.075304694,-0.08319616,-0.09515386,-0.10468343,2022
2022-01-12,-0.09139297,-0.090107694,-0.08600462,-0.087191656,-0.0822971,-0.085809946,-0.08929518,-0.09346158,-0.10481033,-0.1374148,2022
2022-01-13,-0.07932233,-0.0755589,-0.08127227,-0.07196684,-0.081548,-0.082017235,-0.091966696,-0.09760163,-0.11121358,-0.14487492,2022
2022-01-14,-0.06540934,-0.06405523,-0.06721934,-0.07236788,-0.0766274,-0.07810077,-0.082352184,-0.08774739,-0.1058462,-0.15624903,2022
2022-01-17,-0.04200191,-0.047826562,-0.05596841,-0.06096134,-0.07158278,-0.07555215,-0.08076764,-0.083384186,-0.104890436,-0.14578275,2022
2022-01-18,-0.03757694,-0.036685083,-0.04034902,-0.044983447,-0.046241567,-0.052214887,-0.06019528,-0.056418277,-0.07354194,-0.10960448,2022
2022-01-19,-0.02147304,-0.022931335,-0.02995825,-0.028112652,-0.033517048,-0.03902969,-0.039749935,-0.040699452,-0.05228273,-0.088394664,2022
2022-01-20,-0.017306842,-0.018638691,-0.021032672,-0.028219752,-0.026487235,-0.03249127,-0.036635295,-0.040816315,-0.054589957,-0.075810805,2022
2022-01-21,-0.013672952,-0.01857403,-0.02670931,-0.023578184,-0.031927396,-0.033129755,-0.03887407,-0.045413684,-0.05314039,-0.059046876,2022
2022-01-24,0.006158007,0.0037927236,0.0012251259,-0.0041135345,-0.011537858,-0.0035211442,-0.018996306,-0.02514357,-0.0286737,-0.023041058,2022
2022-01-25,0.027493343,0.02275497,0.024070626,0.016571278,0.016710706,0.01593675,0.00841353,0.0033593504,0.0054064207,0.011001521,2022
2022-01-26,0.05383013,0.053076863,0.041328557,0.039368507,0.037389148,0.030365648,0.027496839,0.019819045,0.023242315,0.03532638,2022
2022-01-27,0.035056338,0.042078752,0.036858328,0.036195748,0.04146913,0.037325624,0.03432322,0.026438802,0.038950212,0.045313995,2022
2022-01-28,0.028644718,0.03174585,0.036896914,0.036525957,0.0377747,0.031063987,0.034544237,0.03445009,0.04274177,0.059196927,2022
2022-02-07,0.017246433,0.027703838,0.020007728,0.025820447,0.023108436,0.017165795,0.021747354,0.025518801,0.03301339,0.04215763,2022
2022-02-08,0.023285754,0.02815113,0.016631864,0.017795127,0.015323418,0.016197782,0.012381784,0.018498756,0.022766424,0.02178144,2022
2022-02-09,0.023175368,0.021151274,0.0102427015,0.008171735,0.009350813,0.0042066774,0.0046280767,0.0052691638,0.0030060662,-0.0035290816,2022
2022-02-10,0.05241925,0.041241243,0.03831269,0.025505902,0.019520573,0.01674232,0.017635683,0.016433464,0.011553107,-0.003988849,2022
2022-02-11,0.04497874,0.035122152,0.030760812,0.027885687,0.01794567,0.02165432,0.020305756,0.012100737,0.008880348,-0.0057335277,2022
2022-02-14,0.050086703,0.04203113,0.032918476,0.03322954,0.027509445,0.031847432,0.025652785,0.022700861,0.02966615,0.012056288,2022
2022-02-15,0.031627,0.028396493,0.022105502,0.020922957,0.018331494,0.0236084,0.0138133755,0.021169536,0.01962681,0.015137653,2022
2022-02-16,0.020548936,0.01807587,0.019439252,0.021723803,0.024409803,0.024732474,0.017961739,0.025744917,0.02534077,0.016771272,2022
2022-02-17,0.02110016,0.014338922,0.014051648,0.013529168,0.01699438,0.009697049,0.012874243,0.011670886,0.01499416,0.013694627,2022
2022-02-18,-0.010627248,-0.018660387,-0.015665289,-0.01702998,-0.009640645,-0.018663792,-0.01524617,-0.014051773,-0.011006879,-0.019367721,2022
2022-02-21,-0.02372365,-0.03412645,-0.036318153,-0.033575974,-0.030299932,-0.039499424,-0.031364746,-0.032631382,-0.033951677,-0.043898433,2022
2022-02-22,-0.0743203,-0.08423825,-0.07628335,-0.0775975,-0.07420194,-0.07591133,-0.0715264,-0.069225416,-0.06660133,-0.073845915,2022
2022-02-23,-0.04941278,-0.05597255,-0.048082158,-0.043477196,-0.04642938,-0.0468628,-0.03956369,-0.038827512,-0.034572348,-0.026614944,2022
2022-02-24,-0.077587694,-0.071539015,-0.06466066,-0.065172225,-0.05673542,-0.057774678,-0.051226635,-0.045385305,-0.0323126,-0.034857057,2022
2022-02-25,-0.05690183,-0.05400743,-0.047559563,-0.051467575,-0.055237696,-0.041475113,-0.050652437,-0.046266157,-0.03290306,-0.017551243,2022
2022-02-28,-0.106905796,-0.101904094,-0.09811123,-0.103231296,-0.09213647,-0.09352626,-0.093595386,-0.09607746,-0.0710287,-0.061618634,2022
2022-03-01,-0.12705873,-0.11798403,-0.11957861,-0.11432561,-0.11225008,-0.11049887,-0.10940202,-0.10943593,-0.093085416,-0.08022395,2022
2022-03-02,-0.08595251,-0.084078826,-0.08289396,-0.08767313,-0.06848943,-0.07598728,-0.07499727,-0.06958195,-0.06404807,-0.036337763,2022
2022-03-03,-0.07603078,-0.07066922,-0.06970749,-0.0680515,-0.06551272,-0.06499547,-0.059557136,-0.05939576,-0.059838563,-0.026004536,2022
2022-03-04,-0.044873353,-0.041107293,-0.042770002,-0.040210802,-0.035908464,-0.03713081,-0.030956184,-0.028126564,-0.029761171,0.00052977906,2022
2022-03-07,-0.021127656,-0.01799249,-0.01526541,-0.009949351,-0.008409598,-0.009843204,-0.008968104,-0.0033310845,-2.0221428e-06,0.024269912,2022
2022-03-08,0.018475229,0.023552656,0.030360576,0.026247771,0.027342997,0.024479989,0.028397644,0.033732478,0.02821411,0.045948137,2022
2022-03-09,-0.019780662,-0.0060198386,-0.008857873,-0.008201115,-0.004481738,-0.0051190136,-0.0058883927,-0.0069026626,-0.0057739373,-0.003339607,2022
2022-03-10,-0.0014083093,0.010378076,0.0033957215,0.0046609873,0.00923034,0.009217312,0.007593493,-0.0014844226,0.007256231,0.00400614,2022
2022-03-11,-0.018966936,-0.008127513,-0.017311657,-0.010985488,-0.0065544522,-0.0065399143,-0.008810787,-0.015745455,-0.008077779,-0.013820654,2022
2022-03-14,0.0074429302,0.027060978,0.022947628,0.021279845,0.031427417,0.03565766,0.038631298,0.025544979,0.038005397,0.014751399,2022
2022-03-15,0.036618985,0.049475417,0.04647172,0.051460557,0.0578772,0.069083676,0.05404088,0.05262435,0.05160334,0.024587303,2022
2022-03-16,0.005005909,0.014695295,0.0098478785,0.026021741,0.027447222,0.022673776,0.020714855,0.013057762,0.008093923,-0.012490772,2022
2022-03-17,-0.0048950324,-0.00089268835,0.0024860778,0.015458375,0.015374481,0.014436246,0.008974113,0.005587134,0.002373231,-0.033231117,2022
2022-03-18,-0.012798151,-0.004623477,0.0014190227,3.8962484e-05,0.01431192,0.009250495,0.010563491,-0.00435865,4.219789e-05,-0.044625707,2022
2022-03-21,-0.027103886,-0.02019952,-0.010741492,-0.012632704,-0.0033706117,0.005342353,-0.003217806,-0.010445217,-0.01918758,-0.056662437,2022
2022-03-22,-0.054256886,-0.043095417,-0.040668838,-0.03645817,-0.022745889,-0.020217543,-0.021209264,-0.031195074,-0.0360861,-0.07241055,2022
2022-03-23,-0.06107088,-0.04317751,-0.045745652,-0.03933873,-0.02532741,-0.029781474,-0.03350752,-0.03533734,-0.04948278,-0.08343973,2022
2022-03-24,-0.068371944,-0.056435023,-0.051051337,-0.043272074,-0.032365613,-0.037550457,-0.038506147,-0.04680506,-0.053254083,-0.08837352,2022
2022-03-25,-0.048300143,-0.041093655,-0.035920944,-0.028969483,-0.021078268,-0.0173855,-0.022690155,-0.030282728,-0.052239273,-0.08374317,2022
2022-03-28,-0.0385179,-0.036109746,-0.031911414,-0.021628821,-0.021483269,-0.015825171,-0.025080776,-0.03146091,-0.04984471,-0.077473916,2022
2022-03-29,-0.06060185,-0.052252147,-0.048618026,-0.037396014,-0.039611876,-0.039745383,-0.036554836,-0.04670463,-0.06588319,-0.09398567,2022
2022-03-30,-0.06729856,-0.054660507,-0.055705577,-0.04973167,-0.05348203,-0.050537184,-0.048381895,-0.063679025,-0.07864812,-0.11619786,2022
2022-03-31,-0.043464355,-0.0366799,-0.03523487,-0.035725813,-0.040914644,-0.036336385,-0.033369023,-0.049223762,-0.06583512,-0.09546021,2022
2022-04-01,-0.053004358,-0.04505381,-0.045674242,-0.043487158,-0.04546342,-0.043710668,-0.04986913,-0.055564143,-0.07226699,-0.10752645,2022
2022-04-06,-0.053054214,-0.056492474,-0.05753218,-0.060472433,-0.06055683,-0.065285996,-0.07156221,-0.080829315,-0.09882319,-0.129163,2022
2022-04-07,-0.06979292,-0.06625206,-0.061397113,-0.06708694,-0.06952532,-0.06913449,-0.07096813,-0.08522272,-0.10177291,-0.14547062,2022
2022-04-08,-0.09020026,-0.08446962,-0.0917223,-0.09211349,-0.09172801,-0.095878266,-0.10376106,-0.118663274,-0.13663465,-0.1785776,2022
2022-04-11,-0.12986594,-0.12623943,-0.1316808,-0.12773241,-0.12817599,-0.12312763,-0.13751644,-0.14372875,-0.16259646,-0.20465593,2022
2022-04-12,-0.16531432,-0.15439536,-0.15893225,-0.15021825,-0.14675446,-0.14094189,-0.15021297,-0.15416166,-0.17182401,-0.20362598,2022
2022-04-13,-0.1530298,-0.13679211,-0.14533362,-0.13929804,-0.12776388,-0.12690037,-0.13776593,-0.1401138,-0.16340233,-0.18954615,2022
2022-04-14,-0.11131996,-0.10152699,-0.104957126,-0.10739235,-0.09264706,-0.09767348,-0.106740825,-0.11027764,-0.12660731,-0.15607506,2022
2022-04-15,-0.089593634,-0.083263755,-0.077613525,-0.076537326,-0.07600238,-0.073843546,-0.0698115,-0.07969062,-0.09517127,-0.113366745,2022
2022-04-18,-0.11045512,-0.09350174,-0.1071549,-0.099480785,-0.09004983,-0.09191945,-0.09480327,-0.09859262,-0.10010234,-0.121586226,2022
2022-04-19,-0.0949934,-0.08587582,-0.09305737,-0.07762162,-0.08386603,-0.07965058,-0.07907536,-0.08637002,-0.084470026,-0.100571476,2022
2022-04-20,-0.05889085,-0.044342678,-0.0558755,-0.03351571,-0.051512804,-0.049674664,-0.047058776,-0.051743243,-0.04886659,-0.05534366,2022
2022-04-21,0.005230009,0.00738106,0.0044368906,0.013071464,0.0010209384,-0.005611326,-0.0060694325,-0.006154899,0.00035589823,0.0023047617,2022
2022-04-22,0.051450763,0.05389918,0.038822602,0.048207726,0.043337263,0.04109749,0.029326228,0.048342153,0.037990425,0.050737824,2022
2022-04-25,0.11761663,0.11308463,0.10201136,0.10176097,0.10011267,0.08929236,0.09269107,0.09431843,0.08586764,0.08837158,2022
2022-04-26,0.16317244,0.14365155,0.13853581,0.13338809,0.13120678,0.11945161,0.11889726,0.10361,0.12256206,0.10473161,2022
2022-04-27,0.12482458,0.11578179,0.106428884,0.100085326,0.09805342,0.09018127,0.09792221,0.09494839,0.08804064,0.088605456,2022
2022-04-28,0.11802987,0.112696975,0.0959886,0.09634354,0.08645398,0.08409201,0.07503402,0.06783875,0.055480044,0.057518568,2022
2022-04-29,0.08052473,0.07372621,0.05868662,0.06009264,0.05021657,0.04297432,0.05250199,0.038015094,0.045926668,0.032398894,2022
2022-05-05,0.10109362,0.09607425,0.08568568,0.08459954,0.07514549,0.07576097,0.07361324,0.066472664,0.07553381,0.05447498,2022
2022-05-06,0.10429249,0.09891186,0.08603456,0.08226066,0.07658185,0.07360969,0.069314934,0.061448425,0.061904494,0.04185326,2022
2022-05-09,0.07642996,0.07357375,0.06311292,0.060105205,0.050441038,0.052752633,0.049670443,0.03862976,0.039191082,0.014106725,2022
2022-05-10,0.022555195,0.021661192,0.025439022,0.019855592,0.020579835,0.00917775,0.013577521,0.0032351832,0.0028091648,-0.030873729,2022
2022-05-11,0.036304343,0.03486109,0.043142997,0.034866765,0.031604562,0.0303008,0.030214723,0.01653783,0.017003907,-0.008023674,2022
2022-05-12,0.039515167,0.036999807,0.03745269,0.03654513,0.028785275,0.032074284,0.029254904,0.019939978,0.015232416,-0.0016317347,2022
2022-05-13,0.031891976,0.031753983,0.03861953,0.033105046,0.028573925,0.028424513,0.024773762,0.018078515,0.009353301,-0.011159932,2022
2022-05-16,0.05615865,0.052492924,0.05646088,0.04805574,0.05062967,0.048533197,0.045092404,0.031952795,0.026672786,-0.0003709969,2022
2022-05-17,0.058122974,0.053612337,0.056033537,0.047868885,0.052500494,0.04718612,0.041064035,0.03758379,0.02904195,-0.002674939,2022
2022-05-18,0.07596807,0.07260725,0.060933102,0.06217104,0.05685189,0.04979343,0.04913199,0.044479523,0.03718152,-0.008852076,2022
2022-05-19,0.09115395,0.07251447,0.06255061,0.059624437,0.06423336,0.053140137,0.052498367,0.042246755,0.03685092,-0.0034353042,2022
2022-05-20,0.06696392,0.049818736,0.043200284,0.046893112,0.052561063,0.037587125,0.039387617,0.040882688,0.027484749,-0.0010841942,2022
2022-05-23,0.06893325,0.05700096,0.05104823,0.055059582,0.053590134,0.054140557,0.050321225,0.049665015,0.04040386,0.011018413,2022
2022-05-24,0.063409254,0.05818736,0.055663053,0.052919727,0.059057754,0.053296223,0.056769427,0.05187639,0.04883834,0.022665463,2022
2022-05-25,0.05944653,0.05237674,0.056006517,0.051020972,0.050849304,0.053646624,0.056599222,0.051261652,0.046638902,0.020540755,2022
2022-05-26,0.065322444,0.052348245,0.053680472,0.048795693,0.04843423,0.054600198,0.056933817,0.05174523,0.043171104,0.01712343,2022
2022-05-27,0.046138965,0.035281178,0.038569186,0.031426005,0.037590172,0.040508684,0.045260742,0.04435044,0.04097428,0.008468595,2022
2022-05-30,0.05203262,0.04855244,0.04696539,0.0470637,0.052445002,0.04922754,0.050604112,0.057246204,0.048512038,0.024698038,2022
2022-05-31,0.027668685,0.034911487,0.030502586,0.029846156,0.033922575,0.039925806,0.0382621,0.043935854,0.044886515,0.016368115,2022
2022-06-01,0.010620366,0.02527868,0.020926015,0.024396922,0.027742852,0.03549832,0.035231747,0.032919757,0.05284902,0.021284165,2022
2022-06-02,0.0072668083,0.018730273,0.019147223,0.018480962,0.026663573,0.028480867,0.023100682,0.03807808,0.037225604,0.018887559,2022
2022-06-06,0.022921586,0.0218781,0.026970485,0.019728135,0.02127193,0.027371323,0.02176252,0.027220258,0.031004129,0.010369559,2022
2022-06-07,0.025972497,0.021186039,0.014289622,0.02436295,0.018624933,0.024714042,0.018429387,0.02802782,0.022644471,0.016762083,2022
2022-06-08,0.048427433,0.03816516,0.032652624,0.03304827,0.035212174,0.035384033,0.03149723,0.032881986,0.041574214,0.017329212,2022
2022-06-09,0.062103916,0.05139545,0.046631478,0.049834672,0.044883493,0.051066242,0.052847296,0.04885521,0.055453893,0.026751578,2022
2022-06-10,0.057502467,0.050906356,0.05243633,0.052521277,0.047260355,0.046431016,0.057778895,0.05384377,0.060437296,0.027681442,2022
2022-06-13,0.085997514,0.07372186,0.071374364,0.07021638,0.06905864,0.062208403,0.07940635,0.07902743,0.06780486,0.047873158,2022
2022-06-14,0.06776664,0.052625734,0.050644636,0.04920807,0.043785952,0.043748897,0.049031768,0.046427745,0.05261625,0.021507138,2022
2022-06-15,0.059507888,0.049010478,0.044020403,0.040923405,0.037333947,0.03758825,0.04622883,0.042479135,0.044828005,0.014486451,2022
2022-06-16,0.064238526,0.054939393,0.045835987,0.046131305,0.04194617,0.037159637,0.040022172,0.035541464,0.036531266,0.010030391,2022
2022-06-17,0.039819736,0.035885505,0.025076047,0.023408737,0.029600749,0.02384387,0.028286133,0.024717644,0.022217067,0.0029685088,2022
2022-06-20,0.02073989,0.01984527,0.021769907,0.025378523,0.02517091,0.02524658,0.022407979,0.03215526,0.02717422,0.016815178,2022
2022-06-21,0.020140814,0.02259994,0.014589758,0.023358924,0.02659802,0.03134825,0.03050642,0.023530703,0.025524678,0.009669091,2022
2022-06-22,0.022947209,0.020944124,0.02155845,0.023969172,0.029667463,0.02581172,0.040281214,0.025053455,0.023084741,0.010765095,2022
2022-06-23,0.016432187,0.010475944,0.012290185,0.017023345,0.01776395,0.01359349,0.021318482,0.004979593,0.013377457,-0.004962144,2022
2022-06-24,-0.00053636194,-0.00034966719,-0.00630736,-0.004043319,-0.0038605279,-0.008109243,-0.008835131,-0.0150236245,-0.017988114,-0.031636965,2022
2022-06-27,-0.024240902,-0.017317545,-0.021459645,-0.017665096,-0.024972018,-0.022679351,-0.02563915,-0.033421732,-0.02968347,-0.04436796,2022
2022-06-28,-0.014257635,-0.015023939,-0.015852299,-0.021334983,-0.025078896,-0.02604968,-0.029533133,-0.033263493,-0.024469633,-0.035695523,2022
2022-06-29,-0.0062638638,-0.0032137171,-0.004341453,-0.008196164,-0.011521659,-0.015058189,-0.01153799,-0.01341256,-0.0151070645,-0.010501976,2022
2022-06-30,-0.018486489,-0.018174592,-0.015004234,-0.018243093,-0.017415896,-0.018454278,-0.016809281,-0.018950425,-0.015889926,-0.006298162,2022
2022-07-01,0.0006812384,0.002843462,-0.0018097253,-0.0072405008,-0.009842078,-0.013001113,-0.016477259,-0.011258182,-0.020549178,0.000318008,2022
2022-07-04,0.026145834,0.016741607,0.0133907925,0.014976617,0.0023380595,0.003647695,0.004232228,0.0030537047,-0.0004371258,0.015656713,2022
2022-07-05,0.043412145,0.037174657,0.031418584,0.030580543,0.02293366,0.021751963,0.016754715,0.02188656,0.015116526,0.018504597,2022
2022-07-06,0.042382184,0.0341026,0.030069534,0.03248663,0.021606175,0.022848008,0.023496477,0.02315605,0.022144116,0.013812708,2022
2022-07-07,0.030047398,0.022608344,0.019839644,0.013697909,0.006191521,0.0061519346,0.011033727,0.009302923,0.001874511,0.0066699763,2022
2022-07-08,0.038632136,0.031773638,0.028204618,0.017941732,0.014252632,0.017296191,0.020580938,0.015795758,0.011303841,0.019668432,2022
2022-07-11,0.04717319,0.03837703,0.03451971,0.018322077,0.023506572,0.027598454,0.028055811,0.022875866,0.022117369,0.01492025,2022
2022-07-12,0.05637381,0.0456944,0.04181274,0.03467202,0.03493877,0.041071832,0.04721526,0.039164398,0.043888263,0.035644606,2022
2022-07-13,0.058981195,0.050486945,0.043430302,0.04190827,0.03659282,0.043388557,0.047024716,0.041591782,0.039493296,0.037751317,2022
2022-07-14,0.075716175,0.066430934,0.05122386,0.04955757,0.04350193,0.040329646,0.043601714,0.048635278,0.039657302,0.04137655,2022
2022-07-15,0.058574084,0.045693964,0.03999299,0.036921345,0.038153496,0.034077868,0.032870557,0.040837746,0.029053295,0.02808094,2022
2022-07-18,7.551694e-05,-0.0045252307,-0.013750057,-0.0068918285,-0.007841487,-0.0042988216,-0.0037758546,-0.0072649145,-0.009976384,-0.008253617,2022
2022-07-19,-0.0022936056,-0.009329396,-0.018083299,-0.0065882443,-0.014792608,-0.0027535115,-0.0104613695,-0.008321543,-0.015034308,-0.009716457,2022
2022-07-20,-0.010875567,-0.018723577,-0.024665056,-0.018157324,-0.027178245,-0.013774857,-0.017623268,-0.024419649,-0.026357165,-0.04102083,2022
2022-07-21,-0.0018805707,-0.0003327499,-0.0061333557,-0.0025336596,-0.0051799496,0.00688177,0.0023754744,-0.00947253,-0.006254353,-0.031902496,2022
2022-07-22,0.004521947,0.014312239,0.010185765,0.018001271,0.017187428,0.025304096,0.0197424,0.016147796,0.016891541,-0.003305815,2022
2022-07-25,0.01566763,0.01653676,0.01997679,0.031822536,0.01857651,0.029568186,0.03154392,0.036614582,0.0190241,0.022969069,2022
2022-07-26,0.00776925,0.007962306,0.018418472,0.01784828,0.017947577,0.025094574,0.022437764,0.014333852,0.010727583,0.0031626837,2022
2022-07-27,0.019204596,0.010994692,0.018779587,0.021501217,0.016028153,0.023256402,0.015524176,0.0095677925,0.007622223,-0.0037978506,2022
2022-07-28,0.0144111505,0.016097762,0.022444,0.023917295,0.026095957,0.026584692,0.02307007,0.026724963,0.015322759,-0.0063744523,2022
2022-07-29,0.010482217,0.0153561905,0.017963963,0.01996012,0.024977606,0.028902223,0.016634934,0.0252325,0.01011717,0.0016580332,2022
2022-08-01,0.050197106,0.054195408,0.05902115,0.059061542,0.064482234,0.061155323,0.059115585,0.0642309,0.06158929,0.04348083,2022
2022-08-02,0.05320945,0.05367522,0.055072922,0.059001222,0.05263186,0.057728488,0.054195974,0.05366382,0.05754841,0.04612377,2022
2022-08-03,0.053302877,0.056606345,0.059914365,0.06133063,0.065510996,0.06461621,0.065975964,0.061575998,0.07671869,0.08039138,2022
2022-08-04,0.042257313,0.04823261,0.047438037,0.05145164,0.05146701,0.048429787,0.053284634,0.04508991,0.056794092,0.06675552,2022
2022-08-05,0.024603644,0.029854454,0.033649772,0.0311907,0.026206944,0.029791277,0.025930673,0.032127373,0.017363872,0.029243495,2022
2022-08-08,0.02688073,0.030638032,0.034506187,0.029563352,0.027923264,0.026906734,0.02618834,0.020453366,0.020935288,0.015455522,2022
2022-08-09,0.015675308,0.019604547,0.021614041,0.016770434,0.0096302545,0.002435768,-0.00016854807,-0.005819996,-0.009425918,-0.019381711,2022
2022-08-10,-0.010419778,-0.002797428,-0.0052049137,-0.012811543,-0.015736388,-0.021027282,-0.034993056,-0.039562564,-0.0479947,-0.06507328,2022
2022-08-11,-0.010590633,-0.005369393,-0.010673708,-0.008775669,-0.019411279,-0.013987913,-0.03371184,-0.035351705,-0.04378095,-0.06324694,2022
2022-08-12,-0.009889229,-0.0066120895,-0.007282699,-0.015337916,-0.015934054,-0.020906363,-0.038731806,-0.034729548,-0.044688676,-0.07561527,2022
2022-08-15,-0.0002571979,0.00030097034,-0.007837973,-0.011149505,-0.019016733,-0.029871138,-0.041761857,-0.05134941,-0.061706662,-0.0932257,2022
2022-08-16,-0.014052074,-0.015354567,-0.019235168,-0.027664943,-0.034584437,-0.053198524,-0.063966066,-0.077002764,-0.094978325,-0.13363592,2022
2022-08-17,-0.011864913,-0.016607879,-0.020685282,-0.025946321,-0.043987066,-0.058401186,-0.07354287,-0.083356045,-0.10581362,-0.1587927,2022
2022-08-18,-0.009334891,-0.013137713,-0.02232864,-0.024573697,-0.037995867,-0.055616874,-0.06741441,-0.07795788,-0.09858843,-0.14571323,2022
2022-08-19,0.0054086274,-0.003347792,-0.017042251,-0.014765408,-0.027859781,-0.050541904,-0.060011882,-0.06643981,-0.08422264,-0.11735977,2022
2022-08-22,0.010223275,-0.002774744,-0.011815154,-0.015814383,-0.027339756,-0.045616414,-0.057180192,-0.06623999,-0.07960228,-0.1105497,2022
2022-08-23,0.0147775225,0.0047150413,0.0019922361,-0.0013887654,-0.008439027,-0.017717604,-0.023178611,-0.027425354,-0.0386709,-0.062303755,2022
2022-08-24,0.022870746,0.012220018,0.011341362,0.008594125,0.0041326676,-0.0010003964,-0.008269315,-0.011359302,-0.013294794,-0.030501815,2022
2022-08-25,0.015171026,0.0042784726,0.00013079224,-0.003542956,-0.009283587,-0.013862302,-0.022892071,-0.0169892,-0.03159045,-0.045444522,2022
2022-08-26,0.022900691,0.013402485,0.013323292,0.0075826794,0.0021388547,-0.0037877758,-0.005281682,-0.0075104297,-0.01788889,-0.03664078,2022
2022-08-29,-0.0024692765,-0.011167033,-0.009884614,-0.010728416,-0.015915727,-0.017048279,-0.01615414,-0.021194477,-0.026941555,-0.044338074,2022
2022-08-30,0.0027086714,-0.00519821,-0.0057798447,-0.00828999,-0.010246179,-0.0086898655,-0.021018283,-0.019052543,-0.020344153,-0.03445661,2022
2022-08-31,-0.018484695,-0.021914588,-0.022229308,-0.016237358,-0.026926108,-0.023148825,-0.025462301,-0.023093572,-0.02662194,-0.032870427,2022
2022-09-01,-0.05365579,-0.05197493,-0.049389943,-0.047179278,-0.046953697,-0.04501753,-0.045477405,-0.05121952,-0.05017645,-0.055556122,2022
2022-09-02,-0.050970715,-0.04897866,-0.043256767,-0.03993543,-0.041623097,-0.037554134,-0.043488253,-0.040642247,-0.045574505,-0.048818927,2022
2022-09-05,-0.05614499,-0.05190859,-0.05332042,-0.05016219,-0.04871487,-0.054800507,-0.052800156,-0.05398163,-0.05549433,-0.06688686,2022
2022-09-06,-0.047892205,-0.049184136,-0.048493132,-0.04705896,-0.04980263,-0.058107693,-0.06292791,-0.05808413,-0.070761085,-0.079721875,2022
2022-09-07,-0.056806993,-0.05716582,-0.0599644,-0.057017177,-0.060131922,-0.07229375,-0.07310951,-0.07884322,-0.0854342,-0.09416716,2022
2022-09-08,-0.078840174,-0.078723595,-0.07348381,-0.072764,-0.07451484,-0.08121914,-0.07992056,-0.08012966,-0.08612753,-0.08047823,2022
2022-09-09,-0.07964757,-0.07676232,-0.077681884,-0.07489822,-0.074138224,-0.081343286,-0.08043835,-0.08151165,-0.0887971,-0.07760764,2022
2022-09-13,-0.06750696,-0.06388078,-0.065108806,-0.061987482,-0.06807893,-0.0703284,-0.0761104,-0.07542927,-0.08252969,-0.07883841,2022
2022-09-14,-0.0700576,-0.06266158,-0.06427761,-0.058705814,-0.06377713,-0.061909553,-0.06672999,-0.06444418,-0.07407853,-0.07113517,2022
2022-09-15,-0.056676023,-0.050705556,-0.05314236,-0.05342585,-0.060293388,-0.05775423,-0.06275473,-0.06980478,-0.0732929,-0.079144515,2022
2022-09-16,-0.03571623,-0.038060993,-0.041819975,-0.040622957,-0.049742687,-0.052388072,-0.05706466,-0.06082028,-0.06617523,-0.084064744,2022
2022-09-19,-0.058359053,-0.06038338,-0.062573284,-0.06732426,-0.06740217,-0.06952988,-0.07469457,-0.07908188,-0.08500288,-0.10617564,2022
2022-09-20,-0.04476411,-0.045855798,-0.052463837,-0.051682886,-0.05701119,-0.056244228,-0.059286,-0.06841508,-0.07336784,-0.09175858,2022
2022-09-21,-0.024099551,-0.024316678,-0.029017804,-0.035249937,-0.033486873,-0.029982045,-0.03876713,-0.03694449,-0.0394448,-0.07036547,2022
2022-09-22,0.01234973,0.012948672,0.0067207343,0.008270964,0.0039122747,0.0023501595,-0.00037172323,-0.0048199478,-0.010019755,-0.034559593,2022
2022-09-23,0.047303252,0.046046566,0.044155404,0.038778737,0.040615853,0.031948593,0.03121161,0.027048877,0.01922614,-0.011992453,2022
2022-09-26,0.062452074,0.05952425,0.043845482,0.04122736,0.042890206,0.036798153,0.026900075,0.03267986,0.021424813,0.0017928726,2022
2022-09-27,0.05366565,0.055890966,0.045593962,0.039763123,0.035820484,0.041449133,0.032521594,0.024454692,0.027036894,0.007473767,2022
2022-09-28,0.05872767,0.056777433,0.053022753,0.051796354,0.04670184,0.0396378,0.030535242,0.024988415,0.024194643,0.023121526,2022
2022-09-29,0.06882169,0.0629987,0.066778615,0.059154436,0.061920464,0.05658774,0.045316275,0.042791553,0.04083168,0.04742062,2022
2022-09-30,0.07107924,0.066727065,0.074191555,0.07671711,0.068629265,0.06992223,0.059582356,0.061700184,0.06332898,0.070063025,2022
2022-10-10,0.06593862,0.06305689,0.062111314,0.06288292,0.06145842,0.058000587,0.051434863,0.05203832,0.054669987,0.058021802,2022
2022-10-11,0.07180549,0.072724864,0.07216599,0.067970484,0.07167919,0.062658116,0.06685719,0.062500246,0.07081278,0.06828441,2022
2022-10-12,0.04503987,0.043242328,0.052449483,0.04394657,0.04422895,0.037687194,0.03956751,0.03780275,0.036501605,0.034951005,2022
2022-10-13,0.0062324097,-0.0011781562,-0.0008317696,-0.0053033647,-0.0022402601,-0.005807113,-0.0065091574,-0.015205978,-0.008228898,-0.011624584,2022
2022-10-14,-0.017954027,-0.021643892,-0.021962788,-0.019394996,-0.02843621,-0.025512232,-0.026630335,-0.0345123,-0.019280657,-0.037133332,2022
2022-10-17,-0.00954658,-0.013739334,-0.01818613,-0.015502603,-0.01908724,-0.017388886,-0.02190657,-0.022352552,-0.01695577,-0.03782378,2022
2022-10-18,0.0125063965,0.005545418,0.009650709,0.010065304,0.0069703246,0.011426515,0.0022442506,0.008813773,0.011998379,-0.014101011,2022
2022-10-19,0.01421341,0.009853065,0.011111775,0.016319767,0.02084827,0.018344501,0.014111921,0.02333801,0.03208218,0.0047348635,2022
2022-10-20,0.022320893,0.0186654,0.024272952,0.030356811,0.030523287,0.03141866,0.03068668,0.04446666,0.046366103,0.027561514,2022
2022-10-21,0.03788396,0.032842737,0.036589533,0.04300019,0.047570873,0.04902668,0.042003687,0.05088159,0.052226223,0.033197362,2022
2022-10-24,0.06119523,0.054245137,0.056413747,0.05730016,0.06936014,0.06554644,0.060926575,0.068371415,0.066673085,0.04417444,2022
2022-10-25,0.045008752,0.040232103,0.037205327,0.042848296,0.049942795,0.048872903,0.045878537,0.047834836,0.047595393,0.031678155,2022
2022-10-26,0.03604026,0.030776238,0.027960975,0.03141782,0.037497465,0.037909165,0.03266113,0.03802041,0.033537533,0.022533631,2022
2022-10-27,0.07736675,0.06816903,0.07952817,0.074731484,0.07912342,0.07614961,0.077028066,0.07881407,0.06197946,0.06260443,2022
2022-10-28,0.07528056,0.073012464,0.07465988,0.080631174,0.081326485,0.07690564,0.07468005,0.07693828,0.062061913,0.04858534,2022
2022-10-31,0.06632987,0.06509846,0.0656081,0.073605746,0.075336605,0.06819581,0.0659074,0.06991644,0.0560805,0.04745076,2022
2022-11-01,0.05476038,0.05439138,0.054360174,0.057851836,0.058747284,0.05096297,0.051651344,0.048362497,0.035736587,0.030344637,2022
2022-11-02,0.059066396,0.054781705,0.053844605,0.05114155,0.046472043,0.04481318,0.03677953,0.031309713,0.014653975,0.01769993,2022
2022-11-03,0.050861668,0.04484124,0.046910718,0.043357227,0.038605876,0.03669322,0.026298767,0.022926629,0.008408776,0.016855793,2022
2022-11-04,0.02426054,0.023419028,0.023825767,0.020830337,0.016971406,0.0119849695,0.0029843375,0.006067343,-0.0015609448,-0.00062536774,2022
2022-11-07,0.030395294,0.028293693,0.027524183,0.02490831,0.027050678,0.013626641,0.010584625,0.005759072,-0.0032964605,0.0027142516,2022
2022-11-08,0.0031859574,0.007035908,0.00515136,0.0057838503,0.0054774643,-0.006485264,-0.00963587,-0.017900368,-0.031628966,-0.023640603,2022
2022-11-09,0.0166296,0.014321186,0.019084997,0.011782063,0.013855772,0.008591432,-0.0004734135,0.00046579915,-0.014733008,-0.011832444,2022
2022-11-10,6.271977e-05,-0.000735354,0.00197548,-0.0016919198,-0.007939367,-0.008284295,-0.01772506,-0.02288535,-0.03281583,-0.033973508,2022
2022-11-11,-0.009203406,-0.0072367787,-0.009370091,-0.01203028,-0.016346395,-0.01102265,-0.020344382,-0.025275059,-0.028360449,-0.017780624,2022
2022-11-14,0.00028915677,0.0035522094,0.0063425046,-0.0051864036,-0.0050771246,-0.007930278,-0.014802495,-0.020101128,-0.02175224,-0.017876072,2022
2022-11-15,0.0013378833,0.005494803,-8.755086e-06,-0.0052275592,-0.008676389,-0.012686108,-0.017731782,-0.027787384,-0.023707924,-0.021518644,2022
2022-11-16,0.0017377784,0.008065379,0.011542799,0.0065557887,0.009517107,0.005049357,0.0005228753,-0.0011515743,-0.008986581,-0.0073636165,2022
2022-11-17,0.0030081242,0.0039842366,0.010558145,0.0057907887,0.004903295,4.8265254e-05,-0.00037833033,-0.004419838,-0.013939509,-0.016373921,2022
2022-11-18,0.028395284,0.03317623,0.030714558,0.03538415,0.021011187,0.015539637,0.015584333,0.009134958,-0.0079904,-0.010766096,2022
2022-11-21,0.022698553,0.028255694,0.028163454,0.03000569,0.018110402,0.015706873,0.011213351,0.009119091,-0.0084222555,-0.014705107,2022
2022-11-22,0.030450212,0.036518026,0.038613737,0.039654754,0.035857704,0.034528855,0.03217305,0.025666142,0.020075606,0.008325112,2022
2022-11-23,0.017042646,0.029614704,0.03132037,0.029807815,0.028500212,0.023333259,0.024359042,0.015615168,0.010733069,-0.0003011326,2022
2022-11-24,0.021599164,0.031425502,0.03213168,0.030617466,0.031028485,0.03194867,0.02733265,0.020656932,0.020503396,0.006449487,2022
2022-11-25,0.031246085,0.03770248,0.042442724,0.03765549,0.04185312,0.039512046,0.041870944,0.03475557,0.026124077,0.012886179,2022
2022-11-28,0.015847193,0.019403666,0.019966567,0.018240282,0.021818098,0.012715147,0.021102369,0.011762477,0.010521374,-0.002736016,2022
2022-11-29,0.0117741525,0.012214139,0.012583666,0.009806883,0.016200362,0.009975739,0.0064569316,0.005683557,0.011910036,-0.0099821985,2022
2022-11-30,0.0049329274,0.004830217,0.0065752594,0.00039011383,0.006945367,0.000117358024,-0.0061626807,-0.012430383,-0.0070288405,-0.010059374,2022
2022-12-01,-0.0062673534,-0.008048571,-0.0020574466,-0.008753009,-0.0051001394,-0.016121501,-0.019780124,-0.02401663,-0.020470496,-0.019825455,2022
2022-12-02,-0.038208324,-0.03833635,-0.03617404,-0.03433506,-0.035943016,-0.033130083,-0.038705662,-0.033520695,-0.036421556,-0.036410306,2022
2022-12-05,-0.044580653,-0.04694461,-0.045770247,-0.045101374,-0.045020424,-0.048535626,-0.048158377,-0.04931599,-0.050827708,-0.04399043,2022
2022-12-06,-0.045483906,-0.045400243,-0.04771602,-0.045866415,-0.05100386,-0.052391525,-0.057198588,-0.05784304,-0.051324405,-0.05451574,2022
2022-12-07,-0.05008405,-0.049948186,-0.051737286,-0.04828852,-0.057345506,-0.05524206,-0.06085607,-0.064483434,-0.05931738,-0.060453657,2022
2022-12-08,-0.059846576,-0.056802105,-0.061431475,-0.057010002,-0.060887016,-0.06355223,-0.0691745,-0.07954519,-0.07312422,-0.06962657,2022
2022-12-09,-0.046805352,-0.045358736,-0.04665152,-0.046831246,-0.0498619,-0.05193544,-0.051237416,-0.06283482,-0.058393616,-0.063371286,2022
2022-12-12,-0.04317615,-0.042920288,-0.039008904,-0.038772143,-0.04592812,-0.041851446,-0.04549253,-0.042864747,-0.048885785,-0.062158417,2022
2022-12-13,-0.051654037,-0.04773881,-0.042749412,-0.045523856,-0.04494782,-0.049679056,-0.040161498,-0.049539465,-0.05083188,-0.06157731,2022
2022-12-14,-0.059742935,-0.050358046,-0.047189962,-0.048418768,-0.047770344,-0.041256364,-0.044873923,-0.048541103,-0.049263813,-0.06628905,2022
2022-12-15,-0.047966085,-0.04010141,-0.039622895,-0.035586305,-0.038519416,-0.03217422,-0.03368018,-0.032217156,-0.049013056,-0.056430705,2022
2022-12-16,-0.012386706,-0.009168513,-0.0059928065,-0.003099527,-0.003646405,-0.0004025488,-0.0070085186,-0.003932696,-0.011699139,-0.033066653,2022
2022-12-19,0.009401421,0.013531357,0.0142558,0.017229136,0.023589807,0.019890118,0.017961606,0.01770168,0.010676729,0.0028891838,2022
2022-12-20,0.015654912,0.019313991,0.025076017,0.024841769,0.033216383,0.03209432,0.03159618,0.031095928,0.030126037,0.012833472,2022
2022-12-21,0.033347365,0.037359834,0.03891189,0.03550872,0.04438935,0.0423294,0.04132687,0.033326533,0.04414651,0.010623837,2022
2022-12-22,0.043719985,0.042674366,0.05182095,0.049902454,0.059037447,0.057367746,0.06457037,0.060747657,0.06923174,0.03153772,2022
2022-12-23,0.030116323,0.030844415,0.03669969,0.041508544,0.042867873,0.043825068,0.048183117,0.04825639,0.047293536,0.015532703,2022
2022-12-26,0.022844385,0.018255064,0.026487196,0.033585742,0.034444418,0.035756458,0.03668765,0.03766195,0.040444802,0.019889828,2022
2022-12-27,0.030715084,0.027135894,0.027918715,0.035155773,0.031106276,0.03347827,0.038391054,0.035331942,0.038926568,0.012374289,2022
2022-12-28,0.039677113,0.03911507,0.038179543,0.043235052,0.03478759,0.035262965,0.03332726,0.038453463,0.03782398,0.0050806203,2022
2022-12-29,0.052926328,0.05279267,0.053105447,0.051073294,0.046837993,0.04302045,0.046854984,0.047639202,0.045851167,0.014657056,2022
2022-12-30,0.029864904,0.028941955,0.032685295,0.03943354,0.0386541,0.03442887,0.03356806,0.034769718,0.03187597,-0.004635581,2022
2023-01-03,0.021123672,0.017785102,0.026909586,0.0283574,0.030937409,0.028030105,0.028715424,0.03200551,0.020411594,-0.02346872,2023
2023-01-04,0.021495676,0.021898035,0.029841857,0.02837191,0.028837692,0.025832526,0.026214056,0.02109159,0.018226014,-0.025375701,2023
2023-01-05,0.02876963,0.03124034,0.032620244,0.03387996,0.03237576,0.033081878,0.032757275,0.026514553,0.01819095,-0.013517219,2023
2023-01-06,0.04412135,0.044399966,0.04663016,0.04688521,0.043698475,0.043161396,0.040983826,0.036185443,0.030103147,1.3712939e-05,2023
2023-01-09,0.0509788,0.052940704,0.05366823,0.047430146,0.045045592,0.044668112,0.037309762,0.03422107,0.02336307,0.006956244,2023
2023-01-10,0.070425466,0.06896718,0.068883166,0.06555388,0.062384885,0.0547594,0.051472444,0.04370141,0.03829578,0.018476553,2023
2023-01-11,0.09154887,0.08514997,0.08549629,0.0805323,0.07157696,0.06976615,0.07152182,0.06273205,0.0623035,0.033983532,2023
2023-01-12,0.08825753,0.07416366,0.07262799,0.07463391,0.065288134,0.06475634,0.06517385,0.058238477,0.053129874,0.038692813,2023
2023-01-13,0.08406335,0.06523801,0.06619035,0.06467799,0.049176387,0.05140556,0.052493546,0.04357366,0.042261887,0.03296585,2023
2023-01-16,0.088225685,0.073685385,0.07095224,0.06653365,0.055038366,0.054236855,0.05391881,0.041730955,0.04537552,0.040010147,2023
2023-01-17,0.077657014,0.066328615,0.06472742,0.06672494,0.05744923,0.056410037,0.045476526,0.043951437,0.05203211,0.042943444,2023
2023-01-18,0.07253542,0.0637518,0.066229776,0.05863053,0.057994496,0.056998067,0.050512645,0.050877307,0.053643886,0.048525877,2023
2023-01-19,0.07093589,0.0672821,0.05805809,0.05471653,0.057327863,0.05432248,0.046603385,0.044970356,0.043203928,0.04427648,2023
2023-01-20,0.055171255,0.053276695,0.044160087,0.04759419,0.0472604,0.042338293,0.040380623,0.03333346,0.041742634,0.030697292,2023
2023-01-30,0.052559264,0.055324625,0.048472077,0.048623074,0.05170362,0.05045879,0.045626633,0.04244274,0.04996306,0.0332935,2023
2023-01-31,0.044349436,0.04270997,0.039578855,0.038591553,0.045024134,0.03936647,0.03445577,0.031410687,0.037162576,0.019045204,2023
2023-02-01,0.026568595,0.024389263,0.026656477,0.029756207,0.021704204,0.021875337,0.017894052,0.0066996887,0.010968399,-0.0017445687,2023
2023-02-02,0.021284604,0.02021623,0.018858613,0.017031262,0.013195539,0.00904398,0.003821179,-0.0017057228,-0.00953474,-0.015081133,2023
2023-02-03,0.0155155035,0.016140116,0.014874499,0.015519883,0.011156082,0.008366306,0.00032975245,-0.0056832726,-0.010890431,-0.021083988,2023
2023-02-06,0.021924246,0.023650136,0.023102289,0.021141864,0.022556117,0.013779115,0.0058965376,0.0042711296,-0.0028521111,-0.014532404,2023
2023-02-07,0.01779745,0.020292554,0.021226099,0.021783575,0.02050827,0.016725881,0.0056902026,0.0038980162,-0.0033488784,-0.01533489,2023
2023-02-08,0.016871678,0.019353958,0.01954126,0.018149052,0.015487103,0.009422569,0.003893265,-0.0048369686,-0.007546581,-0.017496366,2023
2023-02-09,0.008137371,0.009394957,0.011710639,0.009333535,0.00583886,0.0005727339,-0.004738522,-0.017532948,-0.015270974,-0.031720273,2023
2023-02-10,-0.001840174,0.0014865255,0.0039488655,-0.0012559135,-0.0058094873,-0.01192689,-0.018325524,-0.025940983,-0.027633086,-0.04030137,2023
2023-02-13,-0.0038825087,-0.002696712,-0.0020293226,-0.006246601,-0.0063216356,-0.017724304,-0.018398937,-0.02742546,-0.031968944,-0.042058866,2023
2023-02-14,0.003290854,0.008219214,0.005808554,-0.0020404172,-0.0020141338,-0.005460949,-0.015198901,-0.020315373,-0.028125491,-0.033649348,2023
2023-02-15,0.015174237,0.018916527,0.01666364,0.0067434534,0.010861383,0.0012357488,-0.005168792,-0.011855745,-0.018648626,-0.020421337,2023
2023-02-16,0.02456588,0.026951214,0.02513817,0.020702187,0.01712326,0.01764317,0.0054257317,-0.0006069361,-0.0023601416,-0.0010391795,2023
2023-02-17,0.026553772,0.02412536,0.02686044,0.02501621,0.019015986,0.011239706,0.0060232556,0.010170545,0.00080446264,-3.8151557e-05,2023
2023-02-20,0.00359021,0.00739566,0.0047234166,0.005484112,-0.003445239,-0.008398089,-0.00912424,-0.012761649,-0.019165039,-0.017056447,2023
2023-02-21,0.0005161399,-0.0021618893,-0.00045480084,-0.0052445866,-0.012379553,-0.017081542,-0.021095784,-0.02323319,-0.02385974,-0.023413522,2023
2023-02-22,0.010208574,0.0012887942,-0.0008801424,0.0012574823,-0.009747619,-0.0067179487,-0.022539204,-0.016805904,-0.019232849,-0.019907892,2023
2023-02-23,0.007541656,-0.0028742978,-0.0032116892,-0.0060535492,-0.012742886,-0.013104612,-0.022904193,-0.02390796,-0.022460112,-0.021743538,2023
2023-02-24,0.0019716527,-0.009054339,-0.004540553,-0.009893385,-0.0152593255,-0.00903572,-0.02511198,-0.02220681,-0.02015961,-0.020368828,2023
2023-02-27,-0.0133034,-0.018944846,-0.015652351,-0.013270976,-0.019254668,-0.019853307,-0.024588967,-0.029051702,-0.027409164,-0.022774007,2023
2023-02-28,-0.00746156,-0.015946722,-0.014809277,-0.014774639,-0.0174745,-0.019254705,-0.024768753,-0.030933717,-0.023090161,-0.034433804,2023
2023-03-01,-0.020552233,-0.02427107,-0.027695557,-0.030756753,-0.032607775,-0.040563826,-0.03730368,-0.04435222,-0.04061397,-0.051118944,2023
2023-03-02,-0.01794626,-0.021875767,-0.024552243,-0.024319941,-0.030768914,-0.03382302,-0.030918755,-0.041104704,-0.034934744,-0.032168735,2023
2023-03-03,-0.02119893,-0.026042597,-0.02691102,-0.03138094,-0.035578646,-0.043565884,-0.040699676,-0.03579084,-0.04172075,-0.026089221,2023
2023-03-06,-0.011176687,-0.012592983,-0.014945512,-0.016174003,-0.018133778,-0.024258722,-0.024061665,-0.014739059,-0.018016312,-0.016626926,2023
2023-03-07,0.0077200336,0.0063557066,0.0078567825,0.0019002155,0.0005050423,-0.0055441754,-0.0034291653,0.001076368,-0.003898959,0.0014426805,2023
2023-03-08,-0.0047827433,-0.0058169356,-0.0005222588,-0.0046362625,-0.010048694,-0.0135627175,-0.008964409,-0.00238905,-0.00487345,0.0055070827,2023
2023-03-09,0.0034175178,0.008254229,0.005803724,0.004006799,0.0028171432,0.0010039172,0.00069049624,0.009865536,0.00896112,0.020755049,2023
2023-03-10,0.008716895,0.010586173,0.010063687,0.0050359014,0.007862075,0.004012057,0.008409685,0.010021863,0.014264651,0.03481859,2023
2023-03-13,0.019639876,0.01803235,0.013759696,0.0142797725,0.005331188,0.011292383,0.01223448,0.012444836,0.014312338,0.03365686,2023
2023-03-14,-0.0041948366,-0.0018956694,-0.0016850319,-0.0043664034,-0.0039180927,-0.003162125,-0.0067329374,-0.0012009174,-0.0006717933,0.025429625,2023
2023-03-15,-0.005221083,-0.0020610837,-0.000319673,0.004728002,0.0017234174,0.0017500718,0.014933098,0.0035956888,0.00741915,0.025054283,2023
2023-03-16,0.0004028659,0.00042560234,0.0068044146,0.013275084,0.0057870136,0.016347727,0.015099335,0.010898696,0.01172076,0.013399252,2023
2023-03-17,0.005349089,0.010234193,0.015362398,0.017587082,0.024396135,0.024914516,0.024760665,0.026150899,0.024519138,0.040286906,2023
2023-03-20,-0.008797362,-0.002989969,8.911173e-05,0.00490434,0.0064694546,0.0044666985,0.013874985,0.0142844105,0.024206718,0.061290376,2023
2023-03-21,-0.034292493,-0.023231799,-0.014647981,-0.0096890805,-0.0051047024,-0.00931368,0.004419693,0.006285126,0.014967036,0.03440896,2023
2023-03-22,-0.02644944,-0.015387379,-0.0062327133,-0.0012035741,0.008354353,0.0026666885,0.010475489,0.020550981,0.022910919,0.038646605,2023
2023-03-23,-0.033585776,-0.019575998,-0.01609841,-0.002217103,-0.0011704707,0.006751319,0.0055148182,0.0112641305,0.019002473,0.02386168,2023
2023-03-24,-0.03345245,-0.022178961,-0.016473295,-0.0064047677,-0.0046866587,-0.0012859853,0.0010678077,0.0058649383,0.009305323,0.0016353844,2023
2023-03-27,-0.020861715,-0.016706076,-0.009428117,0.00092152227,0.0036166226,0.0049426337,0.009095059,0.012331036,0.021867335,0.03203188,2023
2023-03-28,-0.012327145,-0.006096439,0.00028692285,0.008789582,0.009842525,0.0039044567,0.01434702,0.018979141,0.03356336,0.04868132,2023
2023-03-29,0.0003577136,0.0034147187,0.00907407,0.012779922,0.014902549,0.0100179445,0.017932188,0.022316756,0.036236633,0.047615543,2023
2023-03-30,-0.0066872872,0.0015356517,0.0025975741,0.013410713,0.00950043,0.0067331623,0.010898695,0.021395123,0.024508718,0.03799213,2023
2023-03-31,-0.0077764937,-0.005850042,-0.006655073,0.00033217794,-0.0039943103,0.0013084962,0.0019177793,0.00104705,0.0025257524,-0.0020725369,2023
2023-04-03,-0.008124788,-0.0049241767,-0.00490654,-0.003285434,0.0034902315,0.0041078865,0.003361361,0.0031111664,0.0062693255,-0.0062711304,2023
2023-04-04,-0.0083135385,-0.00873496,-0.006733872,-0.005967272,-0.0063857557,-0.005272871,-0.01121851,-0.008337901,-0.0068657775,0.003936694,2023
2023-04-06,-0.020507902,-0.024061445,-0.021529336,-0.030131908,-0.022396298,-0.024582833,-0.03372289,-0.029638045,-0.031543545,-0.015102176,2023
2023-04-07,-0.02117222,-0.029928317,-0.036246058,-0.045994814,-0.041427717,-0.048507877,-0.05312619,-0.045946557,-0.053574067,-0.03586895,2023
2023-04-10,-0.029484166,-0.038200025,-0.043778952,-0.052777622,-0.058735974,-0.05432421,-0.06462451,-0.06186033,-0.06758358,-0.043085646,2023
2023-04-11,-0.027213598,-0.03544957,-0.043694742,-0.051469292,-0.057689253,-0.055370778,-0.054975554,-0.058605656,-0.078236595,-0.08020019,2023
2023-04-12,-0.02216845,-0.029691009,-0.03793494,-0.043887746,-0.047400713,-0.05364292,-0.049596183,-0.054201268,-0.07963572,-0.10243844,2023
2023-04-13,-0.012803452,-0.024175322,-0.02497701,-0.036732435,-0.037941534,-0.04715541,-0.046141826,-0.044466738,-0.06862875,-0.075453885,2023
2023-04-14,0.012960569,-0.004111126,-0.021874009,-0.027314477,-0.03660411,-0.047896728,-0.043530814,-0.04874068,-0.060302384,-0.056163907,2023
2023-04-17,0.0014397088,-0.008467917,-0.02693219,-0.03523117,-0.04181934,-0.043386396,-0.044695422,-0.045403417,-0.05786442,-0.040333204,2023
2023-04-18,0.029635958,0.00619099,-0.013134217,-0.029064408,-0.030295778,-0.045889564,-0.038885344,-0.04960982,-0.06172535,-0.06253976,2023
2023-04-19,0.043116886,0.016097287,-0.0074381526,-0.020895032,-0.022841806,-0.03552192,-0.03797136,-0.05112012,-0.060356706,-0.07296992,2023
2023-04-20,0.041843586,0.015925879,-0.0018225029,-0.011096517,-0.020924285,-0.028815176,-0.036002256,-0.042201594,-0.049338017,-0.07064391,2023
2023-04-21,0.034648363,0.023208037,0.022098284,0.016552394,0.018076736,0.004511078,-0.0011868774,-0.0018344502,-0.018210636,-0.041514512,2023
2023-04-24,0.06461816,0.053286754,0.036428805,0.029609134,0.020623373,0.014491224,0.011009441,0.0074955146,0.002063184,-0.029870696,2023
2023-04-25,0.047287233,0.031147884,0.026937634,0.016917871,0.011460057,0.009060021,-7.545443e-05,-0.0029363763,-0.0047951285,-0.03278842,2023
2023-04-26,0.029911805,0.023409149,0.018656483,0.020418718,0.01832388,0.0072159288,0.008100519,-0.00025426282,-0.0069043483,-0.013530405,2023
2023-04-27,0.022001246,0.020389745,0.0147527065,0.008599218,0.005231497,7.292255e-05,-0.002707198,-0.008209177,-0.0072894935,-0.03140163,2023
2023-04-28,0.017257132,0.012173645,0.010509361,0.009833193,-9.225831e-05,-0.00490394,-0.0016995482,-0.0048452253,-0.0055964696,-0.012439762,2023
2023-05-04,0.016362006,0.017298412,0.014816248,0.013846783,0.00936521,0.0048841783,0.0136741595,0.009965833,0.00067177234,-0.0022701342,2023
2023-05-05,0.023863953,0.020423876,0.018769199,0.014241263,0.012555,0.011198258,0.010841136,0.0058884914,-0.00022412925,-0.026464297,2023
2023-05-08,0.02708325,0.024177298,0.0220457,0.022452975,0.016945094,0.016947728,0.015644535,0.013325882,0.003916659,-0.028913414,2023
2023-05-09,0.023780739,0.02641633,0.017245302,0.018547079,0.013176448,0.017073402,0.021076422,0.00795886,0.002218255,-0.015932485,2023
2023-05-10,0.009742067,0.012172389,0.003368639,0.005401079,0.0028486561,0.007922706,0.0034712248,0.00015040959,-0.00602061,-0.022312172,2023
2023-05-11,0.018384064,0.017996091,0.013797085,0.011425648,0.006064913,0.008031644,0.011100201,0.00589515,0.0021852108,-0.007368116,2023
2023-05-12,0.02773854,0.022062492,0.017971959,0.018705918,0.0064615402,0.018845486,0.013174239,0.015212615,0.01789743,0.016523708,2023
2023-05-15,0.009058089,0.008121399,-0.00019160143,0.00968288,0.0016474494,0.0004614836,0.0030253993,0.008902138,0.021481624,0.02504335,2023
2023-05-16,0.003988175,-0.0009461105,0.0036789817,0.0014834516,0.002999346,0.006614977,0.007924246,0.014592394,0.033657916,0.038338367,2023
2023-05-17,-0.0048975884,-0.009320833,-0.0042949524,-0.0034750914,-0.005272948,0.004634733,0.0038374823,0.006224695,0.027231818,0.0368685,2023
2023-05-18,0.0013829106,-0.00127483,0.0029511675,0.00050400186,0.0026833897,0.0055419924,0.0081077665,0.009900717,0.023953877,0.04189288,2023
2023-05-19,-0.0064630383,-0.0056080143,-0.0038803834,-0.004153145,-0.003890868,0.0034344213,0.004235098,0.012714378,0.028279504,0.06782476,2023
2023-05-22,-0.019920373,-0.01703236,-0.015747141,-0.014895471,-0.0071239155,-0.0063885055,-0.001902974,0.007196778,0.023789477,0.06473059,2023
2023-05-23,-0.021791097,-0.018805157,-0.01492652,-0.011929294,-0.004620895,-0.005504373,0.003288853,0.005108175,0.026767312,0.054081883,2023
2023-05-24,-0.014461589,-0.015864674,-0.009862546,-0.012080665,0.00045922227,-5.309465e-05,0.0009987262,0.0070495442,0.023725018,0.052643247,2023
2023-05-25,-0.014600031,-0.015915867,-0.00996275,-0.012483517,-0.004406354,0.0026179368,0.0025688093,0.0069288835,0.015531349,0.04177714,2023
2023-05-26,-0.010738542,-0.010578106,-0.009423599,-0.010976583,-0.003129063,-0.0009989785,0.008130639,0.009961558,0.017446607,0.045221716,2023
2023-05-29,0.008373865,0.005945169,0.005567212,-0.0011065693,0.005610051,0.008687198,0.015179159,0.020379985,0.026669705,0.051359266,2023
2023-05-30,0.00924379,0.007327963,0.00079918164,-0.0025730077,0.005321713,0.0072147883,0.012461548,0.016253902,0.01895566,0.047313806,2023
2023-05-31,0.006553584,0.008082033,-0.0018709325,0.00632444,0.007966116,0.004637913,0.012066305,0.0134385545,0.020218285,0.03916369,2023
2023-06-01,0.0048405994,0.0038767892,0.00026638852,0.003830432,0.00740401,0.005491453,0.010235606,0.016821532,0.021712456,0.03987411,2023
2023-06-02,-0.0042192377,-0.003720166,-0.0075545004,0.006867662,0.008143331,0.0024746268,0.0115227215,0.017307531,0.030470675,0.056515455,2023
2023-06-05,-0.0050463285,-0.00015703148,0.0060109864,0.00967308,0.015619701,0.009799525,0.020563101,0.024436217,0.035798967,0.06978887,2023
2023-06-06,1.6667234e-05,0.001562385,0.010339605,0.008691908,0.021837512,0.008714967,0.020771796,0.022482924,0.031200351,0.04536652,2023
2023-06-07,-0.011868933,0.001162492,-0.00968132,-9.154056e-05,0.0049283607,-0.002479229,0.0073120575,-0.00065839937,0.009821743,0.0023847492,2023
2023-06-08,0.009748731,0.012262444,0.005549689,0.0030178144,0.010334273,0.00591769,0.0036473335,0.0025190974,0.00060515304,-0.012487514,2023
2023-06-09,0.0059362156,0.0046888916,0.002570262,-0.0013795327,-0.0019868403,-0.00047402977,-0.0012474377,-0.006700529,-0.01703787,-0.043899804,2023
2023-06-12,0.00887408,0.0058028516,0.011685069,0.0056503564,0.008540533,0.005835076,0.0060040057,0.0039969217,-0.009186558,-0.026645277,2023
2023-06-13,0.020809505,0.021686705,0.021908732,0.019856796,0.015613494,0.015878446,0.016667128,0.006973191,0.00012631137,-0.030412404,2023
2023-06-14,0.030153284,0.031802952,0.02677052,0.021735797,0.022042109,0.019659162,0.019718057,0.009779803,-0.0026237308,-0.038249962,2023
2023-06-15,0.02247771,0.027480766,0.02084419,0.014541262,0.015803581,0.01999438,0.0118595455,0.0048581404,-0.0030518791,-0.025327818,2023
2023-06-16,0.03130267,0.026840035,0.024073208,0.018312074,0.018081538,0.016856367,0.0058792396,0.0023889907,-0.009637619,-0.049976498,2023
2023-06-19,0.0403096,0.032471873,0.026084822,0.020827547,0.013206554,0.010428163,0.0037380224,-0.0007054754,-0.018337756,-0.057742897,2023
2023-06-20,0.04978619,0.037812866,0.030600177,0.022903638,0.018918812,0.009896774,0.0060855737,0.00505498,-0.015643835,-0.059394624,2023
2023-06-21,0.06634521,0.057600886,0.048778318,0.04045734,0.035425697,0.029874643,0.028362071,0.021978112,0.010630896,-0.027510203,2023
2023-06-26,0.055141646,0.050475497,0.04042782,0.034207758,0.0329822,0.027738448,0.020319507,0.01946655,0.01433025,-0.013172233,2023
2023-06-27,0.053285744,0.05232543,0.042175308,0.038570438,0.033860046,0.032816138,0.02885582,0.02063511,0.018717084,-0.0050047976,2023
2023-06-28,0.034550026,0.034490537,0.028832674,0.027374795,0.023045069,0.018952947,0.014562414,0.008584121,-0.0016530107,-0.026091328,2023
2023-06-29,0.022728778,0.023768941,0.016159503,0.013385005,0.015245013,0.0112201255,0.005285273,0.005127166,-0.0059810383,-0.01883174,2023
2023-06-30,0.012730201,0.009165427,0.0062371595,0.0033248866,-0.0034283183,0.0014224652,-0.007199122,-0.016816337,-0.01560359,-0.025649752,2023
2023-07-03,0.015441628,0.01574709,0.005396761,-0.0013280388,-0.002726533,-0.002167758,-0.009008479,-0.011200731,-0.019467762,-0.038855016,2023
2023-07-04,0.01896145,0.012564756,0.009155889,0.0002578689,-0.00552203,-0.00066036277,-0.016021019,-0.015416289,-0.01884525,-0.046136186,2023
2023-07-05,0.019995783,0.013928879,0.013255882,0.003117344,0.0011801539,-0.0014991371,-0.010125571,-0.017905654,-0.023503797,-0.05358533,2023
2023-07-06,0.017597768,0.013361536,0.009469139,0.002557295,0.00032661177,-0.0035803893,-0.013250878,-0.016794989,-0.030422183,-0.06621177,2023
2023-07-07,0.017497933,0.01188606,0.004115767,-0.0017343266,-0.00346758,-0.012041514,-0.013636674,-0.021510663,-0.033294402,-0.06290873,2023
2023-07-10,0.025028551,0.018977156,0.012349897,0.0056340145,0.000546662,0.0015407344,-0.007074592,-0.010218738,-0.024038311,-0.054858796,2023
2023-07-11,0.036618937,0.028550435,0.020003922,0.012035427,0.0065905275,0.00040440253,-0.005638661,-0.0119055025,-0.031640504,-0.06828239,2023
2023-07-12,0.040993437,0.03011685,0.015435724,0.008566034,0.0060366034,-0.002912407,-0.014654293,-0.020290693,-0.033135943,-0.06887495,2023
2023-07-13,0.04998977,0.029036338,0.0178813,0.0021105679,0.003239717,-0.008183705,-0.019631408,-0.030199211,-0.04577684,-0.09713364,2023
2023-07-14,0.06725797,0.04674447,0.03751373,0.026711838,0.016555857,0.009963131,-0.0007777992,-0.007753654,-0.027256694,-0.08177127,2023
2023-07-17,0.044564378,0.03609514,0.029130995,0.021139802,0.009724151,0.01072737,-0.0007528068,-0.00556193,-0.032066565,-0.07175996,2023
2023-07-18,0.04873478,0.04002853,0.02204001,0.019308867,0.009710312,0.006624066,-0.003616514,-0.011733473,-0.027283741,-0.06827271,2023
2023-07-19,0.038637068,0.03502754,0.020787079,0.019093566,0.007481062,0.0058853608,0.0046710987,-0.00783113,-0.024316046,-0.052264113,2023
2023-07-20,0.038377896,0.039695024,0.026631339,0.027310915,0.017059458,0.019055603,0.017021067,0.009366445,0.0014707001,-0.023986472,2023
2023-07-21,0.022894861,0.024730053,0.015249092,0.018944252,0.008297593,0.011162869,0.01053967,0.004725764,0.004114209,-0.009334011,2023
2023-07-24,0.0045038764,0.008165196,-0.0031755404,0.001721792,-0.004175847,-0.004789999,-0.0028148838,-0.008316037,-0.0057685263,-0.018782225,2023
2023-07-25,-0.0033397742,0.0004501448,-0.0072867973,-0.003119735,-0.013575969,-0.008587157,-0.014542412,-0.0123729985,-0.010335205,-0.020793946,2023
2023-07-26,-0.0044498243,-0.0036881547,-0.005609495,-0.0042209234,-0.0057356367,-0.010530331,-0.010207817,-0.011026394,-0.0056508793,-0.021972459,2023
2023-07-27,-0.00971496,-0.007045242,-0.013807514,-0.008476657,-0.013656315,-0.012418681,-0.014015245,-0.014415705,-0.006252405,-0.017672468,2023
2023-07-28,-0.031533793,-0.035932396,-0.036619093,-0.038716715,-0.036083445,-0.042112883,-0.04009891,-0.036342006,-0.0353455,-0.03772056,2023
2023-07-31,-0.028490376,-0.03061256,-0.033904538,-0.031343903,-0.03439812,-0.037276242,-0.03750194,-0.031962447,-0.028656801,-0.032542016,2023
2023-08-01,-0.022433711,-0.031333204,-0.034089938,-0.038835887,-0.035412114,-0.04142593,-0.03667904,-0.041640807,-0.038305398,-0.041948073,2023
2023-08-02,-0.022466997,-0.032535784,-0.034790244,-0.03457034,-0.037299983,-0.036623474,-0.039944515,-0.03574149,-0.037363734,-0.03446284,2023
2023-08-03,-0.015491946,-0.026850574,-0.032001555,-0.033289008,-0.035550296,-0.035160713,-0.039848965,-0.037509337,-0.038917687,-0.04055936,2023
2023-08-04,-0.0125844935,-0.020844849,-0.029193945,-0.035687067,-0.03549715,-0.039511036,-0.039269608,-0.049099296,-0.043454915,-0.055805728,2023
2023-08-07,-0.024609623,-0.035435036,-0.040003255,-0.045328442,-0.044023737,-0.04705162,-0.047764864,-0.057421967,-0.051670354,-0.0546971,2023
2023-08-08,-0.023547199,-0.03693435,-0.04261506,-0.04075223,-0.041195344,-0.047568586,-0.047104936,-0.051719587,-0.052270956,-0.04016723,2023
2023-08-09,-0.040194325,-0.046972603,-0.04810744,-0.045557555,-0.04975969,-0.04993044,-0.052436244,-0.05251041,-0.05041983,-0.040349305,2023
2023-08-10,-0.042957827,-0.04806131,-0.05448647,-0.0433743,-0.055654243,-0.0501101,-0.058711134,-0.05967038,-0.05563468,-0.0523958,2023
2023-08-11,-0.0030703307,-0.0137898,-0.014519756,-0.015646674,-0.017351635,-0.026131107,-0.026841938,-0.030796519,-0.031761453,-0.024929008,2023
2023-08-14,-0.005889463,-0.00947931,-0.014910317,-0.016677052,-0.0167942,-0.020345915,-0.021936612,-0.025832986,-0.022545567,-0.026132124,2023
2023-08-15,0.018119426,0.006063822,0.0104187345,0.004611344,0.0053701513,0.0011705527,0.0009997505,0.0073379204,0.0054394547,-0.0040768785,2023
2023-08-16,0.0133880535,-0.0006870193,0.0033410562,-0.00031032547,-0.0017643656,-0.0016969533,-0.0031898047,0.0065854383,0.0024639568,-0.0058505842,2023
2023-08-17,-0.005412242,-0.009023595,-0.0053211167,-0.006935903,-0.009585634,-0.0046554874,-0.005940053,-0.000101790145,0.0023254545,-0.003141422,2023
2023-08-18,0.020251801,0.011907476,0.012299611,0.009671565,0.017013753,0.010254174,0.015019533,0.012337125,0.016173748,0.004224453,2023
2023-08-21,0.037183173,0.033079743,0.03112659,0.029455833,0.032347172,0.026706276,0.024957098,0.027150642,0.029856468,7.997796e-05,2023
2023-08-22,0.05195253,0.036485154,0.038849413,0.035121866,0.031491317,0.02995849,0.025746176,0.031856563,0.028483361,-0.0048440127,2023
2023-08-23,0.06062094,0.052608687,0.04561653,0.041875873,0.027872281,0.026221205,0.027884204,0.024015438,0.023500761,-0.004831759,2023
2023-08-24,0.07622096,0.06264884,0.05411669,0.041755505,0.037382845,0.02925737,0.027352082,0.024252089,0.030117724,-0.00235033,2023
2023-08-25,0.07631611,0.05808148,0.044390604,0.032515954,0.020325862,0.015918318,0.015596629,0.011307219,0.01130913,-0.022174196,2023
2023-08-28,0.051148184,0.040995438,0.030427184,0.026042562,0.024091091,0.018603163,0.01963762,0.019179523,0.02384007,-0.023129124,2023
2023-08-29,0.009241376,0.006392012,0.0037710234,-0.0025219822,-0.00411769,-0.008152899,-0.0053591793,-0.009320741,-0.010728817,-0.046889182,2023
2023-08-30,-0.0018890381,0.0035240501,-0.0012080871,-0.001697799,-0.0055386913,-0.00669613,-0.007417144,-0.011667514,-0.014760409,-0.04798071,2023
2023-08-31,-0.0021171535,-0.00024374816,-0.003411303,-0.0022320927,-0.0017894726,-0.007257947,-0.007998498,-0.0071709394,-0.012624143,-0.037732493,2023
2023-09-01,-0.00012725977,-0.0049625114,-0.0035166843,-0.0077176085,-0.0128957,-0.0097011635,-0.01157449,-0.01227904,-0.02082902,-0.034543373,2023
2023-09-04,-0.015469277,-0.01674756,-0.012275253,-0.013707452,-0.015624926,-0.018835124,-0.018614018,-0.02305956,-0.026771596,-0.04246167,2023
2023-09-05,-0.023377875,-0.019793367,-0.014035126,-0.018349469,-0.021919696,-0.02237523,-0.024700077,-0.026341189,-0.03441084,-0.04674498,2023
2023-09-06,-0.030792184,-0.025312046,-0.021824269,-0.019000106,-0.025631022,-0.02737727,-0.024267048,-0.028817138,-0.034222595,-0.050611675,2023
2023-09-07,-0.014508144,-0.011385732,-0.0061930325,-0.011608705,-0.01026578,-0.013134875,-0.015470119,-0.016975198,-0.0238348,-0.03874715,2023
2023-09-08,-0.019603712,-0.015207171,-0.010415589,-0.01047442,-0.016701741,-0.014524503,-0.015123962,-0.016604973,-0.021983426,-0.030547125,2023
2023-09-11,-0.01965418,-0.019441323,-0.02048474,-0.022032933,-0.022058567,-0.02440308,-0.019761452,-0.023922933,-0.02390192,-0.03168519,2023
2023-09-12,-0.00957513,-0.005298343,-0.0049499925,-0.008352931,-0.008263669,-0.00490436,-0.010942893,-0.009002823,-0.0036289247,-0.018589206,2023
2023-09-13,0.008899717,0.010415969,0.008371967,0.005165464,0.008956556,0.006150476,0.001105325,0.0065559926,0.0072518997,-0.0019577146,2023
2023-09-14,0.0014742756,0.0026860856,0.002132943,-0.0051144054,-0.000350082,-0.0012948974,0.0024448293,0.00434417,0.0051275026,0.006564648,2023
2023-09-15,-0.0044966615,-0.007828464,-0.0110326065,-0.0066870106,-0.008256209,-0.0064778705,0.0018822983,0.0014190733,0.0106349485,0.011438038,2023
2023-09-18,0.0023442935,-0.0014233703,-0.005891394,-0.0021236367,-0.0013743835,0.0007749041,0.0028831481,0.012044812,0.020518148,0.024020651,2023
2023-09-19,0.016102215,0.0039129714,0.0077134687,0.004651986,0.008158882,0.008993269,0.008078879,0.018432576,0.023426142,0.029821737,2023
2023-09-20,0.017641125,0.010034972,0.012327166,0.010378515,0.010497062,0.014896287,0.0118935555,0.019977212,0.02757996,0.044024657,2023
2023-09-21,0.0017054039,-0.002336831,-0.003956967,-0.001932416,0.004506879,-0.00024922407,-0.002293942,0.0015798886,0.020178309,0.034950487,2023
2023-09-22,-0.007835885,-0.009876525,-0.013314956,-0.010249116,-0.0049312836,-0.011106153,-0.0074844835,-0.0037112422,0.002379047,0.0063027563,2023
2023-09-25,-0.017610846,-0.02089758,-0.020776203,-0.016234469,-0.016326401,-0.01953119,-0.01472744,-0.011411563,-0.004243453,-0.0012389899,2023
2023-09-26,-0.028240595,-0.028969768,-0.028772851,-0.030295232,-0.025405841,-0.028415356,-0.026620746,-0.02091956,-0.010900668,-0.008908408,2023
2023-09-27,-0.04139198,-0.041675474,-0.042403977,-0.040733486,-0.048743147,-0.042143103,-0.043757197,-0.035568736,-0.03448454,-0.04622654,2023
2023-09-28,-0.05579959,-0.058316953,-0.059616446,-0.06056215,-0.06278011,-0.0580529,-0.06114233,-0.060497418,-0.053926583,-0.069337904,2023
2023-10-09,-0.043823093,-0.045473043,-0.046786945,-0.04754465,-0.054431412,-0.052854687,-0.052707613,-0.05540203,-0.054813024,-0.057117727,2023
2023-10-10,-0.018066633,-0.021157596,-0.023895342,-0.026687618,-0.035920892,-0.035097737,-0.037764255,-0.03770141,-0.039821032,-0.037774682,2023
2023-10-11,-0.027562877,-0.025200896,-0.034733254,-0.03833067,-0.03924524,-0.03927078,-0.04549164,-0.04493814,-0.047784537,-0.035080474,2023
2023-10-12,0.005221363,-0.0058811074,-0.010707842,-0.015631374,-0.019757317,-0.025374772,-0.020371938,-0.027268715,-0.030615529,-0.04127387,2023
2023-10-13,0.016871242,0.014025126,0.0044928654,0.0013394611,-0.0006458846,-0.0018795711,-0.0010082067,-0.0034386222,-0.0039820545,-0.018249704,2023
2023-10-16,0.015978234,0.01619637,0.009580326,0.008480406,0.0065014153,0.0028284625,0.0054115723,0.0031297873,0.006091139,-0.0030152288,2023
2023-10-17,0.03625494,0.03523485,0.022602526,0.026192391,0.02215703,0.01815351,0.015250957,0.01328511,0.016088298,-0.0034576606,2023
2023-10-18,0.035251714,0.032402307,0.025441933,0.027867496,0.021368092,0.02142785,0.019172737,0.016669627,0.0157451,0.0014283629,2023
2023-10-19,0.047689382,0.043718513,0.041371994,0.042900376,0.04028489,0.034761667,0.035427257,0.04070011,0.043063596,0.02355565,2023
2023-10-20,0.09017858,0.08111527,0.08001622,0.08096168,0.079512395,0.0731427,0.07610427,0.08098133,0.08761927,0.06752223,2023
2023-10-23,0.080502376,0.07526114,0.0739437,0.07531384,0.07301561,0.07242809,0.07721196,0.08368085,0.08318837,0.078399085,2023
2023-10-24,0.056547333,0.054808665,0.054528046,0.053204328,0.05616982,0.05736018,0.06448205,0.06631235,0.07398654,0.06507626,2023
2023-10-25,0.061868314,0.061799325,0.058683746,0.058172107,0.05870221,0.06441215,0.06782366,0.06544234,0.07596558,0.05545345,2023
2023-10-26,0.03692381,0.04081492,0.03481854,0.036655694,0.033475216,0.045591507,0.04082345,0.043149937,0.055967044,0.03167503,2023
2023-10-27,0.031663254,0.031125082,0.03214057,0.030896323,0.02735155,0.034399804,0.02914253,0.032663032,0.042864397,0.02680356,2023
2023-10-30,0.03163936,0.034897488,0.032617547,0.033601016,0.033620916,0.03602816,0.037996277,0.03897163,0.046497826,0.04165023,2023
2023-10-31,0.0330622,0.04011907,0.037984613,0.036686614,0.045262586,0.037902683,0.043753754,0.051077906,0.056402467,0.06116817,2023
2023-11-01,0.029180443,0.032582264,0.03474486,0.03916597,0.043527897,0.044533923,0.046547204,0.055489358,0.06372096,0.07179049,2023
2023-11-02,0.029975342,0.03248986,0.031990696,0.034486458,0.032638684,0.0369574,0.0390835,0.04860741,0.05258727,0.06321427,2023
2023-11-03,0.024793794,0.027403891,0.027635276,0.028858209,0.028163323,0.028905718,0.034808863,0.042209372,0.04514208,0.051478676,2023
2023-11-06,0.026467668,0.027636943,0.028864842,0.030870266,0.028731968,0.030885888,0.03347345,0.03330328,0.039419886,0.028548386,2023
2023-11-07,0.024076086,0.02194853,0.018379616,0.021039084,0.01735104,0.018094694,0.015444074,0.016084738,0.013992863,0.00011594025,2023
2023-11-08,0.023958461,0.02092478,0.01986109,0.016858906,0.018819507,0.014228421,0.019009067,0.017252853,0.016174642,-0.000113452836,2023
2023-11-09,0.024042994,0.022083392,0.020779088,0.022720564,0.019482527,0.017592533,0.015103218,0.024810033,0.013032007,0.0045382353,2023
2023-11-10,0.010442061,0.008606326,0.007968923,0.010069365,0.010247229,0.006536081,0.0069113653,0.01320613,0.005714439,-0.0109348,2023
2023-11-13,0.014627243,0.010264133,0.010842148,0.009912501,0.0068640974,0.0059125368,0.0075765294,0.0056480286,0.0025054447,-0.019726636,2023
2023-11-14,0.01140721,0.0037150686,0.008281822,0.0034390315,0.0041163196,-0.003403349,-0.0008062948,0.0012788563,-0.0040796767,-0.029714892,2023
2023-11-15,0.006311085,-0.00084959815,0.0012665143,0.00019661932,-0.004563072,-0.008669457,-0.0028733204,-0.009189608,-0.01583388,-0.044648618,2023
2023-11-16,0.0074424003,0.00079984707,-0.0005769103,0.0005389327,-0.0013203949,-0.0054403283,-0.005974433,-0.0071111466,-0.008028064,-0.03195976,2023
2023-11-17,0.0029785652,-0.0031170708,-0.0031388036,-0.006341524,-0.008843419,-0.009251285,-0.010298548,-0.014366683,-0.011963057,-0.027693506,2023
2023-11-20,-0.0066819764,-0.011788927,-0.018568942,-0.01869591,-0.02236323,-0.025730597,-0.028333226,-0.026369005,-0.028400864,-0.050440762,2023
2023-11-21,5.9016416e-05,-0.009898551,-0.013458186,-0.011213839,-0.01871791,-0.02012321,-0.02094963,-0.020914366,-0.019505508,-0.046571035,2023
2023-11-22,-0.0056370194,-0.013799961,-0.015372772,-0.02120129,-0.020986436,-0.024808059,-0.024503931,-0.019699223,-0.025031544,-0.03326601,2023
2023-11-23,-0.013965909,-0.018729314,-0.017275533,-0.023473807,-0.020892354,-0.019654093,-0.022645924,-0.019037893,-0.0128638,-0.024532475,2023
2023-11-24,-0.021593282,-0.021579094,-0.020884791,-0.024078177,-0.022545878,-0.022035645,-0.021571066,-0.018417224,-0.004483807,-0.016157294,2023
2023-11-27,-0.027632276,-0.018356984,-0.016026394,-0.015653698,-0.0137675805,-0.019297527,-0.011382171,-0.0066783098,-0.00057803764,-0.0059667863,2023
2023-11-28,-0.009204157,-0.01043604,-0.015428865,-0.019119779,-0.02012414,-0.01604037,-0.017697124,-0.012731938,-0.005509101,-0.00807372,2023
2023-11-29,0.0068287053,-0.001562844,-0.0043516266,-0.01152463,-0.015264367,-0.005838322,-0.01225835,-0.0062165163,0.002375266,-0.007229793,2023
2023-11-30,-0.0016970166,-0.010336453,-0.010579163,-0.014692288,-0.022697961,-0.01644663,-0.022166936,-0.015222997,-0.014128275,-0.031018715,2023
2023-12-01,-0.014686043,-0.024108289,-0.025006892,-0.029539507,-0.033985607,-0.033101242,-0.038034305,-0.03094376,-0.032921277,-0.04645258,2023
2023-12-04,-0.020973383,-0.023512345,-0.025743352,-0.028264837,-0.028742492,-0.028149629,-0.03155061,-0.026645785,-0.024911378,-0.03477025,2023
2023-12-05,-0.015559102,-0.017045923,-0.022489943,-0.022876263,-0.023702713,-0.02277624,-0.028219365,-0.0229557,-0.025784528,-0.03193312,2023
2023-12-06,-0.019774415,-0.02503794,-0.027936013,-0.028916497,-0.027882885,-0.026803605,-0.03220434,-0.02743011,-0.032679264,-0.04680956,2023
2023-12-07,-0.0057953335,-0.015851174,-0.017335063,-0.022022542,-0.0199097,-0.026883997,-0.029954616,-0.023837896,-0.04004676,-0.04888503,2023
2023-12-08,-0.01447287,-0.021368168,-0.019088231,-0.024914525,-0.024679845,-0.03019503,-0.028936204,-0.035149507,-0.04552671,-0.070801936,2023
2023-12-11,-0.026094142,-0.032995075,-0.037540082,-0.04531396,-0.041897427,-0.05011595,-0.048937652,-0.054725666,-0.06927772,-0.0953164,2023
2023-12-12,-0.03488076,-0.04083785,-0.040966123,-0.050268833,-0.046717532,-0.04685938,-0.051742654,-0.05332305,-0.06489506,-0.092090845,2023
2023-12-13,-0.017885521,-0.022774901,-0.023591224,-0.024783256,-0.03049742,-0.027611418,-0.031261243,-0.03980787,-0.047135677,-0.07435277,2023
2023-12-14,0.0037688217,0.0023430863,-0.0017574901,-0.0035452647,-0.0070812334,-0.0030630578,-0.011163109,-0.012338244,-0.016202964,-0.048982773,2023
2023-12-15,0.025592525,0.021180553,0.020944156,0.014976566,0.013641877,0.012233847,0.008440209,0.0056073624,-0.00438775,-0.03860375,2023
2023-12-18,0.03187876,0.0300495,0.020536197,0.017798552,0.011237759,0.012220941,0.006468953,0.00381718,-0.010923796,-0.041838642,2023
2023-12-19,0.020725502,0.022136057,0.015575041,0.0127605675,0.0070754425,0.002887933,0.0033710583,0.0019448353,-0.015274295,-0.044788986,2023
2023-12-20,0.027580826,0.026667377,0.019303491,0.012238449,0.012813526,0.004047355,0.004506912,0.0012803801,-0.010603231,-0.04345358,2023
2023-12-21,0.009391568,0.0026013681,-0.0043978537,-0.010756257,-0.008712535,-0.017308602,-0.021802485,-0.019030385,-0.027974898,-0.055683017,2023
2023-12-22,0.02491631,0.0117667075,0.0016690675,-0.005111287,-0.0126178255,-0.010699459,-0.012641076,-0.013926837,-0.016435165,-0.03078055,2023
2023-12-25,0.031425014,0.018452805,0.006337211,0.0004306813,-0.005207986,-0.0049805534,-0.01335311,-0.010971321,-0.020141425,-0.047472794,2023
2023-12-26,0.034588214,0.027348828,0.014525088,0.008973192,0.006166228,0.0007412745,-0.0045801466,-0.0029379409,-0.017817898,-0.03836004,2023
2023-12-27,0.028009912,0.014462605,0.009777335,0.00068986585,-0.004713802,-0.010882899,-0.019075995,-0.017518481,-0.02544552,-0.04765677,2023
2023-12-28,-0.0008010864,-0.01203682,-0.019953081,-0.020755772,-0.0319703,-0.038258992,-0.041781973,-0.040584408,-0.05208766,-0.07507708,2023
2023-12-29,-0.020101462,-0.028674316,-0.035708148,-0.039331038,-0.040967245,-0.04751103,-0.053639255,-0.062473413,-0.068405256,-0.090684615,2023
2024-01-02,-0.03289503,-0.03642641,-0.041412238,-0.03924827,-0.048203144,-0.049268354,-0.050931968,-0.057758547,-0.062681615,-0.07820619,2024
2024-01-03,-0.071134806,-0.07061568,-0.073332235,-0.07247093,-0.07632568,-0.07328607,-0.07728441,-0.08236829,-0.08034938,-0.094624884,2024
2024-01-04,-0.062990874,-0.06192889,-0.065757155,-0.060740385,-0.06233672,-0.061478578,-0.063221425,-0.06784086,-0.06637234,-0.06845301,2024
2024-01-05,-0.09159723,-0.085979,-0.08342306,-0.08020068,-0.07861716,-0.08047642,-0.075471394,-0.08571981,-0.076598614,-0.086697176,2024
2024-01-08,-0.12631612,-0.119146265,-0.113810964,-0.10214651,-0.109677896,-0.10330659,-0.100230485,-0.10309668,-0.10563492,-0.10861085,2024
2024-01-09,-0.11657443,-0.10638147,-0.10155603,-0.09660184,-0.09599937,-0.08960169,-0.08514869,-0.08834794,-0.08315337,-0.091114126,2024
2024-01-10,-0.09372997,-0.07908292,-0.07450612,-0.07274034,-0.06668114,-0.065673135,-0.064048946,-0.061410222,-0.059550583,-0.07522932,2024
2024-01-11,-0.07124351,-0.064003214,-0.058153857,-0.0580774,-0.05814462,-0.049624253,-0.059072986,-0.056466058,-0.053252302,-0.07129241,2024
2024-01-12,-0.08487481,-0.078599125,-0.07028157,-0.06694559,-0.069828846,-0.061917182,-0.06553345,-0.06864442,-0.069406845,-0.101450495,2024
2024-01-15,-0.11204912,-0.1043576,-0.09434163,-0.09366993,-0.074757434,-0.081255406,-0.08174714,-0.08451515,-0.0811429,-0.12184264,2024
2024-01-16,-0.14706731,-0.13654903,-0.1296272,-0.12463224,-0.11409962,-0.11407213,-0.110142544,-0.11191797,-0.1151511,-0.15691556,2024
2024-01-17,-0.15181918,-0.14037524,-0.12839586,-0.12682481,-0.10991216,-0.10594758,-0.10825293,-0.10548911,-0.108786665,-0.15529454,2024
2024-01-18,-0.18282226,-0.169384,-0.16048142,-0.15573911,-0.14553703,-0.13912307,-0.13810326,-0.14013901,-0.14426532,-0.18784402,2024
2024-01-19,-0.2509315,-0.22663908,-0.21331988,-0.19263697,-0.17921683,-0.17563014,-0.15875247,-0.16441347,-0.1657006,-0.21054503,2024
2024-01-22,-0.2795314,-0.23923811,-0.2167119,-0.18893206,-0.16676359,-0.15162125,-0.14743792,-0.13082534,-0.12975737,-0.1949945,2024
2024-01-23,-0.29679173,-0.2591361,-0.20089251,-0.17537007,-0.13681677,-0.13174903,-0.10824037,-0.09509651,-0.09768201,-0.14875066,2024
2024-01-24,-0.3139973,-0.26644644,-0.21586841,-0.17907338,-0.14347187,-0.13026391,-0.11149906,-0.09128867,-0.09633738,-0.15017334,2024
2024-01-25,-0.2456053,-0.19845952,-0.17759615,-0.13828951,-0.11178843,-0.10902797,-0.10625526,-0.093406685,-0.100067414,-0.14923704,2024
2024-01-26,-0.21672764,-0.18288624,-0.15754384,-0.13920978,-0.10588583,-0.09014394,-0.074747615,-0.059449926,-0.05214914,-0.07233696,2024
2024-01-29,-0.15251738,-0.12252203,-0.10338574,-0.07807964,-0.05975087,-0.034194775,-0.03232277,-0.013355937,-0.010848548,-0.022021273,2024
2024-01-30,-0.09396548,-0.06298078,-0.046164077,-0.026042247,-0.0055211135,0.009723115,0.019815082,0.026229374,0.030847186,0.023358077,2024
2024-01-31,-0.013994843,0.005425536,0.0237222,0.032027826,0.04974507,0.06119379,0.05954202,0.063998744,0.0702932,0.05924988,2024
2024-02-01,0.076904185,0.090891875,0.10529264,0.10699403,0.11906269,0.122872315,0.111450024,0.106944926,0.10478837,0.08594952,2024
2024-02-02,0.26941815,0.25616312,0.25482443,0.25412384,0.25195378,0.23715623,0.20734613,0.18895137,0.16422676,0.13732962,2024
2024-02-05,0.34029216,0.3166515,0.29838353,0.2966099,0.2725651,0.25541106,0.21942239,0.18689203,0.17419973,0.16686521,2024
2024-02-06,0.3002343,0.2579235,0.24231085,0.21736592,0.2017337,0.16626675,0.13156365,0.12025969,0.11595066,0.117657796,2024
2024-02-07,0.32124642,0.2675879,0.23888962,0.21665041,0.19769113,0.15276568,0.11866726,0.111881234,0.10327699,0.13097143,2024
2024-02-08,0.1951879,0.15932666,0.14665161,0.13821085,0.124325365,0.10064103,0.08919723,0.07701173,0.066929586,0.07993467,2024
2024-02-19,0.15557344,0.12541583,0.12017105,0.11950691,0.10502679,0.08691272,0.077851884,0.07037629,0.062753774,0.069176555,2024
2024-02-20,0.10469914,0.077259675,0.08284411,0.08016764,0.068462804,0.059696916,0.05325714,0.047532916,0.045213345,0.05584902,2024
2024-02-21,0.0966042,0.0764366,0.07444812,0.081648745,0.06876228,0.05934878,0.057306148,0.045949113,0.042764686,0.04966806,2024
2024-02-22,0.03472591,0.03000334,0.03341557,0.041234322,0.029775651,0.02825098,0.03751349,0.028866949,0.028891671,0.043034468,2024
2024-02-23,-0.0030380422,0.004909727,0.015085377,0.016870685,0.021446185,0.017295817,0.023470659,0.031452592,0.03225392,0.051212244,2024
2024-02-26,-0.0018338957,0.0073230094,0.018721785,0.020338055,0.021925151,0.024925688,0.030891944,0.038008884,0.038321126,0.05306391,2024
2024-02-27,0.017372707,0.021943124,0.030487552,0.023444723,0.027041078,0.026909946,0.037576977,0.03559128,0.044092223,0.057757016,2024
2024-02-28,0.06877572,0.067905016,0.06567526,0.064401664,0.056184657,0.049198158,0.047863863,0.051336803,0.0478292,0.061078604,2024
2024-02-29,0.048892587,0.048980024,0.047698516,0.03981368,0.032559317,0.033601146,0.025660606,0.023408547,0.02496044,0.034881234,2024
2024-03-01,0.08944141,0.07476216,0.07116812,0.06393562,0.06354862,0.047259178,0.04200741,0.036870863,0.033367142,0.03623976,2024
2024-03-04,0.12734328,0.1109444,0.089991875,0.08428468,0.078100644,0.06173576,0.054331463,0.049129307,0.03775958,0.041595776,2024
2024-03-05,0.13038583,0.10794281,0.09745583,0.08469327,0.07611813,0.06348813,0.05610467,0.046440657,0.03965138,0.04344953,2024
2024-03-06,0.11338657,0.1054226,0.08717293,0.07515786,0.0801088,0.06402298,0.054861892,0.05048274,0.042552885,0.06295756,2024
2024-03-07,0.11652455,0.102546416,0.08684684,0.080746494,0.06766583,0.06036863,0.05165964,0.045944434,0.036732942,0.03987631,2024
2024-03-08,0.07483319,0.06702625,0.05606028,0.048167616,0.03767488,0.027845548,0.025878767,0.025293618,0.022509221,0.027747687,2024
2024-03-11,0.02984324,0.027369084,0.017516201,0.012544826,-0.0026425596,-0.0069387783,-0.0023184335,-0.014987812,-0.01358294,-0.012095291,2024
2024-03-12,0.0142730465,0.01162096,-0.0006056052,-0.008893231,-0.016666269,-0.024333531,-0.026021892,-0.030264076,-0.03239907,-0.03889131,2024
2024-03-13,0.019333007,0.009406229,0.0005595584,-0.004292874,-0.019039124,-0.025498832,-0.023964604,-0.024840683,-0.024674833,-0.025611956,2024
2024-03-14,0.028789107,0.023669995,0.0073556905,0.004948923,-0.011285882,-0.015544044,-0.016940733,-0.018751511,-0.016521957,-0.022055786,2024
2024-03-15,0.02203611,0.021530997,0.011335382,0.0014612481,-0.0048637623,-0.009480829,-0.00611102,-0.014282349,-0.017651103,-0.03089954,2024
2024-03-18,0.024936626,0.02220624,0.00961526,0.0012528609,-0.007976344,-0.008568711,-0.010264275,-0.02650524,-0.027825432,-0.048625305,2024
2024-03-19,0.015382333,0.0117793875,0.0038709491,-0.010676203,-0.0120306965,-0.020753074,-0.018510804,-0.039408192,-0.034485288,-0.068096556,2024
2024-03-20,-0.013883581,-0.007612295,-0.018526461,-0.021066468,-0.03188816,-0.032537375,-0.03961957,-0.047918618,-0.054754827,-0.09106688,2024
2024-03-21,-0.0061066034,0.0005853562,-0.0049199346,-0.009986377,-0.017804457,-0.024174446,-0.028751222,-0.036921844,-0.05221767,-0.093194075,2024
2024-03-22,0.002290619,-0.001192076,0.0036740487,-0.0069017787,-0.015043847,-0.01743207,-0.030279817,-0.039819047,-0.057450324,-0.103352584,2024
2024-03-25,0.018899003,0.016310195,0.013993387,0.006508139,0.0041152616,-0.0062247748,-0.011287233,-0.017770808,-0.03488203,-0.067417525,2024
2024-03-26,0.021946745,0.01987897,0.017011419,0.009605724,0.008564387,0.00085085025,-0.0002620225,-0.009167543,-0.017688533,-0.036507457,2024
2024-03-27,-0.04732796,-0.036707982,-0.033973463,-0.03130549,-0.030019253,-0.025997128,-0.027423646,-0.032008655,-0.021270113,-0.045743167,2024
2024-03-28,-0.13996005,-0.11387255,-0.0923068,-0.08226694,-0.076868996,-0.07978625,-0.067689225,-0.06551931,-0.08148664,-0.1308793,2024
2024-03-29,-0.12953137,-0.10812659,-0.09496173,-0.08610006,-0.08183243,-0.07880772,-0.076741904,-0.06448726,-0.07572807,-0.11491933,2024
2024-04-01,-0.124703914,-0.10517511,-0.08520923,-0.07409155,-0.072726384,-0.067957655,-0.05995789,-0.05875852,-0.062209304,-0.109582074,2024
2024-04-02,-0.12860972,-0.10694439,-0.097673535,-0.074209616,-0.07221552,-0.070632145,-0.063274235,-0.051934317,-0.053049546,-0.08703981,2024
2024-04-03,-0.117401116,-0.09544751,-0.089359745,-0.06887539,-0.0655716,-0.062786,-0.055963084,-0.04626261,-0.05364146,-0.092729785,2024
2024-04-08,-0.09891178,-0.08166076,-0.07808197,-0.059559546,-0.05957889,-0.056520943,-0.047441926,-0.05302768,-0.052472465,-0.08780053,2024
2024-04-09,-0.0721274,-0.056286428,-0.050881978,-0.040346447,-0.038796715,-0.03588121,-0.037084416,-0.032437436,-0.043183714,-0.06704406,2024
2024-04-10,-0.05727804,-0.044906758,-0.041280176,-0.03288789,-0.03342138,-0.028985396,-0.022732629,-0.0177393,-0.030291226,-0.05492008,2024
2024-04-11,-0.054330416,-0.040962756,-0.029231457,-0.02658625,-0.021346686,-0.016052982,-0.0131299095,-0.008774837,-0.0125105465,-0.02739802,2024
2024-04-12,0.036326665,0.036640055,0.043814722,0.036486093,0.039967693,0.03206419,0.034010556,0.032844774,0.027889526,0.025108231,2024
2024-04-15,0.13607338,0.122822836,0.11715524,0.09685453,0.101803206,0.09050249,0.085531056,0.085905366,0.079135165,0.096004695,2024
2024-04-16,0.12978654,0.11620757,0.1087154,0.106268816,0.08770723,0.08457363,0.07170446,0.07121941,0.06108832,0.054522377,2024
2024-04-17,0.12377168,0.10978926,0.10347238,0.09421144,0.0843215,0.072914414,0.06789131,0.057014853,0.050421845,0.038585186,2024
2024-04-18,0.12642455,0.11565038,0.10444775,0.09108773,0.08150183,0.07715961,0.06693113,0.06702631,0.04948983,0.050383236,2024
2024-04-19,0.15798008,0.14005783,0.124284714,0.11449493,0.10563866,0.08618502,0.07729877,0.07087748,0.05827898,0.057549365,2024
2024-04-22,0.12510118,0.108452566,0.10602853,0.092438936,0.087805405,0.069219835,0.06853099,0.07048183,0.06436366,0.06175421,2024
2024-04-23,0.07597307,0.07049907,0.06690938,0.057641864,0.05897155,0.046103656,0.04215387,0.05354931,0.043625496,0.03553868,2024
2024-04-24,0.06284238,0.058415934,0.05694801,0.049473803,0.04804842,0.041979786,0.046382416,0.04403251,0.04119586,0.024698101,2024
2024-04-25,0.057690848,0.0511067,0.048921574,0.040050346,0.037313342,0.028891072,0.03413935,0.03557336,0.025498888,0.010364577,2024
2024-04-26,0.031896476,0.024213953,0.027126964,0.015489622,0.009652939,0.014405806,0.009990443,0.007602336,0.008328773,-0.010502253,2024
2024-04-29,0.029621951,0.022100585,0.020685013,0.014768848,0.015165192,0.013616723,0.00745184,0.0043083993,0.0035612478,-0.0036930828,2024
2024-04-30,0.014170734,0.012018916,0.010384518,0.008990155,0.0064318404,0.0049662525,0.008547718,0.00066283165,0.009233709,0.0056970036,2024
2024-05-06,-0.0064417855,-0.0048897765,-0.0059036342,-0.0081668105,-0.0039083553,-0.005668651,-0.009029899,-0.011995604,-0.012442455,-0.009866586,2024
2024-05-07,-0.0023959735,0.001729078,0.003581814,0.00032848265,0.0033007164,-0.0034849746,-0.002086014,-0.0046852473,-0.0010574256,-0.005199809,2024
2024-05-08,-0.028483653,-0.02184825,-0.022835184,-0.021228317,-0.018239176,-0.020373354,-0.024702232,-0.018868951,-0.023596967,-0.024315,2024
2024-05-09,-0.026315248,-0.021251775,-0.020642022,-0.023043487,-0.023241796,-0.018857373,-0.027579721,-0.029845458,-0.027712751,-0.037312623,2024
2024-05-10,-0.019698117,-0.019223288,-0.01815928,-0.01816734,-0.01860101,-0.013029974,-0.023350874,-0.01691625,-0.026650691,-0.02884622,2024
2024-05-13,-0.0295872,-0.023021303,-0.019286344,-0.017834213,-0.016603282,-0.018576732,-0.017245125,-0.020905128,-0.018565662,-0.023752194,2024
2024-05-14,-0.03200866,-0.02386675,-0.014267335,-0.013058801,-0.0137179475,-0.01496202,-0.01715077,-0.012818268,-0.01934207,-0.025329242,2024
2024-05-15,-0.04078142,-0.03285428,-0.02150899,-0.023041597,-0.020637073,-0.023926621,-0.017842859,-0.018766845,-0.024754798,-0.03207705,2024
2024-05-16,-0.04098439,-0.03064726,-0.02504173,-0.022339908,-0.016704826,-0.019339629,-0.014161214,-0.0102502825,-0.018617107,-0.031734645,2024
2024-05-17,-0.06501225,-0.05683899,-0.051354554,-0.047307946,-0.041502554,-0.040325448,-0.03735081,-0.040057313,-0.03828446,-0.053646393,2024
2024-05-20,-0.072890505,-0.06540897,-0.05725479,-0.058022756,-0.04538285,-0.046115037,-0.051140185,-0.05111702,-0.048251797,-0.06985835,2024
2024-05-21,-0.088968165,-0.07169423,-0.06534406,-0.05853944,-0.049663443,-0.047135316,-0.04872959,-0.054296523,-0.052983955,-0.07822179,2024
2024-05-22,-0.10139476,-0.08070968,-0.08407659,-0.070410326,-0.06791209,-0.06416598,-0.07284766,-0.06705563,-0.07745262,-0.1086288,2024
2024-05-23,-0.093876936,-0.07692979,-0.07441321,-0.060030825,-0.05453201,-0.05901077,-0.052729495,-0.061779793,-0.06344784,-0.09636291,2024
2024-05-24,-0.08767029,-0.07158889,-0.06388199,-0.056244567,-0.045829367,-0.051797092,-0.041698918,-0.04468661,-0.050919086,-0.08189816,2024
2024-05-27,-0.07176823,-0.058239445,-0.05441437,-0.041066505,-0.037860397,-0.036923647,-0.03239257,-0.030462384,-0.035898365,-0.052146006,2024
2024-05-28,-0.07260081,-0.06370781,-0.054480318,-0.044221096,-0.04305415,-0.034769036,-0.029464116,-0.026690416,-0.026468972,-0.04101493,2024
2024-05-29,-0.06793049,-0.058961112,-0.055960998,-0.046880316,-0.039223716,-0.03766506,-0.037468426,-0.025860084,-0.027418427,-0.037371214,2024
2024-05-30,-0.07624938,-0.06514889,-0.06519827,-0.048823077,-0.044226803,-0.04464414,-0.040118016,-0.024522323,-0.02982687,-0.03800974,2024
2024-05-31,-0.051345106,-0.043250673,-0.039693113,-0.031112997,-0.025684087,-0.029310035,-0.017273381,-0.01308389,-0.008784262,-0.017498428,2024
2024-06-03,-0.03276845,-0.026801435,-0.020413376,-0.015288792,-0.012079417,-0.0055783796,-0.00029193403,0.0046437937,0.013897199,0.009956148,2024
2024-06-04,-0.036827035,-0.033788223,-0.027782451,-0.0228706,-0.021828022,-0.014751671,-0.011105343,-0.00413838,0.0027411277,-0.0006360745,2024
2024-06-05,0.018305488,0.007481045,0.006966093,0.003424599,0.005019244,-0.0017460418,-0.0027034897,0.0064359847,0.009449269,0.0054921256,2024
2024-06-06,-0.041612763,-0.034376975,-0.034843296,-0.023733241,-0.031776294,-0.018058902,-0.021397226,-0.013546741,-0.00075207703,-0.0040733307,2024
2024-06-07,-0.035919856,-0.03279469,-0.033675604,-0.03371629,-0.034944117,-0.030365448,-0.031394586,-0.026801933,-0.024014857,-0.02409357,2024
2024-06-11,-0.040779974,-0.035566203,-0.035504743,-0.045581117,-0.04386825,-0.050146904,-0.051766668,-0.03916365,-0.038626812,-0.05336177,2024
2024-06-12,-0.034310263,-0.02114916,-0.026657108,-0.03371399,-0.036786746,-0.03901382,-0.034360595,-0.03650177,-0.036994647,-0.052968744,2024
2024-06-13,-0.032704048,-0.022856578,-0.024804756,-0.03300881,-0.03122572,-0.032320548,-0.029728927,-0.033497885,-0.027262935,-0.04653954,2024
2024-06-14,-0.030729797,-0.027545594,-0.032913983,-0.032136325,-0.032743454,-0.03255143,-0.035591964,-0.03949863,-0.044302702,-0.05807932,2024
2024-06-17,-0.015465879,-0.016518958,-0.024162784,-0.027497707,-0.02853986,-0.035121005,-0.03733479,-0.04633075,-0.04986608,-0.0646753,2024
2024-06-18,-0.013796033,-0.01747202,-0.028115112,-0.033738453,-0.032051936,-0.050405633,-0.04652941,-0.0575404,-0.065189816,-0.08277698,2024
2024-06-19,-0.022255247,-0.02798729,-0.03601251,-0.037669543,-0.039071985,-0.052806098,-0.05290123,-0.06231051,-0.06938148,-0.08812894,2024
2024-06-20,-0.022153579,-0.024476191,-0.03196011,-0.03552041,-0.038806245,-0.04672788,-0.049322642,-0.06128254,-0.064880826,-0.09631637,2024
2024-06-21,0.000351448,-0.011275021,-0.015289405,-0.018277263,-0.025345102,-0.03224764,-0.034905337,-0.045829915,-0.054025795,-0.08334355,2024
2024-06-24,-0.012851707,-0.019060826,-0.019364309,-0.02290468,-0.025458267,-0.032040622,-0.025969198,-0.030673848,-0.032671668,-0.053673323,2024
2024-06-25,-0.018525558,-0.021893777,-0.022812182,-0.0266695,-0.023129322,-0.028268391,-0.020347377,-0.018907921,-0.024775103,-0.03331497,2024
2024-06-26,-0.009072487,-0.007108083,-0.010590608,-0.01158176,-0.0156672,-0.015516793,-0.012467016,-0.014795407,-0.018141929,-0.029043837,2024
2024-06-27,0.009677083,-0.0025630358,-0.0017204015,-0.0027889234,-0.003314295,-0.010628278,-0.01107884,-0.016455978,-0.019713888,-0.02453229,2024
2024-06-28,-0.004410044,-0.014409307,-0.013600962,-0.014264995,-0.018357169,-0.017713351,-0.020102542,-0.024848394,-0.015679348,-0.026492773,2024
2024-07-01,-0.028614294,-0.03193369,-0.034289207,-0.035835918,-0.03752508,-0.026176335,-0.027084434,-0.036558818,-0.02192076,-0.035145078,2024
2024-07-02,-0.036852434,-0.03651066,-0.033915937,-0.031914223,-0.029390493,-0.025469119,-0.022286613,-0.022989558,-0.008567491,-0.029672632,2024
2024-07-03,-0.021652903,-0.024450785,-0.026766613,-0.015359988,-0.022045357,-0.024139412,-0.017609857,-0.025074486,-0.021724187,-0.034907933,2024
2024-07-04,-0.008623298,-0.010203232,-0.01150132,0.0014478121,-0.0027983843,-0.0009208363,0.006816711,0.0022088073,0.012334307,0.010430054,2024
2024-07-05,0.010789916,0.009218989,0.00580308,0.017038964,0.014961956,0.010287368,0.01854842,0.021553192,0.029428339,0.017902886,2024
2024-07-08,0.02511583,0.021914287,0.013766647,0.015809136,0.011323508,0.012980286,0.013063801,0.018227315,0.012165658,0.0020743085,2024
2024-07-09,-0.0040201214,-0.011584293,-0.018881379,-0.016838523,-0.02218157,-0.020879457,-0.021777164,-0.023953196,-0.020448914,-0.046007518,2024
2024-07-10,-0.03046297,-0.034308534,-0.039952606,-0.035562776,-0.04485722,-0.04178955,-0.03930869,-0.039127428,-0.051395424,-0.07533039,2024
2024-07-11,-0.021622205,-0.026596572,-0.028710866,-0.03230594,-0.02902131,-0.03847829,-0.037695877,-0.036001544,-0.036264334,-0.059073724,2024
2024-07-12,-0.0014369908,-0.0068663913,-0.010624962,-0.01591095,-0.018517993,-0.017119756,-0.01769475,-0.01667719,-0.026723534,-0.033856053,2024
2024-07-15,0.015538684,0.0019511387,-0.004259596,-0.0053946353,-0.008965262,-0.009632803,-0.013676175,-0.012998255,-0.021362152,-0.023267351,2024
2024-07-16,0.036296014,0.023824653,0.02544919,0.017325034,0.01524293,0.016453706,0.017192109,0.020917686,0.01378323,0.01203954,2024
2024-07-17,0.06796394,0.0548085,0.048024226,0.046556577,0.04758002,0.045276143,0.042773575,0.05061279,0.05332524,0.053466342,2024
2024-07-18,0.044510294,0.033683326,0.030178411,0.03217363,0.027359001,0.029090827,0.024605628,0.027517412,0.024633767,0.024162125,2024
2024-07-19,0.026726348,0.016924037,0.018449435,0.013786357,0.010090096,0.0051226877,0.0070319274,-0.0025935085,-0.011085732,-0.013274742,2024
2024-07-22,0.025110533,0.018285964,0.019815141,0.017041735,0.015842788,0.0032160361,0.0068195043,0.0035235623,-0.016756918,-0.021119399,2024
2024-07-23,0.048165392,0.04521168,0.048649374,0.04617212,0.046838272,0.040735457,0.033657532,0.043024126,0.020702979,0.010494826,2024
2024-07-24,0.058276493,0.047823362,0.050562628,0.047438525,0.040972706,0.04082981,0.0301431,0.035765246,0.016237324,0.0028134824,2024
2024-07-25,0.043474697,0.033518907,0.03724651,0.029255923,0.028292144,0.025129829,0.020151945,0.01558714,0.012082123,-0.008143308,2024
2024-07-26,0.033111554,0.024162536,0.03071737,0.021149632,0.015550035,0.011394232,0.0022933113,-0.0056751813,-0.016314821,-0.04453152,2024
2024-07-29,0.022447633,0.01549545,0.020757413,0.01689976,0.01137806,0.0053935656,0.0019694732,-0.008955296,-0.017307015,-0.053466983,2024
2024-07-30,-0.0025598973,-0.0067104744,-0.002093854,-0.007260305,-0.012693589,-0.016792687,-0.01780582,-0.03189445,-0.034972053,-0.051234808,2024
2024-07-31,-0.0115664285,-0.012846664,-0.014987915,-0.01932265,-0.021163708,-0.025597775,-0.033807646,-0.043036595,-0.052070104,-0.065753244,2024
2024-08-01,-0.013581151,-0.010432099,-0.012875389,-0.012158656,-0.020312492,-0.014136092,-0.026676422,-0.029908733,-0.0342505,-0.048860967,2024
2024-08-02,-0.01058017,-0.0037334207,-0.0027333088,-0.0045466037,-0.002254887,-0.0046745227,-0.008478118,-0.012383876,-0.015368185,-0.03288346,2024
2024-08-05,-0.01997899,-0.02023652,-0.009354679,-0.017549317,-0.014793468,-0.017096957,-0.019043623,-0.025326243,-0.023557566,-0.040186565,2024
2024-08-06,-0.0304629,-0.030264057,-0.024804743,-0.028831653,-0.028191898,-0.029614463,-0.03412453,-0.038844395,-0.036503863,-0.051738158,2024
2024-08-07,-0.039027825,-0.036248993,-0.031556275,-0.03483954,-0.03535703,-0.03297763,-0.032946818,-0.04050446,-0.03876287,-0.047222547,2024
2024-08-08,-0.052508175,-0.050905745,-0.050240505,-0.05027068,-0.050798148,-0.04860061,-0.04761108,-0.054790776,-0.05532104,-0.06887207,2024
2024-08-09,-0.03763191,-0.034400888,-0.03177049,-0.03318389,-0.024397774,-0.033723824,-0.027835675,-0.028133892,-0.03001539,-0.038912337,2024
2024-08-12,-0.03502442,-0.03758952,-0.031323526,-0.029718926,-0.034056865,-0.03919828,-0.03169386,-0.040531326,-0.033025797,-0.05572071,2024
2024-08-13,-0.034827814,-0.038247857,-0.03225344,-0.03155075,-0.039556753,-0.040526398,-0.040428594,-0.040871922,-0.050880704,-0.07982555,2024
2024-08-14,-0.033290327,-0.031782985,-0.02675873,-0.03368123,-0.02858172,-0.030178122,-0.031848468,-0.033976585,-0.04034813,-0.07386252,2024
2024-08-15,-0.016674142,-0.013435352,-0.0077051963,-0.01231205,-0.008106823,-0.0063075162,-0.006184813,-0.0069213468,-0.015661662,-0.04624393,2024
2024-08-16,-0.009274987,-0.0111229615,-0.01364535,-0.014884886,-0.016261885,-0.010446086,-0.011421279,-0.013999657,-0.013262398,-0.029819036,2024
2024-08-19,-0.01267241,-0.00514992,0.00052695133,0.002347106,0.004870504,0.0062468057,0.004463939,0.002713347,-0.005057672,-0.024021694,2024
2024-08-20,1.2263414e-05,-0.000469537,0.005773003,0.00534607,0.010083241,0.010167095,0.009092455,0.00439856,-0.0059530134,-0.02267975,2024
2024-08-21,0.005262638,0.007079652,0.018079353,0.016839508,0.02217329,0.028186064,0.022117425,0.022149557,0.018187096,-0.0020124004,2024
2024-08-22,0.0035606564,0.018072072,0.020848544,0.025282964,0.027124245,0.030268202,0.026954273,0.027147584,0.023268372,0.01567598,2024
2024-08-23,-0.009334954,-0.0032943168,0.00215209,0.0025994645,0.0045630354,0.008976369,0.003923745,0.0020346201,0.0026172765,-0.0068356153,2024
2024-08-26,-0.018180314,-0.0010631012,0.004905452,0.008883607,0.00827733,0.015536231,0.013907619,0.011355625,0.018528482,0.004485229,2024
2024-08-27,-0.00022435673,-0.003293672,0.0011631656,0.007019255,0.00999066,0.019170055,0.014475873,0.019202657,0.0281514,0.018250192,2024
2024-08-28,-0.018511636,-0.006530464,0.0027672541,0.00053821754,0.0044032256,0.009859331,0.016933326,0.010706983,0.021512631,0.008625066,2024
2024-08-29,-0.03208476,-0.030306341,-0.029188873,-0.03354416,-0.032208946,-0.031308778,-0.029067898,-0.035363864,-0.02385672,-0.04819903,2024
2024-08-30,-0.04076049,-0.040606193,-0.04059524,-0.04160605,-0.042920467,-0.04033832,-0.039734934,-0.04572644,-0.042388823,-0.06675484,2024
2024-09-02,-0.0150867645,-0.014808622,-0.017514866,-0.01807036,-0.016797118,-0.018833129,-0.017820923,-0.021539753,-0.01997558,-0.042280972,2024
2024-09-03,-0.011266776,-0.014027544,-0.013688652,-0.01868083,-0.01692309,-0.01670653,-0.018431075,-0.01742359,-0.01730759,-0.029246649,2024
2024-09-04,-0.011169079,-0.013811112,-0.014542752,-0.01974009,-0.0196787,-0.017152736,-0.023393448,-0.018303689,-0.023572644,-0.028202612,2024
2024-09-05,0.017607082,0.016972607,0.014392263,0.008983761,0.011395417,0.008496223,0.0054438016,0.006524729,0.0016758583,-0.0052905586,2024
2024-09-06,0.06884406,0.062916405,0.05896631,0.057733454,0.056770064,0.06009365,0.05309286,0.05308924,0.053531814,0.047626797,2024
2024-09-09,0.07581683,0.07508542,0.074086,0.06809112,0.06922021,0.064617716,0.05959446,0.060948845,0.059657685,0.05777867,2024
2024-09-10,0.12496906,0.11911681,0.11697727,0.121191904,0.11745222,0.11999572,0.11717248,0.11810819,0.11250285,0.11718944,2024
2024-09-11,0.19917963,0.20547415,0.20996858,0.21593833,0.22158188,0.22076938,0.21614577,0.21950884,0.22650038,0.23111792,2024
2024-09-12,0.32982042,0.32832596,0.34537145,0.3507632,0.37068257,0.3787772,0.37313086,0.3915598,0.4272926,0.44101438,2024
2024-09-13,0.26904073,0.2683592,0.2848005,0.30796212,0.318693,0.3364205,0.33787727,0.35791296,0.38478813,0.4343339,2024
2024-09-18,0.20628847,0.21567793,0.23203576,0.24126722,0.26226762,0.27428862,0.28508794,0.2992028,0.31023765,0.34397328,2024
2024-09-19,0.17467463,0.17953676,0.18719678,0.19722849,0.208304,0.22506398,0.22832474,0.24283023,0.2466461,0.2766825,2024
2024-09-20,0.17425571,0.17674121,0.18597704,0.19400062,0.20887868,0.21317583,0.23115915,0.23628458,0.24515106,0.28120342,2024
2024-09-23,0.14570874,0.15042321,0.16740732,0.17971016,0.199975,0.20441556,0.23620118,0.24349019,0.2603506,0.31865934,2024
2024-09-24,0.09569798,0.10349123,0.11384307,0.12970056,0.14114946,0.15185489,0.16384442,0.187071,0.20327161,0.23954964,2024
2024-09-25,0.08428495,0.09571804,0.106497295,0.12525369,0.14324407,0.15703452,0.16542995,0.20092298,0.2070653,0.2602968,2024
2024-09-26,0.046455234,0.05655802,0.07185645,0.08163485,0.0925343,0.108808085,0.12349737,0.14696375,0.15381975,0.21001463,2024
2024-09-27,-0.015074063,-0.0039267405,0.00818495,0.020298861,0.033383477,0.033371873,0.05375872,0.07750541,0.08747276,0.14328177,2024
2024-09-30,-0.076146625,-0.07020038,-0.07017077,-0.06582267,-0.06392119,-0.061924834,-0.044487722,-0.054218523,-0.03931543,2.092548e-05,2024
2024-10-08,0.003521554,0.0017898756,0.00023222018,0.0038275495,-6.6621243e-07,0.0025405611,-0.0019651994,0.007713169,0.0073719025,0.022178773,2024
2024-10-09,0.024434093,0.012376575,0.017614415,0.022001196,0.015618663,0.023366824,0.016324513,0.022270022,0.02183841,0.056415793,2024
2024-10-10,0.07455598,0.060434975,0.06532084,0.06522131,0.073142834,0.08143571,0.0822077,0.08099164,0.096538566,0.137439,2024
2024-10-11,0.11328815,0.09770358,0.10055095,0.100373104,0.097439885,0.09661387,0.09112952,0.09841383,0.09208989,0.13070925,2024
2024-10-14,0.09911143,0.084320314,0.08633786,0.089748755,0.08759078,0.080973804,0.07664022,0.08622885,0.08335965,0.111389644,2024
2024-10-15,0.09117293,0.07921056,0.08531524,0.07714892,0.07465254,0.08147319,0.08107253,0.08331392,0.08663023,0.12859514,2024
2024-10-16,0.098626114,0.089488596,0.09447485,0.0906293,0.079301246,0.08140679,0.08266079,0.08187919,0.09447,0.14753924,2024
2024-10-17,0.082263306,0.0746976,0.07978569,0.073911965,0.055962853,0.055851724,0.06444957,0.045704514,0.06548193,0.089983396,2024
2024-10-18,0.061034247,0.05866772,0.060670268,0.04876766,0.035938192,0.03167136,0.03109365,0.020858293,0.013431277,0.008933105,2024
2024-10-21,0.07067877,0.06456667,0.07072656,0.068155594,0.061215613,0.04750139,0.051837787,0.045592528,0.03640031,0.04499143,2024
2024-10-22,0.072819576,0.06794757,0.07141233,0.07620726,0.07336832,0.05732184,0.054109603,0.054184698,0.063734904,0.07319946,2024
2024-10-23,0.08825069,0.07953127,0.092671685,0.09485657,0.08538512,0.08309771,0.07422327,0.0766457,0.07459136,0.09345582,2024
2024-10-24,0.07841583,0.075797476,0.08637866,0.089430146,0.092049,0.08402827,0.0810336,0.08711022,0.09461301,0.09731556,2024
2024-10-25,0.05765139,0.055684175,0.054266516,0.07185465,0.06714836,0.079200305,0.068071164,0.08866962,0.09590862,0.07126779,2024
2024-10-28,0.071607016,0.06896074,0.072248116,0.08025137,0.08324571,0.0828636,0.08116069,0.08656599,0.09673032,0.058322307,2024
2024-10-29,0.07650737,0.07881136,0.082998626,0.07762729,0.083665326,0.077085555,0.07558706,0.082124546,0.09008437,0.054794848,2024
2024-10-30,0.05530046,0.058692895,0.060015183,0.055720653,0.06118928,0.06337065,0.06424624,0.06674233,0.06302746,0.011466656,2024
2024-10-31,0.054205034,0.04892264,0.056516167,0.046691444,0.051589746,0.05445984,0.05642435,0.05774613,0.06080212,0.0154713215,2024
2024-11-01,0.040254682,0.034474067,0.033520814,0.03279792,0.026015103,0.023136212,0.011148429,0.018291453,0.012524714,-0.01263802,2024
2024-11-04,0.018647421,0.011414487,0.013469991,-0.0005242742,0.0049962397,-0.010711107,-0.01594969,-0.014383103,-0.024554927,-0.057733823,2024
2024-11-05,0.0359631,0.021080665,0.020889128,0.018654952,0.0067792665,0.0002750576,-0.008087777,-0.002629737,-0.011079835,-0.052297253,2024
2024-11-06,0.02713539,0.018825235,0.017267628,0.011690274,0.0005200164,-0.00377285,-0.002225403,0.0071008108,-0.0061685285,-0.037652113,2024
2024-11-07,0.007951412,-0.00090794894,-0.0043465085,-0.017390948,-0.01576832,-0.037369195,-0.033666726,-0.029184135,-0.041540686,-0.08426028,2024
2024-11-08,-0.00646713,-0.01136453,-0.022594633,-0.032589503,-0.04277826,-0.054521445,-0.06396218,-0.066077285,-0.08786231,-0.121715695,2024
2024-11-11,-0.008123421,-0.011681936,-0.025806742,-0.03679587,-0.051644314,-0.053221025,-0.062789336,-0.076615326,-0.07556052,-0.11797609,2024
2024-11-12,-0.015281957,-0.019682432,-0.026594605,-0.039757606,-0.044855777,-0.050351206,-0.06026197,-0.07188941,-0.08109581,-0.109589085,2024
2024-11-13,0.02394558,0.017425902,-0.0002334062,-0.0069779456,-0.013278462,-0.013422886,-0.029432448,-0.035157096,-0.041753042,-0.06852831,2024
2024-11-14,0.04030397,0.036222056,0.022763828,0.020948282,0.008741093,8.222994e-05,-0.0062100054,-0.008936877,-0.014876784,-0.034745023,2024
2024-11-15,0.073490314,0.06688712,0.06159555,0.055985622,0.048782565,0.05144813,0.057545677,0.065581135,0.05903126,0.050990693,2024
2024-11-18,0.09038864,0.08383752,0.076131135,0.06987898,0.058999777,0.048472337,0.060353737,0.06220043,0.0702026,0.062781274,2024
2024-11-19,0.055484243,0.050499476,0.047497146,0.03357777,0.029732293,0.020727724,0.02878316,0.022537204,0.024364064,0.011063223,2024
2024-11-20,0.039763793,0.04097636,0.036526278,0.026134036,0.017313212,0.012575789,0.016131625,0.014489751,0.013138524,0.0026822493,2024
2024-11-21,0.059249964,0.060584415,0.062126983,0.045794502,0.042141426,0.0403402,0.035358008,0.031104479,0.03039557,0.025291264,2024
2024-11-22,0.080417074,0.08331837,0.08438477,0.07184824,0.0771949,0.06207054,0.06056713,0.061761156,0.06308109,0.056361612,2024
2024-11-25,0.084695674,0.078011274,0.08533541,0.08164454,0.073444515,0.07663073,0.07586112,0.08338748,0.07508155,0.08149397,2024
2024-11-26,0.095775954,0.100598015,0.10039654,0.08985225,0.08334886,0.08705533,0.08051246,0.09249593,0.08648442,0.097978204,2024
2024-11-27,0.07496549,0.07491471,0.07862443,0.075047575,0.07318349,0.06239184,0.06735991,0.062872626,0.07058462,0.07052235,2024
2024-11-28,0.064357385,0.06854521,0.06446572,0.06435935,0.054090336,0.052798487,0.054186955,0.05389036,0.06829034,0.07375909,2024
2024-11-29,0.046359915,0.04332284,0.035334527,0.030651083,0.032193366,0.025291577,0.017969808,0.020962449,0.0220015,0.021372572,2024
2024-12-02,0.00021559471,0.007724518,0.0036417877,0.0021056116,-0.0056582326,-0.004834418,-0.010056612,-0.012173135,-0.01347749,-0.022028305,2024
2024-12-03,-0.004626742,0.0027810489,0.0010533219,-0.0036698221,-0.0047659073,-0.012082059,-0.012627616,-0.020187475,-0.010206465,-0.031564232,2024
2024-12-04,-0.014681538,-0.0061373515,-0.007706099,-0.009841815,-0.0013820783,-0.015604892,-0.015652692,-0.007832694,-0.01877659,-0.035235867,2024
2024-12-05,-0.009242897,-0.010817106,-0.003775806,-0.011301889,-0.0025750073,-0.0027421042,-0.010140061,0.003812785,-0.0012330037,-0.027168768,2024
2024-12-06,-0.050379336,-0.040024303,-0.030347195,-0.0303399,-0.02761277,-0.029523961,-0.030188337,-0.029303985,-0.028690094,-0.060182907,2024
2024-12-09,-0.07484655,-0.056689944,-0.05334438,-0.04605022,-0.04767145,-0.05536476,-0.054235704,-0.07129672,-0.06281878,-0.11221716,2024
2024-12-10,-0.08584593,-0.06535313,-0.058782607,-0.05656925,-0.055633146,-0.07262365,-0.063422225,-0.07613765,-0.07635392,-0.118063696,2024
2024-12-11,-0.08812333,-0.06728848,-0.058951676,-0.0576156,-0.06372701,-0.06363785,-0.057378013,-0.07347453,-0.07117647,-0.11074162,2024
2024-12-12,-0.06822232,-0.04780324,-0.04372023,-0.040763475,-0.048546433,-0.046395004,-0.046007305,-0.055951197,-0.06220215,-0.109827556,2024
2024-12-13,-0.07658022,-0.05667205,-0.045884304,-0.04188271,-0.04131434,-0.046480287,-0.04411246,-0.052929886,-0.06110025,-0.12092241,2024
2024-12-16,-0.056241527,-0.039888322,-0.035376873,-0.031196434,-0.029959643,-0.031845033,-0.04251062,-0.042135913,-0.05794285,-0.089543186,2024
2024-12-17,-0.056686435,-0.05119724,-0.049511492,-0.047744084,-0.0474043,-0.04735062,-0.05707079,-0.054494284,-0.06596224,-0.09501622,2024
2024-12-18,-0.08003453,-0.07313965,-0.06970634,-0.069321565,-0.06405332,-0.074012645,-0.07244853,-0.08844737,-0.102482446,-0.1350727,2024
2024-12-19,-0.11813702,-0.10595428,-0.10144692,-0.09278284,-0.095360994,-0.10462367,-0.108198486,-0.13053133,-0.1447422,-0.18305947,2024
2024-12-20,-0.07049392,-0.06732187,-0.06761706,-0.06792309,-0.07779018,-0.07693486,-0.09082824,-0.100757614,-0.11543575,-0.1464188,2024
2024-12-23,-0.0547899,-0.060857736,-0.060137976,-0.06845305,-0.0719155,-0.07776122,-0.079647504,-0.07849338,-0.0850592,-0.10166666,2024
2024-12-24,-0.022307314,-0.030862158,-0.038161878,-0.051581517,-0.053495012,-0.05378856,-0.05730064,-0.05887887,-0.05633244,-0.07077328,2024
2024-12-25,-0.047437616,-0.055744838,-0.057463396,-0.07175911,-0.068705454,-0.075890504,-0.0699299,-0.07612326,-0.08032473,-0.09551354,2024
2024-12-26,-0.08213084,-0.091399916,-0.09332588,-0.09392919,-0.094746225,-0.09753639,-0.09962344,-0.105161645,-0.12513666,-0.1330555,2024
2024-12-27,-0.031635806,-0.049152847,-0.05390154,-0.05212721,-0.05670549,-0.060499467,-0.05946033,-0.06064963,-0.07778171,-0.07185166,2024
2024-12-30,-0.008152444,-0.031597275,-0.0316946,-0.036675416,-0.032942917,-0.0371942,-0.039029516,-0.037832122,-0.040332433,-0.031217285,2024
2024-12-31,0.0053192033,-0.006406542,-0.011190321,-0.006966687,-0.0040101307,-0.010606287,-0.005681965,-0.00574034,-0.011584878,-0.006779107,2024
2025-01-02,0.033649303,0.027053177,0.019811014,0.023431093,0.01783518,0.021646246,0.019381475,0.024196569,0.026244178,0.016409798,2025
2025-01-03,0.08626435,0.078008324,0.06460938,0.057808,0.046949945,0.050728627,0.047257453,0.050790638,0.056119144,0.053830996,2025
2025-01-06,0.05782672,0.0549713,0.044251516,0.038400166,0.040259704,0.03791144,0.03660577,0.034535136,0.055080026,0.052283477,2025
2025-01-07,0.03994223,0.040553708,0.03812414,0.030690055,0.03197027,0.038296666,0.026032193,0.024313977,0.03930228,0.039802436,2025
2025-01-08,0.039787192,0.035642367,0.032557566,0.03161602,0.026898984,0.033441972,0.025622537,0.027873289,0.031954236,0.03181218,2025
2025-01-09,0.041485745,0.039490316,0.034229558,0.03036523,0.034251485,0.033911355,0.027559651,0.027382221,0.032544386,0.0360587,2025
2025-01-10,0.08140286,0.07480698,0.06323864,0.05807982,0.06557363,0.0658788,0.055107016,0.056461126,0.06206704,0.07126676,2025
2025-01-13,0.03809587,0.029625574,0.027602965,0.020518366,0.029510247,0.026335508,0.02736426,0.022065904,0.024058094,0.014209969,2025
2025-01-14,0.031865302,0.022015717,0.026240055,0.020262219,0.02470591,0.027780367,0.024671132,0.023330063,0.03095586,0.023320694,2025
2025-01-15,0.040602565,0.03458221,0.038850456,0.038430456,0.038280804,0.038427737,0.049266446,0.038733926,0.057229146,0.04662663,2025
2025-01-16,0.055812523,0.05030251,0.05039837,0.052115567,0.049822174,0.056129735,0.06780116,0.055506926,0.066292815,0.06240398,2025
2025-01-17,0.048337176,0.038328893,0.04512728,0.045468602,0.040729027,0.045668077,0.05985235,0.050766475,0.06632869,0.0568023,2025
2025-01-20,0.047895614,0.043325745,0.043771517,0.05308158,0.061733063,0.061108403,0.06887328,0.07483771,0.076206125,0.05981643,2025
2025-01-21,0.057527017,0.055528723,0.054132417,0.06833646,0.06964435,0.07221349,0.08026095,0.08555287,0.076363415,0.06273891,2025
2025-01-22,0.035770442,0.038757823,0.044715475,0.053645726,0.056700107,0.060540393,0.07422454,0.06767125,0.06833672,0.039516248,2025
2025-01-23,0.05486866,0.058600232,0.062209625,0.066191934,0.07828004,0.07522655,0.09321395,0.08984793,0.08489229,0.07040881,2025
2025-01-24,0.039205093,0.039703213,0.04253048,0.047169577,0.051480003,0.06456325,0.06723476,0.07766007,0.08076892,0.0751547,2025
2025-01-27,0.048779353,0.04828198,0.048801783,0.053285424,0.052549377,0.053169806,0.057052657,0.06640639,0.07110701,0.09667644,2025
2025-02-05,0.046029445,0.044731498,0.05241188,0.050221566,0.05151969,0.049232706,0.05738853,0.06972505,0.08217171,0.099936545,2025
2025-02-06,0.016150597,0.02562797,0.026864443,0.027869606,0.034342274,0.03656938,0.044647723,0.053775255,0.07537291,0.09279942,2025
2025-02-07,0.009220985,0.020818725,0.022039747,0.025359979,0.033112742,0.03464866,0.04197021,0.04796317,0.072308816,0.087063074,2025
2025-02-10,0.012097193,0.018228697,0.020048058,0.021778887,0.02464765,0.030205926,0.038051527,0.048303824,0.07047396,0.067279376,2025
2025-02-11,0.025585473,0.0232866,0.026413107,0.029483689,0.03084751,0.026222656,0.03907356,0.05079602,0.0590788,0.075963,2025
2025-02-12,0.016113497,0.020807762,0.02445267,0.024209857,0.028521452,0.03677506,0.04300946,0.05062671,0.056298085,0.06248495,2025
2025-02-13,0.022363512,0.018493881,0.019007511,0.016573925,0.020762267,0.022530308,0.02644604,0.030994171,0.030844571,0.031201113,2025
2025-02-14,0.011842283,0.011227893,0.012446563,0.010727905,0.010577153,0.016910255,0.0147476625,0.013257858,0.005199147,-0.018069828,2025
2025-02-17,0.021960402,0.018925438,0.020612173,0.020186031,0.019227248,0.014321514,0.020750526,0.018774588,0.016835233,0.0019999228,2025
2025-02-18,0.016166572,0.016134026,0.019659426,0.025372628,0.020704554,0.02201532,0.021903172,0.030607894,0.019350229,0.006843653,2025
2025-02-19,0.024216142,0.020167414,0.02241101,0.02679774,0.02090452,0.02480621,0.025824184,0.028611293,0.03688716,0.025641903,2025
2025-02-20,0.026564404,0.021963494,0.025433974,0.025012271,0.027834099,0.015714541,0.02788656,0.022305392,0.020317696,0.007589394,2025
2025-02-21,0.02330209,0.014763525,0.01677835,0.022855032,0.020803776,0.016819255,0.01994368,0.015540736,0.00088147365,-0.004902039,2025
2025-02-24,0.022567343,0.01631675,0.01782358,0.02262839,0.022368632,0.015766,0.01744773,0.013877606,-0.00927558,-0.008931114,2025
2025-02-25,0.025020653,0.023730882,0.019759823,0.025764454,0.022887887,0.025405848,0.023078043,0.016152823,0.0024321587,-0.0012947874,2025
2025-02-26,0.018445026,0.013327505,0.015461783,0.015921313,0.014323273,0.008692956,0.014477279,-0.002621939,-0.024163725,-0.026028348,2025
2025-02-27,0.03725444,0.03879397,0.033458278,0.035666578,0.03230063,0.035024755,0.030680507,0.025618233,0.013044975,0.0120647885,2025
2025-02-28,0.056039944,0.054329917,0.049060103,0.046369355,0.044991042,0.047451306,0.051333636,0.043317165,0.041146796,0.05079651,2025
2025-03-03,0.05977295,0.053853698,0.051255245,0.04618905,0.050480235,0.0510292,0.05015959,0.04914264,0.047244538,0.054229338,2025
2025-03-04,0.0651641,0.060368046,0.0475001,0.055223346,0.04671418,0.04793171,0.040112138,0.036450535,0.03396225,0.029349927,2025
2025-03-05,0.0530049,0.048248462,0.040438678,0.039073218,0.030626854,0.034142725,0.015220396,0.012266033,0.010604117,-0.010187248,2025
2025-03-06,0.050505582,0.041359417,0.0349828,0.028078513,0.020040724,0.012607377,0.0052174046,-0.0074596913,-0.01902812,-0.046661932,2025
2025-03-07,0.017410306,0.012753571,0.008677319,0.0025282763,0.005636311,-0.005153606,-0.013543384,-0.027385732,-0.042693913,-0.069581285,2025
2025-03-10,0.013593081,0.01959374,0.0077988566,0.006374193,0.0034675114,-0.004050358,-0.016821597,-0.03018554,-0.039214898,-0.07404126,2025
2025-03-11,0.02687246,0.024884025,0.0140235815,0.006051968,-0.0020684255,-0.015861148,-0.02699551,-0.04360218,-0.05808117,-0.0960286,2025
2025-03-12,0.02580681,0.028611751,0.01834063,0.011337254,0.005547882,-0.003362645,-0.012898256,-0.030139493,-0.041473847,-0.07217532,2025
2025-03-13,-0.0059769377,0.002860916,-0.0016757534,-0.009472825,-0.011825566,-0.012884146,-0.026812712,-0.040820688,-0.043982893,-0.080859356,2025
2025-03-14,-0.037926447,-0.03313696,-0.031537145,-0.03554442,-0.040221795,-0.048361927,-0.06434793,-0.07080118,-0.08456915,-0.12037126,2025
2025-03-17,-0.025028422,-0.01563967,-0.018721903,-0.027959688,-0.036410626,-0.034728236,-0.04660405,-0.061685205,-0.07918883,-0.10970469,2025
2025-03-18,-0.02058783,-0.013853948,-0.01899025,-0.02378996,-0.028455928,-0.036760572,-0.039633058,-0.056885153,-0.067574255,-0.104621425,2025
2025-03-19,-0.027053865,-0.015852965,-0.02545832,-0.029248897,-0.036149997,-0.04186494,-0.049393263,-0.067487985,-0.07965558,-0.11573514,2025
2025-03-20,-0.09305637,-0.08973204,-0.09516766,-0.09653264,-0.112034716,-0.12919354,-0.13395093,-0.15405633,-0.1642656,-0.20854151,2025
2025-03-21,-0.097492896,-0.09925851,-0.10437578,-0.109124616,-0.12076849,-0.12642376,-0.13389702,-0.14425963,-0.1705006,-0.20766985,2025
2025-03-24,-0.10562527,-0.11314958,-0.12427688,-0.12115626,-0.1252902,-0.13034305,-0.12567027,-0.14064698,-0.1527583,-0.19558805,2025
2025-03-25,-0.06025878,-0.07103629,-0.07882257,-0.07395914,-0.08250244,-0.0830934,-0.08298625,-0.0874323,-0.1035384,-0.12235401,2025
2025-03-26,-0.05432366,-0.06286163,-0.06746015,-0.06995734,-0.08114657,-0.07227977,-0.081751704,-0.08316687,-0.09002982,-0.112936676,2025
2025-03-27,-0.03691622,-0.040395,-0.05026253,-0.05598602,-0.05938345,-0.04714903,-0.06591578,-0.059990656,-0.05935753,-0.07053615,2025
2025-03-28,-0.011838487,-0.021736288,-0.03295831,-0.042201005,-0.039078876,-0.04504132,-0.039912205,-0.04123871,-0.047787797,-0.043079853,2025
2025-03-31,-0.043211464,-0.05313429,-0.056823205,-0.06305433,-0.060887918,-0.06652454,-0.060907103,-0.07005092,-0.07392816,-0.07934902,2025
2025-04-01,-0.035518423,-0.047374316,-0.057292435,-0.06509723,-0.06432273,-0.056447797,-0.05764955,-0.06253017,-0.066146165,-0.06221577,2025
2025-04-02,-0.03888649,-0.04714249,-0.05521951,-0.05655831,-0.059343133,-0.060619727,-0.057827916,-0.061358463,-0.062157042,-0.066747084,2025
2025-04-03,0.06764475,0.05926342,0.060285654,0.04812942,0.050479386,0.051473543,0.05640685,0.059642296,0.052594848,0.04935456,2025
2025-04-07,0.12038098,0.11661873,0.11139164,0.09612452,0.09730516,0.08859934,0.08755298,0.07780242,0.080263756,0.069818385,2025
2025-04-08,0.14320251,0.13768747,0.13133867,0.11486278,0.1094392,0.10559289,0.100084126,0.09178368,0.08709279,0.07144396,2025
2025-04-09,0.056229416,0.04978912,0.043277655,0.039917726,0.03565308,0.029510602,0.029371228,0.02759299,0.024893709,-0.0007908241,2025
2025-04-10,0.053857185,0.047571443,0.03714732,0.035058297,0.034105267,0.028363764,0.021780932,0.021546965,0.024340164,-0.008238167,2025
2025-04-11,0.01772996,0.01243101,0.0033542016,0.0064541395,0.003951468,-0.0013601998,-0.0046129916,-0.0051525207,-0.0038090583,-0.035211492,2025
2025-04-14,0.039407857,0.023141647,0.015584217,0.011995688,0.0075130328,0.007090183,0.0016749593,-0.00027714847,-0.00508466,-0.025125314,2025
2025-04-15,0.060244136,0.053093374,0.03908946,0.03203629,0.032432865,0.030180551,0.027797012,0.020611169,0.01977227,-0.008759001,2025
2025-04-16,0.06535377,0.064126536,0.054409467,0.051153503,0.04688882,0.035325106,0.037158377,0.027864106,0.021553837,-0.0009134205,2025
2025-04-17,0.097927615,0.089601986,0.08398631,0.073402315,0.06626664,0.057978757,0.06532262,0.043382008,0.039018456,0.023004917,2025
2025-04-18,0.093486845,0.081362255,0.07277783,0.05748276,0.060757887,0.05322541,0.053614814,0.05123324,0.036130246,0.020097563,2025
2025-04-21,0.07295898,0.06178816,0.045781605,0.045827273,0.044639047,0.04601554,0.040248927,0.03997503,0.04191266,0.005639706,2025
2025-04-22,0.065883055,0.057159826,0.04397953,0.049288265,0.045431327,0.045208093,0.044843044,0.044421606,0.03532687,0.0024568236,2025
2025-04-23,0.086355194,0.07197673,0.063319124,0.05522166,0.057131324,0.06328149,0.057001438,0.04211348,0.041993845,0.017549453,2025
2025-04-24,0.07449418,0.06333625,0.05963479,0.05127665,0.053798515,0.048752874,0.052150216,0.03461757,0.034322232,0.024686983,2025
2025-04-25,0.08615066,0.07120965,0.06325021,0.06375435,0.053128447,0.059023757,0.051070254,0.04503784,0.046759512,0.036207516,2025
2025-04-28,0.07562403,0.067196354,0.060197994,0.064183496,0.054121282,0.04900639,0.051041853,0.045257296,0.044901356,0.042608406,2025
2025-04-29,0.06547745,0.057787407,0.054285135,0.054975323,0.037917957,0.04247251,0.04234955,0.038765024,0.029472243,0.039044224,2025
2025-04-30,0.055549104,0.052108437,0.04433187,0.041090228,0.042201713,0.0360969,0.03306286,0.030275283,0.023201933,0.033829555,2025
2025-05-06,0.038378436,0.03585247,0.024363806,0.027937284,0.02496368,0.021469308,0.017655183,0.016206257,0.0018145915,0.00782806,2025
2025-05-07,0.02199643,0.018124804,0.014209375,0.009948642,0.0074355495,0.011746422,0.006290302,0.007847647,-0.0048652235,0.0006746016,2025
2025-05-08,0.015741749,0.019078767,0.008677495,0.009378183,0.009545117,0.009078101,0.00648656,0.00260988,-0.009193513,0.004562782,2025
2025-05-09,0.011878348,0.006680945,0.002235971,-0.0015364345,-0.004873898,0.0017037308,-0.006060894,-0.011300674,-0.025084445,-0.0028251554,2025
2025-05-12,0.012580008,0.0039828666,0.0054537635,-0.006061834,-0.012022723,-0.005248818,-0.006319297,-0.016280616,-0.022893665,-0.0148763675,2025
2025-05-13,0.023559598,0.017769935,0.01104453,0.0035300707,0.00060176785,-0.0055801445,0.0034693833,-0.016471118,-0.020660408,-0.010666855,2025
2025-05-14,0.034027584,0.025783967,0.026113117,0.014112262,0.01515954,0.016797682,0.009194188,0.007346375,-0.0011752702,0.0034686287,2025
2025-05-15,0.022014685,0.018563867,0.0192279,0.0115110865,0.011176332,0.0036650444,0.0057192487,-0.000871085,-0.010477878,-0.006626827,2025
2025-05-16,0.017140118,0.012202804,0.013120524,0.016069198,0.010261884,0.0035770608,0.0041385326,0.0003010165,-4.2166168e-05,-0.0006340924,2025
2025-05-19,0.013712539,0.012204163,0.010097658,0.014290849,0.005395795,0.00787364,0.0014989916,-0.002704237,-0.004828675,-0.0074824216,2025
2025-05-20,0.015755711,0.013626776,0.017361771,0.014811139,0.01296326,0.0049724495,0.006087303,0.007571033,0.0003538468,-0.0010272758,2025
2025-05-21,0.027516624,0.027247544,0.024865381,0.028275063,0.016585277,0.016574753,0.009812718,0.008650297,0.004658716,0.0067156795,2025
2025-05-22,0.05041974,0.046773307,0.040571116,0.039354943,0.03651637,0.030360587,0.023619803,0.022880165,0.024933347,0.032424074,2025
2025-05-23,0.04847481,0.04390208,0.0430369,0.04037561,0.035701092,0.0317951,0.0338308,0.030862479,0.022213615,0.03579081,2025
2025-05-26,0.051866814,0.044957425,0.048150726,0.040215623,0.030393522,0.03983615,0.03982233,0.03371262,0.030129995,0.022215389,2025
2025-05-27,0.047965564,0.041701872,0.04342935,0.036110293,0.031260006,0.042936567,0.03520785,0.037558097,0.026551608,0.02033348,2025
2025-05-28,0.026475893,0.024091376,0.019014709,0.017193975,0.015551879,0.010835909,0.0129827745,0.01745214,0.006850773,0.0022199897,2025
2025-05-29,0.034487363,0.02470703,0.025089702,0.019622516,0.017016834,0.016136229,0.019539535,0.025906013,0.016681883,0.0146896085,2025
2025-05-30,0.035547487,0.023600724,0.022682752,0.018277632,0.02141127,0.016991438,0.017103523,0.011437321,0.015065512,0.014439271,2025
2025-06-03,0.015238386,0.009001325,0.008128635,0.006206347,0.0037823007,0.0031209406,0.0049831793,0.0043573133,-0.0034160707,0.0024677638,2025
2025-06-04,0.0022203724,9.572237e-05,-0.001443322,-0.0027238156,-0.011347792,-0.0074614193,-0.0056542004,-0.006503959,-0.013771755,-0.014741153,2025
2025-06-05,-0.009195404,-0.00671705,-0.008867405,-0.013113178,-0.018795362,-0.015331257,-0.020157477,-0.029665707,-0.027326738,-0.031323962,2025
2025-06-06,-0.011085662,-0.014852914,-0.0146156065,-0.01966561,-0.023130262,-0.027496068,-0.028203066,-0.027418768,-0.035849128,-0.03832238,2025
2025-06-09,0.009411087,0.012778753,0.010084715,0.0027533344,-0.0021434978,-0.0006862141,-0.0031677198,-0.0027016476,-0.005079291,-0.021133728,2025
2025-06-10,0.013724043,0.009961171,0.015605278,0.007898305,0.0031587416,0.0029916803,0.006122204,0.0050494475,0.007770422,-0.018162651,2025
2025-06-11,0.018148575,0.020285314,0.025615118,0.01303337,0.010876662,0.013183796,0.015862245,0.01348874,0.012283452,-0.019825166,2025
2025-06-12,0.03003636,0.03175242,0.03211824,0.03024978,0.023568036,0.026059445,0.029833216,0.03481518,0.018831909,-0.0014145335,2025
2025-06-13,0.03588992,0.03240808,0.035965607,0.032879442,0.03165968,0.03263371,0.04130263,0.0388664,0.025804495,0.011080613,2025
2025-06-16,0.044593304,0.036023404,0.036733523,0.03933733,0.035002183,0.03233464,0.04377201,0.04376064,0.03174352,0.017986985,2025
2025-06-17,0.05852356,0.04548698,0.04587634,0.037978876,0.0353463,0.03398734,0.0401232,0.04406313,0.029723851,0.017730234,2025
2025-06-18,0.07828065,0.061696492,0.05791899,0.04932933,0.046503983,0.040460046,0.05130763,0.046130046,0.036969904,0.03556898,2025
2025-06-19,0.08522307,0.0682754,0.0617783,0.053273283,0.05289804,0.053511083,0.051151447,0.046407912,0.051898967,0.06274589,2025
2025-06-20,0.08092119,0.06565155,0.054902095,0.055261493,0.049387578,0.051624995,0.051380415,0.04332648,0.043428555,0.05271951,2025
2025-06-23,0.0624628,0.052821588,0.05009702,0.040857717,0.03961636,0.03612906,0.03270775,0.033680014,0.035213318,0.04800839,2025
2025-06-24,0.06019884,0.052600294,0.046396356,0.04003055,0.03631632,0.035842814,0.029414764,0.026924105,0.025104672,0.041515615,2025
2025-06-25,0.061364155,0.04806948,0.0430378,0.03743151,0.029889336,0.02714741,0.022244098,0.010851629,0.007753337,0.018308084,2025
2025-06-26,0.053910345,0.04420556,0.042041287,0.038965866,0.03088588,0.029055135,0.020872723,0.013066768,0.01511389,0.021462362,2025
2025-06-27,0.054061275,0.047585726,0.049689926,0.03875555,0.035093717,0.029276555,0.015625633,0.012824344,0.0063754353,0.0055488707,2025
2025-06-30,0.035924796,0.032795943,0.029902387,0.025914587,0.022418823,0.014868376,0.0075493986,0.00037716486,0.0012156105,-0.0055978294,2025
2025-07-01,0.03654459,0.03128855,0.031436842,0.028723208,0.025691925,0.023016447,0.022397162,0.017183091,0.019770607,0.004387719,2025
2025-07-02,0.032293066,0.029916082,0.030421011,0.030560588,0.02822371,0.02526386,0.027856642,0.025206046,0.026190406,0.015262848,2025
2025-07-03,0.037245985,0.035044663,0.03820289,0.03261605,0.034262843,0.030940771,0.038937483,0.03508204,0.03054561,0.021404773,2025
2025-07-04,0.050584458,0.049155246,0.04803323,0.04171789,0.046877243,0.046406418,0.04690327,0.046678714,0.042527724,0.028841808,2025
2025-07-07,0.04582489,0.043805044,0.049778193,0.03959927,0.04266463,0.04683966,0.040671613,0.03681139,0.0344371,0.020205665,2025
2025-07-08,0.042632442,0.04072816,0.041098032,0.039748576,0.04400523,0.040301565,0.03806978,0.033019856,0.02612086,0.0015036552,2025
2025-07-09,0.04557551,0.044565056,0.041604884,0.05001398,0.04147841,0.048856046,0.046537023,0.03827475,0.038876876,0.011842314,2025
2025-07-10,0.05370025,0.046246465,0.047247197,0.04175406,0.046727393,0.051572543,0.044077527,0.044554785,0.044079974,0.011702819,2025
2025-07-11,0.04671628,0.039408255,0.036287438,0.03818602,0.034012083,0.050628953,0.04354614,0.046487954,0.041626148,0.028107263,2025
2025-07-14,0.056616947,0.04222671,0.04110671,0.044954352,0.048603583,0.044379413,0.05659338,0.04697897,0.055698678,0.041967414,2025
2025-07-15,0.046474263,0.037014432,0.041873455,0.041601315,0.050472915,0.04236015,0.052159045,0.045305725,0.043002162,0.03871705,2025
2025-07-16,0.036032725,0.025522036,0.031573556,0.026413815,0.030383334,0.034527134,0.024734925,0.03939181,0.03344124,0.025341244,2025
2025-07-17,0.036246523,0.024781588,0.020490572,0.025520932,0.021553123,0.022819351,0.027071819,0.023718145,0.022713337,0.012848611,2025
2025-07-18,0.025908675,0.014510874,0.011842539,0.014361182,0.011423243,0.012218025,0.018078085,0.016865851,0.028645638,0.013247926,2025
2025-07-21,0.030430248,0.021607945,0.021509264,0.02060325,0.019711735,0.018255861,0.02439357,0.032141086,0.04475225,0.023887262,2025
2025-07-22,0.03870189,0.02923164,0.03165966,0.023761995,0.021251839,0.027659196,0.0308251,0.042838246,0.039150674,0.04217555,2025
2025-07-23,0.03743496,0.0324539,0.02713017,0.027541975,0.02672806,0.028566564,0.032377258,0.04122338,0.044343628,0.0408266,2025
2025-07-24,0.029478226,0.01881429,0.016596127,0.020172602,0.017113017,0.02556393,0.032570172,0.027285809,0.039289672,0.041021682,2025
2025-07-25,0.04133428,0.03402222,0.02866769,0.024974458,0.029084794,0.027363807,0.035353787,0.036425687,0.04274079,0.046374742,2025
2025-07-28,0.04717604,0.042240333,0.034650158,0.033454444,0.034688365,0.03280716,0.036568813,0.039582398,0.043537892,0.04019682,2025
2025-07-29,0.04941572,0.041954633,0.037345033,0.035690334,0.032533593,0.036353905,0.041451607,0.044550974,0.04776582,0.051836498,2025
2025-07-30,0.04245215,0.03708107,0.039567076,0.04300909,0.038187824,0.039146006,0.040371627,0.044487927,0.050139822,0.05282845,2025
2025-07-31,0.034041177,0.03607652,0.044924017,0.043495853,0.039243598,0.046154186,0.048970565,0.058085267,0.058204252,0.0688,2025
2025-08-01,0.0369563,0.04688566,0.054463983,0.051276084,0.06466576,0.05309798,0.06353455,0.07187787,0.07830997,0.102116,2025
2025-08-04,0.027549282,0.037558567,0.042912547,0.042804457,0.053357013,0.050715614,0.054484393,0.060271237,0.0767083,0.09615332,2025
2025-08-05,0.029072775,0.03910108,0.041467905,0.04046673,0.047285967,0.045434568,0.046968717,0.050777003,0.06370166,0.073902145,2025
2025-08-06,0.034269508,0.04310067,0.045110904,0.04885205,0.04937745,0.047550786,0.05221116,0.059664607,0.0599379,0.0685073,2025
2025-08-07,0.025986435,0.03574032,0.039940096,0.04429061,0.047302183,0.04994787,0.059732955,0.067302026,0.06471018,0.07451124,2025
2025-08-08,0.01531027,0.031137146,0.03907845,0.04469095,0.05064194,0.05466803,0.060012396,0.0710925,0.07998425,0.08259754,2025
2025-08-11,0.02140541,0.035034996,0.040835805,0.047189254,0.059776317,0.058845237,0.06319675,0.06890762,0.078937404,0.07871941,2025
2025-08-12,0.012016029,0.02810662,0.03620882,0.043157633,0.046915308,0.049404077,0.052008893,0.05982099,0.06429277,0.059008945,2025
2025-08-13,-0.0070029204,0.011937293,0.014367635,0.026505206,0.028122088,0.03413128,0.03408107,0.045206517,0.040420245,0.03386306,2025
2025-08-14,-0.0007197597,0.016980965,0.0236177,0.03093138,0.032821137,0.04138266,0.039289948,0.0485886,0.050144795,0.044396285,2025
2025-08-15,-0.00032039144,0.011400395,0.00959708,0.019374304,0.020245213,0.02961517,0.02688038,0.03865049,0.0344658,0.016148096,2025
2025-08-18,-0.017949646,-0.0051403004,-0.0018565977,0.0011221776,0.007057295,0.013530043,0.011032862,0.01225245,0.006118461,-0.016003396,2025
2025-08-19,-0.034948513,-0.022680603,-0.014036422,-0.0089438725,-0.011330142,-0.0036032563,0.001712112,0.00817771,-0.004206771,-0.012733234,2025
2025-08-20,-0.042371828,-0.03243306,-0.03420401,-0.023504522,-0.02665028,-0.028041229,-0.022677016,-0.026188456,-0.030360933,-0.03823893,2025
2025-08-21,-0.031183913,-0.023241187,-0.025210729,-0.019364322,-0.01544467,-0.024487084,-0.01743513,-0.022659317,-0.030742858,-0.04222283,2025
2025-08-22,-0.015650023,-0.014198954,-0.0146718435,-0.015521973,-0.006033819,-0.015333135,-0.010345581,-0.018631548,-0.024697527,-0.04382979,2025
2025-08-25,-0.022123732,-0.019340813,-0.019361496,-0.019767977,-0.0115993135,-0.016076822,-0.019702857,-0.02136013,-0.037349135,-0.049643844,2025
2025-08-26,-0.008430733,-0.014067008,-0.01792204,-0.013153075,-0.014965018,-0.017150199,-0.020681672,-0.017963089,-0.037797928,-0.04723645,2025
2025-08-27,0.024886746,0.015398103,0.009563284,0.009659938,0.009181673,0.010555235,0.001997023,0.00923759,-0.009811647,-0.016786883,2025
2025-08-28,0.029040646,0.023048649,0.011491275,0.012561597,0.011113228,0.0074873767,0.0071930685,0.009086847,-0.0002054571,-0.010594568,2025
2025-08-29,0.020103099,0.01110347,0.0058392477,0.006364571,0.0014062369,-0.0032130182,-0.0024450265,0.0032155782,-0.0036146534,-0.019176584,2025
2025-09-01,0.038306702,0.022914408,0.020816036,0.020912206,0.012536564,0.018476484,0.015379496,0.016963728,0.017774772,0.008600904,2025
2025-09-02,0.0525154,0.03797952,0.034082167,0.037207473,0.035032537,0.036391854,0.028964622,0.035346467,0.04228112,0.04422415,2025
2025-09-03,0.039974246,0.035698075,0.035292696,0.04072151,0.04421301,0.042977326,0.046888217,0.056202926,0.07166326,0.09196946,2025
2025-09-04,0.019237654,0.013370326,0.019247426,0.02280083,0.025015593,0.028247029,0.032061677,0.035237014,0.057616692,0.0655605,2025
2025-09-05,-0.0095277075,-0.006245776,-0.0018039024,-0.004874122,0.0053033363,0.003229449,0.0082723005,0.008728348,0.025811343,0.044480767,2025
2025-09-08,-0.034141075,-0.028210202,-0.015831796,-0.020344067,-0.008194011,-0.0051432434,-0.006048475,0.0077216965,0.0015214806,0.04111298,2025
2025-09-09,-0.0059299464,-0.0073294844,0.0015877539,0.004800803,0.0023574024,0.020562874,0.016183473,0.016881874,0.020674879,0.032410253,2025
2025-09-10,-0.0043460177,-0.00679363,0.00054485933,0.0047999066,0.013452587,0.014431568,0.012137769,0.022368612,0.031037789,0.03510526,2025
2025-09-11,-0.02184753,-0.023056414,-0.017937519,-0.012969515,-0.009951745,-0.008942527,-0.0030170348,0.009462082,0.0071932403,0.00024057186,2025
2025-09-12,-0.012062025,-0.019695863,-0.0195947,-0.011349834,-0.012815425,-0.015942657,-0.0015021276,0.005294198,-0.00016799157,0.004026683,2025
2025-09-15,-0.0125771,-0.018786963,-0.017743818,-0.010717156,-0.007263128,-0.0025629448,0.006845438,0.010409994,0.019222073,0.014521938,2025
2025-09-16,-0.021797458,-0.021951698,-0.016212706,-0.010565308,-0.008718039,0.002399496,0.002434065,0.004283155,0.017095746,0.0017681877,2025
2025-09-17,-0.0042532897,-0.0055831843,-0.006408094,-0.0031927591,-0.0032622202,0.0023766982,0.0069295913,0.00010931758,0.0076541454,-0.022812657,2025
2025-09-18,0.0005362337,-0.0003331925,0.008086306,0.0016041204,-0.0041223713,-0.004237556,-0.0028898322,-0.005478829,-0.012824371,-0.047681224,2025
2025-09-19,0.023003576,0.016085714,0.014374916,0.019357096,0.018332563,0.012415001,0.014688682,0.0034070634,0.0011371963,-0.033830505,2025
2025-09-22,0.047875557,0.039012246,0.036175974,0.032444075,0.031283934,0.026690165,0.020441908,0.012121177,-0.006278918,-0.043560922,2025
2025-09-23,0.022274168,0.022421729,0.02021083,0.014723796,0.018939894,0.009534432,0.003684642,-0.006059249,-0.010735062,-0.043236647,2025
2025-09-24,0.009857611,0.007309608,0.0006950695,0.0032246304,-0.0038859346,-0.011304624,-0.019277079,-0.03575936,-0.045815766,-0.07091068,2025
2025-09-25,0.020333815,0.016741632,0.0075403936,0.0030825806,-0.0017000688,-0.011175154,-0.0191551,-0.032317773,-0.034783334,-0.05399105,2025
2025-09-26,0.030112216,0.029682618,0.019643985,0.012987218,0.011073384,0.0011151672,-0.0060125124,-0.008732152,-0.024441482,-0.030034872,2025
2025-09-29,0.040066164,0.034487065,0.015806828,0.013308971,0.0018928838,-0.012092193,-0.012706934,-0.023908984,-0.03754311,-0.03996555,2025
2025-09-30,0.038493555,0.032995332,0.007841518,0.003948392,-0.010338538,-0.021732517,-0.026522666,-0.043280333,-0.060106844,-0.06546154,2025
2025-10-09,0.042342108,0.027353074,0.013786234,0.0043360507,-0.0044601145,-0.0068012206,-0.014691632,-0.029005002,-0.037224893,-0.027073672,2025
2025-10-10,0.056315552,0.040411945,0.03273579,0.022925755,0.019190772,0.016997948,0.011021837,0.005978996,-0.0029848688,0.018770132,2025
2025-10-13,0.04737075,0.03182318,0.021636833,0.015669769,0.012952065,0.002524209,0.0074403905,-0.0019574175,-0.010872218,0.007369113,2025
2025-10-14,0.036966506,0.02112649,0.017485123,0.011139354,0.007281635,0.0107911695,0.013490664,0.0035198124,0.013948857,0.025397211,2025
2025-10-15,0.037785493,0.020851128,0.014322006,0.006249399,0.008192365,0.009431975,0.010940023,0.0033303474,0.007175177,0.019460995,2025
2025-10-16,0.055391748,0.03947114,0.03752109,0.027105793,0.027721189,0.029919859,0.027895473,0.023691777,0.024825756,0.03348847,2025
2025-10-17,0.054753266,0.047064673,0.047252458,0.034660116,0.03562647,0.028227262,0.02451956,0.022834143,0.02987515,0.020693086,2025
2025-10-20,0.041427784,0.035383724,0.02412194,0.020656299,0.016977526,0.021469984,0.017253619,0.01468561,0.013188184,0.012697652,2025
2025-10-21,0.036069088,0.031796984,0.022670738,0.01705677,0.014446202,0.019083781,0.017870061,0.011675916,0.0047041695,0.012787677,2025
2025-10-22,0.040396746,0.0387661,0.032220595,0.033988416,0.030534428,0.035259,0.026193518,0.03257056,0.03463028,0.033348385,2025
2025-10-23,0.033292618,0.026412908,0.020800285,0.019948073,0.020515926,0.018481817,0.018428436,0.020293856,0.028020704,0.018287798,2025
2025-10-24,0.04189498,0.03149575,0.024295665,0.02019493,0.023144696,0.016213026,0.009858008,0.014019681,0.0045801215,0.0030271227,2025
2025-10-27,0.039098278,0.03769851,0.03258304,0.02142593,0.027645508,0.01737919,0.00882618,0.011383519,0.00695782,0.0042696754,2025
2025-10-28,0.048626643,0.044553753,0.033630352,0.018503638,0.021208478,0.008596252,0.004516957,0.008430954,-0.00045078617,-0.014162999,2025
2025-10-29,0.05876948,0.052398156,0.04122911,0.026400568,0.022812234,0.019248037,0.009710053,0.017799651,0.0019671442,0.010668407,2025
2025-10-30,0.06262614,0.051849794,0.04462212,0.024497434,0.025688972,0.016203474,0.015277251,0.011563689,0.0068239667,0.02495584,2025
2025-10-31,0.050719347,0.044783283,0.031677503,0.020670699,0.009516923,0.01112626,0.0052910517,0.014882635,5.4144035e-05,0.034002572,2025
2025-11-03,0.04040798,0.02911572,0.021150816,0.012680946,0.006967815,0.005538118,-0.000986739,0.004807844,-0.00044512615,0.023246353,2025
2025-11-04,0.013942637,0.007423639,0.010122459,0.00011969193,-0.00028312812,-0.00999912,-0.004471038,-0.0035694237,-0.011271265,0.011408449,2025
2025-11-05,0.0034792693,-0.0013476005,-0.0030825103,-0.01150334,-0.011039169,-0.01595398,-0.012940062,-0.023427418,-0.024423588,-0.0117302155,2025
2025-11-06,-0.029786605,-0.028945986,-0.02943868,-0.035790477,-0.04230802,-0.0429972,-0.043449905,-0.049648844,-0.06062517,-0.060690083,2025
2025-11-07,-0.034881003,-0.033141695,-0.03497131,-0.04154995,-0.04872788,-0.05161005,-0.046489075,-0.056741998,-0.06916768,-0.07631568,2025
2025-11-10,-0.019091409,-0.019602768,-0.024378454,-0.031116912,-0.033420525,-0.035183433,-0.0357625,-0.044358242,-0.04292145,-0.06589638,2025
2025-11-11,-0.020711014,-0.016586952,-0.021175666,-0.02242749,-0.025236206,-0.034089454,-0.029703882,-0.031498104,-0.033116564,-0.04661404,2025
2025-11-12,-0.02813244,-0.025061248,-0.029220777,-0.028353894,-0.030777285,-0.03652868,-0.03592143,-0.03325928,-0.03641936,-0.059612118,2025
2025-11-13,-0.03390122,-0.03207706,-0.03289212,-0.03550396,-0.035497203,-0.035025224,-0.04217459,-0.03212581,-0.029577669,-0.05830432,2025
2025-11-14,-0.022590937,-0.020014452,-0.015768178,-0.021655958,-0.016207628,-0.015294258,-0.022836609,-0.013041858,-0.012038009,-0.046666324,2025
2025-11-17,-0.027970076,-0.013079075,-0.015257564,-0.011166623,-0.014515711,-0.019760258,-0.017118365,-0.013789097,-0.012157838,-0.03969788,2025
2025-11-18,-0.01747786,-0.010751026,-0.0069472464,-0.011239639,-0.009134027,-0.010473215,-0.009418642,-0.011472522,-0.011054449,-0.023942094,2025
2025-11-19,-0.019519558,-0.013316984,-0.0097766705,-0.008396798,-0.0075773196,-0.011149948,-0.012811417,-0.011975611,-0.016584884,-0.026556678,2025
2025-11-20,0.016954543,0.020207385,0.023442583,0.02390855,0.020239128,0.024506625,0.01735849,0.018190138,0.02370922,0.012591046,2025
2025-11-21,0.0435931,0.04190906,0.040898174,0.047392335,0.04867773,0.033358302,0.031528912,0.034843497,0.04187698,0.03929993,2025
2025-11-24,0.016046781,0.017924745,0.019654375,0.020970164,0.020930916,0.013696858,0.01640873,0.019358072,0.026175894,0.019913724,2025
2025-11-25,0.004115935,0.01001791,0.013512591,0.0118609145,0.010380914,0.010764308,0.010702182,0.012846999,0.022104396,0.017576074,2025
2025-11-26,-0.008312231,-0.0015433291,0.004342624,0.011517633,0.0049027707,0.0051065395,0.008685702,0.0041180914,0.020346832,0.0073189177,2025
2025-11-27,-0.02736972,-0.007917306,-0.006048981,0.008783837,-0.0015336917,0.006458759,0.0038972762,0.00031881835,0.0025195223,0.0013552792,2025
2025-11-28,-0.052911833,-0.024799261,-0.02009273,-0.014741565,-0.004133551,-0.010407463,0.003566511,-0.0022043455,-0.009083725,-0.008707181,2025
2025-12-01,-0.052686084,-0.031772234,-0.029246656,-0.0212022,-0.0150352465,-0.016652051,-0.00895364,-0.013938743,-0.018798888,-0.028730672,2025
2025-12-02,-0.05897204,-0.032390665,-0.030545577,-0.01864795,-0.009978872,-0.016546763,-0.009257628,-0.011859668,-0.015999662,-0.028226053,2025
2025-12-03,-0.023091856,-0.007854513,-0.003975317,0.0071417904,0.0015928006,-0.00020833302,0.015713373,0.004372142,-0.0037213329,-0.0040354454,2025
2025-12-04,-0.0117774,-0.0016973048,0.0048392494,0.010378902,0.00066931336,0.008446304,0.013833308,0.00657319,-0.002971518,-0.007871917,2025
2025-12-05,-0.020047387,-0.008345315,-0.0059353197,-0.0008519448,0.00041787192,0.004508549,0.008479634,-0.0017181298,-0.0028578076,-0.020270126,2025
2025-12-08,-0.02715326,-0.014199271,-0.008329784,-0.0027918662,0.0035755476,-0.0010285451,0.000504621,0.010656649,-0.008404291,-0.023553709,2025
2025-12-09,-0.009615376,0.0020666805,0.006748525,0.007574224,0.010746768,0.007166599,0.014921604,0.012936555,0.007044759,-0.015722187,2025
2025-12-10,0.016038693,0.020866986,0.021559864,0.023630992,0.024057051,0.023434702,0.02698802,0.022217665,0.023635415,0.008329659,2025
2025-12-11,0.028022824,0.027440315,0.028697766,0.028041393,0.028245049,0.03411085,0.035964984,0.032939564,0.031286195,0.036789134,2025
2025-12-12,0.026748803,0.028705789,0.023297293,0.025613103,0.028207984,0.0303092,0.031385764,0.038809713,0.027640421,0.039308608,2025
2025-12-15,0.03746289,0.039531816,0.035785783,0.03922257,0.03963232,0.041687794,0.04090081,0.052849587,0.045515534,0.061376385,2025
2025-12-16,0.046881232,0.044687897,0.04205653,0.042099696,0.041559335,0.042859472,0.048188232,0.051848225,0.04479632,0.0659142,2025
2025-12-17,0.04081993,0.04109147,0.04060887,0.039951008,0.038973767,0.043966472,0.045475252,0.052047692,0.044839595,0.0649004,2025
2025-12-18,0.040661577,0.050812233,0.05138999,0.05149865,0.053806417,0.05234687,0.05224346,0.051480424,0.047621936,0.058561407,2025
2025-12-19,0.020428171,0.03466918,0.03973821,0.038753565,0.040161543,0.055429965,0.05105854,0.058605064,0.062378865,0.07439283,2025
2025-12-22,0.045379527,0.052411787,0.055301085,0.052688755,0.05898934,0.058486607,0.06289882,0.059066128,0.060327206,0.092373006,2025
2025-12-23,0.045733836,0.054702748,0.06257698,0.054634187,0.06730917,0.06373064,0.061953746,0.06797829,0.069913104,0.102567315,2025
2025-12-24,0.04937549,0.061016165,0.05797904,0.0638452,0.06361696,0.0749585,0.08256247,0.07508217,0.09756181,0.11760812,2025
2025-12-25,0.060702804,0.070677176,0.059351623,0.068603076,0.07321345,0.07296813,0.06923153,0.07461684,0.088243246,0.09695263,2025
2025-12-26,0.07698065,0.080242984,0.08421633,0.079584524,0.07787253,0.07204855,0.06309086,0.07146533,0.07956316,0.0896806,2025
2025-12-29,0.069594,0.074035674,0.065424584,0.07617126,0.066049986,0.06836306,0.06096048,0.06633045,0.08328346,0.07088664,2025
2025-12-30,0.070926175,0.07413554,0.06413327,0.06769202,0.062366415,0.07235815,0.06342149,0.0747564,0.09284556,0.07624974,2025
2025-12-31,0.06116052,0.06134481,0.05448815,0.057467006,0.0562838,0.054525904,0.06102744,0.07071021,0.089692354,0.0710193,2025
2026-01-05,0.056397032,0.053243812,0.052052766,0.04696195,0.040405303,0.0418161,0.04568652,0.05198599,0.055772375,0.04510858,2026
2026-01-06,0.06591466,0.060278133,0.05177059,0.047164284,0.03835909,0.04422377,0.03731164,0.036169715,0.054922376,0.02525012,2026
2026-01-07,0.07070671,0.0616349,0.055852342,0.045037236,0.043365497,0.04353286,0.038427465,0.038677797,0.04853917,0.027445797,2026
2026-01-08,0.066158116,0.06388018,0.052779883,0.047151063,0.043562762,0.047050413,0.040881094,0.045963656,0.044053722,0.030821132,2026
2026-01-09,0.048828628,0.0503264,0.03441303,0.028277729,0.031075094,0.029478429,0.02233362,0.026597064,0.0135014625,-0.01196079,2026
2026-01-12,0.029630916,0.026906835,0.014022625,0.010406603,0.010399838,0.013867851,0.0076502077,0.005978734,-0.0017414684,-0.02218527,2026
2026-01-13,0.037410457,0.03086118,0.022961782,0.013255383,0.021168528,0.017306289,0.014039979,0.011730085,0.0054722084,-0.032255583,2026
2026-01-14,0.034953337,0.030524177,0.02532213,0.01874995,0.027337806,0.017690934,0.010599213,0.018294211,0.009249028,-0.0037017476,2026
2026-01-15,0.028425826,0.013450619,0.016943611,0.007188384,0.0048097945,0.00076528254,-0.0026242165,-0.0035718966,0.0063120625,-0.02151259,2026
2026-01-16,0.017758641,0.0031250298,-0.002588903,-0.0073730797,-0.008695818,-0.01948897,-0.013197042,-0.019858042,-0.013121068,-0.019938469,2026
2026-01-19,0.0057097333,-0.0034926538,-0.010935832,-0.01186534,-0.015081905,-0.014248627,-0.010142187,-0.017075941,-0.0035553307,0.0040453994,2026
2026-01-20,0.013966474,0.0021807682,-0.002852699,-0.004680556,-0.011139808,-0.0098910555,-0.005311995,-0.010438095,0.005283049,0.0032704643,2026
2026-01-21,0.005293401,-0.008958224,-0.009107027,-0.014026037,-0.017971614,-0.020484531,-0.020683482,-0.017635943,-0.015022123,-0.017848022,2026
2026-01-22,-0.0033158965,-0.014355611,-0.021175813,-0.025629185,-0.029371185,-0.0286632,-0.030631639,-0.027833533,-0.026172029,-0.03295019,2026
2026-01-23,0.009278778,-0.00028471326,-0.0054950183,-0.011823776,-0.010536717,-0.007337341,-0.016181732,-0.019840203,-0.0075241784,-0.015374459,2026
2026-01-26,0.031786174,0.022958105,0.014410836,0.010626707,0.006269534,0.008434777,0.0019817892,-0.0023361207,-0.0028538983,-0.0015228473,2026
2026-01-27,0.028235327,0.01931391,0.009142419,0.009611328,0.004242846,0.007814541,-0.0039740107,-0.0047783623,-0.010187309,-0.014638185,2026
2026-01-28,0.026240576,0.014979273,0.014516204,0.0075349337,0.006555685,0.0021635902,0.0011554045,-7.850935e-05,-0.0016028078,-0.022347506,2026
2026-01-29,0.03763133,0.023685424,0.024045745,0.018696787,0.01755143,0.010338249,0.015451223,0.0075499676,0.016300945,-0.013266734,2026
2026-01-30,0.038950507,0.033549648,0.028721116,0.02835709,0.02499569,0.02162514,0.022114346,0.023625992,0.026256964,0.021577874,2026
2026-02-02,0.05143518,0.044015314,0.039582342,0.037739143,0.03736485,0.036402635,0.03470511,0.034452394,0.035003204,0.02482374,2026
2026-02-03,0.039854653,0.03298694,0.031898376,0.029941754,0.033371955,0.025878275,0.030478356,0.028474402,0.03333987,0.022836376,2026
2026-02-04,0.037782032,0.038167134,0.034331974,0.034633752,0.03581598,0.03944921,0.035720192,0.0455778,0.04661818,0.041255366,2026
2026-02-05,0.016371587,0.022935659,0.023456518,0.021827938,0.024163704,0.02947715,0.035937563,0.03624311,0.039920915,0.030337717,2026
2026-02-06,-0.021335483,-0.01554853,-0.016374107,-0.0048177578,-0.002931177,-0.006886533,0.0038487904,0.012326792,0.011414057,0.01346289,2026
2026-02-09,-0.0528167,-0.046959743,-0.042137794,-0.040274903,-0.025134431,-0.029350253,-0.016602239,-0.013080013,-0.007610931,-0.011131404,2026
2026-02-10,-0.034625694,-0.030962983,-0.019752732,-0.023280263,-0.016068984,-0.017226001,-0.011663599,-0.009369962,-0.0015129448,-0.0042173816,2026
2026-02-11,-0.017053517,-0.013150885,-0.011865994,-0.0120499255,-0.011026495,-0.0022355993,-0.009713852,-0.003772102,0.006630273,0.0066242535,2026
2026-02-12,-0.019988675,-0.020178733,-0.019265642,-0.019359494,-0.020707458,-0.015263855,-0.017552886,-0.016329056,-0.011060615,0.009079564,2026
2026-02-13,-0.0055056876,-0.0052759163,-0.0076964814,-0.003693782,-0.0035270625,-0.00035947005,-0.003932247,0.00088624336,0.011907956,0.027030038,2026
2026-02-24,-0.013983914,-0.013419783,-0.0102711255,-0.013741736,-0.015100511,-0.006340691,-0.0128835365,0.00023704466,0.006294453,0.030444779,2026
2026-02-25,-0.019294826,-0.021273796,-0.016656894,-0.024078554,-0.020843865,-0.013918265,-0.007264886,-0.012891158,-0.0048865965,0.004960666,2026
2026-02-26,-0.023227625,-0.02526844,-0.024487324,-0.028186018,-0.03492757,-0.021939399,-0.012593335,-0.016702522,-0.014658208,-0.018770387,2026
2026-02-27,-0.003076251,-0.0079065105,-0.015156571,-0.02563147,-0.022294382,-0.02500854,-0.01576368,-0.025059437,-0.033859126,-0.046795715,2026
2026-03-02,0.010614818,0.009603985,0.004194547,-0.004817871,-0.012326775,-0.0050693206,-0.013776821,-0.010207136,-0.017467653,-0.03602988,2026
2026-03-03,0.023065368,0.017436326,0.015444932,0.008705703,0.010059991,0.0070958147,-0.0015732615,-0.008228559,-0.0049437373,-0.016187284,2026
2026-03-04,-0.0024179074,-0.0037847394,-0.009553842,-0.017050825,-0.016300002,-0.022330225,-0.024498371,-0.021318331,-0.02176253,-0.03182027,2026
2026-03-05,-0.042034764,-0.03683441,-0.040654168,-0.039457686,-0.04361404,-0.040196165,-0.042856596,-0.040379625,-0.032330383,-0.045089476,2026
2026-03-06,-0.08816528,-0.07824339,-0.084486805,-0.07431542,-0.076480985,-0.07622767,-0.07556346,-0.07275955,-0.059081398,-0.0783077,2026
2026-03-09,-0.112791635,-0.10834164,-0.105957665,-0.102752335,-0.10058277,-0.10428391,-0.09788515,-0.09263159,-0.081785046,-0.07449698,2026
2026-03-10,-0.07727076,-0.07788945,-0.07235846,-0.0773567,-0.07678786,-0.075655855,-0.06723099,-0.063666604,-0.06261173,-0.064793505,2026
2026-03-11,-0.08016669,-0.07141939,-0.07724756,-0.070412405,-0.06868731,-0.0743499,-0.075359516,-0.06562472,-0.058745652,-0.0596596,2026
2026-03-12,-0.07296397,-0.067323565,-0.0696611,-0.06891765,-0.06568616,-0.07240694,-0.06825407,-0.06452699,-0.054272648,-0.0596949,2026
2026-03-13,-0.06645089,-0.05688054,-0.061864544,-0.057762273,-0.052374605,-0.05882664,-0.063933425,-0.04831859,-0.044677597,-0.03512278,2026
2026-03-16,-0.05170079,-0.047553927,-0.050861187,-0.056747496,-0.049452204,-0.05240789,-0.055509143,-0.043812353,-0.03864967,-0.040534705,2026
2026-03-17,-0.045857247,-0.04007963,-0.036599785,-0.03881853,-0.038691834,-0.03642252,-0.033938393,-0.033358496,-0.029463604,-0.030874493,2026
2026-03-18,-0.044437174,-0.03760125,-0.042001966,-0.031036591,-0.036701575,-0.032869525,-0.03666539,-0.023557702,-0.025802674,-0.041410845,2026
2026-03-19,-0.04661974,-0.041651778,-0.037893005,-0.034117516,-0.040341552,-0.036906358,-0.03812138,-0.03724364,-0.030543229,-0.052005097,2026
2026-03-20,0.021077568,0.02190318,0.024101024,0.02424512,0.017817812,0.014920393,0.011825203,0.014554147,0.0093106935,-0.015038406,2026
2026-03-23,0.056260686,0.06519847,0.06327486,0.05643177,0.062489256,0.054265484,0.044267643,0.049351152,0.037276976,-0.002889757,2026
2026-03-24,0.012405707,0.014252821,0.0228243,0.02731409,0.027551234,0.014959686,0.015943505,0.017933311,0.014615083,-0.018925892,2026
2026-03-25,0.028961005,0.029783148,0.038860876,0.044234734,0.038198724,0.034260467,0.03597822,0.030320564,0.026950018,-0.006710782,2026
2026-03-26,0.021025987,0.02809958,0.030704819,0.03335481,0.03086528,0.032278106,0.028101237,0.025569068,0.022982726,-0.009797822,2026
2026-03-27,0.015518196,0.023814524,0.034004286,0.036424708,0.03586183,0.035647266,0.035041217,0.03258343,0.031269018,0.009412586,2026
2026-03-30,0.007910515,0.019749278,0.029409196,0.031035904,0.035331525,0.03982797,0.03856741,0.03778518,0.046545185,0.03269306,2026
2026-03-31,0.020606907,0.029470783,0.029223083,0.03704995,0.034427498,0.03267481,0.035758503,0.033137348,0.051542886,0.021170948,2026
2026-04-01,0.03113045,0.035280675,0.051665135,0.045607727,0.04530369,0.050881866,0.048427567,0.05151459,0.05827572,0.058784056,2026
2026-04-02,0.070416614,0.07605518,0.08198632,0.08177932,0.07794552,0.08025968,0.070522495,0.0730138,0.085627116,0.066351205,2026
2026-04-03,0.05208796,0.063323885,0.07310806,0.071840234,0.07137351,0.0699871,0.06708743,0.07263537,0.07669391,0.06815353,2026
2026-04-07,0.0113427425,0.028055446,0.044750877,0.028562294,0.036878295,0.043674305,0.04072241,0.04245007,0.050273538,0.06388752,2026
2026-04-08,0.004136666,0.018762453,0.03107077,0.036738187,0.023852628,0.03746698,0.032678634,0.034569435,0.047263727,0.06676287,2026
2026-04-09,-0.001597371,0.008379803,0.008364344,0.004080508,0.0077987798,0.012120173,0.009000412,0.011973537,0.03087595,0.048519984,2026
2026-04-10,0.017284032,0.019190595,0.011826878,0.017163292,0.014618962,0.017836347,0.016769914,0.02323328,0.03641288,0.054695446,2026
2026-04-13,0.026094064,0.007876153,0.00032949785,0.005313389,0.0025887813,0.009310116,0.008572884,0.011927844,0.027680675,0.039994724,2026
2026-04-14,0.038195033,0.011642685,0.0078107226,0.0021040642,0.0014921275,0.00923113,0.0019735398,0.009663301,0.030066784,0.04041592,2026
2026-04-15,0.042482875,0.015681176,0.010757722,0.0073348028,0.0075408015,0.008861981,0.007812278,0.014624943,0.025717076,0.036304858,2026
2026-04-16,0.044374187,0.024424912,0.015855907,0.010417365,0.01642672,0.009984969,0.02144014,0.025505444,0.034709163,0.051756956,2026
2026-04-17,0.04656402,0.022489745,0.014117855,0.008295899,0.010544623,0.017094964,0.021827664,0.03236454,0.042855304,0.06634267,2026
2026-04-20,0.04970791,0.033933215,0.027246844,0.020049065,0.023115868,0.030346371,0.031766444,0.037097204,0.06371537,0.08327186,2026
2026-04-21,0.061478652,0.037095677,0.034960885,0.03170251,0.03255324,0.03976085,0.029898401,0.048767906,0.06101594,0.089594916,2026
2026-04-22,0.057783503,0.03627017,0.03188041,0.025313778,0.035105478,0.0430227,0.034408793,0.03931995,0.07917741,0.091592304,2026
2026-04-23,0.059607565,0.041466545,0.043488026,0.04621555,0.049224645,0.045789994,0.04885653,0.06123402,0.08521512,0.11696962,2026
2026-04-24,0.04222167,0.029147472,0.030799912,0.03567731,0.037307043,0.042306192,0.04471362,0.060729675,0.09128803,0.11411386,2026
2026-04-27,0.027160784,0.029343352,0.026074631,0.028072868,0.0364812,0.03426782,0.04582379,0.048806824,0.057750966,0.09175636,2026
2026-04-28,0.01172244,0.01601355,0.019845936,0.00957367,0.02572769,0.02556603,0.030295312,0.046162415,0.044508237,0.074269824,2026
2026-04-29,0.0021239587,0.019758679,0.01651515,0.013928752,0.027015746,0.028386792,0.023146192,0.03808637,0.055265203,0.07907478,2026
2026-04-30,-0.012932053,0.005097967,-7.852343e-05,0.005073961,0.008627497,0.0035962916,0.009825779,0.031712722,0.04059618,0.050061386,2026
2026-05-06,-0.0254643,-0.013469536,-0.005041331,-0.006344131,-0.0029232155,-0.002644882,-0.0001939758,0.006589899,0.03571775,0.03576511,2026
2026-05-07,-0.05004088,-0.035735585,-0.031175965,-0.034782715,-0.026796728,-0.03191701,-0.02200506,-0.016864523,0.013762625,0.005919817,2026
2026-05-08,-0.051665083,-0.040693387,-0.031172728,-0.035298284,-0.031988,-0.035998568,-0.018732693,-0.01390648,0.001385256,-0.00017092018,2026
2026-05-11,-0.063399464,-0.05343047,-0.040397707,-0.03632391,-0.044022273,-0.03514584,-0.031243293,-0.01744859,-0.012279904,-0.013902164,2026
2026-05-12,-0.08335727,-0.06838444,-0.05462982,-0.050629076,-0.06017366,-0.045880247,-0.040895034,-0.03184899,-0.019053278,-0.026846739,2026
2026-05-13,-0.08350895,-0.06706946,-0.051652066,-0.052338842,-0.05806776,-0.05372641,-0.048021972,-0.039398104,-0.024458818,-0.039842118,2026
2026-05-14,-0.08574097,-0.06621199,-0.051288635,-0.04982114,-0.057625562,-0.050552737,-0.03978313,-0.030266289,-0.016393775,-0.013799324,2026
2026-05-15,-0.06968104,-0.048141282,-0.039202698,-0.049129177,-0.039912652,-0.04402118,-0.038691185,-0.03478033,-0.030755484,-0.030997466,2026
2026-05-18,-0.088766426,-0.06405447,-0.05488136,-0.05876889,-0.06252921,-0.04820959,-0.054940253,-0.049801506,-0.051013444,-0.05429307,2026
2026-05-19,-0.09289286,-0.06860948,-0.055666387,-0.06149524,-0.056966674,-0.055339772,-0.054046806,-0.052340165,-0.043991476,-0.029522859,2026
2026-05-20,-0.10333102,-0.07457864,-0.07075933,-0.07475457,-0.06883866,-0.064899534,-0.06680636,-0.053161304,-0.040663358,-0.034664053,2026
2026-05-21,-0.079067625,-0.06422447,-0.052410908,-0.05351088,-0.0527947,-0.056631267,-0.04314846,-0.04268099,-0.027985854,-0.01682469,2026
2026-05-22,-0.09470731,-0.07522341,-0.073974706,-0.08374042,-0.078926444,-0.07684156,-0.079631075,-0.08015048,-0.06012501,-0.061224986,2026
2026-05-25,-0.075993836,-0.06629698,-0.06639232,-0.07486147,-0.07014101,-0.07295665,-0.074299715,-0.07152102,-0.049584076,-0.039496254,2026
2026-05-26,-0.069484964,-0.061319243,-0.06017285,-0.0628238,-0.0668998,-0.06444785,-0.07604619,-0.06565942,-0.03644515,-0.038569566,2026
2026-05-27,-0.08329188,-0.0683086,-0.07043224,-0.06527197,-0.07022187,-0.06378149,-0.07208793,-0.064848356,-0.04267529,-0.0330833,2026
2026-05-28,-0.0539527,-0.048095632,-0.04318268,-0.045134515,-0.054369636,-0.04647636,-0.043100007,-0.039273176,-0.037221458,-0.022113824,2026
2026-05-29,-0.059247844,-0.04358521,-0.043414447,-0.037637275,-0.030610522,-0.030190859,-0.015742831,-0.019031197,-0.004565142,-0.008920928,2026
2026-06-01,-0.044347152,-0.024913272,-0.027881458,-0.016922181,-0.01536255,-0.0033129952,-0.00030765298,0.006186014,0.015391577,0.010135282,2026
2026-06-02,-0.040659882,-0.025889153,-0.028083365,-0.016277336,-0.01382925,-0.009903055,-0.0043016374,0.011176683,0.004176674,0.0126392385,2026
2026-06-03,-0.030916424,-0.015807703,-0.016358213,-0.004160913,-0.006436595,-0.0023024615,0.020441176,0.016520927,0.016733337,0.019810459,2026
2026-06-04,-0.052410565,-0.036245015,-0.026567234,-0.024212388,-0.02281573,-0.014831511,0.01645006,0.0090896245,0.01886652,0.02626391,2026
2026-06-05,-0.004501798,0.013707143,0.020019338,0.016252737,0.02725811,0.017949447,0.05226263,0.048418473,0.056920458,0.06619358,2026
2026-06-08,-0.025011227,-0.002231422,0.0070995716,0.0029757791,0.014601369,0.03048184,0.026597325,0.027099691,0.03370019,0.025572436,2026
2026-06-09,-0.03840564,-0.020891547,9.5707226e-05,-0.0064659333,-0.008089387,0.020389926,0.035508808,0.026816066,0.044124424,0.058949288,2026
2026-06-10,-0.042171232,-0.022485353,-0.015034669,-0.016028835,0.0026761128,0.0074767754,0.017319355,0.03118971,0.03151109,0.038638692,2026
2026-06-11,-0.08414223,-0.065874495,-0.052746892,-0.05301837,-0.03455824,-0.025706878,-0.016240202,0.0037376166,0.015795982,0.03653049,2026
2026-06-12,-0.08287547,-0.07047168,-0.059128013,-0.05544743,-0.03513419,-0.030754725,-0.01762074,-0.005262407,0.026072765,0.050560627,2026
2026-06-15,-0.050673015,-0.048599087,-0.031252455,-0.034054343,-0.026040675,-0.011526827,-0.01000073,0.018811753,0.026144126,0.037787158,2026
2026-06-16,-0.027196817,-0.023563804,-0.018947028,-0.0145152435,-0.012248479,-0.014736802,0.008047646,-0.001089592,0.014037666,0.007727135,2026
2026-06-17,-0.018443476,-0.0145974355,-0.008638279,-0.0107209,-0.00850468,-0.013048567,-0.0037932275,7.527419e-05,-0.0028827097,-0.019621512,2026
2026-06-18,-0.002913483,0.0036487232,0.008188761,-0.0007450853,0.0057944497,-0.0050567975,0.010546603,0.0017665012,-0.010754668,-0.05083264,2026
2026-06-22,-0.071944654,-0.054176215,-0.04816625,-0.04673124,-0.044561714,-0.033918224,-0.036355633,-0.030544147,-0.038865328,-0.0783058,2026
2026-06-23,-0.05610822,-0.044927772,-0.046937253,-0.04073067,-0.041475106,-0.036428194,-0.041274417,-0.037642013,-0.0493512,-0.09909372,2026
2026-06-24,-0.047405828,-0.03831586,-0.036337823,-0.040438943,-0.039492942,-0.042437,-0.03858846,-0.045583256,-0.060146317,-0.10566921,2026
2026-06-25,0.008510544,0.018419072,0.014188106,0.009093308,0.0020489576,0.008239693,-0.004231109,-0.0033166725,-0.03522339,-0.08268651,2026
2026-06-26,-0.007843755,-0.0014829184,-0.0027910813,-0.0105169155,-0.009490776,-0.014212429,-0.021636583,-0.03723886,-0.053438675,-0.087354235,2026
2026-06-29,-0.033758473,-0.030550526,-0.02638955,-0.031876728,-0.03170326,-0.038266018,-0.03662166,-0.05920282,-0.0739667,-0.114509925,2026
2026-06-30,-0.015686821,-0.016704796,-0.019777978,-0.03276594,-0.035316784,-0.031466406,-0.042298943,-0.056327984,-0.099635236,-0.15451999,2026
2026-07-01,-0.024651833,-0.024175242,-0.037158884,-0.033598203,-0.057658378,-0.041022427,-0.052625053,-0.08402699,-0.096540146,-0.15897289,2026
2026-07-02,-0.053581636,-0.04740071,-0.058282237,-0.06598354,-0.08482403,-0.07580365,-0.0874438,-0.11638117,-0.11943905,-0.16657057,2026
2026-07-03,-0.0711278,-0.06105603,-0.07266472,-0.08027605,-0.098114416,-0.095651045,-0.11221157,-0.14426322,-0.15488738,-0.21440281,2026
2026-07-06,-0.08761122,-0.07251636,-0.07475917,-0.075615756,-0.09874482,-0.10195971,-0.123866804,-0.14154603,-0.13051361,-0.17746785,2026
2026-07-07,-0.06046733,-0.0432118,-0.050189,-0.04899263,-0.06421123,-0.07265747,-0.088493116,-0.09762567,-0.10213924,-0.14108698,2026
2026-07-08,-0.04957937,-0.047866486,-0.041923735,-0.033643935,-0.057399414,-0.06643587,-0.0788469,-0.084953636,-0.07456311,-0.089787394,2026
2026-07-09,-0.077748075,-0.07913591,-0.07962562,-0.070662215,-0.08387805,-0.09340708,-0.09524848,-0.11295456,-0.10692194,-0.13615155,2026
2026-07-10,-0.03131848,-0.02744548,-0.028299892,-0.031976715,-0.047156505,-0.050965626,-0.059269696,-0.086131535,-0.08606099,-0.122565895,2026
2026-07-13,-0.012461886,-0.017431429,-0.014107088,-0.026256278,-0.035020337,-0.049184494,-0.062459875,-0.05958119,-0.04725856,-0.04249745,2026
2026-07-14,-0.024694396,-0.029016921,-0.029597828,-0.038304213,-0.051478572,-0.06797095,-0.07717913,-0.07850754,-0.07225352,-0.07228579,2026
2026-07-15,-0.04863922,-0.044152554,-0.050185025,-0.048154663,-0.05354492,-0.069732465,-0.06581639,-0.05023576,-0.041979097,-0.02992145,2026
2026-07-16,0.002844156,0.004652331,-0.0014589544,0.003421984,-0.010790503,-0.01700709,-0.019647665,-0.021321198,-0.011248292,-0.015573398,2026
2026-07-17,0.03318406,0.047688294,0.033077724,0.027763955,0.029797457,0.035753608,0.026667882,0.018042214,0.018346002,0.014221746,2026
2026-07-20,0.114656374,0.10882297,0.0955532,0.087625645,0.087070525,0.072495446,0.05848221,0.04938152,0.025438445,0.021392697,2026
2026-07-21,0.12248535,0.112136416,0.09793428,0.085197106,0.09117229,0.0723487,0.05694398,0.034552943,0.018121952,0.012985212,2026
2026-07-22,0.12099979,0.11364049,0.10154009,0.09935212,0.0974408,0.07369934,0.061326955,0.03600702,0.01632568,0.008127411,2026
2026-07-23,0.14265399,0.12841511,0.119413204,0.11241008,0.10220075,0.083685696,0.06956839,0.053097274,0.031733837,0.0149525525,2026
2026-07-24,0.12790339,0.12085333,0.12134088,0.11858802,0.10977314,0.10377371,0.08706541,0.070399754,0.054973274,0.03321583,2026
2026-07-27,0.12861395,0.11615591,0.11366768,0.11099206,0.10360356,0.09076692,0.078666404,0.06902821,0.052798904,0.03341994,2026
2026-07-28,0.18921597,0.1606937,0.14247987,0.12747958,0.10738298,0.094118185,0.071997076,0.055467684,0.03918513,0.015654396,2026
2026-07-29,0.20983206,0.16950658,0.16057736,0.13980134,0.11470302,0.0965546,0.07930823,0.06256765,0.04356957,0.009739169,2026
2026-07-30,0.17435034,0.13627581,0.11695105,0.101851895,0.08321553,0.062356718,0.04591429,0.03755925,0.009542733,-0.006229557,2026
2026-07-31,0.1880445,0.1561159,0.14011373,0.11560731,0.08261381,0.064998515,0.043010462,0.03378512,0.018062595,-0.0021189833,2026
2026-08-03,0.19476064,0.14855133,0.11421278,0.07994364,0.06829144,0.052711427,0.028447254,0.020428263,0.0072027748,-0.005236524,2026
2026-08-04,0.079369105,0.05576341,0.04373676,0.026933009,0.019367272,0.012080906,-0.0013589791,-0.0048562186,-0.0031492643,-0.0033783703,2026
2026-08-05,0.036030438,0.033946324,0.027343832,0.02159624,0.017609315,0.009448115,0.0075959098,-0.0015878162,-0.0032364312,0.0021754138,2026
2026-08-06,0.02532427,0.018838607,0.0191841,0.010653877,0.007880861,0.0040956615,-0.0057585007,-0.012742306,-0.011378621,-0.0087212445,2026
2026-08-07,0.0013206073,-0.0030788735,-0.005355642,-0.014496479,-0.016633572,-0.024053814,-0.02789736,-0.03671229,-0.032766994,-0.028513836,2026
2026-08-10,0.0038992015,-0.006532146,-0.009276105,-0.014957054,-0.010821477,-0.023078775,-0.02948122,-0.024298534,-0.03581631,-0.026173588,2026
2026-08-11,-0.0073467433,-0.009632015,-0.014897337,-0.010260493,-0.0070406166,-0.016571682,-0.016196985,-0.015055477,-0.023110004,-0.016295183,2026
2026-08-12,0.001108907,-0.0024670905,-0.01320183,-0.0075509544,-0.009712439,-0.015967147,-0.015276376,-0.015519,-0.022118589,-0.02000888,2026
2026-08-13,0.033612795,0.019154504,0.014147798,0.016163604,0.012700952,0.0015346555,0.011441736,0.0107929,-0.0010801163,-0.0042100037,2026
2026-08-14,0.0075791935,0.0015878978,-0.0024613074,-0.0010371823,-0.000506778,-0.0052342094,0.002973651,-0.003486094,-0.005486782,-0.009801716,2026
2026-08-17,0.015243231,-6.246519e-05,-0.0019162837,0.007045847,-0.0020535963,0.0041434313,0.0023225301,0.005272039,0.0049371216,-0.007767853,2026
2026-08-18,0.04111677,0.029967098,0.02876641,0.024339687,0.022063227,0.019704433,0.015894461,0.012560732,0.006573294,0.0028008283,2026
2026-08-19,0.025989369,0.03088835,0.033051424,0.02382929,0.02893353,0.030860707,0.017763311,0.008828001,0.010467433,0.007553647,2026
2026-08-20,0.025742415,0.034405995,0.029545054,0.029098388,0.043319218,0.035804454,0.031930435,0.03277367,0.023022091,0.018138165,2026
2026-08-21,0.04309683,0.04092508,0.03890371,0.035762236,0.045180067,0.03693231,0.03602737,0.028110947,0.0227553,0.012706494,2026
