date,rankic,ndcg10,overlap10,topq,g1,g2,g10,g1_g2,g1_g10,year,_fri
2019-01-02,0.1009480751973474,0.5762856424337298,0.05621301775147929,0.540724515914917,0.052634154,0.052829985,0.04529299,-0.00019583106,0.007341165,2019,False
2019-01-03,0.12918626105100237,0.5957015452896897,0.07374631268436578,0.5575075149536133,0.0457931,0.0431935,0.03126587,0.0025996007,0.014527231,2019,False
2019-01-04,0.2166759033426755,0.6075869641453058,0.06489675516224189,0.581541121006012,0.030298868,0.028106509,-0.0020677655,0.0021923594,0.032366633,2019,True
2019-01-07,0.2032272516611935,0.6061555582120878,0.07079646017699115,0.5766652226448059,0.019918427,0.016480185,-0.01060093,0.0034382418,0.030519357,2019,False
2019-01-08,0.20762423881153738,0.5920161494701032,0.07374631268436578,0.5695968866348267,0.0061884564,0.0020830228,-0.030800594,0.004105434,0.03698905,2019,False
2019-01-09,0.16751664696635507,0.5822959053693076,0.07374631268436578,0.5509163737297058,0.016431669,0.011622042,-0.024619365,0.0048096264,0.041051034,2019,False
2019-01-10,0.2002056822867994,0.5770067247463948,0.07352941176470588,0.5485954880714417,0.014970378,0.010116954,-0.037457418,0.0048534237,0.052427795,2019,False
2019-01-11,0.20233584310481764,0.5540639260023942,0.047058823529411764,0.5328724384307861,0.0041639996,0.0024986765,-0.051711738,0.001665323,0.055875737,2019,True
2019-01-14,0.28511320629155024,0.584061845293044,0.05,0.570909321308136,-0.020990834,-0.02318286,-0.09726787,0.002192026,0.07627704,2019,False
2019-01-15,0.17153830531713576,0.4815696433484692,0.05,0.4760364294052124,-0.04887243,-0.039431836,-0.103459045,-0.009440593,0.054586615,2019,False
2019-01-16,0.15494095938369773,0.47532671905229973,0.041176470588235294,0.4656412601470947,-0.05986591,-0.046827924,-0.12270657,-0.013037987,0.062840655,2019,False
2019-01-17,0.1561921540085647,0.49057691664907993,0.03823529411764706,0.48420876264572144,-0.045591217,-0.03684565,-0.10583575,-0.008745566,0.060244534,2019,False
2019-01-18,0.0760262108306818,0.4407379473826874,0.04398826979472141,0.4352164566516876,-0.03738062,-0.026569122,-0.075158305,-0.010811498,0.037777685,2019,True
2019-01-21,0.1069386219679865,0.4682683188458357,0.026392961876832845,0.4637521803379059,-0.009635212,-0.0037556645,-0.050003253,-0.0058795474,0.040368043,2019,False
2019-01-22,0.1310730501131786,0.47327636970729714,0.0469208211143695,0.46858182549476624,0.013063786,0.017650705,-0.031225035,-0.004586919,0.04428882,2019,False
2019-01-23,0.12282634069501841,0.46148321445871054,0.05571847507331378,0.4637402296066284,0.015879035,0.023876866,-0.025323099,-0.007997831,0.041202135,2019,False
2019-01-24,0.06684513858730914,0.44827860296779426,0.03225806451612903,0.44428491592407227,0.015285401,0.02961213,-0.0037653362,-0.014326729,0.019050736,2019,False
2019-01-25,0.012523283219704593,0.44670092743100176,0.05865102639296188,0.4446620047092438,0.044718593,0.046946496,0.033444967,-0.0022279024,0.011273626,2019,True
2019-01-28,-0.0715755172824692,0.48232408105786334,0.06744868035190615,0.46192774176597595,0.09269886,0.09058128,0.10053992,0.0021175742,-0.0078410655,2019,False
2019-01-29,-0.21867213552870574,0.40536551211469185,0.03508771929824561,0.38865554332733154,0.08267389,0.08546298,0.12737504,-0.0027890876,-0.044701144,2019,False
2019-01-30,-0.3423053832775915,0.3698236309323755,0.03216374269005848,0.3494958281517029,0.10128356,0.10104245,0.18835214,0.00024110824,-0.08706858,2019,False
2019-01-31,-0.29550206378276683,0.4124271926503659,0.03216374269005848,0.3919096887111664,0.09972019,0.09417339,0.18561345,0.005546801,-0.085893266,2019,False
2019-02-01,-0.30173011540004674,0.36545481158841864,0.02631578947368421,0.35272324085235596,0.10909473,0.11592562,0.20799235,-0.006830886,-0.09889761,2019,True
2019-02-11,-0.1902000766761065,0.4545837851597748,0.029239766081871343,0.4258899390697479,0.13025549,0.12628697,0.19364537,0.003968522,-0.06338988,2019,False
2019-02-12,-0.14245028662464893,0.4705525381451186,0.038011695906432746,0.44651052355766296,0.110842764,0.109498456,0.16476606,0.0013443083,-0.053923294,2019,False
2019-02-13,-0.025770515487625486,0.5289881118004298,0.037900874635568516,0.5034694075584412,0.11086652,0.1100386,0.13372512,0.00082791597,-0.022858605,2019,False
2019-02-14,-0.09103159379781853,0.4736299413891522,0.03498542274052478,0.46128547191619873,0.099639736,0.09816717,0.12731068,0.0014725626,-0.027670942,2019,False
2019-02-15,-0.06497329619184868,0.4982382294682084,0.03498542274052478,0.4749164283275604,0.10799528,0.111913346,0.13382262,-0.0039180666,-0.02582734,2019,True
2019-02-18,-0.06953825883099847,0.5119683562901551,0.04081632653061224,0.4774284362792969,0.10528036,0.104381986,0.14059387,0.0008983761,-0.03531351,2019,False
2019-02-19,-0.019037518321987353,0.5379971754002981,0.04678362573099415,0.4980042278766632,0.13668074,0.13888885,0.16679673,-0.0022081137,-0.030115992,2019,False
2019-02-20,0.018961965715498654,0.5587681618704075,0.05847953216374269,0.5194887518882751,0.15709949,0.15789194,0.17569582,-0.00079245865,-0.018596336,2019,False
2019-02-21,0.015325383615692509,0.5568393114485913,0.04664723032069971,0.5172082185745239,0.13634701,0.14251024,0.15029714,-0.0061632246,-0.013950124,2019,False
2019-02-22,0.09316805386449818,0.5902266222018787,0.0641399416909621,0.5541114807128906,0.09599542,0.09718949,0.077523,-0.0011940747,0.018472418,2019,True
2019-02-25,0.04946139429017571,0.593985539358548,0.07017543859649122,0.5596078038215637,0.10837045,0.100871004,0.094397046,0.007499449,0.013973407,2019,False
2019-02-26,0.012888720032469698,0.5883176177037196,0.05847953216374269,0.5490810871124268,0.10583168,0.10009203,0.11491267,0.0057396516,-0.009080984,2019,False
2019-02-27,0.0713372779643954,0.5890209504926706,0.07017543859649122,0.5521537661552429,0.06658833,0.06715225,0.072880454,-0.00056391954,-0.006292127,2019,False
2019-02-28,0.09830842889613059,0.5824000923635175,0.06725146198830409,0.5587860941886902,0.07834122,0.08008909,0.07656756,-0.001747869,0.0017736629,2019,False
2019-03-01,0.16396091335879961,0.6254502088056006,0.07309941520467836,0.5922427177429199,0.070657454,0.06276764,0.038917176,0.007889815,0.031740278,2019,True
2019-03-04,0.1583306705880372,0.6242790078418357,0.0935672514619883,0.588966965675354,0.07518593,0.06733906,0.036813103,0.0078468695,0.03837283,2019,False
2019-03-05,0.21929199234759875,0.6295460200502483,0.0847953216374269,0.6068011522293091,0.04904708,0.04278388,-0.0005173641,0.0062632,0.049564444,2019,False
2019-03-06,0.14989089765483093,0.5840778577385594,0.09064327485380116,0.5593488812446594,0.037802555,0.03524196,-0.005278867,0.0025605932,0.04308142,2019,False
2019-03-07,0.24980304803255582,0.6256234902540221,0.0935672514619883,0.5990461111068726,0.06557748,0.05623204,-0.0017999762,0.009345438,0.067377456,2019,False
2019-03-08,0.3045606832940394,0.6404618606198972,0.10526315789473684,0.6113777756690979,0.06933174,0.071160674,-0.0089419475,-0.0018289313,0.07827369,2019,True
2019-03-11,0.3247067006176262,0.6491141082311459,0.09941520467836257,0.6172394156455994,0.022994893,0.022488596,-0.055329587,0.00050629675,0.07832448,2019,False
2019-03-12,0.31678276480828127,0.6396050988380612,0.12609970674486803,0.6149587631225586,0.015083168,0.0059610573,-0.070519075,0.009122111,0.08560224,2019,False
2019-03-13,0.23000830714748796,0.6187365613892247,0.11436950146627566,0.5952748656272888,0.050199363,0.049924508,-0.013627307,0.00027485564,0.06382667,2019,False
2019-03-14,0.18123513850811782,0.598832357169089,0.09649122807017543,0.5787809491157532,0.034026433,0.03490323,-0.019631187,-0.0008767955,0.05365762,2019,False
2019-03-15,0.10953541908172983,0.5830265574709731,0.08187134502923976,0.5566009283065796,0.05248566,0.059613213,0.023718188,-0.007127553,0.028767472,2019,True
2019-03-18,0.12235991070130188,0.5950543701978559,0.0847953216374269,0.5668877363204956,0.058240283,0.055181634,0.033728745,0.0030586496,0.024511538,2019,False
2019-03-19,0.16412894070832873,0.5823715840437286,0.07038123167155426,0.5586755275726318,0.061714597,0.061364055,0.0298867,0.00035054237,0.031827897,2019,False
2019-03-20,0.21467573394875974,0.5848941983909386,0.05555555555555555,0.5645202398300171,0.0542407,0.060600337,0.007933024,-0.006359637,0.046307676,2019,False
2019-03-21,0.2553722479021789,0.5900637142511979,0.05847953216374269,0.5719180703163147,0.05890634,0.06508815,0.009548068,-0.006181814,0.04935827,2019,False
2019-03-22,0.23071254563466725,0.5864296230048016,0.05865102639296188,0.5651928186416626,0.054544616,0.056743253,0.011645029,-0.0021986365,0.042899586,2019,True
2019-03-25,0.18244446768446484,0.5920287035768689,0.05865102639296188,0.565686821937561,0.07463802,0.07361558,0.03235472,0.0010224357,0.042283297,2019,False
2019-03-26,0.24250232433319943,0.6357799277432233,0.09411764705882353,0.6070681214332581,0.09588412,0.08313815,0.04058226,0.012745969,0.055301864,2019,False
2019-03-27,0.236710328394972,0.6419647568902574,0.08797653958944282,0.6102265119552612,0.07503764,0.075335816,0.02561145,-0.00029817224,0.04942619,2019,False
2019-03-28,0.23998103856821804,0.6531514115645063,0.08797653958944282,0.6185228824615479,0.08415433,0.07764348,0.039686266,0.006510854,0.044468064,2019,False
2019-03-29,0.31314122678519823,0.6716749665986469,0.09970674486803519,0.6441270112991333,0.032503508,0.02574914,-0.02396828,0.0067543685,0.056471787,2019,True
2019-04-01,0.32037250099174686,0.6824971918866684,0.11695906432748537,0.6529106497764587,0.04586772,0.033441838,-0.015582347,0.012425881,0.061450064,2019,False
2019-04-02,0.2799898613972298,0.6899552427824525,0.12280701754385964,0.660430908203125,0.041318938,0.025483359,-0.00340231,0.01583558,0.04472125,2019,False
2019-04-03,0.3007932059338418,0.6956812738425947,0.1286549707602339,0.6655250787734985,0.029046379,0.017698003,-0.018152768,0.011348376,0.047199145,2019,False
2019-04-04,0.25081314316958286,0.6807056322040148,0.10818713450292397,0.6544189453125,0.032578204,0.019780528,-0.006439265,0.012797676,0.03901747,2019,False
2019-04-08,0.2030549805710066,0.6495116197108318,0.10526315789473684,0.6219155192375183,0.0044350903,0.0020399145,-0.021696094,0.0023951759,0.026131185,2019,False
2019-04-09,0.16354642770585642,0.6103187016967371,0.10526315789473684,0.5923608541488647,-0.0004899826,-0.005517553,-0.031987924,0.0050275703,0.03149794,2019,False
2019-04-10,0.11246831830288363,0.5813528792372537,0.09064327485380116,0.5631934404373169,-0.014140143,-0.013801029,-0.037612084,-0.0003391141,0.02347194,2019,False
2019-04-11,0.09500198835738533,0.5537595773090549,0.07917888563049853,0.5375338196754456,-0.035348494,-0.03956635,-0.057351492,0.0042178556,0.022002999,2019,False
2019-04-12,0.11496227362627676,0.5430101600374929,0.06451612903225806,0.5230313539505005,-0.07517224,-0.072097465,-0.10602306,-0.0030747727,0.03085082,2019,True
2019-04-15,0.19800110454802222,0.6079712101178554,0.07352941176470588,0.5814148783683777,-0.0574634,-0.060951672,-0.1076467,0.0034882724,0.050183304,2019,False
2019-04-16,0.2751126732926639,0.626128695353652,0.10850439882697947,0.601854145526886,-0.1217704,-0.1275852,-0.18949144,0.0058148056,0.06772104,2019,False
2019-04-17,0.29593218607935357,0.6382227678384106,0.14327485380116958,0.6084343791007996,-0.12625003,-0.14353748,-0.20582126,0.017287448,0.07957123,2019,False
2019-04-18,0.285622397281253,0.6390397283197581,0.11403508771929824,0.6031443476676941,-0.12141941,-0.12670991,-0.20262966,0.005290501,0.08121025,2019,False
2019-04-19,0.2896510991781372,0.6361566999700003,0.11403508771929824,0.6065709590911865,-0.1275664,-0.13200276,-0.2106096,0.004436359,0.0830432,2019,True
2019-04-22,0.25598561907611866,0.6032211717682676,0.09941520467836257,0.5859473347663879,-0.10221281,-0.10186408,-0.1705936,-0.00034873188,0.068380795,2019,False
2019-04-23,0.22347492816192505,0.5967322133944157,0.08187134502923976,0.5848719477653503,-0.09193861,-0.09126004,-0.15515713,-0.0006785691,0.06321853,2019,False
2019-04-24,0.24684881066505127,0.6297294469047064,0.08211143695014662,0.5972747802734375,-0.08246986,-0.080137454,-0.14338177,-0.0023324043,0.060911916,2019,False
2019-04-25,0.20949404205217997,0.6050899191692732,0.10294117647058823,0.5831243395805359,-0.04309506,-0.047913354,-0.09634364,0.004818294,0.053248577,2019,False
2019-04-26,0.18628226941998674,0.6195018783580933,0.13569321533923304,0.5905000567436218,0.002852802,-0.009667402,-0.04347783,0.012520204,0.04633063,2019,True
2019-04-29,0.12362182030613418,0.6138464929408527,0.10089020771513353,0.5830541253089905,-0.009602728,-0.019707462,-0.032965876,0.0101047335,0.023363147,2019,False
2019-04-30,0.12537694832181245,0.6113363992158529,0.12166172106824925,0.5773578882217407,0.012880065,-0.00010055392,-0.020152947,0.0129806185,0.033033013,2019,False
2019-05-06,0.11838355324537035,0.5945621622496983,0.11572700296735905,0.565026581287384,0.037994724,0.03097024,0.012987895,0.0070244838,0.025006829,2019,False
2019-05-07,0.11165750617118646,0.5849795523904804,0.11242603550295859,0.5545216798782349,0.032935966,0.024661822,0.009738816,0.008274144,0.02319715,2019,False
2019-05-08,0.0265876759914987,0.524128193032814,0.06804733727810651,0.4971694052219391,0.0075453585,0.0076278765,0.0014433762,-8.2517974e-05,0.006101982,2019,False
2019-05-09,0.06543860503959872,0.5154586599196859,0.09467455621301775,0.5021407008171082,-0.0189759,-0.019891102,-0.03807161,0.0009152014,0.01909571,2019,False
2019-05-10,0.09958670669067732,0.5473414043109996,0.06804733727810651,0.5167310237884521,-0.013859785,-0.010551407,-0.039919432,-0.0033083782,0.026059646,2019,True
2019-05-13,0.1043469650499112,0.503548142641836,0.07988165680473373,0.49755552411079407,0.004115447,0.009000774,-0.025512775,-0.0048853266,0.029628223,2019,False
2019-05-14,0.10751724268242817,0.5018833156688632,0.07692307692307693,0.4986128509044647,-0.008288054,-0.005226553,-0.041177012,-0.0030615008,0.032888956,2019,False
2019-05-15,0.11539169548737761,0.5181029949570256,0.047337278106508875,0.4975632429122925,-0.03249483,-0.020236602,-0.06339615,-0.01225823,0.030901317,2019,False
2019-05-16,0.09439701478813034,0.513729524229517,0.04142011834319527,0.49363794922828674,-0.008965778,-0.0014791808,-0.04180403,-0.0074865976,0.03283825,2019,False
2019-05-17,0.048927876741387245,0.4558879499053706,0.07396449704142012,0.46207767724990845,0.0052404297,0.015205533,-0.008261866,-0.009965103,0.013502296,2019,True
2019-05-20,0.021318374748441837,0.4533083334246437,0.05621301775147929,0.4555013179779053,-0.034852143,-0.026450265,-0.045599587,-0.008401878,0.010747444,2019,False
2019-05-21,0.08385798225397596,0.49731734344021866,0.06489675516224189,0.4957546293735504,-0.029944282,-0.024280822,-0.050383314,-0.00566346,0.020439032,2019,False
2019-05-22,0.09362115095095953,0.4927834415867031,0.0471976401179941,0.49498048424720764,-0.035640407,-0.02724849,-0.052054375,-0.008391917,0.016413968,2019,False
2019-05-23,-0.027151458579724865,0.3956197676919544,0.09144542772861357,0.4107849597930908,-0.038320363,-0.01912946,-0.029684192,-0.019190902,-0.008636171,2019,False
2019-05-24,0.022004551308519346,0.4459054265871534,0.06784660766961652,0.45559218525886536,-0.015683834,-0.007322028,-0.0018681744,-0.008361805,-0.013815659,2019,True
2019-05-27,0.10178844926406776,0.5550071089017864,0.029498525073746312,0.537701427936554,-0.010088385,-0.008072085,-0.012956312,-0.0020163003,0.0028679268,2019,False
2019-05-28,0.05894099479631525,0.4816629051547206,0.0471976401179941,0.49038979411125183,-0.013955345,-0.010305827,-0.017132554,-0.0036495188,0.0031772088,2019,False
2019-05-29,0.09156044313375383,0.4886427103661718,0.058997050147492625,0.4947040379047394,-0.008311432,-0.003948313,-0.025328005,-0.0043631187,0.017016573,2019,False
2019-05-30,0.19013814649412025,0.58879154326411,0.061946902654867256,0.5715516805648804,-0.017391516,-0.019001255,-0.05209448,0.0016097389,0.034702964,2019,False
2019-05-31,0.20068166243527077,0.6021111477592753,0.06784660766961652,0.5791465640068054,-0.004247074,-0.0043439935,-0.0499016,9.691948e-05,0.045654528,2019,True
2019-06-03,0.11341939759267046,0.57346783117625,0.061946902654867256,0.54189133644104,0.025448395,0.024241038,0.0037274805,0.0012073573,0.021720914,2019,False
2019-06-04,0.1907102829644141,0.5886579290757261,0.10029498525073746,0.5597906708717346,0.033130202,0.031535022,-0.006765067,0.0015951805,0.03989527,2019,False
2019-06-05,0.0028231071370294534,0.4479920567405337,0.0471976401179941,0.4422236382961273,0.06312546,0.06856707,0.055485573,-0.005441606,0.0076398887,2019,False
2019-06-06,0.05277122444371463,0.4703515332234021,0.058997050147492625,0.4597983956336975,0.065885484,0.07241158,0.056925476,-0.0065260977,0.008960009,2019,False
2019-06-10,0.12941096113000336,0.5163721694057843,0.058823529411764705,0.5073261260986328,0.03228071,0.03313412,0.010367842,-0.00085341185,0.021912867,2019,False
2019-06-11,0.1986965198139853,0.5665417771918979,0.06784660766961652,0.5473603010177612,0.029617243,0.028304035,-0.022555506,0.0013132077,0.05217275,2019,False
2019-06-12,0.1872042058799532,0.5268220159324523,0.061764705882352944,0.514458179473877,0.028860327,0.03129377,-0.011615642,-0.0024334416,0.04047597,2019,False
2019-06-13,0.1596419468160426,0.5431228484098437,0.06470588235294118,0.5263609290122986,0.024121884,0.021293417,-0.00981298,0.0028284676,0.033934865,2019,False
2019-06-14,0.08437005499705177,0.5260763005614383,0.061764705882352944,0.5037037134170532,0.055688757,0.052344218,0.029055834,0.0033445396,0.026632924,2019,True
2019-06-17,0.08794011965205534,0.5237503418301245,0.058823529411764705,0.49571919441223145,0.060275562,0.05901136,0.032023933,0.0012642033,0.02825163,2019,False
2019-06-18,0.14307392366651284,0.5283138823917826,0.052941176470588235,0.5139206647872925,0.032087486,0.032491285,-0.012234994,-0.00040379912,0.04432248,2019,False
2019-06-19,0.1263183008848234,0.4925545070379625,0.041176470588235294,0.4862591028213501,0.022280464,0.02690651,-0.008657894,-0.004626047,0.030938357,2019,False
2019-06-20,0.12004074912363735,0.5053148210946733,0.029411764705882353,0.4799678921699524,-0.0055512935,0.0016200189,-0.04086706,-0.0071713123,0.035315767,2019,False
2019-06-21,0.20511008742301962,0.5794461266344196,0.020588235294117647,0.5469430088996887,-0.020997465,-0.020268142,-0.066479415,-0.00072932243,0.04548195,2019,True
2019-06-24,0.20889854918521286,0.55609505733514,0.029411764705882353,0.5339931845664978,-0.020551126,-0.01845734,-0.069595575,-0.0020937864,0.04904445,2019,False
2019-06-25,0.183449692238168,0.5479252620126359,0.02346041055718475,0.5155373215675354,-0.024282025,-0.018613484,-0.06483914,-0.0056685414,0.040557116,2019,False
2019-06-26,0.17470297005801858,0.5136924192585792,0.058823529411764705,0.5086620450019836,-0.027532184,-0.023782946,-0.07251206,-0.0037492383,0.044979878,2019,False
2019-06-27,0.21467011146381332,0.5337186786293445,0.0469208211143695,0.5221771597862244,-0.015659723,-0.0061681853,-0.057680264,-0.009491539,0.04202054,2019,False
2019-06-28,0.2458934403912919,0.5864404595500149,0.05278592375366569,0.5637746453285217,-0.029705828,-0.02576682,-0.07723083,-0.0039390083,0.047525004,2019,True
2019-07-01,0.23528035885725512,0.5874954151321781,0.05865102639296188,0.5600014328956604,-0.024955772,-0.02422249,-0.06270448,-0.0007332824,0.03774871,2019,False
2019-07-02,0.20045614220274302,0.5754429630311881,0.07038123167155426,0.5539964437484741,-0.014077458,-0.015266106,-0.041923903,0.0011886489,0.027846444,2019,False
2019-07-03,0.1382575289229285,0.5435899118290132,0.07331378299120235,0.5282548666000366,-0.030749043,-0.028029557,-0.05180012,-0.0027194861,0.021051077,2019,False
2019-07-04,0.15346194359593096,0.5531867169392843,0.07331378299120235,0.5386581420898438,-0.024221333,-0.022137532,-0.045173112,-0.0020838007,0.02095178,2019,False
2019-07-05,0.22783013584860454,0.5829198471988813,0.04985337243401759,0.5675718188285828,-0.019348847,-0.01756985,-0.056532618,-0.0017789975,0.03718377,2019,True
2019-07-08,0.24975285233903213,0.6413772473305432,0.05278592375366569,0.606627345085144,-0.0062141377,-0.010300571,-0.050937362,0.0040864334,0.044723224,2019,False
2019-07-09,0.18999824936417545,0.5829008350730943,0.0469208211143695,0.5744794011116028,0.003415254,0.0022725598,-0.028211571,0.0011426941,0.031626824,2019,False
2019-07-10,0.14738252220397957,0.5826084076095985,0.05278592375366569,0.5660648345947266,0.0016587112,0.0016868039,-0.021473398,-2.8092647e-05,0.02313211,2019,False
2019-07-11,0.09239337431854458,0.5638530046763419,0.0469208211143695,0.5465938448905945,0.00013902722,0.00044810458,-0.016978387,-0.00030907735,0.017117415,2019,False
2019-07-12,0.06372081986570037,0.5287602214354312,0.043859649122807015,0.5191499590873718,-0.0036673245,-0.0009481318,-0.011830737,-0.0027191928,0.008163412,2019,True
2019-07-15,0.09266091738822607,0.5952945152253558,0.023391812865497075,0.5578305721282959,-0.0029477898,-0.007513579,-0.018231569,0.0045657894,0.015283779,2019,False
2019-07-16,0.1233284207037618,0.6167961386186436,0.049707602339181284,0.5796881914138794,-0.008228507,-0.0104144905,-0.029855365,0.0021859836,0.021626858,2019,False
2019-07-17,0.07010109493200553,0.5778676595179184,0.043859649122807015,0.5447806119918823,-0.0035634877,-0.0006672346,-0.017653741,-0.002896253,0.014090253,2019,False
2019-07-18,0.06743077987200552,0.5694923108654812,0.049707602339181284,0.54172682762146,-0.025244847,-0.02569212,-0.036496434,0.00044727325,0.011251587,2019,False
2019-07-19,-0.12165159532922497,0.44248987751943486,0.02631578947368421,0.42936763167381287,-0.018252483,-0.010949234,0.0046049603,-0.007303249,-0.022857442,2019,True
2019-07-22,-0.03940036467334196,0.49419398047610735,0.061224489795918366,0.47200465202331543,-0.050195716,-0.054023407,-0.04005319,0.003827691,-0.0101425275,2019,False
2019-07-23,-0.02988204047304361,0.5320192213756846,0.04093567251461988,0.5004097819328308,-0.059085187,-0.063381694,-0.047412127,0.0042965077,-0.011673059,2019,False
2019-07-24,-0.017994548778037345,0.522602205400286,0.029239766081871343,0.48975029587745667,-0.061349243,-0.059964597,-0.051097248,-0.0013846457,-0.010251995,2019,False
2019-07-25,-0.0018213083908379447,0.5634492947615578,0.043859649122807015,0.5299280881881714,-0.059951197,-0.06590987,-0.04966025,0.0059586726,-0.010290947,2019,False
2019-07-26,0.016210736792925343,0.5740898116354899,0.037900874635568516,0.543338418006897,-0.060375825,-0.064871706,-0.048331097,0.0044958815,-0.012044728,2019,True
2019-07-29,0.012474232048423128,0.5865327984941087,0.03508771929824561,0.5575219392776489,-0.06360771,-0.07114445,-0.040951904,0.007536739,-0.022655804,2019,False
2019-07-30,-0.06474520898145295,0.546944250996839,0.02046783625730994,0.5171140432357788,-0.052246332,-0.058694303,-0.022772595,0.006447971,-0.029473737,2019,False
2019-07-31,0.029827999185718334,0.5751695513165985,0.03498542274052478,0.5450089573860168,-0.056240097,-0.061583832,-0.03782034,0.005343735,-0.018419757,2019,False
2019-08-01,-0.032776166292168694,0.5160571944690394,0.014577259475218658,0.494285523891449,-0.027575668,-0.028218534,-0.0019970592,0.0006428659,-0.025578609,2019,False
2019-08-02,-0.017782160007874588,0.506364740157135,0.01749271137026239,0.4884040355682373,-0.007341337,-0.0062064147,0.009346353,-0.0011349223,-0.01668769,2019,True
2019-08-05,-0.1193248443538074,0.3989307726559273,0.02040816326530612,0.3992546796798706,0.0384392,0.04601651,0.06539285,-0.0075773112,-0.026953653,2019,False
2019-08-06,-0.07434899245015786,0.4373235303431467,0.03498542274052478,0.43652886152267456,0.036631458,0.042988107,0.05234466,-0.006356649,-0.015713204,2019,False
2019-08-07,-0.07089842735433845,0.44280791811748454,0.03206997084548105,0.4357113540172577,0.03702878,0.048903488,0.05133555,-0.011874709,-0.0143067725,2019,False
2019-08-08,-0.060897580276455955,0.4337766112034342,0.03206997084548105,0.4278060495853424,0.041254953,0.05107504,0.05095213,-0.009820089,-0.0096971765,2019,False
2019-08-09,-0.08833595438098638,0.4193803462624997,0.03206997084548105,0.4170774221420288,0.028386392,0.031746585,0.04649807,-0.0033601932,-0.01811168,2019,True
2019-08-12,0.07301130404428309,0.5582615793627437,0.09649122807017543,0.5266674757003784,0.0721551,0.057869017,0.04737393,0.014286086,0.024781171,2019,False
2019-08-13,0.11443445336225364,0.5817603792774119,0.10495626822157435,0.5404237508773804,0.06540625,0.055675644,0.03643878,0.009730604,0.028967466,2019,False
2019-08-14,-0.058019160222240455,0.3926020339555324,0.04081632653061224,0.39906853437423706,0.052444547,0.058657553,0.06541447,-0.0062130056,-0.012969926,2019,False
2019-08-15,0.07873176272647217,0.5238532008529887,0.04081632653061224,0.4968818724155426,0.03977599,0.04183839,0.026965236,-0.002062399,0.012810754,2019,False
2019-08-16,0.09283549297468777,0.5028354438189855,0.04081632653061224,0.4871136546134949,0.025279898,0.026109612,0.013256589,-0.0008297134,0.012023309,2019,True
2019-08-19,0.05374239975465606,0.4995880290375824,0.023323615160349854,0.48279720544815063,0.018186707,0.020498034,0.015807288,-0.0023113266,0.0023794193,2019,False
2019-08-20,0.052385066170825924,0.5215956794359984,0.023323615160349854,0.4931424558162689,0.027079696,0.03230319,0.021159858,-0.005223496,0.0059198383,2019,False
2019-08-21,0.06419286489571141,0.5280747654286433,0.037900874635568516,0.4992651641368866,0.045969643,0.052023705,0.04443251,-0.0060540624,0.001537133,2019,False
2019-08-22,-0.005512976548669869,0.5067345752132477,0.03206997084548105,0.4783986210823059,0.039554294,0.044088997,0.05158528,-0.0045347027,-0.012030985,2019,False
2019-08-23,-0.02488772372475936,0.5050979058848711,0.04081632653061224,0.4778288006782532,0.068044625,0.06707014,0.082739316,0.0009744838,-0.014694691,2019,True
2019-08-26,-0.0826704549711336,0.4546902721186363,0.03206997084548105,0.4320524036884308,0.04656728,0.05181341,0.07684636,-0.005246129,-0.030279081,2019,False
2019-08-27,-0.10932513501027265,0.45081570865572423,0.029154518950437316,0.4308769702911377,0.0452678,0.05005447,0.08230135,-0.0047866665,-0.037033547,2019,False
2019-08-28,-0.10362070200784024,0.4310593086114548,0.029154518950437316,0.42128831148147583,0.043428075,0.04798552,0.06380525,-0.0045574456,-0.020377178,2019,False
2019-08-29,-0.06442381574412706,0.48715430780641755,0.03206997084548105,0.45754101872444153,0.06338921,0.06706895,0.08067072,-0.0036797374,-0.01728151,2019,False
2019-08-30,-0.08749190356873005,0.46767287673498625,0.02040816326530612,0.4475875794887543,0.03481381,0.03811998,0.06282524,-0.003306169,-0.02801143,2019,True
2019-09-02,-0.008200168308781852,0.49008349011680474,0.023255813953488372,0.47437775135040283,0.023637926,0.026596881,0.03262958,-0.0029589552,-0.008991653,2019,False
2019-09-03,0.013520078796856275,0.5116319524314478,0.04081632653061224,0.4937922954559326,0.023118703,0.028255543,0.024233239,-0.00513684,-0.0011145361,2019,False
2019-09-04,-0.030818471248837704,0.48838783042007966,0.03197674418604651,0.47093528509140015,0.010491265,0.014802389,0.018208014,-0.004311124,-0.007716749,2019,False
2019-09-05,-0.015050834917825306,0.483910845400974,0.0436046511627907,0.47311848402023315,-0.0018419726,0.0024034404,0.009193587,-0.004245413,-0.01103556,2019,False
2019-09-06,0.005182957641866911,0.49698293797490056,0.0377906976744186,0.4836120903491974,-0.0072572995,-0.0011852832,-0.005054605,-0.0060720164,-0.0022026943,2019,True
2019-09-09,0.10532800452509232,0.5331053794129492,0.05232558139534884,0.5254738926887512,-0.023009866,-0.018626664,-0.035560016,-0.0043832026,0.012550149,2019,False
2019-09-10,0.23840951126361487,0.5669863855656392,0.05539358600583091,0.5554462671279907,-0.040861804,-0.037058245,-0.08088288,-0.0038035586,0.040021073,2019,False
2019-09-11,0.2503145245375425,0.5831557414221664,0.061046511627906974,0.5693101286888123,-0.04016799,-0.040245324,-0.08334552,7.73333e-05,0.043177526,2019,False
2019-09-12,0.25264219700185137,0.5817510308371427,0.07267441860465117,0.5643638968467712,-0.049880054,-0.053103723,-0.09186109,0.0032236688,0.041981038,2019,False
2019-09-16,0.3022175994453824,0.6119728519899724,0.06395348837209303,0.5911645889282227,-0.03266448,-0.03293313,-0.08465242,0.0002686493,0.051987935,2019,False
2019-09-17,0.3261694035843075,0.6292467238935074,0.06976744186046512,0.6043826341629028,-0.028266199,-0.024815142,-0.08417373,-0.0034510568,0.055907533,2019,False
2019-09-18,0.27849961481333335,0.604831043615529,0.0755813953488372,0.5779678225517273,-0.01853041,-0.017295472,-0.061825316,-0.0012349375,0.043294907,2019,False
2019-09-19,0.23987160052657092,0.5659699585154231,0.06686046511627906,0.5424989461898804,-0.02414814,-0.023634706,-0.06696851,-0.0005134344,0.042820368,2019,False
2019-09-20,0.2782954524032637,0.6114814120777498,0.0755813953488372,0.5864306688308716,0.0087084025,0.0081617385,-0.042831425,0.000546664,0.051539827,2019,True
2019-09-23,0.34628487978413836,0.640700388960193,0.08430232558139535,0.6142979860305786,-0.000557374,0.0012089445,-0.06363105,-0.0017663185,0.06307368,2019,False
2019-09-24,0.3279357102684692,0.6314928753295838,0.06395348837209303,0.6008851528167725,0.010888347,0.013793852,-0.047769163,-0.0029055048,0.058657512,2019,False
2019-09-25,0.23194364500402567,0.6213274014881143,0.06976744186046512,0.5914245247840881,0.02313236,0.023016721,-0.015223856,0.0001156386,0.038356215,2019,False
2019-09-26,0.1762244612979797,0.5718952902343155,0.06976744186046512,0.555730938911438,0.014668005,0.014543077,-0.01923551,0.00012492761,0.033903517,2019,False
2019-09-27,0.21223060030484495,0.5889758262385558,0.06976744186046512,0.5668891668319702,0.004658891,0.006086905,-0.03177432,-0.0014280141,0.036433212,2019,True
2019-09-30,0.11482096267375111,0.5329316201434617,0.09302325581395349,0.5203741192817688,0.009377766,0.012423298,-0.01965523,-0.003045532,0.029032996,2019,False
2019-10-08,0.16157228047972835,0.5777816721736121,0.09883720930232558,0.5574539303779602,0.021732362,0.018255511,-0.00858432,0.0034768507,0.03031668,2019,False
2019-10-09,0.2044377312086495,0.5999327415508416,0.09302325581395349,0.5747588276863098,0.0039297976,-0.0018581428,-0.036290452,0.00578794,0.04022025,2019,False
2019-10-10,0.23860366990842924,0.6369420333083773,0.06976744186046512,0.6125953793525696,0.0027010322,-0.0053869924,-0.043904155,0.008088024,0.04660519,2019,False
2019-10-11,0.15578563139730153,0.5953517198716647,0.05813953488372093,0.5691477656364441,-0.0034636406,-0.00669841,-0.03021292,0.0032347695,0.02674928,2019,True
2019-10-14,0.11700046132335543,0.5835781811412554,0.040697674418604654,0.552406907081604,-0.0008389645,-0.0027462447,-0.021333681,0.0019072802,0.020494716,2019,False
2019-10-15,0.11349467716705977,0.5635405229297168,0.06976744186046512,0.5413534641265869,-0.015478423,-0.018581694,-0.036938135,0.0031032711,0.021459712,2019,False
2019-10-16,0.11987295254338895,0.5449490427453663,0.0872093023255814,0.5351677536964417,-0.017583275,-0.018323278,-0.036802165,0.00074000284,0.01921889,2019,False
2019-10-17,0.17288692548384407,0.5755875381453348,0.08430232558139535,0.5614040493965149,-0.007870634,-0.009660917,-0.04250074,0.0017902832,0.03463011,2019,False
2019-10-18,0.08536043412723818,0.5341379968858496,0.06686046511627906,0.5127398371696472,0.007662484,0.00817448,-0.009745481,-0.000511996,0.017407965,2019,True
2019-10-21,0.10732371050757301,0.5323452461784125,0.06686046511627906,0.5223329067230225,-0.00068028393,-0.0056170835,-0.027876792,0.0049367994,0.027196508,2019,False
2019-10-22,0.1270218079229251,0.5307040763952064,0.05232558139534884,0.5164199471473694,-0.010123993,-0.006944895,-0.04007711,-0.0031790985,0.029953115,2019,False
2019-10-23,0.12251552668029149,0.5252733652088987,0.06956521739130435,0.5074630975723267,-0.0058880625,-0.00047299577,-0.028827112,-0.0054150666,0.022939049,2019,False
2019-10-24,0.07052997726453102,0.4859585611279709,0.0463768115942029,0.473803848028183,-0.008503465,-0.001989203,-0.01887502,-0.006514262,0.010371555,2019,False
2019-10-25,0.11794819858769058,0.5317280969843117,0.034782608695652174,0.5170721411705017,-0.042433005,-0.03749925,-0.062140897,-0.004933756,0.019707892,2019,True
2019-10-28,0.022371512810246574,0.4279787856104089,0.05217391304347826,0.43511030077934265,-0.062470935,-0.048649542,-0.06986006,-0.013821393,0.007389128,2019,False
2019-10-29,-0.04393268370644177,0.4125086086727991,0.06666666666666667,0.41333672404289246,-0.044401947,-0.039528243,-0.05016286,-0.004873704,0.005760912,2019,False
2019-10-30,-0.10531947487473081,0.4325771065775267,0.06666666666666667,0.4078083336353302,-0.032536898,-0.027748484,-0.026535718,-0.0047884136,-0.00600118,2019,False
2019-10-31,-0.10859199863253974,0.39347287473379533,0.0463768115942029,0.39105224609375,-0.039720397,-0.03119994,-0.021885246,-0.008520458,-0.017835151,2019,False
2019-11-01,-0.05461474276554312,0.4175942652413056,0.03188405797101449,0.4192611873149872,-0.049909372,-0.04136428,-0.03735194,-0.008545093,-0.012557432,2019,True
2019-11-04,-0.03393043032004494,0.4714948734926246,0.028985507246376812,0.45658373832702637,-0.029159458,-0.024282455,-0.017305512,-0.004877003,-0.011853946,2019,False
2019-11-05,-0.08142609436849688,0.46193812509385335,0.02608695652173913,0.44743409752845764,-0.022986695,-0.017894147,-0.0036498224,-0.005092548,-0.019336872,2019,False
2019-11-06,-0.0059382640593708775,0.5116369082937575,0.04057971014492753,0.487360417842865,-0.021848805,-0.020188015,-0.019819658,-0.0016607903,-0.002029147,2019,False
2019-11-07,0.0625727930681937,0.5621535354222986,0.057971014492753624,0.536254346370697,-0.02019128,-0.023905262,-0.030274851,0.0037139822,0.010083571,2019,False
2019-11-08,0.20817484389659247,0.6239614417872377,0.09826589595375723,0.5893531441688538,0.0045102965,0.0042466293,-0.037916113,0.0002636672,0.042426407,2019,True
2019-11-11,0.21889100032064962,0.6080480712658581,0.10404624277456648,0.5876630544662476,0.016144488,0.011420369,-0.035821684,0.004724119,0.05196617,2019,False
2019-11-12,0.23707142125014297,0.6190820518865539,0.11560693641618497,0.5993245840072632,0.013741336,0.0043013897,-0.03910792,0.009439946,0.052849256,2019,False
2019-11-13,0.24297858408814307,0.6315877883443257,0.1246376811594203,0.5951146483421326,0.007673886,-0.00064942596,-0.043656696,0.008323312,0.05133058,2019,False
2019-11-14,0.27054969741535356,0.6543523902813063,0.11884057971014493,0.617140531539917,0.011915597,0.0035631498,-0.039309178,0.008352447,0.051224776,2019,False
2019-11-15,0.2503071289853903,0.6485410240415853,0.10632183908045977,0.6183949112892151,0.019166594,0.010701048,-0.026347728,0.008465546,0.045514323,2019,True
2019-11-18,0.23192396618810537,0.6228459461006691,0.09482758620689655,0.5989130139350891,-0.0016376267,-0.0059063197,-0.04646957,0.004268693,0.044831943,2019,False
2019-11-19,0.2991443877048024,0.6719170908189152,0.08333333333333333,0.6407436728477478,0.006000869,-0.00040216697,-0.04926068,0.006403036,0.05526155,2019,False
2019-11-20,0.2324979877366284,0.6341727195136203,0.06896551724137931,0.6123234629631042,0.015469856,0.0073966854,-0.024049394,0.00807317,0.03951925,2019,False
2019-11-21,0.13696963592066896,0.5647921968461541,0.040229885057471264,0.5457555651664734,0.011287289,0.011984855,-0.0040831403,-0.0006975662,0.015370429,2019,False
2019-11-22,-0.04855817575067409,0.5111181973905256,0.04885057471264368,0.4879022240638733,0.02276495,0.02085352,0.04280704,0.0019114297,-0.02004209,2019,True
2019-11-25,-0.005050161693374505,0.5463852165609809,0.11206896551724138,0.5237301588058472,0.03136955,0.02003357,0.043195236,0.011335978,-0.011825688,2019,False
2019-11-26,-0.042726335725979975,0.5277553577851145,0.09195402298850575,0.5059845447540283,0.034196325,0.0260757,0.05587668,0.008120624,-0.021680355,2019,False
2019-11-27,-0.08847007196618133,0.4733779292339213,0.04597701149425287,0.4529802203178406,0.02149215,0.027968477,0.05693066,-0.006476328,-0.03543851,2019,False
2019-11-28,-0.04305052305455245,0.48160603616029574,0.05459770114942529,0.46075811982154846,0.03091694,0.035413567,0.061665174,-0.0044966266,-0.030748233,2019,False
2019-11-29,-0.06544043562948643,0.49013273563668447,0.07163323782234957,0.47121015191078186,0.041934658,0.04139449,0.07367261,0.0005401671,-0.03173795,2019,True
2019-12-02,-0.12174775287771168,0.4242803042341426,0.03724928366762178,0.41423729062080383,0.04803793,0.061859433,0.09566998,-0.013821501,-0.047632046,2019,False
2019-12-03,-0.15645799520293735,0.41046222551443795,0.02586206896551724,0.404247909784317,0.046555974,0.060259763,0.09997385,-0.01370379,-0.053417876,2019,False
2019-12-04,-0.17241624668017216,0.41583075254199053,0.034383954154727794,0.40064260363578796,0.041143537,0.050699037,0.089587934,-0.0095555,-0.048444398,2019,False
2019-12-05,-0.14294901179102193,0.4376810618256274,0.03151862464183381,0.42014044523239136,0.038857806,0.04901614,0.07542857,-0.010158334,-0.03657076,2019,False
2019-12-06,0.04340935248902502,0.5187765309068921,0.04011461318051576,0.4926533102989197,0.022872182,0.03259851,0.030019239,-0.009726329,-0.007147057,2019,True
2019-12-09,0.06501294776159483,0.5029576521808733,0.034383954154727794,0.4775596857070923,0.01857663,0.03219475,0.013942181,-0.013618119,0.0046344483,2019,False
2019-12-10,-0.0042008595749712715,0.4481184083639727,0.04011461318051576,0.4328124523162842,0.01962818,0.031943455,0.024521515,-0.012315275,-0.0048933346,2019,False
2019-12-11,0.025681784137378944,0.4540263321282902,0.045845272206303724,0.44164708256721497,0.02664346,0.041103195,0.02696121,-0.014459735,-0.00031774864,2019,False
2019-12-12,0.013046441815093545,0.46130548559738993,0.02865329512893983,0.45205754041671753,0.028469015,0.039684784,0.037987966,-0.011215769,-0.009518951,2019,False
2019-12-13,0.21497995199459302,0.5862911896314572,0.0659025787965616,0.5679731369018555,0.023685988,0.024371149,-0.012038943,-0.000685161,0.03572493,2019,True
2019-12-16,0.22887639111014377,0.5698644542084693,0.06285714285714286,0.5539247393608093,0.016492654,0.02255019,-0.017487597,-0.006057536,0.03398025,2019,False
2019-12-17,0.23759957601829781,0.5825699626247635,0.054441260744985676,0.5651498436927795,0.030084731,0.03651962,-0.0054844413,-0.0064348895,0.035569172,2019,False
2019-12-18,0.2098906060171147,0.5713448469522784,0.04857142857142857,0.5577331185340881,0.029228363,0.036586214,0.0052731233,-0.0073578507,0.02395524,2019,False
2019-12-19,0.13285623396153354,0.5347055014354242,0.04011461318051576,0.520641028881073,0.031142915,0.0303815,0.008878168,0.00076141395,0.022264747,2019,False
2019-12-20,0.007832555644164295,0.5218453596815003,0.04857142857142857,0.49144038558006287,0.055810414,0.056489017,0.057364434,-0.0006786026,-0.0015540197,2019,True
2019-12-23,0.006073249916053868,0.5111574937104706,0.05714285714285714,0.4851304292678833,0.05488271,0.061747465,0.06769298,-0.0068647563,-0.012810271,2019,False
2019-12-24,0.026873571230405877,0.47357847669255915,0.03428571428571429,0.4642612040042877,0.0475016,0.05331038,0.05226062,-0.005808778,-0.0047590174,2019,False
2019-12-25,0.031463532254539635,0.46975576237903754,0.03151862464183381,0.4618145823478699,0.043760225,0.05358195,0.04054803,-0.009821724,0.003212195,2019,False
2019-12-26,0.028498154956781856,0.48992773142621854,0.04011461318051576,0.46573567390441895,0.039919365,0.045563586,0.041446038,-0.005644221,-0.0015266724,2019,False
2019-12-27,-0.07326413616543474,0.5097178406423184,0.04871060171919771,0.48076632618904114,0.0631584,0.06462553,0.0877867,-0.0014671311,-0.024628296,2019,True
2019-12-30,-0.05258770593594994,0.4954898063039934,0.04297994269340974,0.4695630371570587,0.038878538,0.046148233,0.067263365,-0.0072696954,-0.028384827,2019,False
2019-12-31,-0.0642123844378352,0.44903185230788933,0.03724928366762178,0.4389900267124176,0.016984584,0.024994664,0.037839178,-0.00801008,-0.020854594,2019,False
2020-01-02,-0.12189573312146561,0.39087198035954895,0.014285714285714285,0.3919004201889038,-0.0022124234,0.008887074,0.032304097,-0.011099497,-0.03451652,2020,False
2020-01-03,-0.014546896271961644,0.4764439366946534,0.07428571428571429,0.4677019715309143,0.0080088135,0.01368288,0.022896351,-0.005674067,-0.014887538,2020,True
2020-01-06,-0.03340473045605044,0.45020175034495785,0.008571428571428572,0.43514400720596313,-0.015688008,-0.0023565711,0.0064938203,-0.013331437,-0.022181828,2020,False
2020-01-07,0.013707309164712116,0.4792176017692632,0.017094017094017096,0.46846309304237366,-0.01978956,-0.011625816,-0.001357665,-0.008163744,-0.018431894,2020,False
2020-01-08,0.05080503850303523,0.49240585198730724,0.037037037037037035,0.4871486723423004,-0.03640631,-0.028960304,-0.027802316,-0.007446004,-0.008603992,2020,False
2020-01-09,0.05584038977122716,0.5114877384345886,0.045584045584045586,0.49757444858551025,-0.13229696,-0.1272703,-0.12739843,-0.0050266683,-0.004898533,2020,False
2020-01-10,0.06290373612074672,0.5045330166369265,0.04285714285714286,0.4980918765068054,-0.14977732,-0.13521354,-0.14378063,-0.014563784,-0.005996689,2020,True
2020-01-13,-0.024788126183565316,0.4541085233740975,0.05714285714285714,0.45208120346069336,-0.13619822,-0.118880406,-0.10280694,-0.017317817,-0.033391282,2020,False
2020-01-14,0.03131429619090244,0.5274163019638201,0.04285714285714286,0.5080044269561768,-0.10486919,-0.085725114,-0.0741706,-0.019144073,-0.03069859,2020,False
2020-01-15,0.029166396645706222,0.5312200977516883,0.04285714285714286,0.5138363838195801,-0.090761624,-0.076606356,-0.058151398,-0.014155269,-0.032610226,2020,False
2020-01-16,-0.015183904493146716,0.5047676620778315,0.06837606837606838,0.4946819543838501,-0.07254725,-0.07065278,-0.036996666,-0.0018944666,-0.035550583,2020,False
2020-01-17,-0.005105005344249923,0.5317814948116423,0.06267806267806268,0.5137367248535156,-0.06489851,-0.06974012,-0.03228399,0.0048416033,-0.03261452,2020,True
2020-01-20,-0.04510324024477675,0.5250639111825479,0.02849002849002849,0.5004270672798157,-0.06814976,-0.06480049,-0.015383406,-0.003349267,-0.052766353,2020,False
2020-01-21,-0.17496125419750175,0.4728984900876246,0.02564102564102564,0.44860830903053284,-0.06338221,-0.058577415,0.018548619,-0.0048047937,-0.08193083,2020,False
2020-01-22,-0.18230297326608164,0.4954834472148139,0.056818181818181816,0.47020629048347473,-0.04115915,-0.05037463,0.023342378,0.009215482,-0.064501524,2020,False
2020-01-23,-0.1030399966799658,0.4924784558655417,0.05965909090909091,0.4735465347766876,0.091056794,0.08680237,0.14583099,0.004254423,-0.054774195,2020,False
2020-02-03,0.32746939274930154,0.6650104338163686,0.11647727272727272,0.6356737017631531,0.18210077,0.17436205,0.09586652,0.0077387244,0.08623425,2020,False
2020-02-04,0.2295677204087393,0.6733776991233472,0.10227272727272728,0.6331602334976196,0.14422101,0.13476716,0.08116214,0.009453848,0.06305887,2020,False
2020-02-05,0.2818860337953491,0.6623545512320311,0.09659090909090909,0.6246364116668701,0.13214697,0.12616658,0.016211405,0.0059803873,0.115935564,2020,False
2020-02-06,0.25035831469623054,0.6705834023653692,0.10227272727272728,0.6326249837875366,0.13994181,0.122297116,0.015399323,0.017644696,0.12454249,2020,False
2020-02-07,0.19380055642040403,0.6552503320669453,0.08238636363636363,0.6154974102973938,0.12205136,0.102769144,0.049974017,0.019282214,0.07207734,2020,True
2020-02-10,-0.020345728986551705,0.5928616626240505,0.10511363636363637,0.5548597574234009,0.098804496,0.06535316,0.09099349,0.033451334,0.00781101,2020,False
2020-02-11,0.11445268078161895,0.6411948595527065,0.12215909090909091,0.6036583781242371,0.121719815,0.0823954,0.07318237,0.039324418,0.048537448,2020,False
2020-02-12,0.17782810293201326,0.665072240766811,0.13920454545454544,0.62526935338974,0.11304126,0.0739898,0.039156195,0.03905146,0.07388507,2020,False
2020-02-13,0.1435457713670344,0.6310581622891867,0.10511363636363637,0.5971456170082092,0.06362048,0.03960215,0.011866567,0.024018329,0.051753912,2020,False
2020-02-14,0.1525896256934066,0.5816133594513522,0.09943181818181818,0.5635440945625305,0.041743662,0.023119794,-0.0006637845,0.018623868,0.042407446,2020,True
2020-02-17,0.14201225261226427,0.5725328019034455,0.09090909090909091,0.5537437796592712,0.048853137,0.036636293,0.0035735616,0.012216844,0.045279574,2020,False
2020-02-18,0.16260972409701324,0.5777766124958367,0.07670454545454546,0.5539332032203674,0.03356648,0.032608405,-0.009961774,0.0009580739,0.04352825,2020,False
2020-02-19,0.16886061455912169,0.5953631092359258,0.0906515580736544,0.5691798329353333,0.055019267,0.048628572,0.013764009,0.0063906945,0.041255258,2020,False
2020-02-20,0.19296922192129007,0.592398145215425,0.09375,0.5840600728988647,0.044107623,0.03407638,0.0021452103,0.010031242,0.041962415,2020,False
2020-02-21,0.28840323226477954,0.6243054774245794,0.09090909090909091,0.6123710870742798,0.02777761,0.025107056,-0.04885586,0.0026705544,0.07663347,2020,True
2020-02-24,0.4204229533307028,0.6644734841877558,0.12464589235127478,0.6488205194473267,0.03296825,0.031360578,-0.080354825,0.0016076714,0.11332308,2020,False
2020-02-25,0.37405082766279313,0.6674794749642966,0.11331444759206799,0.6427307724952698,0.044953387,0.038806763,-0.051758114,0.0061466247,0.0967115,2020,False
2020-02-26,0.23426892831174098,0.6069294634864724,0.11898016997167139,0.590914785861969,0.0062702373,0.0010547093,-0.036086414,0.005215528,0.04235665,2020,False
2020-02-27,0.23279460737147142,0.6201210779833732,0.1274787535410765,0.5976404547691345,0.021995325,0.016417738,-0.033660397,0.0055775866,0.05565572,2020,False
2020-02-28,0.21990119132053434,0.6302757455490383,0.141643059490085,0.6066344976425171,0.016921697,0.014333232,-0.024626164,0.0025884649,0.04154786,2020,True
2020-03-02,0.20412445505829882,0.5863046960842848,0.12181303116147309,0.5678035616874695,-0.058547687,-0.05225046,-0.104409404,-0.006297227,0.045861717,2020,False
2020-03-03,0.1662002935019344,0.5754742901326223,0.11614730878186968,0.5634487867355347,-0.048315637,-0.040972035,-0.08634618,-0.0073436014,0.038030542,2020,False
2020-03-04,0.12747310931249797,0.5426438292636793,0.10734463276836158,0.5341309905052185,-0.09906194,-0.08950092,-0.12160012,-0.009561025,0.022538178,2020,False
2020-03-05,0.062224482080340544,0.49766504975335935,0.10451977401129943,0.4987711012363434,-0.08930757,-0.084865786,-0.10782554,-0.004441783,0.018517971,2020,False
2020-03-06,0.08866591052683426,0.514232113353151,0.09887005649717515,0.5127074718475342,-0.08468188,-0.085122764,-0.12140804,0.00044088066,0.036726154,2020,True
2020-03-09,0.02103709929823893,0.46427554242341534,0.062146892655367235,0.46959447860717773,-0.085183755,-0.078958295,-0.10766607,-0.0062254593,0.022482313,2020,False
2020-03-10,0.02306560098536397,0.44414117321572566,0.05649717514124294,0.45017117261886597,-0.08960055,-0.07291419,-0.10205262,-0.016686358,0.012452073,2020,False
2020-03-11,0.00856488430995533,0.45600135705795053,0.05649717514124294,0.45941081643104553,-0.060969736,-0.056991395,-0.07647465,-0.003978342,0.015504915,2020,False
2020-03-12,0.00973117905430576,0.4497743253312214,0.0423728813559322,0.43887466192245483,-0.0374961,-0.02508208,-0.058464486,-0.012414021,0.020968385,2020,False
2020-03-13,0.013053228439875908,0.4278401418151504,0.05649717514124294,0.4286031424999237,-0.074588664,-0.06382198,-0.094894454,-0.010766685,0.02030579,2020,True
2020-03-16,-0.016693123154014812,0.38604359384059633,0.04225352112676056,0.38734251260757446,-0.044091873,-0.01885134,-0.041423213,-0.025240533,-0.0026686601,2020,False
2020-03-17,-0.02769396558335356,0.39032073404615464,0.04225352112676056,0.3880922198295593,-0.05661446,-0.036984973,-0.06101924,-0.019629486,0.0044047832,2020,False
2020-03-18,-0.008438068931081606,0.4070401599864041,0.03380281690140845,0.4047587215900421,-0.028613972,-0.014421907,-0.036689483,-0.014192064,0.008075511,2020,False
2020-03-19,0.0221258492488133,0.43478228162919785,0.04507042253521127,0.4312613904476166,-0.028008899,-0.013115519,-0.046461407,-0.01489338,0.018452508,2020,False
2020-03-20,0.14636919269688853,0.5274319786727732,0.07887323943661972,0.5120314955711365,0.030998271,0.04218277,-0.016662568,-0.011184499,0.04766084,2020,True
2020-03-23,0.17262329181975822,0.5956734484165129,0.11797752808988764,0.5725437998771667,0.054786097,0.04181139,0.004890784,0.012974706,0.049895313,2020,False
2020-03-24,0.10273095105083276,0.535091278655759,0.11267605633802817,0.5227416157722473,0.0273596,0.02997386,-0.00083393365,-0.0026142616,0.028193533,2020,False
2020-03-25,0.030145402977814113,0.4917152194675994,0.09014084507042254,0.48513928055763245,0.0091334,0.008227015,-0.01295167,0.0009063855,0.02208507,2020,False
2020-03-26,-0.0518211402568715,0.45011587997854074,0.08146067415730338,0.4449995756149292,-0.020695915,-0.018068234,-0.018787228,-0.002627682,-0.0019086879,2020,False
2020-03-27,0.18085589249158485,0.6050691678204979,0.13202247191011235,0.5846598148345947,0.051165797,0.046287928,0.017868098,0.004877869,0.0332977,2020,True
2020-03-30,0.2123166276333074,0.6383701339783908,0.15774647887323945,0.6159699559211731,0.060199212,0.049981743,0.019826325,0.010217469,0.040372886,2020,False
2020-03-31,0.14320016298266044,0.6010800056834069,0.13764044943820225,0.5726238489151001,0.04853765,0.042430006,0.025007589,0.0061076432,0.02353006,2020,False
2020-04-01,0.15448582476265785,0.5945259748283538,0.16526610644257703,0.572545051574707,0.060271833,0.055861827,0.03321832,0.004410006,0.027053513,2020,False
2020-04-02,0.12087560552625133,0.5465253241877902,0.16246498599439776,0.529998242855072,0.040444396,0.039513357,0.01627763,0.00093103945,0.024166767,2020,False
2020-04-03,0.07014661489261656,0.5149974360245978,0.13764044943820225,0.4967067241668701,0.00902351,0.013690145,-0.0061057997,-0.004666635,0.015129309,2020,True
2020-04-07,-0.011267138876719495,0.43163954772684526,0.08426966292134831,0.4364287257194519,-0.010293459,0.00027137826,-0.01249964,-0.010564837,0.0022061812,2020,False
2020-04-08,-0.048103697184937434,0.4109772846300052,0.07282913165266107,0.42618054151535034,-0.017466439,-0.001762298,0.00041125005,-0.01570414,-0.017877689,2020,False
2020-04-09,0.03132657410118839,0.45149886153437807,0.10364145658263306,0.4606664180755615,-0.008928195,0.0019003992,-0.0065003033,-0.010828594,-0.0024278914,2020,False
2020-04-10,0.07411452209525972,0.4671578353390325,0.11797752808988764,0.46668410301208496,0.0008650931,0.016294077,-0.013822325,-0.015428984,0.014687418,2020,True
2020-04-13,-0.0430650485604456,0.41163763254469504,0.10393258426966293,0.4108700752258301,-0.048118703,-0.031625506,-0.045854025,-0.016493198,-0.0022646785,2020,False
2020-04-14,-0.0432756149652615,0.3623907947805222,0.061971830985915494,0.37650567293167114,-0.062193684,-0.036947493,-0.062464133,-0.025246192,0.00027044863,2020,False
2020-04-15,0.052612769283452036,0.3996784704383716,0.08757062146892655,0.40915584564208984,-0.034285035,-0.009224861,-0.059271965,-0.025060173,0.02498693,2020,False
2020-04-16,0.05537102396422501,0.4163333781056539,0.11235955056179775,0.4289180338382721,-0.030295013,-0.0063437717,-0.04457248,-0.02395124,0.0142774675,2020,False
2020-04-17,0.06619528469591276,0.41235985197371255,0.058823529411764705,0.42341703176498413,-0.028598433,0.0024451134,-0.035230078,-0.031043546,0.0066316444,2020,True
2020-04-20,0.13509417261635084,0.4443867221437271,0.09243697478991597,0.4568760097026825,-0.010262945,0.0149549795,-0.04338942,-0.025217924,0.033126477,2020,False
2020-04-21,0.18980423060457371,0.4831761004466164,0.12640449438202248,0.4974958300590515,-0.00090522243,0.012148894,-0.04706443,-0.013054117,0.046159208,2020,False
2020-04-22,0.18056778238690313,0.4734154105269404,0.11484593837535013,0.4890844523906708,-0.016990324,0.0015873966,-0.058269136,-0.018577721,0.04127881,2020,False
2020-04-23,0.17426908464276233,0.5070625516379564,0.1404494382022472,0.5174202919006348,0.008400716,0.023914117,-0.03159352,-0.0155134015,0.039994236,2020,False
2020-04-24,0.18519906609609507,0.5477207174204181,0.1484593837535014,0.5568786263465881,0.029084874,0.030252822,-0.008642907,-0.0011679474,0.03772778,2020,True
2020-04-27,0.26707924350436074,0.6316207001956055,0.18591549295774648,0.6372721195220947,0.082171746,0.07773967,0.027537322,0.0044320747,0.054634422,2020,False
2020-04-28,0.1977125070634406,0.5983413869064732,0.14689265536723164,0.5991653203964233,0.064792216,0.06271725,0.034682836,0.0020749643,0.03010938,2020,False
2020-04-29,0.14091078991369044,0.5823941746326365,0.11396011396011396,0.5753742456436157,0.047704756,0.047594756,0.036325846,0.00011000037,0.01137891,2020,False
2020-04-30,0.03200633352791027,0.5225633354399728,0.10541310541310542,0.5146717429161072,0.02417033,0.030046351,0.02404295,-0.0058760215,0.00012738071,2020,False
2020-05-06,0.03596269656525223,0.5245991904718196,0.09116809116809117,0.5059914588928223,0.006199056,0.0069515025,0.0012791668,-0.0007524467,0.004919889,2020,False
2020-05-07,0.01494626074524332,0.4863807571800519,0.09375,0.4785304367542267,-0.026170116,-0.016142944,-0.022019438,-0.010027172,-0.0041506775,2020,False
2020-05-08,0.04774187910818866,0.48733027678387736,0.07386363636363637,0.47755545377731323,-0.04140589,-0.017764878,-0.037168197,-0.023641013,-0.004237693,2020,True
2020-05-11,0.07423773865746996,0.5050054915104969,0.09375,0.49363166093826294,-0.016834158,0.00325629,-0.019145401,-0.020090448,0.0023112427,2020,False
2020-05-12,0.044223728986546106,0.503198469649554,0.08547008547008547,0.4915250539779663,-0.015057732,-0.008595141,-0.015798027,-0.0064625917,0.00074029434,2020,False
2020-05-13,0.10688189198579304,0.5401092123166062,0.08238636363636363,0.5170470476150513,-0.013598209,-0.007644652,-0.036605723,-0.0059535573,0.023007514,2020,False
2020-05-14,0.13657969633554912,0.581171908930302,0.10511363636363637,0.5558860301971436,0.001764832,0.001102908,-0.02796446,0.0006619239,0.029729292,2020,False
2020-05-15,0.14672567397755815,0.6003279048200292,0.09116809116809117,0.5624666213989258,0.023352457,0.021836162,-0.0044580833,0.0015162956,0.02781054,2020,True
2020-05-18,0.11912510903947578,0.5909010307458413,0.07954545454545454,0.5475472807884216,0.028508186,0.027998107,0.012640409,0.0005100798,0.015867777,2020,False
2020-05-19,0.14759464045161647,0.5915393850219497,0.09659090909090909,0.5515690445899963,0.03839839,0.037382834,0.008736187,0.0010155551,0.029662203,2020,False
2020-05-20,0.09168807786528016,0.5953386996187604,0.10795454545454546,0.5539207458496094,0.046081003,0.034221493,0.023927143,0.01185951,0.02215386,2020,False
2020-05-21,0.0738806881673212,0.5860328012826713,0.13636363636363635,0.5421861410140991,0.06417944,0.051462136,0.04495366,0.012717307,0.019225784,2020,False
2020-05-22,0.07639300316521881,0.5650523577278436,0.13920454545454544,0.5279102325439453,0.07052895,0.061863188,0.048834696,0.008665759,0.02169425,2020,True
2020-05-25,0.12213732146544795,0.6267410564760139,0.15056818181818182,0.5758567452430725,0.062135056,0.04651302,0.029289275,0.015622035,0.03284578,2020,False
2020-05-26,0.14486797440930252,0.6082569056792274,0.11647727272727272,0.5589548349380493,0.05080417,0.04861852,0.011765931,0.0021856502,0.03903824,2020,False
2020-05-27,0.08580511235052887,0.5755481932045401,0.11647727272727272,0.5356780886650085,0.05627955,0.0474892,0.030784832,0.008790351,0.025494719,2020,False
2020-05-28,0.12223087810311763,0.5998826234406683,0.10795454545454546,0.5557880997657776,0.03916077,0.029650254,0.011928511,0.009510515,0.02723226,2020,False
2020-05-29,0.10331057089294486,0.5840011229143771,0.08522727272727272,0.5427741408348083,0.023055475,0.017506866,0.007035239,0.0055486094,0.016020237,2020,True
2020-06-01,0.11274377746084414,0.5731533872417185,0.08781869688385269,0.5419594049453735,0.01679954,0.011084945,-0.0036381388,0.0057145944,0.020437678,2020,False
2020-06-02,0.11773675610143097,0.571133954923812,0.11331444759206799,0.5477233529090881,0.023065872,0.011442611,-0.0014550076,0.0116232615,0.02452088,2020,False
2020-06-03,0.14136720919698503,0.5901825943604002,0.09915014164305949,0.5563620924949646,0.025908433,0.023691682,-0.000262381,0.0022167508,0.026170814,2020,False
2020-06-04,0.17164554363633075,0.6044061732881554,0.13314447592067988,0.5833515524864197,0.036064625,0.026159298,0.003977863,0.009905327,0.03208676,2020,False
2020-06-05,0.1259903381530108,0.5893710521801548,0.11898016997167139,0.567481279373169,0.034739643,0.027250534,0.0125055555,0.0074891094,0.022234088,2020,True
2020-06-08,0.07016462435086253,0.5577545411030544,0.09322033898305085,0.5184935927391052,0.022606416,0.0281241,0.020615984,-0.005517684,0.001990432,2020,False
2020-06-09,0.06866056881366632,0.5565712400897083,0.07365439093484419,0.5245959758758545,0.022058524,0.024787609,0.01491187,-0.0027290843,0.0071466547,2020,False
2020-06-10,0.13767261555885021,0.6025553278521476,0.09915014164305949,0.5750987529754639,0.025829844,0.021521026,0.0020972795,0.004308818,0.023732565,2020,False
2020-06-11,0.1058563065735285,0.5735003477400831,0.08498583569405099,0.551879346370697,0.045211583,0.03991203,0.01795994,0.0052995533,0.027251644,2020,False
2020-06-12,0.16190545597249076,0.6109995286610116,0.0821529745042493,0.5795986652374268,0.04547441,0.043312095,0.009343298,0.002162315,0.036131114,2020,True
2020-06-15,0.20079737350612248,0.6439653315911591,0.09887005649717515,0.612125813961029,0.05747275,0.04478567,0.012995714,0.01268708,0.044477038,2020,False
2020-06-16,0.20215384190921148,0.6467158462864973,0.09322033898305085,0.6118881106376648,0.06604375,0.05465627,0.015623051,0.011387479,0.050420698,2020,False
2020-06-17,0.21151194214151756,0.6441926402111808,0.12994350282485875,0.6087725758552551,0.10093068,0.089437835,0.051904824,0.011492848,0.04902586,2020,False
2020-06-18,0.1027812181877457,0.599077066765116,0.10451977401129943,0.5593426823616028,0.1126039,0.10636363,0.09814386,0.006240271,0.014460042,2020,False
2020-06-19,0.08220682936082704,0.5945186099817987,0.11016949152542373,0.5537430644035339,0.112076454,0.10367814,0.100782916,0.008398317,0.011293538,2020,True
2020-06-22,0.00018551154067326348,0.5631406950764577,0.0903954802259887,0.5240479111671448,0.13614607,0.13002057,0.14463706,0.006125495,-0.008490995,2020,False
2020-06-23,-0.009729126330683869,0.5137032429660321,0.06779661016949153,0.4904131591320038,0.13911407,0.14268999,0.16408254,-0.003575921,-0.024968475,2020,False
2020-06-24,-0.02073342042097991,0.5083130359952374,0.062146892655367235,0.4749244153499603,0.156129,0.16005917,0.19710355,-0.0039301664,-0.040974542,2020,False
2020-06-29,-0.03245787972995978,0.47648755154267786,0.0764872521246459,0.4477536380290985,0.14603536,0.16283843,0.19105469,-0.01680307,-0.04501933,2020,False
2020-06-30,0.025789319921537848,0.5281201590037946,0.08498583569405099,0.4956074655056,0.13881245,0.14067672,0.1622978,-0.0018642694,-0.023485348,2020,False
2020-07-01,0.09247714260090212,0.5683886454148304,0.1048158640226629,0.5355714559555054,0.10003156,0.09471202,0.100727774,0.005319543,-0.00069621205,2020,False
2020-07-02,0.11083909462171539,0.546170534382953,0.09348441926345609,0.528835117816925,0.055877313,0.0599815,0.04397666,-0.004104186,0.011900652,2020,False
2020-07-03,0.1186245566389038,0.5383498011284759,0.11048158640226628,0.5221185088157654,0.046880923,0.05450171,0.029372288,-0.0076207854,0.017508635,2020,True
2020-07-06,0.13743942407245546,0.5335133281486772,0.08498583569405099,0.5140236616134644,0.03451341,0.045187827,0.009405699,-0.010674417,0.025107712,2020,False
2020-07-07,0.20289612757801337,0.5956955174058933,0.11331444759206799,0.5724050998687744,0.0485396,0.046616383,0.0009319274,0.0019232184,0.047607675,2020,False
2020-07-08,0.2217860804501438,0.582935670875772,0.11016949152542373,0.5643419623374939,0.007835606,0.007837547,-0.045414846,-1.9408762e-06,0.053250454,2020,False
2020-07-09,0.2636782900717265,0.612223022707069,0.11016949152542373,0.5912551283836365,-0.0044929595,-0.011395997,-0.07953929,0.006903038,0.07504633,2020,False
2020-07-10,0.2848113135514271,0.6239688184030482,0.12464589235127478,0.6021606922149658,-0.035852727,-0.044049416,-0.12203927,0.008196689,0.08618654,2020,True
2020-07-13,0.31555811907163395,0.6289680701499561,0.11048158640226628,0.6040870547294617,-0.032602776,-0.03339346,-0.12388461,0.0007906854,0.09128183,2020,False
2020-07-14,0.20390201191121793,0.6087893690888887,0.10198300283286119,0.5803837180137634,-0.018145276,-0.022315772,-0.066491,0.004170496,0.048345722,2020,False
2020-07-15,0.10623494024172966,0.5649042248016024,0.0847457627118644,0.5367923378944397,0.013265585,0.016138315,0.008540733,-0.0028727306,0.004724852,2020,False
2020-07-16,0.031298788685221006,0.5026338535813798,0.059322033898305086,0.47574421763420105,0.031592138,0.039150625,0.050209742,-0.0075584874,-0.018617604,2020,False
2020-07-17,0.07274343755844678,0.5428727943447537,0.06779661016949153,0.5150030851364136,0.04246712,0.047871023,0.066090465,-0.0054039024,-0.023623344,2020,True
2020-07-20,0.02620833383504932,0.5036180794350691,0.0480225988700565,0.481655478477478,0.022934673,0.037104867,0.05791904,-0.014170194,-0.034984365,2020,False
2020-07-21,0.012463324660858968,0.5155094627406164,0.06497175141242938,0.5004642009735107,0.022313466,0.020983147,0.053975534,0.0013303198,-0.03166207,2020,False
2020-07-22,0.05070791167502546,0.5571970486280827,0.0903954802259887,0.5352556705474854,0.04723382,0.04339647,0.055434186,0.0038373508,-0.008200366,2020,False
2020-07-23,0.015458848313279136,0.5404218396017285,0.07344632768361582,0.5112597942352295,0.046188056,0.041838415,0.058755144,0.0043496415,-0.012567088,2020,False
2020-07-24,0.04242122217906182,0.5288235239725462,0.096045197740113,0.5155458450317383,0.08242907,0.081731044,0.09031747,0.00069802254,-0.0078884065,2020,True
2020-07-27,0.019973175264606076,0.515531919364763,0.09887005649717515,0.498435378074646,0.06644516,0.06629139,0.08219217,0.00015376508,-0.01574701,2020,False
2020-07-28,-0.024772107950686382,0.48997273532584334,0.0903954802259887,0.4712563157081604,0.013922045,0.0123534845,0.0289371,0.0015685605,-0.0150150545,2020,False
2020-07-29,0.0512802227303507,0.5445455174565872,0.096045197740113,0.5243898630142212,0.02656259,0.018287025,0.008790371,0.008275565,0.01777222,2020,False
2020-07-30,0.07011821639575966,0.5212635673608808,0.08450704225352113,0.4959937632083893,0.013761129,0.018463027,-0.008324787,-0.0047018975,0.022085916,2020,False
2020-07-31,0.1341530373382951,0.5310939505230156,0.11549295774647887,0.5066731572151184,0.011034189,0.017403556,-0.028720053,-0.0063693672,0.03975424,2020,True
2020-08-03,0.12819219738032916,0.5303202582363642,0.10422535211267606,0.5116849541664124,0.017921882,0.02368012,-0.016048973,-0.005758239,0.033970855,2020,False
2020-08-04,0.14205022418929,0.5481776781638169,0.12112676056338029,0.5201672911643982,0.01455469,0.025749955,-0.017046032,-0.011195266,0.03160072,2020,False
2020-08-05,0.1390351037332781,0.5409636114167325,0.12394366197183099,0.5152937173843384,-0.0027919782,0.0029253322,-0.0391268,-0.00571731,0.03633482,2020,False
2020-08-06,0.20132199472532128,0.5594237555776598,0.1267605633802817,0.5355768799781799,0.01622721,0.02182446,-0.03890898,-0.0055972505,0.05513619,2020,False
2020-08-07,0.21463792024774267,0.5682462930134559,0.11267605633802817,0.5466483235359192,0.01386703,0.016558308,-0.043139607,-0.0026912782,0.057006635,2020,True
2020-08-10,0.2348319398718474,0.6033519780899098,0.11235955056179775,0.5734992623329163,0.027897278,0.023400197,-0.03785752,0.004497081,0.0657548,2020,False
2020-08-11,0.23051657006548076,0.6136381295120293,0.12921348314606743,0.5871249437332153,0.048311457,0.04355674,-0.018056583,0.0047547184,0.06636804,2020,False
2020-08-12,0.26523135008635756,0.6478132168881416,0.16573033707865167,0.6113422513008118,0.03505677,0.024713827,-0.04054401,0.010342943,0.07560078,2020,False
2020-08-13,0.24530336207235665,0.6453843229237816,0.18258426966292135,0.6152445673942566,0.046661,0.0348095,-0.023453984,0.011851501,0.070114985,2020,False
2020-08-14,0.2569475460488396,0.6860847503066301,0.19101123595505617,0.6447063684463501,0.049252853,0.031831995,-0.019801104,0.017420858,0.069053955,2020,True
2020-08-17,0.25633588991394957,0.6776878207664258,0.19382022471910113,0.6359301209449768,0.028223393,0.0077635767,-0.045200825,0.020459816,0.07342422,2020,False
2020-08-18,0.25130122953440737,0.6850974657279936,0.17134831460674158,0.6373957991600037,0.04471687,0.017387932,-0.028505065,0.027328936,0.07322194,2020,False
2020-08-19,0.22989916172657374,0.671004279140126,0.1853932584269663,0.6272233128547668,0.061055053,0.03831871,-0.0036991576,0.022736344,0.06475421,2020,False
2020-08-20,0.19479115014005072,0.6145798104373971,0.14887640449438203,0.5885380506515503,0.029886214,0.024156582,-0.011427555,0.0057296325,0.041313767,2020,False
2020-08-21,0.11049205788222065,0.5542381069852992,0.10393258426966293,0.536113440990448,0.020493641,0.019713864,0.012318902,0.00077977777,0.00817474,2020,True
2020-08-24,0.006398042142749335,0.49902951508848203,0.07563025210084033,0.4772478938102722,-0.013592898,-0.0010456932,0.022600781,-0.012547204,-0.03619368,2020,False
2020-08-25,-0.0789211912504368,0.4647515341907533,0.03932584269662921,0.43791651725769043,-0.018973699,-0.0040693153,0.0508492,-0.014904384,-0.0698229,2020,False
2020-08-26,-0.057355913614587424,0.4744170230158942,0.07563025210084033,0.44373205304145813,-0.03666014,-0.030185826,-0.015988978,-0.0064743124,-0.02067116,2020,False
2020-08-27,-0.07459749190840481,0.47895487968289,0.07282913165266107,0.4473830759525299,-0.059170175,-0.05712249,-0.037890863,-0.002047684,-0.021279313,2020,False
2020-08-28,-0.09910152828140006,0.47828957437089387,0.06162464985994398,0.4433728754520416,-0.056489136,-0.051980693,-0.0072851367,-0.004508443,-0.049204,2020,True
2020-08-31,-0.07388410094976028,0.48346453353737096,0.0700280112044818,0.45556914806365967,-0.04564578,-0.042554077,-0.0043221163,-0.003091704,-0.041323666,2020,False
2020-09-01,-0.03732553250956101,0.47896875394081545,0.08403361344537816,0.45564842224121094,-0.056588132,-0.052924246,-0.03553758,-0.0036638863,-0.021050554,2020,False
2020-09-02,-0.01149726031151142,0.511050480299048,0.08379888268156424,0.4794554114341736,-0.050908934,-0.04718467,-0.032677766,-0.0037242658,-0.018231168,2020,False
2020-09-03,0.041368820353473924,0.5312837067389752,0.0893854748603352,0.5068425536155701,-0.026024798,-0.025197836,-0.029645445,-0.0008269623,0.003620647,2020,False
2020-09-04,0.08348098112438508,0.5315525687896956,0.11204481792717087,0.4964642822742462,-0.024924414,-0.017531829,-0.04739285,-0.0073925853,0.022468435,2020,True
2020-09-07,0.16345099469017565,0.5818927160626205,0.12849162011173185,0.5411986112594604,-0.01796531,-0.0147357145,-0.07006905,-0.0032295948,0.052103743,2020,False
2020-09-08,0.24477830099883385,0.6311560308680747,0.14565826330532214,0.5948292016983032,0.00021461479,-0.008766017,-0.08418061,0.008980632,0.08439522,2020,False
2020-09-09,0.1504332143149252,0.6355181562964952,0.15083798882681565,0.5934509634971619,0.010192941,-0.00097542,-0.018997477,0.011168361,0.029190417,2020,False
2020-09-10,0.09681602623873985,0.6271085417158426,0.13966480446927373,0.5841096043586731,0.012559241,0.0030885409,5.5311106e-05,0.009470699,0.012503929,2020,False
2020-09-11,0.17692597421835632,0.6346043292142068,0.13725490196078433,0.5956151485443115,-0.016912034,-0.023523584,-0.061361603,0.00661155,0.044449568,2020,True
2020-09-14,0.22056024496403454,0.6483711098714243,0.13966480446927373,0.6094962358474731,-0.016008286,-0.02513651,-0.07047977,0.009128224,0.054471485,2020,False
2020-09-15,0.25043683985146303,0.6582743437524348,0.164804469273743,0.6171747446060181,-0.010409681,-0.017250177,-0.06386809,0.0068404954,0.053458408,2020,False
2020-09-16,0.2542821936562909,0.6352914955409352,0.164804469273743,0.6096576452255249,0.013321514,0.008936363,-0.036514737,0.004385151,0.049836252,2020,False
2020-09-17,0.18826095973942022,0.6322455409328525,0.15041782729805014,0.6004880666732788,0.023455344,0.01622603,-0.004691911,0.0072293133,0.028147254,2020,False
2020-09-18,0.11886926733951038,0.6193459675161198,0.12256267409470752,0.5791797041893005,0.018987348,0.0112512475,0.010765789,0.007736101,0.008221559,2020,True
2020-09-21,0.11511963120385142,0.6375325735592312,0.1615598885793872,0.6002565622329712,0.036736928,0.02108655,0.03797224,0.015650379,-0.0012353137,2020,False
2020-09-22,0.09788027919622891,0.5951448075550922,0.14206128133704735,0.5717571377754211,0.028088944,0.0185838,0.021346675,0.009505143,0.006742269,2020,False
2020-09-23,0.08290153004201738,0.5724151968153431,0.14206128133704735,0.5556238293647766,0.037194606,0.032285035,0.039353658,0.0049095713,-0.0021590516,2020,False
2020-09-24,0.03418324285891824,0.5256871411146403,0.08635097493036212,0.5159610509872437,0.040384524,0.03609099,0.053932402,0.004293535,-0.013547879,2020,False
2020-09-25,0.07191699145308483,0.5349912808146945,0.08356545961002786,0.5142233967781067,0.043710973,0.054453734,0.06208769,-0.010742761,-0.018376715,2020,True
2020-09-28,0.06296951252407586,0.5236512639350308,0.12813370473537605,0.5003849864006042,0.04206341,0.045377832,0.054916076,-0.0033144206,-0.012852665,2020,False
2020-09-29,-0.024135317787109423,0.48387147487156246,0.09166666666666666,0.4731082022190094,0.026178459,0.024130134,0.058094975,0.0020483248,-0.031916514,2020,False
2020-09-30,-0.04532368753938646,0.45815864453708055,0.10833333333333334,0.46205902099609375,-0.0034428623,-0.00087532285,0.020263817,-0.0025675395,-0.02370668,2020,False
2020-10-09,-0.012795160151711385,0.4941324012624276,0.12222222222222222,0.4805341064929962,-0.03137643,-0.024290284,-0.018303614,-0.0070861448,-0.013072815,2020,True
2020-10-12,0.07992854857831164,0.5669994432780856,0.07777777777777778,0.5350037217140198,-0.02849199,-0.029795218,-0.034088906,0.0013032276,0.0055969153,2020,False
2020-10-13,0.07779878154191287,0.5354600907478481,0.09444444444444444,0.5104827880859375,-0.03374141,-0.031378016,-0.042396344,-0.002363395,0.008654933,2020,False
2020-10-14,0.08318345717365438,0.5581842809119356,0.10555555555555556,0.5366801619529724,-0.02322436,-0.027983064,-0.028866224,0.0047587045,0.0056418646,2020,False
2020-10-15,0.07128950112830515,0.5126912043089766,0.09141274238227147,0.4960135221481323,-0.034893923,-0.031029701,-0.04526358,-0.0038642213,0.0103696585,2020,False
2020-10-16,0.07969993492005657,0.5207451813330182,0.10555555555555556,0.5029017329216003,-0.047687065,-0.044923477,-0.06951187,-0.002763588,0.021824803,2020,True
2020-10-19,0.1054022794170065,0.5663604258010527,0.12465373961218837,0.5396065711975098,-0.019840866,-0.02741247,-0.045834832,0.007571604,0.025993966,2020,False
2020-10-20,0.11130029110226722,0.5690463131231414,0.10249307479224377,0.5346725583076477,-0.017760761,-0.01630401,-0.04241191,-0.0014567506,0.024651147,2020,False
2020-10-21,0.10426921700162375,0.5619637166889365,0.09141274238227147,0.5349957942962646,0.0038752127,0.002384739,-0.02475517,0.0014904737,0.028630383,2020,False
2020-10-22,0.14478379805128969,0.626976223516315,0.16620498614958448,0.5832467675209045,0.020638987,-0.0018513578,-0.03346353,0.022490345,0.054102518,2020,False
2020-10-23,0.17754485939034562,0.6273600645399996,0.15469613259668508,0.587438702583313,0.044558935,0.043349087,-0.0035780226,0.0012098476,0.048136957,2020,True
2020-10-26,0.12488019980031566,0.5758776465756885,0.15193370165745856,0.5465728044509888,0.032058064,0.029958328,-0.012200583,0.0020997357,0.044258647,2020,False
2020-10-27,0.09474938616796082,0.5591556248766769,0.16022099447513813,0.5333252549171448,0.018257136,0.015071541,-0.020328207,0.0031855945,0.038585342,2020,False
2020-10-28,0.07259551570499442,0.5361922221987119,0.1298342541436464,0.5072455406188965,0.0058611967,0.0051072785,-0.031593617,0.0007539182,0.037454814,2020,False
2020-10-29,0.08953507458924477,0.5436669451598016,0.12154696132596685,0.513152539730072,0.011942682,0.011701368,-0.023823092,0.00024131406,0.035765775,2020,False
2020-10-30,0.07624447806710775,0.5221395041875905,0.09116022099447514,0.4917776584625244,0.031436052,0.035299297,-0.0041978327,-0.0038632452,0.035633884,2020,True
2020-11-02,0.07152909201981834,0.510872993583096,0.09668508287292818,0.49177074432373047,0.014294569,0.011137199,-0.03479985,0.0031573707,0.04909442,2020,False
2020-11-03,0.1012050242306438,0.5226631161575953,0.07713498622589532,0.5015682578086853,0.016721487,0.016861446,-0.03556098,-0.00013995916,0.052282467,2020,False
2020-11-04,-0.014596142719905556,0.45431615368149925,0.07988980716253444,0.43016061186790466,-0.0100971665,-0.0036144592,-0.032501046,-0.0064827073,0.02240388,2020,False
2020-11-05,0.12721331012502088,0.5410971637748874,0.06336088154269973,0.5112133026123047,0.013999109,0.01864811,-0.027431928,-0.004649001,0.041431036,2020,False
2020-11-06,0.037670342306468985,0.48163984476057203,0.06318681318681318,0.46500396728515625,-0.007578825,-0.0027866547,-0.026624769,-0.0047921706,0.019045943,2020,True
2020-11-09,0.09932063801288964,0.5294930116531102,0.06318681318681318,0.5143659114837646,0.00476096,0.0072362293,-0.024321446,-0.0024752691,0.029082406,2020,False
2020-11-10,-0.0501346287055742,0.44308113168194885,0.0521978021978022,0.42291757464408875,-0.008648943,0.005261714,0.0053365533,-0.013910657,-0.013985496,2020,False
2020-11-11,-0.090754132737602,0.43017795803205044,0.07671232876712329,0.4063429832458496,-0.02065693,-0.009858412,0.0040903096,-0.010798519,-0.02474724,2020,False
2020-11-12,-0.05948256341572055,0.4375566192509195,0.057534246575342465,0.41788220405578613,-0.016956545,-0.005208806,-0.007067724,-0.011747739,-0.009888821,2020,False
2020-11-13,-0.025727086761742866,0.4571559129303688,0.0684931506849315,0.4344921410083771,-0.01629039,-0.004339669,-0.007606596,-0.011950722,-0.008683795,2020,True
2020-11-16,0.050099638103821224,0.5166019454430693,0.07671232876712329,0.4867289066314697,0.0013997032,0.0052671204,-0.0032439146,-0.003867417,0.0046436177,2020,False
2020-11-17,0.07092858936014317,0.5458039379688518,0.09836065573770492,0.5168517827987671,0.008012554,0.004466911,-0.009973473,0.0035456428,0.017986026,2020,False
2020-11-18,0.11610257579457736,0.5429560977143598,0.10382513661202186,0.5207048654556274,0.0055286903,0.00927733,-0.02025033,-0.0037486395,0.02577902,2020,False
2020-11-19,0.13981893127386621,0.5479682352509876,0.08743169398907104,0.5293216109275818,0.0010072388,0.007658558,-0.025345802,-0.006651319,0.02635304,2020,False
2020-11-20,0.16064548540704238,0.5645285159740069,0.10382513661202186,0.5440937876701355,0.0013611631,0.0060718064,-0.037752837,-0.0047106436,0.039114,2020,True
2020-11-23,0.1815878514935426,0.5693756605549026,0.08743169398907104,0.5547372102737427,-0.006347556,-0.004002498,-0.039967947,-0.0023450581,0.03362039,2020,False
2020-11-24,0.17836522642212477,0.5686732692269952,0.09836065573770492,0.5543675422668457,-0.009815405,-0.005129463,-0.036341105,-0.004685942,0.026525699,2020,False
2020-11-25,0.17955039110168644,0.558867666281245,0.10109289617486339,0.5531989336013794,-0.0067216144,-0.0012950122,-0.035079364,-0.0054266024,0.02835775,2020,False
2020-11-26,0.15101121552514235,0.5747109384394056,0.12534059945504086,0.5584263205528259,-0.015472888,-0.013428104,-0.03886349,-0.002044784,0.023390602,2020,False
2020-11-27,0.14508025231706706,0.5625119794137263,0.11444141689373297,0.5532031059265137,-0.019888725,-0.020880107,-0.04264583,0.0009913817,0.022757106,2020,True
2020-11-30,0.11566997642883663,0.5383677923571403,0.07356948228882834,0.5255466103553772,-0.030181495,-0.025375715,-0.045199808,-0.004805781,0.015018312,2020,False
2020-12-01,0.18043004405533233,0.5558316549083495,0.06267029972752043,0.5441499352455139,-0.04051975,-0.03375615,-0.065152146,-0.0067636,0.024632394,2020,False
2020-12-02,0.1644287512497364,0.572946482394913,0.05449591280653951,0.555161714553833,-0.042406395,-0.036052246,-0.061912652,-0.0063541494,0.019506257,2020,False
2020-12-03,0.11292009697765204,0.5579567494330107,0.043596730245231606,0.5407897233963013,-0.036890965,-0.032551773,-0.05106805,-0.004339192,0.014177084,2020,False
2020-12-04,0.1200368507427294,0.5819537780068037,0.05994550408719346,0.5564450621604919,-0.029839845,-0.027126627,-0.049265094,-0.0027132183,0.019425249,2020,True
2020-12-07,0.08743628875140262,0.5626102191942405,0.08446866485013624,0.5477270483970642,-0.027969178,-0.03436667,-0.04552333,0.006397493,0.017554153,2020,False
2020-12-08,0.08785179346194144,0.5872928377744567,0.07065217391304347,0.5582858920097351,-0.027180498,-0.033036657,-0.035408385,0.005856158,0.008227887,2020,False
2020-12-09,0.04903811463721954,0.5577161276360982,0.10326086956521739,0.5446696281433105,-0.025708998,-0.03194771,-0.03221455,0.006238712,0.006505551,2020,False
2020-12-10,0.06747531766662651,0.5665526076378713,0.08423913043478261,0.5504173040390015,-0.013382783,-0.021221764,-0.028033093,0.007838981,0.014650309,2020,False
2020-12-11,0.10321489063354825,0.6060779460053514,0.10597826086956522,0.5768283009529114,-0.009942626,-0.025745522,-0.030868024,0.015802898,0.020925399,2020,True
2020-12-14,0.08307353846915189,0.5819843356636568,0.08401084010840108,0.5501514077186584,-0.021365192,-0.030643959,-0.03484693,0.009278767,0.01348174,2020,False
2020-12-15,0.032070388060663,0.5381866183794454,0.0975609756097561,0.5192865133285522,-0.024482712,-0.028827926,-0.016722115,0.004345214,-0.0077605974,2020,False
2020-12-16,0.030369736968777747,0.5461287534477121,0.08648648648648649,0.5231518745422363,-0.007319845,-0.009632927,8.1077174e-05,0.0023130826,-0.007400922,2020,False
2020-12-17,0.05437767051426844,0.5732210588170412,0.10540540540540541,0.5388655066490173,-1.8563142e-05,-0.0076344144,-0.00032085326,0.0076158512,0.0003022901,2020,False
2020-12-18,0.04190060502140795,0.5655140647447169,0.12903225806451613,0.5336354374885559,0.0034912815,-0.009471204,0.0032609322,0.012962486,0.00023034937,2020,True
2020-12-21,0.020417607043244638,0.5176067430434499,0.08064516129032258,0.4959198236465454,-0.009230292,-0.004671519,-0.008336294,-0.0045587732,-0.00089399796,2020,False
2020-12-22,0.02708380468353544,0.5115216992663127,0.10483870967741936,0.5026710033416748,-0.016154166,-0.012696382,-0.01933455,-0.0034577847,0.0031803828,2020,False
2020-12-23,0.09418822981372893,0.5244446664973226,0.08333333333333333,0.5125412344932556,-0.016444009,-0.016094107,-0.041047007,-0.00034990162,0.024602998,2020,False
2020-12-24,0.11433482403374746,0.51254705981022,0.08870967741935484,0.5042974948883057,-0.026587745,-0.018323882,-0.05574157,-0.008263864,0.029153826,2020,False
2020-12-25,0.1693452562017687,0.5196589717754236,0.06451612903225806,0.5073714256286621,-0.02548914,-0.013098198,-0.0716628,-0.012390942,0.04617366,2020,True
2020-12-28,0.1010101988847753,0.4783307553053338,0.06166219839142091,0.47639110684394836,-0.044130053,-0.031030953,-0.066628546,-0.0130991,0.022498492,2020,False
2020-12-29,0.21104710362192397,0.5562532922983735,0.10455764075067024,0.547065794467926,-0.017756611,-0.013900794,-0.09682892,-0.003855817,0.07907231,2020,False
2020-12-30,0.1572117501285399,0.49505285934920834,0.06702412868632708,0.4824623763561249,-0.04237459,-0.029199861,-0.098946825,-0.013174728,0.056572236,2020,False
2020-12-31,0.1444125316456481,0.46802677782545016,0.045576407506702415,0.4609701335430145,-0.046793368,-0.03699872,-0.09322886,-0.009794649,0.046435494,2020,False
2021-01-04,0.17507860615671667,0.4795756451367463,0.05080213903743316,0.47765272855758667,-0.032384582,-0.02678589,-0.08225203,-0.005598692,0.04986745,2021,False
2021-01-05,0.1889689072609979,0.5070170049911925,0.07754010695187166,0.5010868906974792,-0.017235039,-0.018460028,-0.073501095,0.0012249891,0.056266055,2021,False
2021-01-06,0.25733648158235906,0.5842005978519608,0.07754010695187166,0.5682891011238098,0.024241554,0.019906523,-0.045853704,0.004335031,0.070095256,2021,False
2021-01-07,0.19113261444686808,0.5644168570476116,0.072,0.54599529504776,0.01739776,0.021352133,-0.0298798,-0.0039543733,0.04727756,2021,False
2021-01-08,0.11189237060338668,0.5271130050150511,0.058823529411764705,0.5134763121604919,0.00632708,0.013050926,-0.013337942,-0.006723846,0.019665021,2021,True
2021-01-11,0.16309065076353785,0.5897255611136017,0.10133333333333333,0.5755859613418579,0.01932725,0.017148763,-0.017118687,0.0021784864,0.036445938,2021,False
2021-01-12,0.25205244731396015,0.6632217295145832,0.10933333333333334,0.6372328400611877,0.04080043,0.029270647,-0.0272576,0.011529783,0.06805803,2021,False
2021-01-13,0.22757642891210159,0.679921462430975,0.1356382978723404,0.6492499709129333,0.040373918,0.02398351,-0.008927227,0.016390407,0.049301144,2021,False
2021-01-14,0.158215790141128,0.583156653709359,0.08776595744680851,0.5661364197731018,-0.012639637,-0.015519783,-0.040535558,0.0028801458,0.02789592,2021,False
2021-01-15,0.08268327009063467,0.5158403337629345,0.07446808510638298,0.5042115449905396,-0.044815242,-0.039580103,-0.059968084,-0.0052351393,0.015152842,2021,True
2021-01-18,0.021050098875016566,0.47304550640873594,0.050397877984084884,0.45870113372802734,-0.05777955,-0.052499313,-0.059978303,-0.0052802376,0.002198752,2021,False
2021-01-19,0.02662397096449658,0.4675555114710128,0.04509283819628647,0.45111867785453796,-0.06784946,-0.056695115,-0.06343462,-0.011154342,-0.004414834,2021,False
2021-01-20,-0.03898217592827493,0.41638987590999604,0.03713527851458886,0.402538925409317,-0.11273426,-0.092797235,-0.08947996,-0.019937024,-0.023254298,2021,False
2021-01-21,0.14760632287498396,0.5096225558824229,0.04774535809018567,0.4886849522590637,-0.08270082,-0.06687043,-0.112354465,-0.01583039,0.029653646,2021,False
2021-01-22,0.1881317222606955,0.5167878500022144,0.05570291777188329,0.4988299012184143,-0.07714166,-0.061739884,-0.12460005,-0.015401773,0.047458395,2021,True
2021-01-25,0.14251345577985,0.4703857984620392,0.031746031746031744,0.4582774341106415,-0.0690018,-0.039395947,-0.09505417,-0.029605854,0.02605237,2021,False
2021-01-26,0.12444377561994219,0.4857863580208197,0.0395778364116095,0.4722740948200226,-0.048272036,-0.03208247,-0.075560704,-0.016189568,0.027288668,2021,False
2021-01-27,0.07724450719527137,0.45885470564393216,0.05013192612137203,0.45147770643234253,-0.026403734,-0.004204854,-0.037515417,-0.02219888,0.011111682,2021,False
2021-01-28,0.13179674922666074,0.5615101192562846,0.09762532981530343,0.5338397026062012,0.03139008,0.036176484,-0.0028042598,-0.0047864057,0.03419434,2021,False
2021-01-29,0.054245804597655156,0.5523285508407494,0.079155672823219,0.521987795829773,0.0625124,0.056019988,0.052196883,0.00649241,0.010315515,2021,True
2021-02-01,0.042849384914713885,0.5486661733469678,0.08947368421052632,0.5193618535995483,0.044433635,0.033607688,0.035461646,0.010825947,0.008971989,2021,False
2021-02-02,0.12024602340073118,0.6233466658559932,0.08421052631578947,0.5852470993995667,0.06684716,0.049613986,0.030370641,0.017233174,0.03647652,2021,False
2021-02-03,0.11003241733649721,0.5969877811616916,0.09210526315789473,0.5663610100746155,0.0841365,0.07458214,0.051099572,0.009554364,0.03303693,2021,False
2021-02-04,0.029715621723252338,0.5231764031525035,0.07631578947368421,0.49499639868736267,0.049769457,0.05284515,0.054006524,-0.0030756928,-0.004237067,2021,False
2021-02-05,-0.03412734414566485,0.5296390301078682,0.08421052631578947,0.4952925741672516,0.074904665,0.07584469,0.09981446,-0.00094002485,-0.024909794,2021,True
2021-02-08,0.06623995421425091,0.6437791314439355,0.10789473684210527,0.5982798337936401,0.09763033,0.073352806,0.083535194,0.024277523,0.014095135,2021,False
2021-02-09,0.0600912131230464,0.6581950569790106,0.11052631578947368,0.6091770529747009,0.09671835,0.07063271,0.08103494,0.026085638,0.015683405,2021,False
2021-02-10,0.10611319326211793,0.6641010701797675,0.12631578947368421,0.6195152997970581,0.07705043,0.052406684,0.05227638,0.024643749,0.024774052,2021,False
2021-02-18,0.13764104993824436,0.6755730302204216,0.11578947368421053,0.633691668510437,0.060086925,0.045871537,0.028829802,0.014215387,0.031257123,2021,False
2021-02-19,0.08495446128932217,0.6198721037571263,0.04461942257217848,0.5761072635650635,0.015152055,0.0019832053,0.002831283,0.013168849,0.012320772,2021,True
2021-02-22,0.2158397687133164,0.6738563521413555,0.11811023622047244,0.6345628499984741,0.014904471,0.0010073414,-0.037854392,0.013897129,0.052758865,2021,False
2021-02-23,0.16589452466129384,0.6340301064445516,0.06036745406824147,0.5954487919807434,-0.013923562,-0.02038974,-0.040155083,0.0064661773,0.02623152,2021,False
2021-02-24,0.07515164742237003,0.5605504280693712,0.05249343832020997,0.5242751240730286,-0.01921673,-0.017512519,-0.02166324,-0.0017042104,0.00244651,2021,False
2021-02-25,0.03345623532093932,0.521625125487824,0.06036745406824147,0.5066395401954651,-0.004265306,-0.0036748308,0.0023949489,-0.0005904753,-0.0066602547,2021,False
2021-02-26,0.03482571179573919,0.4967111362367615,0.04461942257217848,0.4836970567703247,-0.02405781,-0.017387152,-0.018645631,-0.0066706575,-0.005412178,2021,True
2021-03-01,0.08223786769648223,0.549244547686417,0.04461942257217848,0.5351560115814209,-0.0068890788,-0.007556814,-0.0101898955,0.000667735,0.0033008168,2021,False
2021-03-02,0.08963139667639944,0.6037637694456544,0.05249343832020997,0.5679530501365662,0.0008999926,-0.0045577944,-0.004102144,0.005457787,0.0050021363,2021,False
2021-03-03,0.12456426610725341,0.6036648510179909,0.05249343832020997,0.5675650835037231,0.0022738306,0.0022089307,-0.011045061,6.489991e-05,0.013318892,2021,False
2021-03-04,0.05895699365818891,0.5559797216765405,0.07349081364829396,0.5323226451873779,-0.0064049256,-0.012484763,-0.008259499,0.006079837,0.0018545738,2021,False
2021-03-05,0.08113206920417924,0.5585798974517944,0.06544502617801047,0.5398755669593811,-0.0012369995,-0.0017858967,0.0030627223,0.0005488972,-0.0042997217,2021,True
2021-03-08,0.04279209703395115,0.5391217617154528,0.07329842931937172,0.5151607990264893,0.024210967,0.0258004,0.03641132,-0.0015894324,-0.012200352,2021,False
2021-03-09,0.06960789532764557,0.5328666499015732,0.08900523560209424,0.509490430355072,0.028785083,0.02851776,0.027261488,0.0002673231,0.0015235953,2021,False
2021-03-10,0.1260808743471119,0.5489190063184531,0.12041884816753927,0.5197247266769409,0.02602904,0.024860293,0.0017717814,0.0011687465,0.024257258,2021,False
2021-03-11,0.20992911212573004,0.6001337101528406,0.1387434554973822,0.5766423940658569,0.035944056,0.029852921,-0.012844689,0.0060911346,0.048788745,2021,False
2021-03-12,0.21069345789436478,0.6222630975737016,0.15968586387434555,0.5955003499984741,0.04801947,0.034267824,0.00097452657,0.013751645,0.047044944,2021,True
2021-03-15,0.19375252348887195,0.5856258062753187,0.14882506527415143,0.5651035904884338,0.024715407,0.021516733,-0.024040243,0.003198674,0.04875565,2021,False
2021-03-16,0.1640559918897228,0.5538150515054298,0.1227154046997389,0.5475516319274902,0.014773991,0.007703569,-0.02729291,0.007070422,0.042066902,2021,False
2021-03-17,0.17879385156000696,0.5360225382797456,0.13315926892950392,0.5228537321090698,0.0071711875,0.011437229,-0.02845521,-0.0042660413,0.035626397,2021,False
2021-03-18,0.20848056423749703,0.5709338280242912,0.13054830287206268,0.5597879886627197,0.019433888,0.015934937,-0.020211732,0.003498951,0.03964562,2021,False
2021-03-19,0.23452941685743808,0.6211190608239197,0.1462140992167102,0.6001294255256653,0.024228813,0.019036612,-0.020407654,0.0051922016,0.044636466,2021,True
2021-03-22,0.11000487728359494,0.5486302019606817,0.07049608355091384,0.5348020195960999,0.013605742,0.015354634,0.014092681,-0.0017488925,-0.0004869392,2021,False
2021-03-23,0.10098571019155643,0.6220729107585321,0.1640625,0.5932673811912537,0.043720394,0.02934146,0.025318436,0.014378935,0.018401958,2021,False
2021-03-24,0.06476211163124192,0.5616257240097247,0.09375,0.5448739528656006,0.030044034,0.024048803,0.02146953,0.0059952307,0.008574504,2021,False
2021-03-25,0.0717430776487081,0.5352982126557955,0.049479166666666664,0.5169002413749695,0.0076667764,0.0090861395,0.0054224003,-0.0014193631,0.002244376,2021,False
2021-03-26,0.13550254519990207,0.5794735344141843,0.06770833333333333,0.5496026873588562,-0.0012568188,-0.0046572085,-0.020223478,0.0034003896,0.01896666,2021,True
2021-03-29,0.11460185916521853,0.5653867432293891,0.08072916666666667,0.543394148349762,0.010593456,0.010200699,-0.007196136,0.00039275736,0.017789591,2021,False
2021-03-30,0.12592227911808396,0.591392866801393,0.09635416666666667,0.5675070881843567,0.017552128,0.011299317,-0.012127045,0.0062528113,0.029679172,2021,False
2021-03-31,0.08817151413279313,0.5706795126790895,0.07272727272727272,0.535557746887207,0.020097388,0.019006032,0.0012668312,0.0010913555,0.018830556,2021,False
2021-04-01,0.11024445873421164,0.6101003074195469,0.1038961038961039,0.5816793441772461,0.040009074,0.029948315,0.0075896406,0.010060759,0.032419432,2021,False
2021-04-02,0.09809739470872837,0.5805831601920652,0.05714285714285714,0.5435153245925903,0.024912037,0.023569167,0.0029881336,0.0013428703,0.021923903,2021,True
2021-04-06,0.1521365904552227,0.5744056872867235,0.05974025974025974,0.541440486907959,0.012765445,0.020486778,-0.02302817,-0.007721333,0.035793617,2021,False
2021-04-07,0.1647349285653865,0.5797879059947213,0.06753246753246753,0.5494832992553711,0.01572013,0.018650629,-0.0199262,-0.0029304978,0.03564633,2021,False
2021-04-08,0.18898049401704903,0.6048039489375235,0.08051948051948052,0.5715779066085815,0.019337233,0.01129602,-0.030386293,0.008041213,0.04972353,2021,False
2021-04-09,0.1648362156516925,0.5704290916023502,0.07272727272727272,0.5417711138725281,0.022488173,0.01948867,-0.030688709,0.0029995032,0.05317688,2021,True
2021-04-12,0.2118322123835064,0.6183385259110857,0.11979166666666667,0.578548014163971,0.026756128,0.023038968,-0.03175316,0.0037171599,0.05850929,2021,False
2021-04-13,0.25858719941759,0.6526386264061989,0.17142857142857143,0.6196692585945129,0.037550196,0.020773716,-0.034405377,0.01677648,0.07195558,2021,False
2021-04-14,0.20245885878226344,0.5895649060708172,0.10677083333333333,0.5645018219947815,0.020239709,0.023789292,-0.035746627,-0.0035495833,0.055986337,2021,False
2021-04-15,0.19112195786975308,0.5944046269062416,0.1227154046997389,0.5721095204353333,0.0048551788,0.004262554,-0.04223809,0.00059262477,0.04709327,2021,False
2021-04-16,0.14797293048821347,0.573745079973083,0.054404145077720206,0.5484657883644104,-0.017507745,-0.014362016,-0.05216241,-0.0031457292,0.034654662,2021,True
2021-04-19,0.12225744267510726,0.5675894775624748,0.05958549222797927,0.5440950989723206,-0.023495546,-0.025362277,-0.044811383,0.0018667318,0.021315837,2021,False
2021-04-20,0.042380613411867656,0.5187190820547453,0.04922279792746114,0.5092298984527588,-0.028246924,-0.024560658,-0.022831446,-0.003686266,-0.0054154787,2021,False
2021-04-21,0.040844749456805586,0.5506653185632086,0.04922279792746114,0.5275719165802002,-0.024921011,-0.027060814,-0.022350026,0.002139803,-0.002570985,2021,False
2021-04-22,0.03318683276885653,0.573789497397384,0.05181347150259067,0.5405389070510864,-0.006678926,-0.015329479,0.0065088123,0.008650553,-0.013187738,2021,False
2021-04-23,-0.023749318745211863,0.5401836955625665,0.059431524547803614,0.508796215057373,-0.008868102,-0.01424957,0.025062464,0.0053814678,-0.033930566,2021,True
2021-04-26,-0.028679070365551052,0.5509937773023246,0.05958549222797927,0.5225791931152344,0.017165678,0.00974294,0.045362774,0.007422738,-0.028197097,2021,False
2021-04-27,-0.01971666469533687,0.5551873408020189,0.05181347150259067,0.5222509503364563,0.012853883,0.009244844,0.032712772,0.003609039,-0.01985889,2021,False
2021-04-28,-0.06933377384662133,0.5493027469184268,0.03896103896103896,0.514423668384552,0.008815468,0.004049822,0.036807034,0.004765646,-0.027991567,2021,False
2021-04-29,-0.1617212081380149,0.48276495197621266,0.0391644908616188,0.4555051326751709,0.012250227,0.01074407,0.06082398,0.0015061572,-0.048573755,2021,False
2021-04-30,-0.11453933156050944,0.4881017030313741,0.020887728459530026,0.4648521840572357,0.0039247125,0.009382541,0.042790767,-0.0054578288,-0.038866054,2021,True
2021-05-06,-0.13877789919057504,0.47405204924320454,0.028720626631853787,0.4592824876308441,0.007485574,0.009478776,0.054231472,-0.0019932017,-0.046745896,2021,False
2021-05-07,-0.06624139869790201,0.48806017994098616,0.03655352480417755,0.4724895656108856,0.016849095,0.01849707,0.032790713,-0.0016479753,-0.015941618,2021,True
2021-05-10,0.014101226531230844,0.534174592482921,0.041666666666666664,0.5045589804649353,0.026502235,0.028590832,0.02043849,-0.002088597,0.0060637444,2021,False
2021-05-11,-0.012008780645006272,0.5203146629880472,0.046875,0.49382391571998596,0.029073248,0.028705498,0.02592942,0.00036774948,0.0031438284,2021,False
2021-05-12,0.00326233258392492,0.5426718498388806,0.0703125,0.5043312907218933,0.03416467,0.02805757,0.027582308,0.006107101,0.0065823626,2021,False
2021-05-13,0.012336552517340605,0.5832832661514582,0.07291666666666667,0.5372328162193298,0.03329551,0.02502083,0.03255456,0.008274678,0.00074094906,2021,False
2021-05-14,-0.09662708961815183,0.5186917144499132,0.04155844155844156,0.48384055495262146,0.025657248,0.02138365,0.052767992,0.004273597,-0.027110744,2021,True
2021-05-17,-0.13119716882448693,0.4490412879710328,0.033854166666666664,0.4310725927352905,0.02684333,0.030313512,0.06261962,-0.0034701824,-0.035776287,2021,False
2021-05-18,-0.021610181504526156,0.5695563332921825,0.0859375,0.5194973945617676,0.045869708,0.03448157,0.046996895,0.011388138,-0.0011271872,2021,False
2021-05-19,-0.009872473779101384,0.5829662914631333,0.08571428571428572,0.5305776000022888,0.051636823,0.03616544,0.048518777,0.015471384,0.0031180456,2021,False
2021-05-20,0.005346400477381126,0.5248374601502799,0.05714285714285714,0.5019389986991882,0.03508596,0.0311253,0.03311157,0.0039606616,0.0019743927,2021,False
2021-05-21,-0.002084782653034256,0.49893760874507564,0.05714285714285714,0.4774380028247833,0.030892694,0.036002215,0.032530315,-0.0051095206,-0.0016376209,2021,True
2021-05-24,-0.03883447928997276,0.45085624543700287,0.03367875647668394,0.44155219197273254,0.017862061,0.031421546,0.031006683,-0.013559485,-0.013144622,2021,False
2021-05-25,0.013029897237512189,0.5157930308512931,0.046632124352331605,0.4895492196083069,0.019888448,0.021469472,0.013123381,-0.0015810244,0.0067650666,2021,False
2021-05-26,-0.002747071782848047,0.47649760720912937,0.03626943005181347,0.46337202191352844,0.010386655,0.017003516,0.011748814,-0.0066168606,-0.0013621589,2021,False
2021-05-27,0.016435317354239684,0.4696428126806476,0.02072538860103627,0.45801863074302673,0.008498282,0.017406508,0.002531835,-0.008908226,0.0059664473,2021,False
2021-05-28,0.08567584085207579,0.5110921335291532,0.04404145077720207,0.49445006251335144,0.00197665,0.008561501,-0.023755336,-0.006584851,0.025731986,2021,True
2021-05-31,0.16789055837496517,0.5696524401404828,0.031088082901554404,0.5436363220214844,-0.0064883055,-0.00030527645,-0.04807977,-0.006183029,0.041591465,2021,False
2021-06-01,0.1502115620275021,0.5740346786269507,0.020671834625323,0.5466414093971252,-0.010021895,-0.0046894993,-0.041892763,-0.005332396,0.031870868,2021,False
2021-06-02,0.06691485449686618,0.524193044508523,0.023255813953488372,0.5093249678611755,-0.012343106,-0.008939476,-0.020650124,-0.00340363,0.008307018,2021,False
2021-06-03,-0.0013836262248846792,0.47142207177562345,0.025839793281653745,0.45436540246009827,-0.0068620355,0.0056664315,0.007867865,-0.012528467,-0.0147299,2021,False
2021-06-04,-0.0070426678609641314,0.46771192050805876,0.025839793281653745,0.45363834500312805,-0.0024701704,0.00982063,0.012873499,-0.0122908,-0.015343669,2021,True
2021-06-07,-0.060015322740165966,0.45642491882400504,0.023255813953488372,0.44270044565200806,-0.003545657,0.0046811164,0.017000964,-0.008226774,-0.02054662,2021,False
2021-06-08,-0.02866827650636641,0.4931581327959126,0.03617571059431524,0.4727245271205902,5.4205266e-05,0.0031363603,0.01018592,-0.003082155,-0.010131715,2021,False
2021-06-09,0.018110373705715867,0.5207254254847854,0.03865979381443299,0.49675899744033813,-0.00086245063,-0.0014478862,-0.0008592656,0.0005854356,-3.1850068e-06,2021,False
2021-06-10,-0.02727434176628927,0.48860730132711244,0.02056555269922879,0.47164127230644226,-0.0021150464,0.0030909986,0.013908686,-0.0052060448,-0.016023733,2021,False
2021-06-11,-0.024602438159978725,0.4832551326339155,0.015384615384615385,0.4637202322483063,0.0034412353,0.0091481125,0.020734537,-0.0057068774,-0.017293302,2021,True
2021-06-15,-0.052481663293726735,0.4629897787397041,0.02313624678663239,0.44786348938941956,0.008995961,0.0126575185,0.034967296,-0.003661557,-0.025971334,2021,False
2021-06-16,0.046236238397948715,0.5214479257344251,0.06153846153846154,0.49766212701797485,0.022593247,0.019993557,0.022031365,0.00259969,0.0005618818,2021,False
2021-06-17,0.11945418313040003,0.5475132378182236,0.020512820512820513,0.5221967101097107,0.0031838918,0.01041419,-0.0045222496,-0.0072302977,0.007706141,2021,False
2021-06-18,0.11998726046500117,0.5677198058237882,0.035897435897435895,0.5443450808525085,0.0013437077,0.0009722213,-0.012541112,0.00037148636,0.013884819,2021,True
2021-06-21,0.08277582791801766,0.5615258234833745,0.028205128205128206,0.5350504517555237,-0.0058837,-0.0023181213,-0.009616593,-0.003565579,0.0037328927,2021,False
2021-06-22,0.09460264908337991,0.5576406903948001,0.023076923076923078,0.5278698801994324,-0.0057577975,0.002112955,-0.012154487,-0.007870752,0.0063966895,2021,False
2021-06-23,-0.030622631771725164,0.5054745624928092,0.023017902813299233,0.482951283454895,-0.010691787,-0.007041453,0.01138084,-0.0036503342,-0.022072628,2021,False
2021-06-24,-0.07613453724559874,0.5034596538064955,0.020460358056265986,0.4777696132659912,-0.010770397,-0.013296455,0.019740107,0.002526058,-0.030510504,2021,False
2021-06-25,-0.0900533588497075,0.48852803421788193,0.02040816326530612,0.4632576107978821,-0.0036045075,-0.0039540795,0.035318777,0.00034957193,-0.038923286,2021,True
2021-06-28,-0.11480893088827661,0.4723881698510006,0.012755102040816327,0.45114004611968994,0.0023963957,0.0024566837,0.046606127,-6.0288003e-05,-0.04420973,2021,False
2021-06-29,-0.085355355868997,0.4775949975802372,0.015306122448979591,0.45443734526634216,0.0036123039,0.003645765,0.038088016,-3.3461023e-05,-0.034475714,2021,False
2021-06-30,-0.06343084531243469,0.5076893609705847,0.02040816326530612,0.48098284006118774,-0.0042143576,-0.008724647,0.020976814,0.004510289,-0.025191171,2021,False
2021-07-01,-0.11432353200565984,0.46609855985705323,0.015306122448979591,0.4425344169139862,0.0041958136,0.0071988883,0.051257838,-0.0030030748,-0.047062024,2021,False
2021-07-02,-0.03426387084818801,0.493817436515393,0.02295918367346939,0.47313448786735535,-7.9614773e-07,0.0044170027,0.019545073,-0.004417799,-0.019545868,2021,True
2021-07-05,-0.04972276289308213,0.47686943093402134,0.027989821882951654,0.4610579013824463,-0.0037422623,0.002414318,0.026038775,-0.0061565805,-0.029781038,2021,False
2021-07-06,-0.1293520148365687,0.4382483158654918,0.025380710659898477,0.4244949519634247,-0.002546558,0.010436125,0.050280098,-0.012982683,-0.052826654,2021,False
2021-07-07,-0.12271217409250508,0.45399382536531374,0.030456852791878174,0.42955949902534485,0.003453772,0.0125974715,0.051927485,-0.009143699,-0.048473712,2021,False
2021-07-08,-0.12025289738600033,0.471121948636796,0.027848101265822784,0.4460420608520508,0.0034252228,0.008308161,0.05440201,-0.004882938,-0.050976787,2021,False
2021-07-09,-0.0743791550970774,0.5073017663100039,0.027848101265822784,0.47660115361213684,-0.023452483,-0.02339272,0.012171559,-5.976297e-05,-0.035624042,2021,True
2021-07-12,-0.06740104077518132,0.5243928854640767,0.027848101265822784,0.4935934841632843,-0.030102903,-0.031531118,-0.0014803613,0.0014282148,-0.028622542,2021,False
2021-07-13,0.07479053060989518,0.5991658468325326,0.035443037974683546,0.564535915851593,-0.050167736,-0.056665927,-0.06589242,0.0064981915,0.015724685,2021,False
2021-07-14,-0.039313530775107866,0.5206483372779793,0.020202020202020204,0.49210435152053833,-0.04018707,-0.040814642,-0.013382578,0.0006275736,-0.02680449,2021,False
2021-07-15,-0.06996311131974943,0.5041958657419104,0.03526448362720403,0.4804704487323761,-0.037655395,-0.04915721,-0.008696666,0.011501815,-0.028958729,2021,False
2021-07-16,-0.0944138012264556,0.48424297560512647,0.03787878787878788,0.46292585134506226,-0.018791357,-0.03322517,0.013760924,0.014433814,-0.03255228,2021,True
2021-07-19,-0.06147623145191073,0.4868542442693142,0.03526448362720403,0.45938676595687866,-0.0041574244,-0.0078012696,0.0088821,0.0036438452,-0.013039524,2021,False
2021-07-20,-0.022374095501494162,0.49427096906176493,0.04522613065326633,0.46885091066360474,-0.013518307,-0.012863574,-0.0142460205,-0.00065473374,0.0007277131,2021,False
2021-07-21,0.002620178779968416,0.5058463324773912,0.04271356783919598,0.4801984131336212,-0.017447127,-0.013213117,-0.020268971,-0.0042340104,0.002821844,2021,False
2021-07-22,-0.016334910735204575,0.48093099325279587,0.03007518796992481,0.4572750926017761,-0.024581594,-0.017438272,-0.01857281,-0.0071433224,-0.006008785,2021,False
2021-07-23,0.04355078421120098,0.4931353927341883,0.040100250626566414,0.47732651233673096,0.0074068527,0.010703151,-0.0011779965,-0.0032962984,0.00858485,2021,True
2021-07-26,0.006298055012806194,0.4875191730451944,0.040100250626566414,0.474122017621994,0.024206404,0.031115549,0.0270975,-0.006909145,-0.0028910972,2021,False
2021-07-27,-0.11111859470241077,0.5315393840293573,0.047619047619047616,0.4953084886074066,0.07643196,0.0628055,0.10561297,0.013626456,-0.029181011,2021,False
2021-07-28,-0.02085026283598296,0.5514745318361584,0.045,0.5251922607421875,0.0676558,0.056616332,0.06761386,0.011039469,4.1939318e-05,2021,False
2021-07-29,0.048738188686344004,0.5634164097665783,0.0625,0.5421457886695862,0.06395251,0.054312024,0.042028144,0.009640489,0.021924369,2021,False
2021-07-30,0.11860181534878467,0.590494023404574,0.06,0.5603377819061279,0.052963223,0.046505924,0.021121416,0.006457299,0.031841807,2021,True
2021-08-02,0.10519071310865019,0.590383981204525,0.04239401496259352,0.5623883008956909,0.024602097,0.017174141,0.009254431,0.007427955,0.015347665,2021,False
2021-08-03,0.15499233922526218,0.5855891160994259,0.0798004987531172,0.5653465390205383,0.018748296,0.014576445,-0.0030647498,0.004171851,0.021813046,2021,False
2021-08-04,0.20762113411334093,0.6240748602231116,0.07711442786069651,0.5947282910346985,0.025312716,0.02233398,-0.013988907,0.0029787365,0.039301623,2021,False
2021-08-05,0.22611236306542615,0.6307512469556242,0.0794044665012407,0.6006723642349243,0.02175045,0.020534499,-0.020301314,0.0012159515,0.042051762,2021,False
2021-08-06,0.051786372248915025,0.5321503350150925,0.03225806451612903,0.5195374488830566,0.01548496,0.0137519,0.014763462,0.00173306,0.00072149746,2021,True
2021-08-09,0.05320102057453517,0.5465133446842763,0.02481389578163772,0.5256947875022888,0.0150765525,0.013447922,0.018221665,0.0016286308,-0.0031451127,2021,False
2021-08-10,0.08193944576498273,0.5589013926666595,0.02729528535980149,0.5373162627220154,0.0153274,0.01514236,0.0081549045,0.00018503983,0.007172495,2021,False
2021-08-11,0.12300625845305298,0.5946770231676485,0.02729528535980149,0.5659146904945374,0.020023588,0.01833222,-0.0020815441,0.0016913675,0.022105131,2021,False
2021-08-12,0.1762805417617926,0.6241139093663478,0.027227722772277228,0.5933223962783813,0.018731453,0.0140140895,-0.017933253,0.004717363,0.036664706,2021,False
2021-08-13,0.044018983289021374,0.5855880834132752,0.027160493827160494,0.5565294623374939,0.012454462,0.0011521708,0.00915267,0.011302291,0.0033017918,2021,True
2021-08-16,0.02964863820856434,0.5726097816828488,0.0345679012345679,0.5439512729644775,0.01840652,0.008501189,0.016246917,0.009905331,0.002159603,2021,False
2021-08-17,0.10736635635354168,0.601268900089662,0.04197530864197531,0.5685244202613831,0.033099577,0.027493423,0.0153811285,0.005606154,0.01771845,2021,False
2021-08-18,0.10656175331350964,0.6019211114632498,0.04691358024691358,0.5736040472984314,0.03883642,0.027584465,0.01600371,0.011251954,0.02283271,2021,False
2021-08-19,0.14147410375541175,0.6006720949216139,0.05432098765432099,0.572378933429718,0.06150925,0.055026807,0.024725815,0.0064824447,0.036783434,2021,False
2021-08-20,0.20517665039717203,0.6071199139820971,0.0812807881773399,0.5833266377449036,0.045532767,0.038475424,-0.016992291,0.0070573427,0.06252506,2021,True
2021-08-23,0.21468364322048772,0.6401173524364424,0.06403940886699508,0.6133353114128113,0.05461578,0.047965202,-0.004535428,0.006650578,0.05915121,2021,False
2021-08-24,0.2237722669267136,0.6535874118158345,0.0665024630541872,0.6215765476226807,0.06411113,0.051510222,0.007453265,0.012600906,0.056657862,2021,False
2021-08-25,0.27454612822897856,0.6751370485000555,0.06633906633906633,0.6390916705131531,0.06892896,0.060398784,-0.0032180026,0.008530173,0.07214696,2021,False
2021-08-26,0.22595572718924314,0.6561287311872803,0.0687960687960688,0.6218273043632507,0.07191798,0.05710773,0.004265932,0.014810249,0.06765205,2021,False
2021-08-27,0.2928634967754142,0.6641649646820627,0.07125307125307126,0.6394881010055542,0.07095067,0.061675753,-0.006369932,0.009274919,0.077320606,2021,True
2021-08-30,0.24551614845134898,0.6468165810267607,0.06372549019607843,0.6169652938842773,0.06861101,0.058553845,0.012964237,0.010057166,0.055646773,2021,False
2021-08-31,0.12224657104049844,0.6062152778515156,0.04411764705882353,0.5792601108551025,0.047943093,0.04078929,0.03609375,0.0071538016,0.011849344,2021,False
2021-09-01,0.15006970950727627,0.611977902513105,0.058823529411764705,0.5844998359680176,0.0491161,0.04403409,0.029222095,0.005082011,0.019894006,2021,False
2021-09-02,0.17354483643210175,0.6125895378637712,0.0661764705882353,0.5850826501846313,0.020920314,0.0116503835,8.320368e-05,0.00926993,0.02083711,2021,False
2021-09-03,0.11640817771953837,0.6025025361168885,0.051597051597051594,0.5755447149276733,0.013195304,0.012212446,0.022022445,0.0009828582,-0.008827141,2021,True
2021-09-06,0.1395233044398065,0.5858408473564792,0.05392156862745098,0.5688531398773193,0.014689735,0.008359154,0.008236981,0.0063305814,0.006452754,2021,False
2021-09-07,0.1506239513307849,0.5851009873049701,0.0687960687960688,0.5646424293518066,-0.007807387,-0.008989117,-0.02146317,0.0011817301,0.013655784,2021,False
2021-09-08,0.22543061161262642,0.6070365869596317,0.08823529411764706,0.5859349966049194,-0.03022078,-0.028830953,-0.062400922,-0.0013898276,0.03218014,2021,False
2021-09-09,0.24412994435272872,0.6392432276850915,0.11519607843137254,0.605650007724762,-0.029022679,-0.037471406,-0.07587062,0.008448727,0.04684794,2021,False
2021-09-10,0.2788579943456831,0.6445863115303337,0.125,0.614709734916687,-0.038949333,-0.04817865,-0.1045825,0.009229317,0.06563317,2021,True
2021-09-13,0.29197919613258666,0.6390235953690746,0.14425427872860636,0.606591522693634,-0.034372058,-0.043685928,-0.10640622,0.00931387,0.072034165,2021,False
2021-09-14,0.33491589885613465,0.6655245588198357,0.15403422982885084,0.6289082765579224,-0.0032286032,-0.017273067,-0.103403896,0.014044464,0.10017529,2021,False
2021-09-15,0.384640794430855,0.7004769864338306,0.22982885085574573,0.6541082262992859,0.0074194935,-0.0127211455,-0.12539566,0.020140639,0.13281515,2021,False
2021-09-16,0.4239531358014311,0.7074364889949598,0.18536585365853658,0.6682451963424683,0.009120394,-0.0043816026,-0.12895565,0.013501996,0.13807604,2021,False
2021-09-17,0.4470012150828474,0.7266302617518031,0.21951219512195122,0.6869534850120544,0.017617587,-0.004216286,-0.13967887,0.021833872,0.15729645,2021,True
2021-09-22,0.4124452314096117,0.7100970018429337,0.17804878048780487,0.6656478047370911,0.0016518082,-0.011830853,-0.1335186,0.013482662,0.13517042,2021,False
2021-09-23,0.3855916425150419,0.6931994247062864,0.11707317073170732,0.6537823677062988,-0.0018924753,-0.0069113425,-0.11221261,0.005018867,0.110320136,2021,False
2021-09-24,0.21543164097016163,0.6223629965173119,0.07317073170731707,0.5931077003479004,0.0033658447,0.001269469,-0.050332602,0.0020963757,0.053698447,2021,True
2021-09-27,0.18964826632749196,0.5979816633221512,0.0951219512195122,0.5784640312194824,0.020763176,0.013361022,-0.03078595,0.0074021537,0.051549125,2021,False
2021-09-28,0.12391484019804552,0.5652417633374184,0.08292682926829269,0.5471512079238892,0.028446961,0.026594296,-0.008010194,0.0018526651,0.036457155,2021,False
2021-09-29,0.08188138437095546,0.5556647601366884,0.10462287104622871,0.5350486040115356,0.02079417,0.014266043,-0.006012133,0.006528127,0.026806302,2021,False
2021-09-30,0.061643206042432674,0.5548234693259669,0.09732360097323602,0.5295280814170837,-0.0066625252,-0.008699672,-0.016689764,0.002037147,0.010027239,2021,False
2021-10-08,0.025748215248434615,0.5314807078590494,0.10462287104622871,0.5057212710380554,-0.017036695,-0.008875982,-0.004852288,-0.008160713,-0.012184408,2021,True
2021-10-11,-0.10088048367701863,0.4803079810024802,0.058394160583941604,0.45887938141822815,-0.01296737,-0.0068283696,0.046095412,-0.006139001,-0.059062783,2021,False
2021-10-12,-0.06685125864025998,0.49179935880992937,0.08980582524271845,0.47349295020103455,-0.018295001,-0.016891483,0.009096872,-0.001403518,-0.027391873,2021,False
2021-10-13,-0.10526401536289749,0.44003655295738775,0.06537530266343826,0.4238438904285431,-0.055759095,-0.0395433,-0.00095466216,-0.016215794,-0.054804433,2021,False
2021-10-14,-0.06649786056968823,0.47285050584087096,0.07021791767554479,0.4555926024913788,-0.040865548,-0.036870193,0.00083123613,-0.003995355,-0.041696783,2021,False
2021-10-15,-0.04944228744945954,0.4888151629560565,0.0774818401937046,0.473466157913208,-0.021769747,-0.020569714,0.014411035,-0.0012000334,-0.036180783,2021,True
2021-10-18,0.00047853421182932266,0.5204041263275544,0.09903381642512077,0.5041441321372986,-0.021198586,-0.024590332,-0.010548304,0.0033917464,-0.010650282,2021,False
2021-10-19,0.044919685631022166,0.5333620229650337,0.0966183574879227,0.5145512819290161,-0.021385428,-0.022979902,-0.023915332,0.0015944745,0.0025299042,2021,False
2021-10-20,0.03867481234517481,0.5388585761681765,0.09178743961352658,0.5192394256591797,-0.005599165,-0.013079768,-0.011768487,0.007480603,0.0061693224,2021,False
2021-10-21,0.05649179305493049,0.5414569487590501,0.09178743961352658,0.518555223941803,0.0040253154,-0.0012926413,-0.01108691,0.0053179567,0.015112225,2021,False
2021-10-22,0.07687118897258877,0.5550231139402617,0.08695652173913043,0.5285058617591858,0.007663288,0.0006671629,-0.01868044,0.0069961254,0.02634373,2021,True
2021-10-25,0.08919199325664175,0.58583624680814,0.07729468599033816,0.5551565289497375,0.022774259,0.007799789,-0.008233137,0.014974469,0.031007396,2021,False
2021-10-26,0.12873604802226066,0.6037074838843335,0.10144927536231885,0.5682424902915955,0.047693,0.039120015,-0.0016689843,0.0085729845,0.049361985,2021,False
2021-10-27,0.15321975236271757,0.6311167705917893,0.10602409638554217,0.5943825840950012,0.08303782,0.070662,0.036917962,0.012375824,0.04611986,2021,False
2021-10-28,0.1588378581545533,0.6336870610212448,0.0891566265060241,0.5948419570922852,0.08420578,0.08363789,0.047098767,0.00056788325,0.03710701,2021,False
2021-10-29,0.1867643541089205,0.6428812622591722,0.10843373493975904,0.6015751361846924,0.08566293,0.077263586,0.026595816,0.008399345,0.059067115,2021,True
2021-11-01,0.21550036424441094,0.6466653238418452,0.08653846153846154,0.6105324625968933,0.082619235,0.07869182,0.030128006,0.003927417,0.05249123,2021,False
2021-11-02,0.19633266178243003,0.660996780018602,0.0889423076923077,0.62711101770401,0.09191333,0.081888735,0.045449942,0.010024592,0.046463385,2021,False
2021-11-03,0.18695688914588585,0.6481472719837136,0.09832134292565947,0.6150590777397156,0.07902602,0.06921451,0.035551302,0.009811513,0.04347472,2021,False
2021-11-04,0.14248692607828192,0.6305836293815903,0.08633093525179857,0.5920030474662781,0.07017522,0.061259296,0.04098658,0.008915927,0.029188644,2021,False
2021-11-05,0.055294763169979055,0.6022654980836958,0.09112709832134293,0.5669968128204346,0.07804201,0.073962756,0.06459443,0.0040792525,0.013447575,2021,True
2021-11-08,0.0983110359347301,0.6072595880608349,0.09352517985611511,0.579754114151001,0.07530829,0.07339497,0.061094604,0.001913324,0.014213689,2021,False
2021-11-09,0.09203283673000075,0.6192503190362207,0.09832134292565947,0.5853129029273987,0.077053644,0.0793657,0.06625398,-0.0023120567,0.010799661,2021,False
2021-11-10,0.06511784241594733,0.6062783636586622,0.07434052757793765,0.5741377472877502,0.061561383,0.058300093,0.046148364,0.0032612905,0.01541302,2021,False
2021-11-11,0.07000022403507065,0.5975577291294022,0.0671462829736211,0.5674837827682495,0.04827244,0.041290864,0.02913592,0.006981574,0.019136518,2021,False
2021-11-12,-0.011527270451218876,0.5584249585585285,0.0671462829736211,0.530398964881897,0.026969964,0.020501334,0.027983725,0.0064686295,-0.0010137614,2021,True
2021-11-15,-0.10163922165010161,0.5292952240598522,0.04784688995215311,0.5057771801948547,0.033185683,0.023167718,0.053865258,0.010017965,-0.020679574,2021,False
2021-11-16,-0.005043206767558835,0.5628511263623122,0.06698564593301436,0.5427317023277283,0.04417314,0.03481731,0.03868267,0.009355832,0.0054904707,2021,False
2021-11-17,0.09080108738127401,0.6065668199589938,0.08133971291866028,0.5825993418693542,0.047830425,0.034636825,0.020431962,0.0131936,0.027398463,2021,False
2021-11-18,0.09725628727110289,0.5972547254447236,0.0883054892601432,0.5753341913223267,0.042756177,0.034270674,0.01238191,0.0084855035,0.030374266,2021,False
2021-11-19,0.1342204851928937,0.569188868601792,0.07637231503579953,0.5490330457687378,0.021302246,0.019463873,-0.010675303,0.001838373,0.03197755,2021,True
2021-11-22,0.2469260624084048,0.5846585092915655,0.1026252983293556,0.5666452646255493,0.0070961136,0.0072076586,-0.052198883,-0.00011154497,0.059295,2021,False
2021-11-23,0.18845546004249686,0.549094480113868,0.07159904534606205,0.5372698903083801,0.0047465987,0.007944244,-0.039284714,-0.0031976453,0.04403131,2021,False
2021-11-24,0.1817764751743955,0.5327201893889568,0.07875894988066826,0.5211451649665833,0.008855839,0.010503873,-0.03506307,-0.001648034,0.043918908,2021,False
2021-11-25,0.19441410077322877,0.557165343510364,0.10952380952380952,0.5469513535499573,0.021141,0.017925495,-0.031095464,0.0032155048,0.052236464,2021,False
2021-11-26,0.22961590670343154,0.5709572209926135,0.09761904761904762,0.5611876845359802,0.033199057,0.031880435,-0.023723882,0.0013186224,0.05692294,2021,True
2021-11-29,0.21964911340151266,0.5873500574964245,0.09523809523809523,0.5731568932533264,0.025347123,0.02512885,-0.02755511,0.00021827221,0.052902233,2021,False
2021-11-30,0.19626653705887653,0.580860073217901,0.10476190476190476,0.5620182156562805,0.0247216,0.023450198,-0.017294748,0.0012714025,0.04201635,2021,False
2021-12-01,0.16071898092387943,0.6000373043706467,0.10476190476190476,0.57686847448349,0.03317165,0.02063147,-0.0013809517,0.01254018,0.0345526,2021,False
2021-12-02,0.1461440730560241,0.5995490268792328,0.1187648456057007,0.5751501321792603,0.03747648,0.0264525,0.010495972,0.01102398,0.026980508,2021,False
2021-12-03,0.28570337801049156,0.7124938357277909,0.15676959619952494,0.680355966091156,0.06478139,0.038536776,0.0022083425,0.026244614,0.062573045,2021,True
2021-12-06,0.2927882755084156,0.7219303218595894,0.17339667458432304,0.6861159205436707,0.08381428,0.059653565,0.019144762,0.024160713,0.06466952,2021,False
2021-12-07,0.29967422574717956,0.724603677676472,0.17577197149643706,0.6848567128181458,0.08702782,0.06114983,0.02042719,0.025877986,0.06660063,2021,False
2021-12-08,0.26150814738270317,0.7022429972390394,0.13744075829383887,0.6693034172058105,0.062384825,0.049162976,0.012554359,0.013221849,0.049830467,2021,False
2021-12-09,0.21899257853180681,0.6488937981283281,0.12322274881516587,0.6171620488166809,0.03597241,0.034229625,0.002634497,0.0017427839,0.033337913,2021,False
2021-12-10,0.29421935841414787,0.6661276473802917,0.12322274881516587,0.6351897120475769,0.03171311,0.035546415,-0.022990292,-0.003833305,0.0547034,2021,True
2021-12-13,0.3702986373926408,0.7036996985239804,0.13270142180094788,0.6720916032791138,0.03926357,0.030462505,-0.03463773,0.0088010635,0.073901296,2021,False
2021-12-14,0.35949724317939064,0.6893930560343501,0.11374407582938388,0.6526442766189575,0.030003095,0.0239698,-0.040946253,0.0060332958,0.070949346,2021,False
2021-12-15,0.35755428583989063,0.6811515313666258,0.09004739336492891,0.6467906832695007,0.02978509,0.027632024,-0.038196076,0.002153065,0.06798117,2021,False
2021-12-16,0.337806493257038,0.6434912049384183,0.07801418439716312,0.6132437586784363,0.032086313,0.038154658,-0.036819063,-0.006068345,0.068905376,2021,False
2021-12-17,0.33434884292518385,0.6435850299620661,0.08747044917257683,0.6152369976043701,0.04935138,0.055503413,-0.025755074,-0.006152034,0.07510646,2021,True
2021-12-20,0.28642884766154175,0.616196394185122,0.07565011820330969,0.5853803753852844,0.030547839,0.030462628,-0.029932018,8.521043e-05,0.060479857,2021,False
2021-12-21,0.3698885733746395,0.6867778341258719,0.1016548463356974,0.652802586555481,0.03449112,0.03281643,-0.03821394,0.0016746931,0.07270506,2021,False
2021-12-22,0.3743045725632549,0.689454159340515,0.08747044917257683,0.6574130654335022,0.042305958,0.03991427,-0.03551374,0.0023916885,0.0778197,2021,False
2021-12-23,0.39858283632231045,0.720024304871768,0.10849056603773585,0.6842092871665955,0.05635201,0.045268048,-0.044916943,0.011083964,0.101268955,2021,False
2021-12-24,0.30005991794831083,0.719182565981245,0.13679245283018868,0.682063102722168,0.066185966,0.04502688,-0.02112078,0.021159086,0.087306745,2021,True
2021-12-27,0.31761145544871244,0.7337244103002756,0.12735849056603774,0.6941286325454712,0.06393233,0.045994077,-0.011753757,0.017938253,0.07568608,2021,False
2021-12-28,0.36714685711187983,0.7507719345937849,0.15566037735849056,0.7127792239189148,0.070678405,0.052443936,-0.009122065,0.018234469,0.07980047,2021,False
2021-12-29,0.28856637943708974,0.7225007224712577,0.13443396226415094,0.6838107705116272,0.049162,0.028891966,-0.018042294,0.020270035,0.0672043,2021,False
2021-12-30,0.315337227203385,0.7373342623008214,0.13443396226415094,0.6967918872833252,0.050540145,0.029942209,-0.014121182,0.020597937,0.064661324,2021,False
2021-12-31,0.27895479443787596,0.679980929199822,0.10613207547169812,0.6428808569908142,0.022604002,0.0062926495,-0.027005604,0.016311351,0.049609605,2021,True
2022-01-04,0.27160344220995575,0.6979518878693602,0.12264150943396226,0.6588791012763977,0.030695528,0.0127736665,-0.024351738,0.017921861,0.055047266,2022,False
2022-01-05,0.21627739866412174,0.6340742349795486,0.11320754716981132,0.6014143228530884,0.0058664703,-0.0050114724,-0.02922609,0.010877943,0.035092562,2022,False
2022-01-06,0.26874038907140546,0.6742860642998779,0.12264150943396226,0.6396127939224243,-0.0033967188,-0.01607617,-0.051554676,0.012679451,0.048157956,2022,False
2022-01-07,0.21472781052943354,0.6375066204634896,0.10588235294117647,0.6055441498756409,-0.011113099,-0.024438871,-0.040861167,0.013325772,0.029748067,2022,True
2022-01-10,0.1437157249432764,0.5664741438857793,0.09647058823529411,0.5371055603027344,-0.05174802,-0.05646239,-0.075270884,0.00471437,0.023522865,2022,False
2022-01-11,0.17080742615048322,0.5568967972706238,0.09411764705882353,0.5355883836746216,-0.068236776,-0.07385478,-0.10468343,0.005618006,0.036446653,2022,False
2022-01-12,0.15288923737533833,0.5283537849776818,0.06103286384976526,0.5095075368881226,-0.09139297,-0.090107694,-0.1374148,-0.0012852773,0.046021827,2022,False
2022-01-13,0.2549620593808767,0.5858953454597008,0.06807511737089202,0.5595443844795227,-0.07932233,-0.0755589,-0.14487492,-0.0037634298,0.065552585,2022,False
2022-01-14,0.2781934187001998,0.6027821472573444,0.08450704225352113,0.5782553553581238,-0.06540934,-0.06405523,-0.15624903,-0.0013541132,0.09083969,2022,True
2022-01-17,0.35400782263243025,0.6721623709367648,0.10328638497652583,0.6421363949775696,-0.04200191,-0.047826562,-0.14578275,0.0058246516,0.10378084,2022,False
2022-01-18,0.25257856448257165,0.6046598402337715,0.09836065573770492,0.5779100060462952,-0.03757694,-0.036685083,-0.10960448,-0.00089185685,0.072027534,2022,False
2022-01-19,0.2107035319456751,0.6088161500089175,0.09133489461358314,0.5801789164543152,-0.02147304,-0.022931335,-0.088394664,0.0014582947,0.06692162,2022,False
2022-01-20,0.2124976510365014,0.5948454745633844,0.10070257611241218,0.5692728161811829,-0.017306842,-0.018638691,-0.075810805,0.001331849,0.058503963,2022,False
2022-01-21,0.19628712951775187,0.6072980827384568,0.09836065573770492,0.579049825668335,-0.013672952,-0.01857403,-0.059046876,0.0049010776,0.045373924,2022,True
2022-01-24,0.17210324534023116,0.6015089612584744,0.09836065573770492,0.5728428363800049,0.006158007,0.0037927236,-0.023041058,0.0023652832,0.029199066,2022,False
2022-01-25,0.1101635687475294,0.5679686215568062,0.10772833723653395,0.5454442501068115,0.027493343,0.02275497,0.011001521,0.0047383737,0.016491823,2022,False
2022-01-26,0.1441066253478979,0.6041259229574376,0.12149532710280374,0.5731058120727539,0.05383013,0.053076863,0.03532638,0.0007532649,0.018503748,2022,False
2022-01-27,0.02017563696253104,0.5225325879845283,0.04672897196261682,0.5008305311203003,0.035056338,0.042078752,0.045313995,-0.0070224144,-0.010257658,2022,False
2022-01-28,-0.05170668726478736,0.4986294709676713,0.06074766355140187,0.4717329442501068,0.028644718,0.03174585,0.059196927,-0.0031011328,-0.030552208,2022,True
2022-02-07,-0.0204813605769237,0.5119373168567946,0.06074766355140187,0.4879158139228821,0.017246433,0.027703838,0.04215763,-0.010457406,-0.024911199,2022,False
2022-02-08,0.0831520163975092,0.5752632038639486,0.0794392523364486,0.5440921783447266,0.023285754,0.02815113,0.02178144,-0.0048653763,0.0015043132,2022,False
2022-02-09,0.1548069148365996,0.6204001144103856,0.10046728971962617,0.5871248841285706,0.023175368,0.021151274,-0.0035290816,0.0020240936,0.02670445,2022,False
2022-02-10,0.2537364197519168,0.6733850545129701,0.1351981351981352,0.6372676491737366,0.05241925,0.041241243,-0.003988849,0.0111780055,0.0564081,2022,False
2022-02-11,0.22558531378565067,0.6458848037875742,0.12354312354312354,0.612805962562561,0.04497874,0.035122152,-0.0057335277,0.009856589,0.05071227,2022,True
2022-02-14,0.18663034961772543,0.6390668924427613,0.12093023255813953,0.6060911417007446,0.050086703,0.04203113,0.012056288,0.0080555715,0.038030416,2022,False
2022-02-15,0.11848939811189103,0.5934536156710062,0.09302325581395349,0.5682011842727661,0.031627,0.028396493,0.015137653,0.0032305066,0.016489346,2022,False
2022-02-16,0.03943953881428922,0.5131089733891117,0.08372093023255814,0.49898356199264526,0.020548936,0.01807587,0.016771272,0.0024730656,0.0037776642,2022,False
2022-02-17,0.07749869822628627,0.5566514044100557,0.07906976744186046,0.535469651222229,0.02110016,0.014338922,0.013694627,0.006761238,0.0074055325,2022,False
2022-02-18,0.03646270054739093,0.5418571894745927,0.07424593967517401,0.5214829444885254,-0.010627248,-0.018660387,-0.019367721,0.008033139,0.008740473,2022,True
2022-02-21,0.06408802030458614,0.5678868092226772,0.10208816705336426,0.5422857999801636,-0.02372365,-0.03412645,-0.043898433,0.010402799,0.020174783,2022,False
2022-02-22,-0.010892569290560653,0.5171855664919416,0.08120649651972157,0.5002529621124268,-0.0743203,-0.08423825,-0.073845915,0.009917952,-0.00047438592,2022,False
2022-02-23,-0.06739579344759729,0.48192318728703554,0.06960556844547564,0.46870237588882446,-0.04941278,-0.05597255,-0.026614944,0.0065597706,-0.022797836,2022,False
2022-02-24,-0.16177135414831725,0.423794894122252,0.05324074074074074,0.40688806772232056,-0.077587694,-0.071539015,-0.034857057,-0.0060486794,-0.042730637,2022,False
2022-02-25,-0.06700258979290699,0.49372436813231174,0.041666666666666664,0.472945898771286,-0.05690183,-0.05400743,-0.017551243,-0.0028944016,-0.039350588,2022,True
2022-02-28,-0.1056343269140275,0.47430481942197755,0.04861111111111111,0.4547502100467682,-0.106905796,-0.101904094,-0.061618634,-0.0050017014,-0.045287162,2022,False
2022-03-01,-0.1047351403089207,0.4565610567703224,0.04398148148148148,0.4406689405441284,-0.12705873,-0.11798403,-0.08022395,-0.009074703,-0.04683478,2022,False
2022-03-02,-0.09382444185734447,0.4926442305586984,0.046296296296296294,0.47034889459609985,-0.08595251,-0.084078826,-0.036337763,-0.0018736869,-0.04961475,2022,False
2022-03-03,-0.08206026069157515,0.4840277528802778,0.05324074074074074,0.4610097110271454,-0.07603078,-0.07066922,-0.026004536,-0.0053615645,-0.050026245,2022,False
2022-03-04,-0.07748155256545118,0.488958985056369,0.05555555555555555,0.47485700249671936,-0.044873353,-0.041107293,0.00052977906,-0.0037660599,-0.04540313,2022,True
2022-03-07,-0.0957569203803022,0.4735631624541924,0.0625,0.4561220407485962,-0.021127656,-0.01799249,0.024269912,-0.0031351652,-0.04539757,2022,False
2022-03-08,-0.03064950352250473,0.48104319179975097,0.06466512702078522,0.46551430225372314,0.018475229,0.023552656,0.045948137,-0.0050774273,-0.027472908,2022,False
2022-03-09,-0.010866930880644008,0.48284570089908335,0.046189376443418015,0.4610659182071686,-0.019780662,-0.0060198386,-0.003339607,-0.013760824,-0.016441055,2022,False
2022-03-10,0.023094703468215672,0.5165895306354932,0.03695150115473441,0.4877573847770691,-0.0014083093,0.010378076,0.00400614,-0.011786385,-0.005414449,2022,False
2022-03-11,0.009896562851034277,0.5137241459138591,0.03926096997690531,0.4903908371925354,-0.018966936,-0.008127513,-0.013820654,-0.010839422,-0.005146282,2022,True
2022-03-14,-0.020745172964870585,0.45771948517128624,0.029953917050691243,0.43301114439964294,0.0074429302,0.027060978,0.014751399,-0.019618047,-0.0073084687,2022,False
2022-03-15,0.03694279673500911,0.48316211222662164,0.03456221198156682,0.4619305431842804,0.036618985,0.049475417,0.024587303,-0.012856431,0.012031682,2022,False
2022-03-16,0.0651979413715035,0.48934627215676213,0.03917050691244239,0.474033921957016,0.005005909,0.014695295,-0.012490772,-0.009689386,0.01749668,2022,False
2022-03-17,0.08187086723341351,0.48878010621681334,0.03917050691244239,0.47605544328689575,-0.0048950324,-0.00089268835,-0.033231117,-0.004002344,0.028336085,2022,False
2022-03-18,0.06467412339340928,0.4710223071184518,0.04608294930875576,0.4624766707420349,-0.012798151,-0.004623477,-0.044625707,-0.008174675,0.031827554,2022,True
2022-03-21,0.05268519803748542,0.4543145601388658,0.03686635944700461,0.4462273120880127,-0.027103886,-0.02019952,-0.056662437,-0.0069043655,0.02955855,2022,False
2022-03-22,0.021671994620745146,0.44428049074039677,0.041474654377880185,0.4358992576599121,-0.054256886,-0.043095417,-0.07241055,-0.011161469,0.018153667,2022,False
2022-03-23,0.06139633482625864,0.45588416347671085,0.0367816091954023,0.4495350122451782,-0.06107088,-0.04317751,-0.08343973,-0.01789337,0.022368848,2022,False
2022-03-24,0.048651977902179094,0.4496832492174239,0.04367816091954023,0.4475593566894531,-0.068371944,-0.056435023,-0.08837352,-0.011936922,0.020001575,2022,False
2022-03-25,0.07359940353748286,0.47358990990728383,0.052873563218390804,0.46629470586776733,-0.048300143,-0.041093655,-0.08374317,-0.0072064884,0.035443027,2022,True
2022-03-28,0.10455899374060193,0.49570817461734396,0.06666666666666667,0.4890735149383545,-0.0385179,-0.036109746,-0.077473916,-0.0024081543,0.038956016,2022,False
2022-03-29,0.09659236955141745,0.48306143417105457,0.052873563218390804,0.4751664400100708,-0.06060185,-0.052252147,-0.09398567,-0.008349702,0.03338382,2022,False
2022-03-30,0.15438497290552178,0.4976151954448421,0.06436781609195402,0.4845033586025238,-0.06729856,-0.054660507,-0.11619786,-0.012638055,0.0488993,2022,False
2022-03-31,0.17654293785000028,0.5183557871097362,0.08735632183908046,0.5064164996147156,-0.043464355,-0.0366799,-0.09546021,-0.006784454,0.05199586,2022,False
2022-04-01,0.1586996206024736,0.5072247511193569,0.10344827586206896,0.4992329180240631,-0.053004358,-0.04505381,-0.10752645,-0.007950548,0.054522093,2022,True
2022-04-06,0.24717398319312042,0.5867005393878286,0.12413793103448276,0.5638545751571655,-0.053054214,-0.056492474,-0.129163,0.0034382604,0.07610878,2022,False
2022-04-07,0.21978297239011618,0.5444592670439636,0.10574712643678161,0.5289549231529236,-0.06979292,-0.06625206,-0.14547062,-0.0035408586,0.0756777,2022,False
2022-04-08,0.2973923106385319,0.5879984802863992,0.09885057471264368,0.5659205913543701,-0.09020026,-0.08446962,-0.1785776,-0.005730644,0.08837734,2022,True
2022-04-11,0.25035927557745935,0.5635940071783919,0.08944954128440367,0.5465750694274902,-0.12986594,-0.12623943,-0.20465593,-0.0036265105,0.074789986,2022,False
2022-04-12,0.11788218109835105,0.4936337678434666,0.07816091954022988,0.482096403837204,-0.16531432,-0.15439536,-0.20362598,-0.01091896,0.03831166,2022,False
2022-04-13,0.11964735587690138,0.4953553183751199,0.06436781609195402,0.4855520725250244,-0.1530298,-0.13679211,-0.18954615,-0.016237691,0.036516353,2022,False
2022-04-14,0.1543404905524999,0.5162928570559693,0.06880733944954129,0.5089631676673889,-0.11131996,-0.10152699,-0.15607506,-0.009792969,0.0447551,2022,False
2022-04-15,0.0887050037195393,0.49496061057621255,0.06466512702078522,0.4826607406139374,-0.089593634,-0.083263755,-0.113366745,-0.006329879,0.023773111,2022,True
2022-04-18,0.04213567280469435,0.48423941640106327,0.06192660550458716,0.47668901085853577,-0.11045512,-0.09350174,-0.121586226,-0.016953379,0.011131108,2022,False
2022-04-19,0.03256969847957814,0.4952463933958479,0.06192660550458716,0.483047753572464,-0.0949934,-0.08587582,-0.100571476,-0.009117581,0.0055780783,2022,False
2022-04-20,0.03325273630984212,0.4960682952532757,0.07568807339449542,0.48258092999458313,-0.05889085,-0.044342678,-0.05534366,-0.014548171,-0.003547188,2022,False
2022-04-21,0.06655695375277544,0.5422962282383892,0.09174311926605505,0.5228254795074463,0.005230009,0.00738106,0.0023047617,-0.002151051,0.0029252474,2022,False
2022-04-22,0.04279544748392285,0.547610521225785,0.0871559633027523,0.5299996733665466,0.051450763,0.05389918,0.050737824,-0.0024484172,0.0007129386,2022,True
2022-04-25,0.1147152741518754,0.5871005030068166,0.10755148741418764,0.567533552646637,0.11761663,0.11308463,0.08837158,0.004532002,0.029245049,2022,False
2022-04-26,0.1870073516682015,0.6540480527499546,0.14220183486238533,0.6295315027236938,0.16317244,0.14365155,0.10473161,0.019520894,0.058440827,2022,False
2022-04-27,0.1466376922707385,0.630380424786213,0.12844036697247707,0.6063336730003357,0.12482458,0.11578179,0.088605456,0.009042792,0.036219127,2022,False
2022-04-28,0.29153964767424795,0.6832939585108164,0.1471264367816092,0.6473212838172913,0.11802987,0.112696975,0.057518568,0.0053328946,0.060511302,2022,False
2022-04-29,0.21808703294100346,0.6511698303219956,0.12903225806451613,0.6241805553436279,0.08052473,0.07372621,0.032398894,0.0067985207,0.048125833,2022,True
2022-05-05,0.19438257119700944,0.6251832579564744,0.11981566820276497,0.6063389778137207,0.10109362,0.09607425,0.05447498,0.0050193667,0.04661864,2022,False
2022-05-06,0.24178701903338082,0.6365731731630696,0.15898617511520738,0.6147462129592896,0.10429249,0.09891186,0.04185326,0.0053806305,0.06243923,2022,True
2022-05-09,0.21427013044806587,0.595215345443453,0.12442396313364056,0.5783834457397461,0.07642996,0.07357375,0.014106725,0.0028562099,0.06232324,2022,False
2022-05-10,0.17513686885219124,0.5370976010675015,0.0944700460829493,0.5348661541938782,0.022555195,0.021661192,-0.030873729,0.0008940026,0.053428926,2022,False
2022-05-11,0.1509896731944012,0.5181194633086826,0.07834101382488479,0.5196794271469116,0.036304343,0.03486109,-0.008023674,0.001443252,0.04432802,2022,False
2022-05-12,0.14806508382428066,0.529404623407299,0.09216589861751152,0.5311938524246216,0.039515167,0.036999807,-0.0016317347,0.0025153607,0.0411469,2022,False
2022-05-13,0.1517799231200967,0.5197824613454837,0.08755760368663594,0.5248613357543945,0.031891976,0.031753983,-0.011159932,0.0001379922,0.043051906,2022,True
2022-05-16,0.21478551142245178,0.5782255656777958,0.0896551724137931,0.56707364320755,0.05615865,0.052492924,-0.0003709969,0.0036657266,0.05652965,2022,False
2022-05-17,0.22712704288187419,0.6107532404553234,0.08045977011494253,0.582777738571167,0.058122974,0.053612337,-0.002674939,0.0045106374,0.060797915,2022,False
2022-05-18,0.2685299883132215,0.6587467820835159,0.11954022988505747,0.6144929528236389,0.07596807,0.07260725,-0.008852076,0.0033608228,0.08482015,2022,False
2022-05-19,0.2889455437198695,0.706480302055924,0.1651376146788991,0.6546515226364136,0.09115395,0.07251447,-0.0034353042,0.018639483,0.094589256,2022,False
2022-05-20,0.2195043317445034,0.6698103475300186,0.1444954128440367,0.6169330477714539,0.06696392,0.049818736,-0.0010841942,0.017145183,0.06804811,2022,True
2022-05-23,0.1827709679324615,0.6350873139715739,0.13073394495412843,0.5866667628288269,0.06893325,0.05700096,0.011018413,0.011932287,0.057914834,2022,False
2022-05-24,0.11758934030488548,0.5897722297042124,0.09195402298850575,0.5469258427619934,0.063409254,0.05818736,0.022665463,0.005221892,0.04074379,2022,False
2022-05-25,0.11528570215933091,0.5872389414542682,0.08256880733944955,0.5429252982139587,0.05944653,0.05237674,0.020540755,0.007069789,0.038905773,2022,False
2022-05-26,0.13412746221989003,0.6123354741324125,0.09403669724770643,0.5660216808319092,0.065322444,0.052348245,0.01712343,0.012974199,0.048199013,2022,False
2022-05-27,0.08736770895312464,0.580624459165719,0.07568807339449542,0.5410359501838684,0.046138965,0.035281178,0.008468595,0.010857787,0.03767037,2022,True
2022-05-30,0.09768836004474638,0.5637022851052795,0.06880733944954129,0.5321849584579468,0.05203262,0.04855244,0.024698038,0.003480181,0.027334582,2022,False
2022-05-31,0.033058913655636284,0.5054943627351015,0.05491990846681922,0.4806042015552521,0.027668685,0.034911487,0.016368115,-0.0072428025,0.011300569,2022,False
2022-06-01,-0.04888068095667373,0.42554913207216943,0.036613272311212815,0.4232049584388733,0.010620366,0.02527868,0.021284165,-0.014658314,-0.010663799,2022,False
2022-06-02,-0.058520438381291846,0.43064057308342757,0.04576659038901602,0.43214601278305054,0.0072668083,0.018730273,0.018887559,-0.011463465,-0.011620751,2022,False
2022-06-06,0.0458462788384233,0.5230976708665402,0.06178489702517163,0.5175614953041077,0.022921586,0.0218781,0.010369559,0.0010434873,0.012552028,2022,False
2022-06-07,0.04897620694455851,0.5517869328367137,0.06636155606407322,0.5356004238128662,0.025972497,0.021186039,0.016762083,0.004786458,0.009210413,2022,False
2022-06-08,0.10161503932758972,0.5971162673466923,0.059496567505720827,0.5781171321868896,0.048427433,0.03816516,0.017329212,0.010262273,0.03109822,2022,False
2022-06-09,0.08628563683755425,0.5891492729040528,0.059496567505720827,0.5671094655990601,0.062103916,0.05139545,0.026751578,0.010708466,0.035352338,2022,False
2022-06-10,0.06331946003958194,0.5704707746115767,0.07077625570776255,0.5451316237449646,0.057502467,0.050906356,0.027681442,0.0065961108,0.029821025,2022,True
2022-06-13,0.10519834788672353,0.603192558542953,0.07990867579908675,0.5682980418205261,0.085997514,0.07372186,0.047873158,0.012275651,0.038124356,2022,False
2022-06-14,0.1298317381993878,0.621566522451859,0.0867579908675799,0.5937107801437378,0.06776664,0.052625734,0.021507138,0.015140902,0.0462595,2022,False
2022-06-15,0.1375636113193825,0.6208118251743014,0.0867579908675799,0.593212366104126,0.059507888,0.049010478,0.014486451,0.01049741,0.045021437,2022,False
2022-06-16,0.19723995809274605,0.6306409219594311,0.10478359908883828,0.6087795495986938,0.064238526,0.054939393,0.010030391,0.009299133,0.054208137,2022,False
2022-06-17,0.14064321435374863,0.6026715000108309,0.08904109589041095,0.5793761610984802,0.039819736,0.035885505,0.0029685088,0.0039342307,0.036851227,2022,True
2022-06-20,0.019787539848073344,0.5151554138597041,0.04783599088838269,0.5039236545562744,0.02073989,0.01984527,0.016815178,0.000894621,0.0039247125,2022,False
2022-06-21,0.05556762060801366,0.5343895913489569,0.04783599088838269,0.5174646973609924,0.020140814,0.02259994,0.009669091,-0.0024591256,0.010471723,2022,False
2022-06-22,0.061517444534025,0.5400822524547999,0.05239179954441914,0.522019624710083,0.022947209,0.020944124,0.010765095,0.0020030849,0.012182114,2022,False
2022-06-23,0.11832280767781575,0.5820316622048861,0.06150341685649203,0.5563198328018188,0.016432187,0.010475944,-0.004962144,0.005956243,0.021394331,2022,False
2022-06-24,0.19143974619274068,0.6116370153896298,0.06378132118451026,0.5823119282722473,-0.00053636194,-0.00034966719,-0.031636965,-0.00018669476,0.031100603,2022,True
2022-06-27,0.13695056342320308,0.5584092288198116,0.0683371298405467,0.5333870649337769,-0.024240902,-0.017317545,-0.04436796,-0.006923357,0.02012706,2022,False
2022-06-28,0.15012044607127076,0.6047011405042148,0.0774487471526196,0.573137104511261,-0.014257635,-0.015023939,-0.035695523,0.0007663043,0.021437887,2022,False
2022-06-29,0.10700996349184838,0.5833548989407665,0.05239179954441914,0.5520490407943726,-0.0062638638,-0.0032137171,-0.010501976,-0.0030501466,0.0042381124,2022,False
2022-06-30,0.04104825607847737,0.5551786537339931,0.045454545454545456,0.5238761305809021,-0.018486489,-0.018174592,-0.006298162,-0.0003118962,-0.012188327,2022,False
2022-07-01,0.1376146013682247,0.6218733619574951,0.05909090909090909,0.5838269591331482,0.0006812384,0.002843462,0.000318008,-0.0021622234,0.0003632304,2022,True
2022-07-04,0.1532954355286676,0.6421047278676443,0.06363636363636363,0.6051232218742371,0.026145834,0.016741607,0.015656713,0.009404227,0.010489121,2022,False
2022-07-05,0.1824037138259101,0.6458025499335667,0.075,0.6089320778846741,0.043412145,0.037174657,0.018504597,0.0062374882,0.024907548,2022,False
2022-07-06,0.16296836778221585,0.638384345692678,0.07256235827664399,0.6029075980186462,0.042382184,0.0341026,0.013812708,0.008279584,0.028569477,2022,False
2022-07-07,0.1753702051167306,0.6523098645643407,0.07709750566893424,0.6117101311683655,0.030047398,0.022608344,0.0066699763,0.0074390545,0.023377422,2022,False
2022-07-08,0.16407609535877665,0.6548045864656901,0.06802721088435375,0.6167912483215332,0.038632136,0.031773638,0.019668432,0.006858498,0.018963704,2022,True
2022-07-11,0.1707116275299226,0.6599112108213618,0.083710407239819,0.6237403154373169,0.04717319,0.03837703,0.01492025,0.008796159,0.03225294,2022,False
2022-07-12,0.1085177447482836,0.6413979708234149,0.05895691609977324,0.6044827103614807,0.05637381,0.0456944,0.035644606,0.010679409,0.020729203,2022,False
2022-07-13,0.13560004167851986,0.6361816301978364,0.06561085972850679,0.603064239025116,0.058981195,0.050486945,0.037751317,0.0084942505,0.021229878,2022,False
2022-07-14,0.19103084018765404,0.6688586892115547,0.07918552036199095,0.6417836546897888,0.075716175,0.066430934,0.04137655,0.009285241,0.034339625,2022,False
2022-07-15,0.16770707673403107,0.6395133911873803,0.0835214446952596,0.6090887188911438,0.058574084,0.045693964,0.02808094,0.01288012,0.030493144,2022,True
2022-07-18,0.10656729409388102,0.5987519597597691,0.0518018018018018,0.5697856545448303,7.551694e-05,-0.0045252307,-0.008253617,0.0046007475,0.008329134,2022,False
2022-07-19,0.09168428225768525,0.5951610956465264,0.06306306306306306,0.5666548609733582,-0.0022936056,-0.009329396,-0.009716457,0.007035791,0.0074228514,2022,False
2022-07-20,0.1395206813279208,0.6172145976229939,0.06981981981981981,0.5873569846153259,-0.010875567,-0.018723577,-0.04102083,0.00784801,0.030145261,2022,False
2022-07-21,0.12131290796268024,0.5830500178416012,0.04943820224719101,0.5503941774368286,-0.0018805707,-0.0003327499,-0.031902496,-0.0015478207,0.030021925,2022,False
2022-07-22,0.048750520826796366,0.5158670560805693,0.033707865168539325,0.48955488204956055,0.004521947,0.014312239,-0.003305815,-0.009790292,0.007827762,2022,True
2022-07-25,0.007656163756035405,0.5211872439378976,0.04269662921348315,0.493452250957489,0.01566763,0.01653676,0.022969069,-0.00086912885,-0.0073014386,2022,False
2022-07-26,0.05360073548712076,0.5208634365667835,0.04269662921348315,0.49792563915252686,0.00776925,0.007962306,0.0031626837,-0.00019305618,0.0046065664,2022,False
2022-07-27,0.12385223285833737,0.581305905530971,0.06741573033707865,0.5484200716018677,0.019204596,0.010994692,-0.0037978506,0.008209904,0.023002446,2022,False
2022-07-28,0.09842511459109732,0.5365426743662781,0.03811659192825112,0.509849488735199,0.0144111505,0.016097762,-0.0063744523,-0.0016866112,0.020785604,2022,False
2022-07-29,0.07718321913430953,0.5190257843673406,0.03587443946188341,0.4970400035381317,0.010482217,0.0153561905,0.0016580332,-0.0048739733,0.008824184,2022,True
2022-08-01,0.024683163268705784,0.5064470940054506,0.042600896860986545,0.4818224012851715,0.050197106,0.054195408,0.04348083,-0.003998302,0.0067162775,2022,False
2022-08-02,0.05341082440949186,0.5453961646284892,0.04035874439461883,0.5225258469581604,0.05320945,0.05367522,0.04612377,-0.00046576932,0.007085681,2022,False
2022-08-03,-0.0322146247873928,0.5101670063509128,0.029082774049217,0.48672500252723694,0.053302877,0.056606345,0.08039138,-0.0033034682,-0.0270885,2022,False
2022-08-04,0.01242335745587256,0.5215778257509008,0.029082774049217,0.49872639775276184,0.042257313,0.04823261,0.06675552,-0.0059752986,-0.024498206,2022,False
2022-08-05,0.09006872907309471,0.5430583587373636,0.03131991051454139,0.520060658454895,0.024603644,0.029854454,0.029243495,-0.0052508097,-0.004639851,2022,True
2022-08-08,0.1240573104181354,0.5552389052724489,0.0447427293064877,0.5395615696907043,0.02688073,0.030638032,0.015455522,-0.0037573017,0.011425208,2022,False
2022-08-09,0.20643353970028336,0.5880795077816203,0.058165548098434,0.5737027525901794,0.015675308,0.019604547,-0.019381711,-0.0039292388,0.03505702,2022,False
2022-08-10,0.28044964810557643,0.6061741185015577,0.053691275167785234,0.5916634798049927,-0.010419778,-0.002797428,-0.06507328,-0.0076223495,0.054653503,2022,False
2022-08-11,0.2604861445148649,0.6108192930967867,0.040268456375838924,0.5894894003868103,-0.010590633,-0.005369393,-0.06324694,-0.00522124,0.052656308,2022,False
2022-08-12,0.29958541732794963,0.6331647508502073,0.04241071428571429,0.6068623661994934,-0.009889229,-0.0066120895,-0.07561527,-0.0032771397,0.06572604,2022,True
2022-08-15,0.3979946230765157,0.6817356199251496,0.07589285714285714,0.6538993120193481,-0.0002571979,0.00030097034,-0.0932257,-0.0005581683,0.0929685,2022,False
2022-08-16,0.47458357770653736,0.7048458090607677,0.0957683741648107,0.6739317178726196,-0.014052074,-0.015354567,-0.13363592,0.0013024928,0.119583845,2022,False
2022-08-17,0.48516921558686077,0.7079125625266662,0.10244988864142539,0.6800819635391235,-0.011864913,-0.016607879,-0.1587927,0.004742966,0.14692779,2022,False
2022-08-18,0.49379792336417044,0.711484662859403,0.1358574610244989,0.6838239431381226,-0.009334891,-0.013137713,-0.14571323,0.003802822,0.13637833,2022,False
2022-08-19,0.503977064513694,0.7605949505648115,0.1291759465478842,0.7214741706848145,0.0054086274,-0.003347792,-0.11735977,0.00875642,0.1227684,2022,True
2022-08-22,0.4889960883694266,0.7660439612544117,0.1447661469933185,0.7249820232391357,0.010223275,-0.002774744,-0.1105497,0.012998019,0.12077298,2022,False
2022-08-23,0.3545798052520899,0.709151234693601,0.09333333333333334,0.674527108669281,0.0147775225,0.0047150413,-0.062303755,0.010062481,0.07708128,2022,False
2022-08-24,0.26667506805283764,0.6762359542589597,0.07333333333333333,0.6443713307380676,0.022870746,0.012220018,-0.030501815,0.010650728,0.053372562,2022,False
2022-08-25,0.28876007143956445,0.6808774152375254,0.11777777777777777,0.6455552577972412,0.015171026,0.0042784726,-0.045444522,0.010892553,0.060615547,2022,False
2022-08-26,0.2900650802108709,0.6689866743425229,0.1,0.6373047828674316,0.022900691,0.013402485,-0.03664078,0.009498206,0.05954147,2022,True
2022-08-29,0.20393716233434536,0.6299350863472304,0.07538802660753881,0.595751166343689,-0.0024692765,-0.011167033,-0.044338074,0.008697756,0.0418688,2022,False
2022-08-30,0.2132202983497838,0.6474639006995664,0.057777777777777775,0.6154692769050598,0.0027086714,-0.00519821,-0.03445661,0.007906881,0.03716528,2022,False
2022-08-31,0.12790210778117397,0.5973983736464835,0.04212860310421286,0.5686570405960083,-0.018484695,-0.021914588,-0.032870427,0.0034298934,0.014385732,2022,False
2022-09-01,0.07237565302266599,0.5376970119640373,0.031042128603104215,0.5182728171348572,-0.05365579,-0.05197493,-0.055556122,-0.0016808584,0.0019003339,2022,False
2022-09-02,0.042768179258585434,0.5108378201131945,0.03547671840354767,0.493042528629303,-0.050970715,-0.04897866,-0.048818927,-0.0019920543,-0.0021517873,2022,True
2022-09-05,0.09587904762968087,0.5438850005748286,0.04656319290465632,0.5183745622634888,-0.05614499,-0.05190859,-0.06688686,-0.0042364,0.010741867,2022,False
2022-09-06,0.22748795825395562,0.620920369688575,0.0598669623059867,0.5848230123519897,-0.047892205,-0.049184136,-0.079721875,0.0012919307,0.03182967,2022,False
2022-09-07,0.26764747121294385,0.638249694340782,0.04878048780487805,0.6019837856292725,-0.056806993,-0.05716582,-0.09416716,0.0003588274,0.037360165,2022,False
2022-09-08,0.08963524679951528,0.5559417465129016,0.0420353982300885,0.5320103168487549,-0.078840174,-0.078723595,-0.08047823,-0.000116579235,0.0016380548,2022,False
2022-09-09,0.07779237106412178,0.5421515997307784,0.05321507760532151,0.5216709971427917,-0.07964757,-0.07676232,-0.07760764,-0.0028852522,-0.0020399317,2022,True
2022-09-13,0.16053169823087604,0.5797998033162223,0.05088495575221239,0.5543199181556702,-0.06750696,-0.06388078,-0.07883841,-0.0036261827,0.0113314465,2022,False
2022-09-14,0.0699261988398062,0.5205294152890954,0.03761061946902655,0.49624964594841003,-0.0700576,-0.06266158,-0.07113517,-0.00739602,0.00107757,2022,False
2022-09-15,0.1725177918120901,0.5695365443382473,0.0598669623059867,0.5443889498710632,-0.056676023,-0.050705556,-0.079144515,-0.005970467,0.022468492,2022,False
2022-09-16,0.24252796520884226,0.6299842842245801,0.084070796460177,0.5993630886077881,-0.03571623,-0.038060993,-0.084064744,0.0023447648,0.048348516,2022,True
2022-09-19,0.21961883580902325,0.6122170678524775,0.07743362831858407,0.5845320820808411,-0.058359053,-0.06038338,-0.10617564,0.0020243265,0.047816586,2022,False
2022-09-20,0.2398789001748771,0.6228532126776901,0.05530973451327434,0.5951807498931885,-0.04476411,-0.045855798,-0.09175858,0.0010916889,0.04699447,2022,False
2022-09-21,0.17552146829175055,0.582716916284386,0.06415929203539823,0.5573739409446716,-0.024099551,-0.024316678,-0.07036547,0.00021712668,0.046265922,2022,False
2022-09-22,0.1816400803305838,0.5870785398345734,0.08185840707964602,0.5614088773727417,0.01234973,0.012948672,-0.034559593,-0.00059894193,0.046909325,2022,False
2022-09-23,0.19837504673502945,0.5797938175976642,0.1084070796460177,0.560883104801178,0.047303252,0.046046566,-0.011992453,0.0012566857,0.059295706,2022,True
2022-09-26,0.22958101654159052,0.652089675637174,0.1261061946902655,0.61408931016922,0.062452074,0.05952425,0.0017928726,0.0029278249,0.0606592,2022,False
2022-09-27,0.1756613665853269,0.6167053514676699,0.08830022075055188,0.5820018649101257,0.05366565,0.055890966,0.007473767,-0.002225317,0.046191882,2022,False
2022-09-28,0.1953522684528149,0.623277629455058,0.09050772626931568,0.5905385613441467,0.05872767,0.056777433,0.023121526,0.0019502379,0.035606146,2022,False
2022-09-29,0.1363136117405808,0.598879161026188,0.0684326710816777,0.5703651905059814,0.06882169,0.0629987,0.04742062,0.005822994,0.02140107,2022,False
2022-09-30,0.06025054065788182,0.544999936712767,0.059734513274336286,0.5244063138961792,0.07107924,0.066727065,0.070063025,0.0043521747,0.0010162145,2022,True
2022-10-10,0.09397731777875179,0.578629629298689,0.059734513274336286,0.5500255823135376,0.06593862,0.06305689,0.058021802,0.002881728,0.007916819,2022,False
2022-10-11,0.05808769111518445,0.5609456629860055,0.05752212389380531,0.53452068567276,0.07180549,0.072724864,0.06828441,-0.00091937184,0.0035210848,2022,False
2022-10-12,0.0699474569235644,0.55772830375114,0.04424778761061947,0.5328869819641113,0.04503987,0.043242328,0.034951005,0.001797542,0.010088865,2022,False
2022-10-13,0.10408510770689476,0.5871108238780943,0.0640176600441501,0.5646288990974426,0.0062324097,-0.0011781562,-0.011624584,0.007410566,0.017856993,2022,False
2022-10-14,0.09233174632766461,0.569697173519792,0.05752212389380531,0.5452783703804016,-0.017954027,-0.021643892,-0.037133332,0.0036898647,0.019179305,2022,True
2022-10-17,0.10704169476812453,0.5750714415987248,0.05752212389380531,0.5525239706039429,-0.00954658,-0.013739334,-0.03782378,0.0041927546,0.028277202,2022,False
2022-10-18,0.08122804852869696,0.5658266848048195,0.02869757174392936,0.5371906161308289,0.0125063965,0.005545418,-0.014101011,0.0069609787,0.026607407,2022,False
2022-10-19,-0.004702632323719077,0.5310589094398296,0.03532008830022075,0.5005040168762207,0.01421341,0.009853065,0.0047348635,0.004360345,0.009478547,2022,False
2022-10-20,-0.051641713726310774,0.5011789521475266,0.02643171806167401,0.47614243626594543,0.022320893,0.0186654,0.027561514,0.0036554933,-0.005240621,2022,False
2022-10-21,0.00361482537132149,0.527746830747074,0.030837004405286344,0.4980543255805969,0.03788396,0.032842737,0.033197362,0.005041223,0.0046865977,2022,True
2022-10-24,0.0401235397476726,0.5430737028023865,0.046255506607929514,0.512260377407074,0.06119523,0.054245137,0.04417444,0.0069500916,0.017020788,2022,False
2022-10-25,0.04793391684290316,0.5563864403521397,0.05518763796909492,0.5234997868537903,0.045008752,0.040232103,0.031678155,0.004776649,0.013330597,2022,False
2022-10-26,0.06912611908030315,0.5595163059525889,0.048458149779735685,0.5273719429969788,0.03604026,0.030776238,0.022533631,0.0052640233,0.01350663,2022,False
2022-10-27,0.07844936042744537,0.554305583265812,0.07048458149779736,0.5254850387573242,0.07736675,0.06816903,0.06260443,0.009197719,0.01476232,2022,False
2022-10-28,0.1111381408823886,0.5578262074107713,0.046255506607929514,0.5312960743904114,0.07528056,0.073012464,0.04858534,0.0022680983,0.026695222,2022,True
2022-10-31,0.11580704866754157,0.5571315345209797,0.046255506607929514,0.5242727398872375,0.06632987,0.06509846,0.04745076,0.0012314096,0.018879108,2022,False
2022-11-01,0.15928856646535394,0.5718129012314423,0.05274725274725275,0.5439531803131104,0.05476038,0.05439138,0.030344637,0.00036900118,0.024415744,2022,False
2022-11-02,0.23085434273167862,0.6221284230216483,0.07929515418502203,0.588718831539154,0.059066396,0.054781705,0.01769993,0.004284691,0.041366465,2022,False
2022-11-03,0.2142692557706951,0.6100295653256954,0.07912087912087912,0.583483099937439,0.050861668,0.04484124,0.016855793,0.0060204268,0.034005873,2022,False
2022-11-04,0.19179218051801483,0.6049971277613742,0.05934065934065934,0.5713230967521667,0.02426054,0.023419028,-0.00062536774,0.0008415114,0.024885908,2022,True
2022-11-07,0.21626487221342355,0.6117385542163755,0.07472527472527472,0.5793465375900269,0.030395294,0.028293693,0.0027142516,0.0021016002,0.027681042,2022,False
2022-11-08,0.23180810030254162,0.5724339668063606,0.08791208791208792,0.5435458421707153,0.0031859574,0.007035908,-0.023640603,-0.0038499504,0.02682656,2022,False
2022-11-09,0.22697607052094762,0.6024107362140538,0.054945054945054944,0.5739985704421997,0.0166296,0.014321186,-0.011832444,0.0023084152,0.028462045,2022,False
2022-11-10,0.2547306423064694,0.6115595890673311,0.06578947368421052,0.5828514099121094,6.271977e-05,-0.000735354,-0.033973508,0.00079807383,0.034036227,2022,False
2022-11-11,0.16447885265781848,0.5851145468463231,0.07456140350877193,0.5591152310371399,-0.009203406,-0.0072367787,-0.017780624,-0.0019666273,0.008577218,2022,True
2022-11-14,0.21264945530229074,0.595754591456411,0.06578947368421052,0.5709962248802185,0.00028915677,0.0035522094,-0.017876072,-0.0032630526,0.018165229,2022,False
2022-11-15,0.237608727981028,0.6159400228057745,0.07017543859649122,0.5906711220741272,0.0013378833,0.005494803,-0.021518644,-0.00415692,0.022856528,2022,False
2022-11-16,0.12260892072428665,0.5242672192506608,0.041666666666666664,0.5078121423721313,0.0017377784,0.008065379,-0.0073636165,-0.0063276007,0.009101395,2022,False
2022-11-17,0.14400620954546817,0.5416334628490947,0.07017543859649122,0.5236717462539673,0.0030081242,0.0039842366,-0.016373921,-0.00097611244,0.019382045,2022,False
2022-11-18,0.252899735150285,0.5843569579548292,0.05701754385964912,0.5678625106811523,0.028395284,0.03317623,-0.010766096,-0.0047809444,0.03916138,2022,True
2022-11-21,0.2385576900676173,0.5703796053440409,0.05482456140350877,0.5548228621482849,0.022698553,0.028255694,-0.014705107,-0.0055571403,0.037403658,2022,False
2022-11-22,0.16581959367301385,0.5407123998189058,0.04157549234135667,0.5229182243347168,0.030450212,0.036518026,0.008325112,-0.0060678143,0.022125099,2022,False
2022-11-23,0.16185998054197906,0.51445161420743,0.05032822757111598,0.4983953833580017,0.017042646,0.029614704,-0.0003011326,-0.012572058,0.017343778,2022,False
2022-11-24,0.1413579630550348,0.5230488616703299,0.04814004376367615,0.5045878291130066,0.021599164,0.031425502,0.006449487,-0.009826338,0.015149677,2022,False
2022-11-25,0.11758597789771764,0.5191125123725835,0.043668122270742356,0.5027784705162048,0.031246085,0.03770248,0.012886179,-0.0064563937,0.018359907,2022,True
2022-11-28,0.13262742656318924,0.5467863067611296,0.05895196506550218,0.523747444152832,0.015847193,0.019403666,-0.002736016,-0.0035564732,0.018583208,2022,False
2022-11-29,0.12493535226607841,0.5645798600305111,0.0611353711790393,0.5381668210029602,0.0117741525,0.012214139,-0.0099821985,-0.0004399866,0.021756351,2022,False
2022-11-30,0.17182013270306712,0.5938070176556081,0.06331877729257641,0.5655295848846436,0.0049329274,0.004830217,-0.010059374,0.000102710444,0.014992302,2022,False
2022-12-01,0.18297105945004524,0.6033355143027005,0.04793028322440087,0.5782281160354614,-0.0062673534,-0.008048571,-0.019825455,0.0017812173,0.013558101,2022,False
2022-12-02,0.059302564141803966,0.5131843324931304,0.06100217864923747,0.49969223141670227,-0.038208324,-0.03833635,-0.036410306,0.00012802705,-0.0017980188,2022,True
2022-12-05,0.10019110555569809,0.5777112063872893,0.058823529411764705,0.5525720715522766,-0.044580653,-0.04694461,-0.04399043,0.0023639575,-0.0005902238,2022,False
2022-12-06,0.1408026544207443,0.581468153483697,0.08714596949891068,0.5583154559135437,-0.045483906,-0.045400243,-0.05451574,-8.366257e-05,0.009031836,2022,False
2022-12-07,0.14909257029735912,0.5881659019915284,0.0718954248366013,0.5640078186988831,-0.05008405,-0.049948186,-0.060453657,-0.00013586506,0.010369606,2022,False
2022-12-08,0.17827529715290824,0.581911162388058,0.06535947712418301,0.5600959658622742,-0.059846576,-0.056802105,-0.06962657,-0.0030444711,0.009779993,2022,False
2022-12-09,0.17032964963396272,0.5884776719934731,0.05664488017429194,0.5630418658256531,-0.046805352,-0.045358736,-0.063371286,-0.0014466159,0.016565934,2022,True
2022-12-12,0.08221136930355803,0.5229723115895738,0.04782608695652174,0.5075833797454834,-0.04317615,-0.042920288,-0.062158417,-0.0002558641,0.018982265,2022,False
2022-12-13,0.05850918072282809,0.48922163768851373,0.05,0.47488948702812195,-0.051654037,-0.04773881,-0.06157731,-0.003915228,0.009923272,2022,False
2022-12-14,0.029597520836572234,0.45181078728196783,0.04121475054229935,0.44127514958381653,-0.059742935,-0.050358046,-0.06628905,-0.009384889,0.0065461174,2022,False
2022-12-15,0.03981627497315481,0.4697918120046421,0.0368763557483731,0.4519383907318115,-0.047966085,-0.04010141,-0.056430705,-0.007864676,0.0084646195,2022,False
2022-12-16,0.09638396744281899,0.5155704044830326,0.03470715835140998,0.4932939410209656,-0.012386706,-0.009168513,-0.033066653,-0.0032181926,0.020679947,2022,True
2022-12-19,0.0602562342195463,0.5101765939197024,0.03253796095444685,0.48810118436813354,0.009401421,0.013531357,0.0028891838,-0.004129936,0.0065122372,2022,False
2022-12-20,0.010262792497181726,0.48797935992223074,0.013015184381778741,0.4650544226169586,0.015654912,0.019313991,0.012833472,-0.0036590789,0.0028214399,2022,False
2022-12-21,0.09001236543616238,0.5313922299366588,0.04338394793926247,0.5027316808700562,0.033347365,0.037359834,0.010623837,-0.004012469,0.022723528,2022,False
2022-12-22,-0.0005894622729555506,0.4931946478063236,0.03253796095444685,0.4729359447956085,0.043719985,0.042674366,0.03153772,0.0010456182,0.0121822655,2022,False
2022-12-23,0.015598241117486785,0.49235480342582005,0.032467532467532464,0.4721064269542694,0.030116323,0.030844415,0.015532703,-0.0007280912,0.01458362,2022,True
2022-12-26,-0.0328574773203999,0.49269235546906637,0.04112554112554113,0.470750629901886,0.022844385,0.018255064,0.019889828,0.004589321,0.0029545575,2022,False
2022-12-27,0.03058955619899822,0.5418667034292296,0.049783549783549784,0.5160562992095947,0.030715084,0.027135894,0.012374289,0.00357919,0.018340794,2022,False
2022-12-28,0.10847519988698662,0.5595321400068322,0.0670995670995671,0.536766767501831,0.039677113,0.03911507,0.0050806203,0.000562042,0.03459649,2022,False
2022-12-29,0.12439146299183224,0.5704500879330282,0.06263498920086392,0.5418697595596313,0.052926328,0.05279267,0.014657056,0.00013365969,0.038269274,2022,False
2022-12-30,0.08591048011571079,0.5228078602829707,0.05183585313174946,0.5002872347831726,0.029864904,0.028941955,-0.004635581,0.0009229481,0.034500483,2022,True
2023-01-03,0.09516199298965057,0.5169582790687401,0.05183585313174946,0.49739882349967957,0.021123672,0.017785102,-0.02346872,0.0033385698,0.04459239,2023,False
2023-01-04,0.1512300496812608,0.5335704237197236,0.047516198704103674,0.5109421610832214,0.021495676,0.021898035,-0.025375701,-0.0004023593,0.04687138,2023,False
2023-01-05,0.1879942605759521,0.5485239421355032,0.06479481641468683,0.5235547423362732,0.02876963,0.03124034,-0.013517219,-0.0024707112,0.042286847,2023,False
2023-01-06,0.21350541111097535,0.5712457334123349,0.06695464362850972,0.5460940003395081,0.04412135,0.044399966,1.3712939e-05,-0.00027861446,0.04410764,2023,True
2023-01-09,0.25389793446976,0.6103939178363066,0.0734341252699784,0.5840975642204285,0.0509788,0.052940704,0.006956244,-0.0019619055,0.044022553,2023,False
2023-01-10,0.2597532851628369,0.6290490685994022,0.07112068965517242,0.6014925241470337,0.070425466,0.06896718,0.018476553,0.0014582872,0.051948912,2023,False
2023-01-11,0.249659956677803,0.6623146802389999,0.08836206896551724,0.6237691640853882,0.09154887,0.08514997,0.033983532,0.006398894,0.057565335,2023,False
2023-01-12,0.2048635550546812,0.663491254462229,0.11422413793103449,0.6270608305931091,0.08825753,0.07416366,0.038692813,0.014093868,0.049564715,2023,False
2023-01-13,0.2220398269391888,0.6923725144003685,0.1206896551724138,0.6554366946220398,0.08406335,0.06523801,0.03296585,0.018825345,0.0510975,2023,True
2023-01-16,0.24279519611923955,0.6924421200841638,0.09462365591397849,0.6551483273506165,0.088225685,0.073685385,0.040010147,0.0145403,0.04821554,2023,False
2023-01-17,0.18709790807852833,0.6565078951556357,0.08817204301075268,0.6198998093605042,0.077657014,0.066328615,0.042943444,0.011328399,0.03471357,2023,False
2023-01-18,0.1302518248742878,0.624616238209728,0.08172043010752689,0.5917686820030212,0.07253542,0.0637518,0.048525877,0.008783616,0.02400954,2023,False
2023-01-19,0.16712367224390143,0.6465783163745666,0.06666666666666667,0.613854169845581,0.07093589,0.0672821,0.04427648,0.003653787,0.02665941,2023,False
2023-01-20,0.1388215261782527,0.6230402611895249,0.07939914163090128,0.5898756384849548,0.055171255,0.053276695,0.030697292,0.0018945597,0.024473963,2023,True
2023-01-30,0.11166298100922745,0.5842662037968022,0.05806451612903226,0.5548543334007263,0.052559264,0.055324625,0.0332935,-0.0027653612,0.019265763,2023,False
2023-01-31,0.12948453232475904,0.5927497497826686,0.06866952789699571,0.5656213760375977,0.044349436,0.04270997,0.019045204,0.0016394667,0.025304232,2023,False
2023-02-01,0.19245797612040932,0.5958016382683438,0.06223175965665236,0.5716493129730225,0.026568595,0.024389263,-0.0017445687,0.002179332,0.028313164,2023,False
2023-02-02,0.27693807609720217,0.6445579969892808,0.06423982869379015,0.6169706583023071,0.021284604,0.02021623,-0.015081133,0.0010683741,0.036365736,2023,False
2023-02-03,0.2730902732187802,0.6176329643242767,0.059957173447537475,0.5986499786376953,0.0155155035,0.016140116,-0.021083988,-0.0006246129,0.03659949,2023,True
2023-02-06,0.29301020914901815,0.6152087142344359,0.057815845824411134,0.5967563390731812,0.021924246,0.023650136,-0.014532404,-0.0017258897,0.036456652,2023,False
2023-02-07,0.24773579165389803,0.583642761543506,0.06423982869379015,0.566856324672699,0.01779745,0.020292554,-0.01533489,-0.0024951044,0.03313234,2023,False
2023-02-08,0.2754729870125775,0.6036444031099818,0.055674518201284794,0.5837967395782471,0.016871678,0.019353958,-0.017496366,-0.0024822801,0.034368046,2023,False
2023-02-09,0.29208770305502857,0.6095292100006541,0.0728051391862955,0.5864092111587524,0.008137371,0.009394957,-0.031720273,-0.0012575854,0.039857645,2023,False
2023-02-10,0.3162248550137757,0.6075516859233577,0.06852248394004283,0.5885528922080994,-0.001840174,0.0014865255,-0.04030137,-0.0033266996,0.038461197,2023,True
2023-02-13,0.3067638336072527,0.6154690374683505,0.06837606837606838,0.5926252603530884,-0.0038825087,-0.002696712,-0.042058866,-0.0011857967,0.038176358,2023,False
2023-02-14,0.3190304759355646,0.6203296255496082,0.07264957264957266,0.5993289947509766,0.003290854,0.008219214,-0.033649348,-0.00492836,0.036940202,2023,False
2023-02-15,0.3210785433443462,0.6392727193731393,0.07036247334754797,0.6123557090759277,0.015174237,0.018916527,-0.020421337,-0.0037422897,0.035595573,2023,False
2023-02-16,0.24959984158386897,0.6096592914715254,0.07036247334754797,0.5879936218261719,0.02456588,0.026951214,-0.0010391795,-0.002385335,0.025605058,2023,False
2023-02-17,0.2427510040178967,0.6185792842233127,0.07249466950959488,0.5899996757507324,0.026553772,0.02412536,-3.8151557e-05,0.0024284124,0.026591923,2023,True
2023-02-20,0.23497531555765602,0.609591346340495,0.06609808102345416,0.5796126127243042,0.00359021,0.00739566,-0.017056447,-0.00380545,0.020646656,2023,False
2023-02-21,0.2490323938739016,0.6404182156123217,0.08528784648187633,0.6125167012214661,0.0005161399,-0.0021618893,-0.023413522,0.0026780292,0.023929663,2023,False
2023-02-22,0.2341284711200215,0.659396978282948,0.09808102345415778,0.6223533153533936,0.010208574,0.0012887942,-0.019907892,0.00891978,0.030116465,2023,False
2023-02-23,0.23121891529637195,0.6630042162470892,0.1023454157782516,0.622135579586029,0.007541656,-0.0028742978,-0.021743538,0.010415954,0.029285194,2023,False
2023-02-24,0.18554651184352908,0.6388370200696046,0.08936170212765958,0.5977061986923218,0.0019716527,-0.009054339,-0.020368828,0.011025991,0.02234048,2023,True
2023-02-27,0.1465026777814972,0.596295948219821,0.06382978723404255,0.5583131313323975,-0.0133034,-0.018944846,-0.022774007,0.0056414464,0.009470607,2023,False
2023-02-28,0.18789076418494732,0.6238636657207843,0.08085106382978724,0.5875945687294006,-0.00746156,-0.015946722,-0.034433804,0.008485162,0.026972245,2023,False
2023-03-01,0.22930960352489338,0.6385891262679952,0.06595744680851064,0.6054480075836182,-0.020552233,-0.02427107,-0.051118944,0.0037188362,0.030566711,2023,False
2023-03-02,0.17747729682011545,0.6200892365494156,0.05531914893617021,0.5883563160896301,-0.01794626,-0.021875767,-0.032168735,0.003929507,0.014222475,2023,False
2023-03-03,0.1713993989465676,0.6408081282729203,0.059574468085106386,0.6052255034446716,-0.02119893,-0.026042597,-0.026089221,0.004843667,0.004890291,2023,True
2023-03-06,0.13194352851083152,0.603567100920375,0.0425531914893617,0.5738685131072998,-0.011176687,-0.012592983,-0.016626926,0.0014162967,0.0054502394,2023,False
2023-03-07,0.15652598103906878,0.6158475382514494,0.027659574468085105,0.5844466090202332,0.0077200336,0.0063557066,0.0014426805,0.001364327,0.006277353,2023,False
2023-03-08,0.0986812077893056,0.5784209667374534,0.016985138004246284,0.5538520812988281,-0.0047827433,-0.0058169356,0.0055070827,0.0010341923,-0.0102898255,2023,False
2023-03-09,0.06641782663602815,0.5588142733381928,0.010615711252653927,0.5329867005348206,0.0034175178,0.008254229,0.020755049,-0.004836711,-0.01733753,2023,False
2023-03-10,0.049729564690191554,0.5633289684318759,0.014861995753715499,0.5385549664497375,0.008716895,0.010586173,0.03481859,-0.001869278,-0.026101694,2023,True
2023-03-13,0.08049554746349728,0.588592819983933,0.04883227176220807,0.5627641081809998,0.019639876,0.01803235,0.03365686,0.0016075261,-0.014016986,2023,False
2023-03-14,0.04003767518727485,0.5422357501472117,0.023305084745762712,0.5242141485214233,-0.0041948366,-0.0018956694,0.025429625,-0.0022991672,-0.029624462,2023,False
2023-03-15,-0.017788644168604834,0.4985778585637824,0.03389830508474576,0.4796047508716583,-0.005221083,-0.0020610837,0.025054283,-0.0031599991,-0.030275367,2023,False
2023-03-16,-0.010843450203478506,0.4948725619715051,0.03177966101694915,0.4720655679702759,0.0004028659,0.00042560234,0.013399252,-2.2736436e-05,-0.012996386,2023,False
2023-03-17,-0.07230855727322362,0.4441688052729594,0.023305084745762712,0.4339718520641327,0.005349089,0.010234193,0.040286906,-0.004885104,-0.034937818,2023,True
2023-03-20,-0.12271068085869297,0.4352479746072805,0.023305084745762712,0.4300711154937744,-0.008797362,-0.002989969,0.061290376,-0.005807393,-0.07008774,2023,False
2023-03-21,-0.1570060696381436,0.381069717200789,0.00847457627118644,0.3768935203552246,-0.034292493,-0.023231799,0.03440896,-0.011060694,-0.06870145,2023,False
2023-03-22,-0.1851190865556842,0.34961450407261113,0.006369426751592357,0.35085365176200867,-0.02644944,-0.015387379,0.038646605,-0.011062061,-0.06509604,2023,False
2023-03-23,-0.16854654928472032,0.35262152857724965,0.006355932203389831,0.35301655530929565,-0.033585776,-0.019575998,0.02386168,-0.014009777,-0.057447456,2023,False
2023-03-24,-0.09522972188238457,0.39084380859184104,0.012711864406779662,0.38837897777557373,-0.03345245,-0.022178961,0.0016353844,-0.01127349,-0.035087835,2023,True
2023-03-27,-0.130525119829984,0.4104229697984623,0.019067796610169493,0.40482014417648315,-0.020861715,-0.016706076,0.03203188,-0.0041556396,-0.052893594,2023,False
2023-03-28,-0.14034244676459143,0.41738345436744184,0.00847457627118644,0.4071706235408783,-0.012327145,-0.006096439,0.04868132,-0.006230706,-0.061008465,2023,False
2023-03-29,-0.09287345530129083,0.45563957841878133,0.019067796610169493,0.44255006313323975,0.0003577136,0.0034147187,0.047615543,-0.0030570051,-0.04725783,2023,False
2023-03-30,-0.0738415621023362,0.43902069767999363,0.0211864406779661,0.43061932921409607,-0.0066872872,0.0015356517,0.03799213,-0.008222939,-0.04467942,2023,False
2023-03-31,0.04230941556191997,0.5122259046230193,0.023305084745762712,0.4999370276927948,-0.0077764937,-0.005850042,-0.0020725369,-0.0019264515,-0.005703957,2023,True
2023-04-03,0.05381867895493056,0.51392467597962,0.025423728813559324,0.4939410984516144,-0.008124788,-0.0049241767,-0.0062711304,-0.0032006116,-0.0018536579,2023,False
2023-04-04,0.08048759287232947,0.5508284197436148,0.03389830508474576,0.5325426459312439,-0.0083135385,-0.00873496,0.003936694,0.0004214216,-0.0122502325,2023,False
2023-04-06,0.12367481067123494,0.5858692070925622,0.057203389830508475,0.5660120844841003,-0.020507902,-0.024061445,-0.015102176,0.0035535432,-0.005405726,2023,False
2023-04-07,0.21133552666570757,0.6567747423555693,0.09322033898305085,0.6331773996353149,-0.02117222,-0.029928317,-0.03586895,0.008756097,0.01469673,2023,True
2023-04-10,0.22548992022914469,0.6689874798401799,0.08050847457627118,0.6411648392677307,-0.029484166,-0.038200025,-0.043085646,0.008715859,0.01360148,2023,False
2023-04-11,0.2748241738443546,0.6694243109600847,0.09110169491525423,0.6396878957748413,-0.027213598,-0.03544957,-0.08020019,0.0082359705,0.052986592,2023,False
2023-04-12,0.31274200064503843,0.6719369809338295,0.07838983050847458,0.6442602276802063,-0.02216845,-0.029691009,-0.10243844,0.007522559,0.08026999,2023,False
2023-04-13,0.2926160828859509,0.6639677581244079,0.09129511677282377,0.6432894468307495,-0.012803452,-0.024175322,-0.075453885,0.01137187,0.062650435,2023,False
2023-04-14,0.3291984527939627,0.7308144768551685,0.1279317697228145,0.6987694501876831,0.012960569,-0.004111126,-0.056163907,0.017071694,0.069124475,2023,True
2023-04-17,0.2684326373721837,0.6909749217514398,0.11440677966101695,0.6655348539352417,0.0014397088,-0.008467917,-0.040333204,0.009907626,0.041772913,2023,False
2023-04-18,0.36091388927794976,0.7487438341320247,0.17547568710359407,0.722098171710968,0.029635958,0.00619099,-0.06253976,0.02344497,0.092175715,2023,False
2023-04-19,0.39295196653516656,0.7586322844114204,0.20718816067653276,0.7336044907569885,0.043116886,0.016097287,-0.07296992,0.0270196,0.11608681,2023,False
2023-04-20,0.38258517634217754,0.7516058858516164,0.17584745762711865,0.7251085042953491,0.041843586,0.015925879,-0.07064391,0.025917707,0.112487495,2023,False
2023-04-21,0.27582187669921426,0.6425986658388422,0.11205073995771671,0.6207069158554077,0.034648363,0.023208037,-0.041514512,0.0114403255,0.076162875,2023,True
2023-04-24,0.3354580627325117,0.6999337058597785,0.15010570824524314,0.6788812875747681,0.06461816,0.053286754,-0.029870696,0.011331409,0.09448886,2023,False
2023-04-25,0.3051247207845124,0.6810520272117278,0.11652542372881355,0.6652266979217529,0.047287233,0.031147884,-0.03278842,0.016139349,0.08007565,2023,False
2023-04-26,0.22653003271928712,0.6172820957689084,0.08898305084745763,0.60533207654953,0.029911805,0.023409149,-0.013530405,0.0065026563,0.043442212,2023,False
2023-04-27,0.27413657332550145,0.6377118087406531,0.10828025477707007,0.621911883354187,0.022001246,0.020389745,-0.03140163,0.001611501,0.05340288,2023,False
2023-04-28,0.19440630908228157,0.6152897408718314,0.057569296375266525,0.5914639830589294,0.017257132,0.012173645,-0.012439762,0.0050834864,0.029696893,2023,True
2023-05-04,0.1333147512654865,0.5728528476090271,0.046908315565031986,0.5482808351516724,0.016362006,0.017298412,-0.0022701342,-0.00093640573,0.01863214,2023,False
2023-05-05,0.2022710764921934,0.6142143223376797,0.08102345415778252,0.5843541026115417,0.023863953,0.020423876,-0.026464297,0.0034400765,0.050328247,2023,True
2023-05-08,0.16819552492446843,0.5845978192419848,0.06396588486140725,0.5599825978279114,0.02708325,0.024177298,-0.028913414,0.0029059518,0.055996664,2023,False
2023-05-09,0.1366961131430442,0.570892964530437,0.05970149253731343,0.5502143502235413,0.023780739,0.02641633,-0.015932485,-0.0026355907,0.039713226,2023,False
2023-05-10,0.09816932569225188,0.5640765379605672,0.06396588486140725,0.5396033525466919,0.009742067,0.012172389,-0.022312172,-0.0024303216,0.032054238,2023,False
2023-05-11,0.11043190647210192,0.5789832853166117,0.07462686567164178,0.5535366535186768,0.018384064,0.017996091,-0.007368116,0.00038797222,0.02575218,2023,False
2023-05-12,0.09847596317988153,0.6064967190799526,0.06396588486140725,0.5717527866363525,0.02773854,0.022062492,0.016523708,0.005676048,0.011214832,2023,True
2023-05-15,0.011311826252848215,0.5702803156820715,0.042643923240938165,0.5363937020301819,0.009058089,0.008121399,0.02504335,0.0009366898,-0.015985262,2023,False
2023-05-16,-0.06536448646032532,0.5360883113121824,0.04051172707889126,0.5072007179260254,0.003988175,-0.0009461105,0.038338367,0.004934286,-0.03435019,2023,False
2023-05-17,-0.12447819720806468,0.5078639623712233,0.031982942430703626,0.4814921021461487,-0.0048975884,-0.009320833,0.0368685,0.0044232444,-0.04176609,2023,False
2023-05-18,-0.10159879570153688,0.5173129024420606,0.029850746268656716,0.4893742799758911,0.0013829106,-0.00127483,0.04189288,0.0026577406,-0.04050997,2023,False
2023-05-19,-0.20173458081979964,0.474967663991884,0.01279317697228145,0.4498617649078369,-0.0064630383,-0.0056080143,0.06782476,-0.000855024,-0.074287795,2023,True
2023-05-22,-0.23902927217485687,0.44139650591821544,0.01276595744680851,0.4197886884212494,-0.019920373,-0.01703236,0.06473059,-0.0028880127,-0.08465096,2023,False
2023-05-23,-0.21981687334145592,0.4390409232703559,0.01702127659574468,0.4150126278400421,-0.021791097,-0.018805157,0.054081883,-0.0029859394,-0.07587298,2023,False
2023-05-24,-0.16576481956578523,0.46514792478670763,0.01702127659574468,0.4464900493621826,-0.014461589,-0.015864674,0.052643247,0.001403085,-0.06710484,2023,False
2023-05-25,-0.1481581627254032,0.4612186386825766,0.027659574468085105,0.44705551862716675,-0.014600031,-0.015915867,0.04177714,0.0013158359,-0.056377172,2023,False
2023-05-26,-0.1461830676019819,0.4601892348902858,0.029787234042553193,0.44827425479888916,-0.010738542,-0.010578106,0.045221716,-0.00016043615,-0.05596026,2023,True
2023-05-29,-0.1003643650059042,0.5134558017148885,0.04042553191489362,0.4947647154331207,0.008373865,0.005945169,0.051359266,0.002428696,-0.042985402,2023,False
2023-05-30,-0.08324180217297539,0.524361332762969,0.03829787234042553,0.5038280487060547,0.00924379,0.007327963,0.047313806,0.0019158269,-0.038070016,2023,False
2023-05-31,-0.06978026894743834,0.511089916494752,0.046908315565031986,0.49357789754867554,0.006553584,0.008082033,0.03916369,-0.0015284494,-0.032610107,2023,False
2023-06-01,-0.09043597203439799,0.49801205105835894,0.04680851063829787,0.48492729663848877,0.0048405994,0.0038767892,0.03987411,0.00096381013,-0.03503351,2023,False
2023-06-02,-0.18071816037190366,0.44707582485032027,0.031914893617021274,0.43862733244895935,-0.0042192377,-0.003720166,0.056515455,-0.0004990718,-0.060734693,2023,True
2023-06-05,-0.1900940575215303,0.419102504699836,0.02127659574468085,0.40791165828704834,-0.0050463285,-0.00015703148,0.06978887,-0.004889297,-0.0748352,2023,False
2023-06-06,-0.1018449543971427,0.45675784001189984,0.0425531914893617,0.44446417689323425,1.6667234e-05,0.001562385,0.04536652,-0.0015457178,-0.04534985,2023,False
2023-06-07,0.0050804379040839545,0.48044954841801857,0.0574468085106383,0.4637312889099121,-0.011868933,0.001162492,0.0023847492,-0.013031425,-0.014253682,2023,False
2023-06-08,0.1390067252126588,0.5648105512644208,0.08085106382978724,0.5429757237434387,0.009748731,0.012262444,-0.012487514,-0.0025137132,0.022236245,2023,False
2023-06-09,0.21176342061846118,0.5941803568188311,0.07021276595744681,0.5687927007675171,0.0059362156,0.0046888916,-0.043899804,0.001247324,0.04983602,2023,True
2023-06-12,0.16178105263989678,0.5658357157132822,0.05307855626326964,0.5467299818992615,0.00887408,0.0058028516,-0.026645277,0.0030712285,0.035519358,2023,False
2023-06-13,0.19509583545402903,0.58091462505441,0.040339702760084924,0.5561574697494507,0.020809505,0.021686705,-0.030412404,-0.0008771997,0.051221907,2023,False
2023-06-14,0.2552452601517251,0.6250538635956836,0.059447983014861996,0.5923170447349548,0.030153284,0.031802952,-0.038249962,-0.0016496684,0.068403244,2023,False
2023-06-15,0.2109421247506628,0.6141798968111459,0.03184713375796178,0.5809698104858398,0.02247771,0.027480766,-0.025327818,-0.0050030556,0.04780553,2023,False
2023-06-16,0.3077930917016071,0.6696430356647869,0.06157112526539278,0.6308573484420776,0.03130267,0.026840035,-0.049976498,0.0044626333,0.081279166,2023,True
2023-06-19,0.37171843868304055,0.7163690653247711,0.1337579617834395,0.673977255821228,0.0403096,0.032471873,-0.057742897,0.007837728,0.0980525,2023,False
2023-06-20,0.4062634630825322,0.7531397755887468,0.16560509554140126,0.7054160833358765,0.04978619,0.037812866,-0.059394624,0.011973325,0.109180816,2023,False
2023-06-21,0.40178145638688945,0.7439173879657519,0.16348195329087048,0.6992454528808594,0.06634521,0.057600886,-0.027510203,0.008744322,0.09385541,2023,False
2023-06-26,0.3552169364370644,0.7251206411674666,0.09341825902335456,0.6797522902488708,0.055141646,0.050475497,-0.013172233,0.0046661496,0.06831388,2023,False
2023-06-27,0.3186585399560701,0.6940376604196544,0.07627118644067797,0.6530047655105591,0.053285744,0.05232543,-0.0050047976,0.0009603128,0.05829054,2023,False
2023-06-28,0.31774615105201953,0.6605447474136198,0.07415254237288135,0.6224541068077087,0.034550026,0.034490537,-0.026091328,5.948916e-05,0.060641356,2023,False
2023-06-29,0.2664476015055121,0.6377237791089293,0.07203389830508475,0.6042953729629517,0.022728778,0.023768941,-0.01883174,-0.0010401625,0.041560516,2023,False
2023-06-30,0.27760897052817873,0.663022580654429,0.07203389830508475,0.63276606798172,0.012730201,0.009165427,-0.025649752,0.003564774,0.038379952,2023,True
2023-07-03,0.32829990820463434,0.6912726950995104,0.08686440677966102,0.6545732617378235,0.015441628,0.01574709,-0.038855016,-0.00030546263,0.054296643,2023,False
2023-07-04,0.35691447044089364,0.7125521984711993,0.09936575052854123,0.6745952367782593,0.01896145,0.012564756,-0.046136186,0.006396694,0.06509764,2023,False
2023-07-05,0.3835684311539477,0.7083244405050536,0.07399577167019028,0.6714743971824646,0.019995783,0.013928879,-0.05358533,0.0060669035,0.073581114,2023,False
2023-07-06,0.4020774244445596,0.7045655879166624,0.09725158562367865,0.6683230996131897,0.017597768,0.013361536,-0.06621177,0.0042362325,0.08380954,2023,False
2023-07-07,0.40705966890919276,0.7327132244779982,0.1226215644820296,0.6932325959205627,0.017497933,0.01188606,-0.06290873,0.0056118723,0.080406666,2023,True
2023-07-10,0.3796277222917213,0.7133538302708107,0.11416490486257928,0.6742857694625854,0.025028551,0.018977156,-0.054858796,0.006051395,0.079887345,2023,False
2023-07-11,0.44741320587845046,0.7372148853016921,0.14556962025316456,0.6959046125411987,0.036618937,0.028550435,-0.06828239,0.008068502,0.10490133,2023,False
2023-07-12,0.48064024967038255,0.7714442148133299,0.18565400843881857,0.7248995900154114,0.040993437,0.03011685,-0.06887495,0.010876587,0.109868385,2023,False
2023-07-13,0.5583198928734884,0.801133184845021,0.2109704641350211,0.7565575242042542,0.04998977,0.029036338,-0.09713364,0.020953434,0.14712341,2023,False
2023-07-14,0.5306148420894365,0.7726263253703792,0.21308016877637131,0.7335999608039856,0.06725797,0.04674447,-0.08177127,0.020513501,0.14902924,2023,True
2023-07-17,0.4219993530700799,0.6922626206042782,0.14947368421052631,0.6555415987968445,0.044564378,0.03609514,-0.07175996,0.008469239,0.116324335,2023,False
2023-07-18,0.46100624067123236,0.7283128553604111,0.18947368421052632,0.6947102546691895,0.04873478,0.04002853,-0.06827271,0.008706249,0.117007494,2023,False
2023-07-19,0.40357316781118313,0.6852442025880219,0.17684210526315788,0.6568478345870972,0.038637068,0.03502754,-0.052264113,0.003609527,0.09090118,2023,False
2023-07-20,0.27536640259040557,0.6089734325461804,0.13894736842105262,0.5903459787368774,0.038377896,0.039695024,-0.023986472,-0.0013171285,0.06236437,2023,False
2023-07-21,0.14871235136806207,0.5628172722609478,0.13263157894736843,0.544589638710022,0.022894861,0.024730053,-0.009334011,-0.0018351916,0.032228872,2023,True
2023-07-24,0.11127585548736132,0.5559274916650981,0.12421052631578948,0.5331753492355347,0.0045038764,0.008165196,-0.018782225,-0.0036613191,0.0232861,2023,False
2023-07-25,0.09133798954711374,0.5469768128934778,0.12842105263157894,0.5269271731376648,-0.0033397742,0.0004501448,-0.020793946,-0.003789919,0.017454172,2023,False
2023-07-26,0.07505155238639807,0.5295814145935673,0.10105263157894737,0.5134556889533997,-0.0044498243,-0.0036881547,-0.021972459,-0.0007616696,0.017522635,2023,False
2023-07-27,0.04294286628818069,0.538454352344034,0.06722689075630252,0.5188775658607483,-0.00971496,-0.007045242,-0.017672468,-0.0026697181,0.007957508,2023,False
2023-07-28,0.056750403144093096,0.5899181959151217,0.052521008403361345,0.5565375685691833,-0.031533793,-0.035932396,-0.03772056,0.004398603,0.0061867684,2023,True
2023-07-31,0.0640679541914519,0.5884852639740349,0.06722689075630252,0.5558078289031982,-0.028490376,-0.03061256,-0.032542016,0.0021221843,0.0040516406,2023,False
2023-08-01,0.1534650433336008,0.6363810997466816,0.1092436974789916,0.6055349111557007,-0.022433711,-0.031333204,-0.041948073,0.008899493,0.019514361,2023,False
2023-08-02,0.12888859017650986,0.6279528778063891,0.09663865546218488,0.5972663164138794,-0.022466997,-0.032535784,-0.03446284,0.010068787,0.011995843,2023,False
2023-08-03,0.20217203979676404,0.6707237340256917,0.11530398322851153,0.6319947242736816,-0.015491946,-0.026850574,-0.04055936,0.011358628,0.025067413,2023,False
2023-08-04,0.27725636243608964,0.6931731019518419,0.13836477987421383,0.6548227667808533,-0.0125844935,-0.020844849,-0.055805728,0.008260355,0.043221235,2023,True
2023-08-07,0.24680319598887668,0.6842630620070941,0.1278825995807128,0.6477327346801758,-0.024609623,-0.035435036,-0.0546971,0.010825412,0.030087477,2023,False
2023-08-08,0.1881987142658768,0.6658609124110065,0.1278825995807128,0.6293208003044128,-0.023547199,-0.03693435,-0.04016723,0.013387151,0.016620032,2023,False
2023-08-09,0.10282478558034688,0.598016264417372,0.1192468619246862,0.567154049873352,-0.040194325,-0.046972603,-0.040349305,0.0067782775,0.00015497953,2023,False
2023-08-10,0.12760979227438776,0.6033395128046543,0.08577405857740586,0.5710211992263794,-0.042957827,-0.04806131,-0.0523958,0.005103484,0.009437971,2023,False
2023-08-11,0.19882284963998267,0.6504528330725419,0.0899581589958159,0.6217429041862488,-0.0030703307,-0.0137898,-0.024929008,0.010719469,0.021858677,2023,True
2023-08-14,0.15744084154624263,0.6120970602899551,0.0794979079497908,0.5869635939598083,-0.005889463,-0.00947931,-0.026132124,0.0035898476,0.020242661,2023,False
2023-08-15,0.08713331152144842,0.6025072967481181,0.1127348643006263,0.5757535696029663,0.018119426,0.006063822,-0.0040768785,0.012055604,0.022196304,2023,False
2023-08-16,0.05925804157307623,0.5983089178698416,0.11899791231732777,0.5688207745552063,0.0133880535,-0.0006870193,-0.0058505842,0.0140750725,0.019238638,2023,False
2023-08-17,-0.019989054159118294,0.5318763780612855,0.06889352818371608,0.5032418966293335,-0.005412242,-0.009023595,-0.003141422,0.0036113528,-0.0022708199,2023,False
2023-08-18,0.06658033336742383,0.5874576605742129,0.08977035490605428,0.5542369484901428,0.020251801,0.011907476,0.004224453,0.008344325,0.016027348,2023,True
2023-08-21,0.132372792161427,0.5811954608900025,0.1127348643006263,0.5528495907783508,0.037183173,0.033079743,7.997796e-05,0.0041034296,0.037103195,2023,False
2023-08-22,0.1710927113824698,0.631532434629395,0.12943632567849686,0.5931465029716492,0.05195253,0.036485154,-0.0048440127,0.0154673755,0.056796543,2023,False
2023-08-23,0.26191159811494136,0.6621587002289352,0.16701461377870563,0.6203625798225403,0.06062094,0.052608687,-0.004831759,0.008012254,0.0654527,2023,False
2023-08-24,0.272751628105885,0.6883081950615788,0.18997912317327767,0.6464620232582092,0.07622096,0.06264884,-0.00235033,0.013572119,0.07857129,2023,False
2023-08-25,0.3361659759623189,0.7314098549452405,0.2045929018789144,0.6851509213447571,0.07631611,0.05808148,-0.022174196,0.01823463,0.098490305,2023,True
2023-08-28,0.2394724374730252,0.6820770884675832,0.1375,0.6398490071296692,0.051148184,0.040995438,-0.023129124,0.010152746,0.07427731,2023,False
2023-08-29,0.22905060566739135,0.6155729347797056,0.10833333333333334,0.5782235264778137,0.009241376,0.006392012,-0.046889182,0.0028493642,0.05613056,2023,False
2023-08-30,0.20429454864130275,0.5744659921147385,0.09375,0.5467807650566101,-0.0018890381,0.0035240501,-0.04798071,-0.005413088,0.046091672,2023,False
2023-08-31,0.1625288742562879,0.5643285169042301,0.07708333333333334,0.5381568670272827,-0.0021171535,-0.00024374816,-0.037732493,-0.0018734053,0.03561534,2023,False
2023-09-01,0.19198817038808227,0.6101458836419659,0.10625,0.5813196301460266,-0.00012725977,-0.0049625114,-0.034543373,0.0048352517,0.034416113,2023,True
2023-09-04,0.15197011022658313,0.5412620823002171,0.08958333333333333,0.5201274156570435,-0.015469277,-0.01674756,-0.04246167,0.0012782831,0.026992394,2023,False
2023-09-05,0.1619042569541791,0.5285946164960438,0.075,0.5055687427520752,-0.023377875,-0.019793367,-0.04674498,-0.0035845079,0.023367105,2023,False
2023-09-06,0.10316962279294908,0.48665163489147345,0.0875,0.4727155566215515,-0.030792184,-0.025312046,-0.050611675,-0.0054801386,0.01981949,2023,False
2023-09-07,0.15973997340451274,0.5220147689070943,0.079002079002079,0.5039790868759155,-0.014508144,-0.011385732,-0.03874715,-0.0031224117,0.024239007,2023,False
2023-09-08,0.0936503360505914,0.49248368151251914,0.07692307692307693,0.4807177782058716,-0.019603712,-0.015207171,-0.030547125,-0.004396541,0.010943413,2023,True
2023-09-11,0.10362294584248158,0.5593382690947777,0.08108108108108109,0.5298988223075867,-0.01965418,-0.019441323,-0.03168519,-0.0002128575,0.012031008,2023,False
2023-09-12,0.07784240063267212,0.5234970418111856,0.05197505197505198,0.5048350691795349,-0.00957513,-0.005298343,-0.018589206,-0.0042767874,0.009014076,2023,False
2023-09-13,0.11331184790195323,0.5681902889839385,0.058212058212058215,0.5415194034576416,0.008899717,0.010415969,-0.0019577146,-0.0015162528,0.010857431,2023,False
2023-09-14,0.02792477317242199,0.532827442967963,0.062370062370062374,0.5176506638526917,0.0014742756,0.0026860856,0.006564648,-0.00121181,-0.005090372,2023,False
2023-09-15,-0.05749667429218977,0.5376754243987126,0.056133056133056136,0.5107954144477844,-0.0044966615,-0.007828464,0.011438038,0.0033318023,-0.0159347,2023,True
2023-09-18,-0.059989832333259566,0.5554395001291587,0.0395010395010395,0.5235403180122375,0.0023442935,-0.0014233703,0.024020651,0.0037676638,-0.021676358,2023,False
2023-09-19,-0.017251270469377803,0.580956265798678,0.06016597510373444,0.5499229431152344,0.016102215,0.0039129714,0.029821737,0.012189244,-0.013719521,2023,False
2023-09-20,-0.028149505207992885,0.5615766530268678,0.058091286307053944,0.5298699736595154,0.017641125,0.010034972,0.044024657,0.0076061534,-0.026383532,2023,False
2023-09-21,-0.05429224088515115,0.5268151486922817,0.07053941908713693,0.5013589859008789,0.0017054039,-0.002336831,0.034950487,0.004042235,-0.033245083,2023,False
2023-09-22,0.0011474800132223128,0.5479636333924207,0.06016597510373444,0.5168569684028625,-0.007835885,-0.009876525,0.0063027563,0.0020406405,-0.014138641,2023,True
2023-09-25,-0.013113530598819898,0.5352292340297294,0.05186721991701245,0.5070942640304565,-0.017610846,-0.02089758,-0.0012389899,0.0032867342,-0.016371856,2023,False
2023-09-26,-0.021567854586153682,0.5233826344772131,0.06832298136645963,0.4976966381072998,-0.028240595,-0.028969768,-0.008908408,0.0007291734,-0.019332187,2023,False
2023-09-27,0.028560286511273864,0.5386074658077028,0.06625258799171843,0.5162485837936401,-0.04139198,-0.041675474,-0.04622654,0.0002834946,0.004834559,2023,False
2023-09-28,0.07977364663811695,0.5649622470565285,0.062111801242236024,0.5352017283439636,-0.05579959,-0.058316953,-0.069337904,0.002517365,0.013538316,2023,False
2023-10-09,0.13253883318756005,0.5961502571374819,0.060041407867494824,0.5611662864685059,-0.043823093,-0.045473043,-0.057117727,0.0016499497,0.0132946335,2023,False
2023-10-10,0.18038617673233187,0.625531676851634,0.09109730848861283,0.5888871550559998,-0.018066633,-0.021157596,-0.037774682,0.0030909628,0.019708049,2023,False
2023-10-11,0.15208877678148403,0.6154807177939902,0.07453416149068323,0.5780937671661377,-0.027562877,-0.025200896,-0.035080474,-0.0023619812,0.0075175967,2023,False
2023-10-12,0.2547228539700922,0.6707899548216368,0.08281573498964803,0.634645938873291,0.005221363,-0.0058811074,-0.04127387,0.011102471,0.046495233,2023,False
2023-10-13,0.1941976307907836,0.6294470304362245,0.07867494824016563,0.5980256199836731,0.016871242,0.014025126,-0.018249704,0.0028461162,0.035120945,2023,True
2023-10-16,0.13123666018945496,0.5952581633418381,0.06625258799171843,0.565801203250885,0.015978234,0.01619637,-0.0030152288,-0.00021813624,0.018993463,2023,False
2023-10-17,0.20263743116284186,0.6268181619878129,0.09710743801652892,0.5970780849456787,0.03625494,0.03523485,-0.0034576606,0.0010200888,0.0397126,2023,False
2023-10-18,0.17578913016575576,0.6082883557054679,0.09504132231404959,0.5816816687583923,0.035251714,0.032402307,0.0014283629,0.0028494075,0.033823352,2023,False
2023-10-19,0.11864193362003524,0.5894362556297517,0.05578512396694215,0.5662417411804199,0.047689382,0.043718513,0.02355565,0.003970869,0.024133733,2023,False
2023-10-20,0.09924164389261204,0.596089933185202,0.06198347107438017,0.5739098191261292,0.09017858,0.08111527,0.06752223,0.009063311,0.022656351,2023,True
2023-10-23,0.04638584380529325,0.5724776668583,0.05165289256198347,0.5515021681785583,0.080502376,0.07526114,0.078399085,0.0052412376,0.0021032915,2023,False
2023-10-24,-0.014363450401498173,0.5300789838136585,0.04742268041237113,0.510166585445404,0.056547333,0.054808665,0.06507626,0.0017386675,-0.008528929,2023,False
2023-10-25,0.03512154010131894,0.5497541312211468,0.04329896907216495,0.5232706665992737,0.061868314,0.061799325,0.05545345,6.898865e-05,0.006414864,2023,False
2023-10-26,0.004034937759644552,0.5338584180580173,0.05154639175257732,0.5052660703659058,0.03692381,0.04081492,0.03167503,-0.0038911104,0.0052487813,2023,False
2023-10-27,0.04160772385506348,0.5525766011230081,0.04536082474226804,0.5261863470077515,0.031663254,0.031125082,0.02680356,0.0005381722,0.0048596933,2023,True
2023-10-30,-0.016127521916923307,0.5172920097856237,0.03505154639175258,0.4948280155658722,0.03163936,0.034897488,0.04165023,-0.0032581277,-0.010010868,2023,False
2023-10-31,-0.06673945300282624,0.4825323634555756,0.030927835051546393,0.46445590257644653,0.0330622,0.04011907,0.06116817,-0.0070568696,-0.02810597,2023,False
2023-11-01,-0.14448459367728272,0.44527587581657696,0.024742268041237112,0.42954447865486145,0.029180443,0.032582264,0.07179049,-0.0034018215,-0.04261004,2023,False
2023-11-02,-0.09168274973506839,0.4811311382671093,0.02268041237113402,0.46610572934150696,0.029975342,0.03248986,0.06321427,-0.002514517,-0.033238932,2023,False
2023-11-03,-0.06494826278885163,0.4990711608122561,0.0288659793814433,0.4784174859523773,0.024793794,0.027403891,0.051478676,-0.0026100967,-0.026684882,2023,True
2023-11-06,0.039786416865309884,0.5289508536591341,0.04526748971193416,0.5041171312332153,0.026467668,0.027636943,0.028548386,-0.0011692755,-0.002080718,2023,False
2023-11-07,0.19950076760175933,0.6309129452482105,0.059670781893004114,0.6007319688796997,0.024076086,0.02194853,0.00011594025,0.0021275561,0.023960145,2023,False
2023-11-08,0.1722216975629915,0.6187082044039116,0.053497942386831275,0.5866218209266663,0.023958461,0.02092478,-0.000113452836,0.0030336808,0.024071915,2023,False
2023-11-09,0.16826151592594088,0.5999221399349614,0.059670781893004114,0.5740469694137573,0.024042994,0.022083392,0.0045382353,0.0019596014,0.01950476,2023,False
2023-11-10,0.15178342156612581,0.5784428655891334,0.04722792607802875,0.5568013191223145,0.010442061,0.008606326,-0.0109348,0.0018357355,0.021376861,2023,True
2023-11-13,0.21685157425615173,0.6257496601138245,0.049281314168377825,0.590599000453949,0.014627243,0.010264133,-0.019726636,0.0043631103,0.03435388,2023,False
2023-11-14,0.2160522636696768,0.6337289422502306,0.059548254620123205,0.5999906659126282,0.01140721,0.0037150686,-0.029714892,0.007692141,0.0411221,2023,False
2023-11-15,0.2638403773987482,0.6473383770115699,0.059548254620123205,0.614952564239502,0.006311085,-0.00084959815,-0.044648618,0.007160683,0.050959703,2023,False
2023-11-16,0.22738698071886598,0.6292486626968823,0.07392197125256673,0.5990087985992432,0.0074424003,0.00079984707,-0.03195976,0.006642553,0.03940216,2023,False
2023-11-17,0.21334146479283472,0.631561501912729,0.06365503080082136,0.5989928245544434,0.0029785652,-0.0031170708,-0.027693506,0.0060956357,0.030672072,2023,True
2023-11-20,0.2625622925755383,0.6615034770079861,0.08401639344262295,0.6250867247581482,-0.0066819764,-0.011788927,-0.050440762,0.0051069506,0.043758787,2023,False
2023-11-21,0.26391186864436267,0.6651007066598771,0.0942622950819672,0.6291514039039612,5.9016416e-05,-0.009898551,-0.046571035,0.009957567,0.04663005,2023,False
2023-11-22,0.19353603569369238,0.6496019693087619,0.07581967213114754,0.6158355474472046,-0.0056370194,-0.013799961,-0.03326601,0.008162942,0.027628992,2023,False
2023-11-23,0.0738451986048997,0.5724074231909291,0.05122950819672131,0.5456559062004089,-0.013965909,-0.018729314,-0.024532475,0.004763405,0.010566565,2023,False
2023-11-24,-0.0048966759254472445,0.5313159925912814,0.049079754601226995,0.5126416683197021,-0.021593282,-0.021579094,-0.016157294,-1.4187768e-05,-0.0054359883,2023,True
2023-11-27,-0.07860143036110903,0.4339828396526235,0.03885480572597137,0.4250544011592865,-0.027632276,-0.018356984,-0.0059667863,-0.009275291,-0.02166549,2023,False
2023-11-28,0.03317351677797891,0.5557697909543873,0.05725971370143149,0.5409576892852783,-0.009204157,-0.01043604,-0.00807372,0.0012318837,-0.0011304365,2023,False
2023-11-29,0.08354445577979337,0.6091441372676183,0.0736196319018405,0.5824846029281616,0.0068287053,-0.001562844,-0.007229793,0.00839155,0.014058499,2023,False
2023-11-30,0.16001523392809056,0.6210952619926076,0.07975460122699386,0.5972753167152405,-0.0016970166,-0.010336453,-0.031018715,0.008639436,0.029321698,2023,False
2023-12-01,0.2083854870300505,0.6632928892103265,0.07975460122699386,0.6315379738807678,-0.014686043,-0.024108289,-0.04645258,0.009422245,0.031766534,2023,True
2023-12-04,0.1041687630762542,0.5969111956974312,0.05521472392638037,0.5726702809333801,-0.020973383,-0.023512345,-0.03477025,0.0025389623,0.013796868,2023,False
2023-12-05,0.1339309485790153,0.6189804895807594,0.04703476482617587,0.5921927690505981,-0.015559102,-0.017045923,-0.03193312,0.0014868202,0.016374018,2023,False
2023-12-06,0.18361040542415613,0.6340870276924327,0.053169734151329244,0.6076777577400208,-0.019774415,-0.02503794,-0.04680956,0.005263526,0.027035147,2023,False
2023-12-07,0.28122901219067536,0.6896555261978565,0.09202453987730061,0.6597288250923157,-0.0057953335,-0.015851174,-0.04888503,0.01005584,0.043089695,2023,False
2023-12-08,0.31391900697528435,0.6710784533799435,0.07566462167689161,0.6420276761054993,-0.01447287,-0.021368168,-0.070801936,0.006895298,0.056329064,2023,True
2023-12-11,0.35612667997990727,0.7072210128754267,0.09387755102040816,0.6740787625312805,-0.026094142,-0.032995075,-0.0953164,0.0069009326,0.06922226,2023,False
2023-12-12,0.2846970543405158,0.6643052726303831,0.07551020408163266,0.6347225308418274,-0.03488076,-0.04083785,-0.092090845,0.0059570894,0.057210084,2023,False
2023-12-13,0.2640722032069357,0.6309979557363592,0.0653061224489796,0.603605329990387,-0.017885521,-0.022774901,-0.07435277,0.00488938,0.05646725,2023,False
2023-12-14,0.2105038546252581,0.6146246611067038,0.06938775510204082,0.5892441868782043,0.0037688217,0.0023430863,-0.048982773,0.0014257354,0.052751593,2023,False
2023-12-15,0.2721377175683407,0.6449026311293413,0.06326530612244897,0.6158775091171265,0.025592525,0.021180553,-0.03860375,0.004411971,0.06419627,2023,True
2023-12-18,0.33361561379175997,0.6816536506474593,0.07755102040816327,0.6514623761177063,0.03187876,0.0300495,-0.041838642,0.0018292591,0.0737174,2023,False
2023-12-19,0.3151018475640346,0.6518246983486943,0.061224489795918366,0.6234369874000549,0.020725502,0.022136057,-0.044788986,-0.0014105551,0.06551449,2023,False
2023-12-20,0.332106087070023,0.6756836598094818,0.07142857142857142,0.6454707980155945,0.027580826,0.026667377,-0.04345358,0.00091344863,0.07103441,2023,False
2023-12-21,0.3486270682384036,0.7125178797865794,0.07346938775510205,0.6772746443748474,0.009391568,0.0026013681,-0.055683017,0.0067901993,0.065074585,2023,False
2023-12-22,0.27643089799753,0.7277461319139983,0.13238289205702647,0.6906256079673767,0.02491631,0.0117667075,-0.03078055,0.013149602,0.05569686,2023,True
2023-12-25,0.3505759596179746,0.7509384026538997,0.1425661914460285,0.7118008136749268,0.031425014,0.018452805,-0.047472794,0.01297221,0.078897804,2023,False
2023-12-26,0.35953959483205067,0.7362571854738896,0.11405295315682282,0.6995108723640442,0.034588214,0.027348828,-0.03836004,0.0072393864,0.072948255,2023,False
2023-12-27,0.368580933285192,0.7492722431463618,0.12627291242362526,0.7062827944755554,0.028009912,0.014462605,-0.04765677,0.013547307,0.07566668,2023,False
2023-12-28,0.3470269630703953,0.717293659484686,0.12016293279022404,0.6793084740638733,-0.0008010864,-0.01203682,-0.07507708,0.0112357335,0.07427599,2023,False
2023-12-29,0.3576307112144961,0.70319416281318,0.0835030549898167,0.666775643825531,-0.020101462,-0.028674316,-0.090684615,0.008572854,0.07058315,2023,True
2024-01-02,0.2483277551146166,0.6483461755859787,0.0835030549898167,0.6172505617141724,-0.03289503,-0.03642641,-0.07820619,0.0035313815,0.04531116,2024,False
2024-01-03,0.14167986475095218,0.5798833226375907,0.06109979633401222,0.552901566028595,-0.071134806,-0.07061568,-0.094624884,-0.00051912665,0.023490079,2024,False
2024-01-04,0.057589572513553546,0.5427113879352594,0.06924643584521385,0.5212994813919067,-0.062990874,-0.06192889,-0.06845301,-0.0010619834,0.0054621324,2024,False
2024-01-05,-0.020749611127722865,0.46655044421514863,0.052845528455284556,0.4528389573097229,-0.09159723,-0.085979,-0.086697176,-0.0056182295,-0.004900053,2024,True
2024-01-08,-0.08217156960353729,0.41866652560166145,0.042682926829268296,0.41264188289642334,-0.12631612,-0.119146265,-0.10861085,-0.00716985,-0.017705262,2024,False
2024-01-09,-0.1373400518894681,0.3949966453925896,0.03861788617886179,0.3839626908302307,-0.11657443,-0.10638147,-0.091114126,-0.0101929605,-0.025460303,2024,False
2024-01-10,-0.09385848221828812,0.3993581758630355,0.028455284552845527,0.3825634717941284,-0.09372997,-0.07908292,-0.07522932,-0.014647052,-0.018500656,2024,False
2024-01-11,-0.0018651354480747142,0.4661071914473352,0.036585365853658534,0.452250212430954,-0.07124351,-0.064003214,-0.07129241,-0.0072402954,4.889816e-05,2024,False
2024-01-12,0.031467597579043,0.4746456637165671,0.042682926829268296,0.4569361209869385,-0.08487481,-0.078599125,-0.101450495,-0.0062756836,0.016575687,2024,True
2024-01-15,-0.03706840273700659,0.42719096245736266,0.022357723577235773,0.41430336236953735,-0.11204912,-0.1043576,-0.12184264,-0.0076915175,0.00979352,2024,False
2024-01-16,-0.03217215334466961,0.42804883159075585,0.03048780487804878,0.4136003255844116,-0.14706731,-0.13654903,-0.15691556,-0.010518283,0.009848252,2024,False
2024-01-17,-0.06679210149057327,0.40416729171255744,0.024390243902439025,0.39530888199806213,-0.15181918,-0.14037524,-0.15529454,-0.011443943,0.0034753531,2024,False
2024-01-18,-0.03131412997725494,0.42811958404228323,0.018292682926829267,0.4139569103717804,-0.18282226,-0.169384,-0.18784402,-0.013438255,0.005021766,2024,False
2024-01-19,-0.16414984553594889,0.3367021391448094,0.018292682926829267,0.33415451645851135,-0.2509315,-0.22663908,-0.21054503,-0.024292424,-0.04038647,2024,True
2024-01-22,-0.2741535468912255,0.27160139235943537,0.006085192697768763,0.2706114947795868,-0.2795314,-0.23923811,-0.1949945,-0.040293276,-0.084536895,2024,False
2024-01-23,-0.37498306217277927,0.23747806200260987,0.004056795131845842,0.23632128536701202,-0.29679173,-0.2591361,-0.14875066,-0.03765562,-0.14804107,2024,False
2024-01-24,-0.3916222467428929,0.23126507691415873,0.002028397565922921,0.22975243628025055,-0.3139973,-0.26644644,-0.15017334,-0.047550857,-0.16382396,2024,False
2024-01-25,-0.27626275905884795,0.27369937672191624,0.004056795131845842,0.2694639563560486,-0.2456053,-0.19845952,-0.14923704,-0.047145784,-0.09636827,2024,False
2024-01-26,-0.43484047652112173,0.2523473228515271,0.0,0.24614295363426208,-0.21672764,-0.18288624,-0.07233696,-0.0338414,-0.14439069,2024,True
2024-01-29,-0.42754799111817393,0.2593545259652988,0.006085192697768763,0.2533321678638458,-0.15251738,-0.12252203,-0.022021273,-0.029995352,-0.1304961,2024,False
2024-01-30,-0.4160043114945351,0.25983220577247157,0.010141987829614604,0.2524298131465912,-0.09396548,-0.06298078,0.023358077,-0.0309847,-0.117323555,2024,False
2024-01-31,-0.3296360336110844,0.2969021995252667,0.02636916835699797,0.29123109579086304,-0.013994843,0.005425536,0.05924988,-0.019420378,-0.07324472,2024,False
2024-02-01,-0.0551458852765156,0.41451113911643545,0.058823529411764705,0.39951494336128235,0.076904185,0.090891875,0.08594952,-0.01398769,-0.009045333,2024,False
2024-02-02,0.4184296295541323,0.6830167846318427,0.13184584178498987,0.6457401514053345,0.26941815,0.25616312,0.13732962,0.01325503,0.13208853,2024,True
2024-02-05,0.5102876794289404,0.7624881229871203,0.17849898580121704,0.7216485142707825,0.34029216,0.3166515,0.16686521,0.023640662,0.17342694,2024,False
2024-02-06,0.5329642144787295,0.8041922577634075,0.2515212981744422,0.766567587852478,0.3002343,0.2579235,0.117657796,0.042310774,0.18257649,2024,False
2024-02-07,0.4848517691385002,0.8026897537411419,0.23732251521298176,0.7607395648956299,0.32124642,0.2675879,0.13097143,0.053658515,0.19027498,2024,False
2024-02-08,0.4396574264799793,0.7881563062353047,0.20892494929006086,0.7425118684768677,0.1951879,0.15932666,0.07993467,0.03586124,0.115253225,2024,False
2024-02-19,0.3710014396312268,0.7482437167614472,0.17849898580121704,0.7046236395835876,0.15557344,0.12541583,0.069176555,0.03015761,0.08639689,2024,False
2024-02-20,0.25287936643288844,0.6979767089740332,0.15821501014198783,0.6582355499267578,0.10469914,0.077259675,0.05584902,0.027439468,0.048850123,2024,False
2024-02-21,0.25520804164078903,0.6816939038880201,0.1359026369168357,0.6475322246551514,0.0966042,0.0764366,0.04966806,0.020167597,0.04693614,2024,False
2024-02-22,0.009906093983100939,0.5377095513147533,0.08924949290060852,0.5102397799491882,0.03472591,0.03000334,0.043034468,0.0047225673,-0.00830856,2024,False
2024-02-23,-0.22054937743377775,0.38540771470271346,0.04259634888438134,0.3736153244972229,-0.0030380422,0.004909727,0.051212244,-0.007947769,-0.054250285,2024,True
2024-02-26,-0.26080354237811065,0.35799263576386703,0.032454361054766734,0.34362131357192993,-0.0018338957,0.0073230094,0.05306391,-0.009156905,-0.054897808,2024,False
2024-02-27,-0.14691293800779578,0.44862018599671544,0.032454361054766734,0.43701303005218506,0.017372707,0.021943124,0.057757016,-0.004570417,-0.040384308,2024,False
2024-02-28,0.14961318159554912,0.6220020070809616,0.06680161943319839,0.5935308933258057,0.06877572,0.067905016,0.061078604,0.00087070465,0.0076971166,2024,False
2024-02-29,0.20018764002241915,0.6580392576658377,0.06288032454361055,0.6255641579627991,0.048892587,0.048980024,0.034881234,-8.743629e-05,0.014011353,2024,False
2024-03-01,0.34566978491780403,0.7340746508225687,0.12170385395537525,0.6976051330566406,0.08944141,0.07476216,0.03623976,0.014679253,0.05320165,2024,True
2024-03-04,0.4588705865626456,0.8013204694864837,0.1680161943319838,0.7610739469528198,0.12734328,0.1109444,0.041595776,0.016398884,0.08574751,2024,False
2024-03-05,0.4601352516099788,0.796020029669513,0.18255578093306288,0.7613161206245422,0.13038583,0.10794281,0.04344953,0.022443019,0.0869363,2024,False
2024-03-06,0.34352109523836877,0.737876348385837,0.12550607287449392,0.7007989883422852,0.11338657,0.1054226,0.06295756,0.00796397,0.05042901,2024,False
2024-03-07,0.4118526580477847,0.7682985221033107,0.12955465587044535,0.7280011773109436,0.11652455,0.102546416,0.03987631,0.013978131,0.076648235,2024,False
2024-03-08,0.3187885948789136,0.7247519220024295,0.09716599190283401,0.6872653961181641,0.07483319,0.06702625,0.027747687,0.007806942,0.047085505,2024,True
2024-03-11,0.2912259518520803,0.6889427385752593,0.11133603238866396,0.654901921749115,0.02984324,0.027369084,-0.012095291,0.0024741553,0.04193853,2024,False
2024-03-12,0.2893669259395329,0.6882031006954988,0.13562753036437247,0.6523177027702332,0.0142730465,0.01162096,-0.03889131,0.0026520863,0.05316436,2024,False
2024-03-13,0.27593109259773446,0.6975418068744983,0.11740890688259109,0.665387749671936,0.019333007,0.009406229,-0.025611956,0.009926778,0.044944964,2024,False
2024-03-14,0.29695236955488713,0.7155804795859845,0.1214574898785425,0.6821483373641968,0.028789107,0.023669995,-0.022055786,0.0051191114,0.050844893,2024,False
2024-03-15,0.2988117567261785,0.6794617191308918,0.11133603238866396,0.647606611251831,0.02203611,0.021530997,-0.03089954,0.0005051121,0.05293565,2024,True
2024-03-18,0.34628307344113796,0.6971631192256881,0.13157894736842105,0.6639942526817322,0.024936626,0.02220624,-0.048625305,0.0027303863,0.07356193,2024,False
2024-03-19,0.31256970726151645,0.6654603830706969,0.12955465587044535,0.6368622779846191,0.015382333,0.0117793875,-0.068096556,0.0036029452,0.08347889,2024,False
2024-03-20,0.27085858417220565,0.6074989006877305,0.07489878542510121,0.5871198773384094,-0.013883581,-0.007612295,-0.09106688,-0.0062712864,0.0771833,2024,False
2024-03-21,0.29788324972097624,0.6022987742386622,0.08704453441295547,0.5861461758613586,-0.0061066034,0.0005853562,-0.093194075,-0.0066919597,0.087087475,2024,False
2024-03-22,0.34306606136265544,0.634056008851556,0.09109311740890688,0.6082930564880371,0.002290619,-0.001192076,-0.103352584,0.0034826952,0.105643205,2024,True
2024-03-25,0.3111895161782197,0.63010015500593,0.0931174089068826,0.6077015995979309,0.018899003,0.016310195,-0.067417525,0.0025888085,0.086316526,2024,False
2024-03-26,0.23501872341065985,0.6051766197037611,0.08906882591093117,0.5864174962043762,0.021946745,0.01987897,-0.036507457,0.0020677745,0.0584542,2024,False
2024-03-27,-0.054916946771469764,0.4322104463120736,0.05263157894736842,0.4287281036376953,-0.04732796,-0.036707982,-0.045743167,-0.010619979,-0.0015847944,2024,False
2024-03-28,-0.09431294306569162,0.35072686635406575,0.030364372469635626,0.3500625193119049,-0.13996005,-0.11387255,-0.1308793,-0.0260875,-0.009080753,2024,False
2024-03-29,-0.10823216455251389,0.3652168966551345,0.02631578947368421,0.363124281167984,-0.12953137,-0.10812659,-0.11491933,-0.02140478,-0.014612041,2024,True
2024-04-01,-0.11907681676488838,0.35556567015230167,0.022267206477732792,0.3528095781803131,-0.124703914,-0.10517511,-0.109582074,-0.019528806,-0.01512184,2024,False
2024-04-02,-0.20088322321677893,0.3308039858545621,0.02631578947368421,0.3292047083377838,-0.12860972,-0.10694439,-0.08703981,-0.021665327,-0.041569903,2024,False
2024-04-03,-0.1699574492093679,0.3484282061115905,0.02834008097165992,0.3421690762042999,-0.117401116,-0.09544751,-0.092729785,-0.021953605,-0.024671331,2024,False
2024-04-08,-0.1246746991467261,0.36834973412015465,0.02834008097165992,0.36446455121040344,-0.09891178,-0.08166076,-0.08780053,-0.017251015,-0.011111245,2024,False
2024-04-09,-0.07975442098931115,0.39367294424195587,0.04251012145748988,0.3878885805606842,-0.0721274,-0.056286428,-0.06704406,-0.015840974,-0.005083345,2024,False
2024-04-10,-0.0842215001631493,0.40110225968218316,0.05060728744939271,0.3944699168205261,-0.05727804,-0.044906758,-0.05492008,-0.012371283,-0.0023579597,2024,False
2024-04-11,-0.1492201774124135,0.36898322780894,0.03441295546558704,0.36099714040756226,-0.054330416,-0.040962756,-0.02739802,-0.01336766,-0.026932396,2024,False
2024-04-12,0.0671144619430102,0.5261651411567405,0.07505070993914807,0.5007825493812561,0.036326665,0.036640055,0.025108231,-0.00031339005,0.011218434,2024,True
2024-04-15,0.18100312018729678,0.6571117030382719,0.11608961303462322,0.624187171459198,0.13607338,0.122822836,0.096004695,0.013250545,0.040068686,2024,False
2024-04-16,0.31689624561829044,0.6994407383289521,0.1680161943319838,0.6637715101242065,0.12978654,0.11620757,0.054522377,0.013578966,0.075264156,2024,False
2024-04-17,0.3424153633903935,0.7050391508808143,0.1659919028340081,0.6720179319381714,0.12377168,0.10978926,0.038585186,0.013982423,0.0851865,2024,False
2024-04-18,0.2874680627221012,0.6899317852357365,0.15384615384615385,0.6509353518486023,0.12642455,0.11565038,0.050383236,0.010774173,0.07604131,2024,False
2024-04-19,0.38798575319932105,0.7456124189251886,0.20647773279352227,0.7060283422470093,0.15798008,0.14005783,0.057549365,0.017922252,0.10043072,2024,True
2024-04-22,0.2790204187963127,0.7011837646333053,0.1700404858299595,0.6648759841918945,0.12510118,0.108452566,0.06175421,0.016648613,0.06334697,2024,False
2024-04-23,0.1712699597443118,0.6261814115230041,0.11336032388663968,0.5972329378128052,0.07597307,0.07049907,0.03553868,0.005474001,0.04043439,2024,False
2024-04-24,0.15973891377875643,0.6074748022825875,0.10931174089068826,0.5840221643447876,0.06284238,0.058415934,0.024698101,0.004426442,0.038144276,2024,False
2024-04-25,0.21847974336915585,0.6417330035978764,0.11156186612576065,0.6164695620536804,0.057690848,0.0511067,0.010364577,0.006584149,0.04732627,2024,False
2024-04-26,0.21112586570693723,0.637434175719233,0.10365853658536585,0.6123338937759399,0.031896476,0.024213953,-0.010502253,0.0076825228,0.04239873,2024,True
2024-04-29,0.21853838172628873,0.6310660850039225,0.09016393442622951,0.6059138774871826,0.029621951,0.022100585,-0.0036930828,0.0075213667,0.033315033,2024,False
2024-04-30,0.10405506355655927,0.5750165105590053,0.05122950819672131,0.5554056763648987,0.014170734,0.012018916,0.0056970036,0.002151818,0.008473731,2024,False
2024-05-06,0.09001106837146554,0.5375246667820381,0.06134969325153374,0.5194888710975647,-0.0064417855,-0.0048897765,-0.009866586,-0.001552009,0.0034248005,2024,False
2024-05-07,0.07582481173665347,0.5244571173760406,0.07157464212678936,0.5067439675331116,-0.0023959735,0.001729078,-0.005199809,-0.0041250517,0.0028038356,2024,False
2024-05-08,0.03169759134666524,0.5018486837171382,0.06134969325153374,0.48128074407577515,-0.028483653,-0.02184825,-0.024315,-0.0066354033,-0.004168654,2024,False
2024-05-09,0.11852019930807679,0.5479067531285893,0.06339468302658487,0.5210083723068237,-0.026315248,-0.021251775,-0.037312623,-0.0050634723,0.0109973755,2024,False
2024-05-10,0.1156365900076934,0.5567675337895795,0.06339468302658487,0.5325031280517578,-0.019698117,-0.019223288,-0.02884622,-0.00047482923,0.009148102,2024,True
2024-05-13,0.05151202421501419,0.493104449469912,0.034764826175869123,0.4756581485271454,-0.0295872,-0.023021303,-0.023752194,-0.006565897,-0.005835006,2024,False
2024-05-14,0.039010978903869384,0.45637509431226186,0.03067484662576687,0.451034814119339,-0.03200866,-0.02386675,-0.025329242,-0.008141909,-0.0066794176,2024,False
2024-05-15,0.005462831192982235,0.44372504220315073,0.028629856850715747,0.4286198318004608,-0.04078142,-0.03285428,-0.03207705,-0.007927138,-0.008704368,2024,False
2024-05-16,-0.04447020406842388,0.41359239458205466,0.02044989775051125,0.40234118700027466,-0.04098439,-0.03064726,-0.031734645,-0.010337129,-0.009249743,2024,False
2024-05-17,-0.0506773703224014,0.4296020609109835,0.014344262295081968,0.4152781665325165,-0.06501225,-0.05683899,-0.053646393,-0.008173257,-0.011365853,2024,True
2024-05-20,-0.017011552851224528,0.43958323780267283,0.016359918200409,0.42754337191581726,-0.072890505,-0.06540897,-0.06985835,-0.0074815378,-0.0030321553,2024,False
2024-05-21,-0.0689867194856417,0.3792609224485748,0.014314928425357873,0.3706454038619995,-0.088968165,-0.07169423,-0.07822179,-0.017273933,-0.010746375,2024,False
2024-05-22,0.006177297246489205,0.41791394039892005,0.024539877300613498,0.4119594693183899,-0.10139476,-0.08070968,-0.1086288,-0.020685077,0.0072340444,2024,False
2024-05-23,-0.028630199665464765,0.3898899984535963,0.018404907975460124,0.38386937975883484,-0.093876936,-0.07692979,-0.09636291,-0.016947143,0.0024859756,2024,False
2024-05-24,-0.08099992285151206,0.35671033493766596,0.024539877300613498,0.35463953018188477,-0.08767029,-0.07158889,-0.08189816,-0.0160814,-0.0057721287,2024,True
2024-05-27,-0.1328132132185465,0.3609388001916508,0.016359918200409,0.35693708062171936,-0.07176823,-0.058239445,-0.052146006,-0.013528787,-0.019622225,2024,False
2024-05-28,-0.17983765037796456,0.353875763897981,0.026584867075664622,0.3479994833469391,-0.07260081,-0.06370781,-0.04101493,-0.008892998,-0.031585883,2024,False
2024-05-29,-0.17159339036535348,0.3940728356303519,0.024539877300613498,0.3805474042892456,-0.06793049,-0.058961112,-0.037371214,-0.008969378,-0.030559275,2024,False
2024-05-30,-0.20090701923478724,0.3546547560583,0.024539877300613498,0.35214149951934814,-0.07624938,-0.06514889,-0.03800974,-0.011100493,-0.038239643,2024,False
2024-05-31,-0.2028647978236362,0.3646612658294083,0.022494887525562373,0.36225438117980957,-0.051345106,-0.043250673,-0.017498428,-0.008094434,-0.033846676,2024,True
2024-06-03,-0.22615071007109236,0.3928366216167211,0.010224948875255624,0.38056129217147827,-0.03276845,-0.026801435,0.009956148,-0.0059670154,-0.0427246,2024,False
2024-06-04,-0.16365570975266178,0.43267578307193166,0.024539877300613498,0.4198920428752899,-0.036827035,-0.033788223,-0.0006360745,-0.0030388124,-0.03619096,2024,False
2024-06-05,0.07164515969157959,0.5961057549791733,0.07566462167689161,0.5708752870559692,0.018305488,0.007481045,0.0054921256,0.010824443,0.012813362,2024,False
2024-06-06,-0.15611127294916902,0.41788919294197013,0.03885480572597137,0.40848469734191895,-0.041612763,-0.034376975,-0.0040733307,-0.007235788,-0.037539434,2024,False
2024-06-07,-0.018385934369758557,0.5042186915110234,0.05930470347648262,0.4876166582107544,-0.035919856,-0.03279469,-0.02409357,-0.0031251647,-0.011826286,2024,True
2024-06-11,0.07382136758424886,0.5347168147445572,0.08588957055214724,0.5229844450950623,-0.040779974,-0.035566203,-0.05336177,-0.005213771,0.012581795,2024,False
2024-06-12,0.14923035192328002,0.5530273428727192,0.04703476482617587,0.5368208885192871,-0.034310263,-0.02114916,-0.052968744,-0.013161102,0.018658482,2024,False
2024-06-13,0.09845748996606934,0.5436737427039922,0.04693877551020408,0.5219070911407471,-0.032704048,-0.022856578,-0.04653954,-0.00984747,0.0138354935,2024,False
2024-06-14,0.18108489195380467,0.5871461528488189,0.05510204081632653,0.5608829259872437,-0.030729797,-0.027545594,-0.05807932,-0.003184203,0.027349524,2024,True
2024-06-17,0.28609599345579856,0.6590436686913418,0.0836734693877551,0.6264951229095459,-0.015465879,-0.016518958,-0.0646753,0.001053079,0.049209423,2024,False
2024-06-18,0.37917949972506887,0.6993381485002546,0.11224489795918367,0.670711100101471,-0.013796033,-0.01747202,-0.08277698,0.003675986,0.06898095,2024,False
2024-06-19,0.3249651448556408,0.6779866476170139,0.08979591836734693,0.6498734951019287,-0.022255247,-0.02798729,-0.08812894,0.0057320427,0.06587369,2024,False
2024-06-20,0.35661806158735926,0.6822993893155576,0.1,0.6530959010124207,-0.022153579,-0.024476191,-0.09631637,0.0023226123,0.07416279,2024,False
2024-06-21,0.36512538737925154,0.7082221727550593,0.10633946830265849,0.6755497455596924,0.000351448,-0.011275021,-0.08334355,0.011626469,0.083695,2024,True
2024-06-24,0.19124367449809948,0.6342668400042785,0.06339468302658487,0.6040843725204468,-0.012851707,-0.019060826,-0.053673323,0.006209119,0.040821616,2024,False
2024-06-25,0.07854865443752944,0.5735114781718728,0.05918367346938776,0.5459225177764893,-0.018525558,-0.021893777,-0.03331497,0.0033682194,0.014789412,2024,False
2024-06-26,0.13245573371944536,0.5736073209846074,0.05725971370143149,0.5446592569351196,-0.009072487,-0.007108083,-0.029043837,-0.0019644042,0.019971348,2024,False
2024-06-27,0.20921475843467024,0.6372413335072175,0.09183673469387756,0.6113377809524536,0.009677083,-0.0025630358,-0.02453229,0.012240119,0.034209374,2024,False
2024-06-28,0.10605183858329027,0.5926840130997101,0.1,0.5704467296600342,-0.004410044,-0.014409307,-0.026492773,0.009999264,0.02208273,2024,True
2024-07-01,0.029466715426347198,0.5488165212016848,0.06938775510204082,0.5249953269958496,-0.028614294,-0.03193369,-0.035145078,0.0033193976,0.006530784,2024,False
2024-07-02,-0.06730278991652394,0.4681293479676344,0.04285714285714286,0.4573186933994293,-0.036852434,-0.03651066,-0.029672632,-0.00034177303,-0.0071798023,2024,False
2024-07-03,0.06785141492329089,0.5331050142333011,0.05725971370143149,0.5154041647911072,-0.021652903,-0.024450785,-0.034907933,0.0027978811,0.01325503,2024,False
2024-07-04,-0.08141698159736564,0.468718332425232,0.049079754601226995,0.4554194211959839,-0.008623298,-0.010203232,0.010430054,0.0015799338,-0.019053351,2024,False
2024-07-05,-0.06303900319368207,0.47934495118200554,0.06134969325153374,0.46286556124687195,0.010789916,0.009218989,0.017902886,0.001570927,-0.0071129706,2024,True
2024-07-08,0.09555311256034021,0.5703044982527739,0.08588957055214724,0.5464078187942505,0.02511583,0.021914287,0.0020743085,0.0032015443,0.023041522,2024,False
2024-07-09,0.1812306527976857,0.6256718047637335,0.09406952965235174,0.5967731475830078,-0.0040201214,-0.011584293,-0.046007518,0.0075641717,0.041987397,2024,False
2024-07-10,0.18667843396600725,0.5927296368869946,0.09406952965235174,0.5699706077575684,-0.03046297,-0.034308534,-0.07533039,0.003845565,0.044867422,2024,False
2024-07-11,0.2003377722087209,0.6233672543478181,0.07157464212678936,0.597126841545105,-0.021622205,-0.026596572,-0.059073724,0.004974367,0.03745152,2024,False
2024-07-12,0.17927875779483235,0.6306857446328581,0.09611451942740286,0.5945615768432617,-0.0014369908,-0.0068663913,-0.033856053,0.0054294006,0.032419063,2024,True
2024-07-15,0.2131515476265939,0.6648304833128366,0.10633946830265849,0.626739501953125,0.015538684,0.0019511387,-0.023267351,0.013587546,0.038806036,2024,False
2024-07-16,0.1589869083500175,0.6424471205002436,0.08588957055214724,0.6063941121101379,0.036296014,0.023824653,0.01203954,0.012471361,0.024256473,2024,False
2024-07-17,0.09449038655636759,0.633759501742628,0.09406952965235174,0.5912553071975708,0.06796394,0.0548085,0.053466342,0.013155442,0.0144976005,2024,False
2024-07-18,0.14435089245617577,0.6323968985620041,0.06339468302658487,0.5945934057235718,0.044510294,0.033683326,0.024162125,0.010826968,0.020348169,2024,False
2024-07-19,0.26413730107459815,0.666784200841533,0.049079754601226995,0.6332133412361145,0.026726348,0.016924037,-0.013274742,0.009802312,0.04000109,2024,True
2024-07-22,0.2938962104575085,0.65745125435223,0.053169734151329244,0.6263982057571411,0.025110533,0.018285964,-0.021119399,0.00682457,0.046229932,2024,False
2024-07-23,0.20765397697577795,0.5971472123434438,0.05521472392638037,0.568691074848175,0.048165392,0.04521168,0.010494826,0.002953712,0.037670568,2024,False
2024-07-24,0.2897843501709595,0.6556643974218228,0.07755102040816327,0.6268289089202881,0.058276493,0.047823362,0.0028134824,0.010453131,0.055463012,2024,False
2024-07-25,0.2891491534037547,0.6570788964202579,0.09591836734693877,0.6284843683242798,0.043474697,0.033518907,-0.008143308,0.00995579,0.051618002,2024,False
2024-07-26,0.40313666361283274,0.6934699469516549,0.10408163265306122,0.6570800542831421,0.033111554,0.024162536,-0.04453152,0.008949017,0.077643074,2024,True
2024-07-29,0.3977881494519851,0.6731217726265353,0.10204081632653061,0.6441434025764465,0.022447633,0.01549545,-0.053466983,0.0069521824,0.075914614,2024,False
2024-07-30,0.3375769347479551,0.6572426610762424,0.0836734693877551,0.626366913318634,-0.0025598973,-0.0067104744,-0.051234808,0.004150577,0.04867491,2024,False
2024-07-31,0.3891027286784498,0.6791392921747801,0.05714285714285714,0.6536499261856079,-0.0115664285,-0.012846664,-0.065753244,0.0012802351,0.054186814,2024,False
2024-08-01,0.2739116308897745,0.6199269028668697,0.03877551020408163,0.5925748348236084,-0.013581151,-0.010432099,-0.048860967,-0.0031490522,0.035279818,2024,False
2024-08-02,0.14503766592927203,0.5386743609172555,0.030612244897959183,0.5180416107177734,-0.01058017,-0.0037334207,-0.03288346,-0.006846749,0.02230329,2024,True
2024-08-05,0.1228454790348667,0.5441857107089655,0.03665987780040733,0.5224874019622803,-0.01997899,-0.02023652,-0.040186565,0.00025752932,0.020207575,2024,False
2024-08-06,0.13612831478776144,0.5695025184508341,0.032586558044806514,0.5431262254714966,-0.0304629,-0.030264057,-0.051738158,-0.00019884296,0.021275258,2024,False
2024-08-07,0.0779575289424072,0.5452554268889466,0.024439918533604887,0.5172671675682068,-0.039027825,-0.036248993,-0.047222547,-0.0027788319,0.008194722,2024,False
2024-08-08,0.10769781338539093,0.5641040138301572,0.028455284552845527,0.5334041118621826,-0.052508175,-0.050905745,-0.06887207,-0.0016024299,0.016363896,2024,False
2024-08-09,0.02758390338289367,0.5256486313819971,0.024390243902439025,0.49679192900657654,-0.03763191,-0.034400888,-0.038912337,-0.0032310225,0.001280427,2024,True
2024-08-12,0.1139102234640909,0.5703465155256937,0.042682926829268296,0.543667197227478,-0.03502442,-0.03758952,-0.05572071,0.0025651008,0.02069629,2024,False
2024-08-13,0.21924701241071448,0.6042127309106354,0.044715447154471545,0.5753006339073181,-0.034827814,-0.038247857,-0.07982555,0.0034200437,0.044997737,2024,False
2024-08-14,0.1839767176081474,0.5724687205649712,0.046747967479674794,0.5442450046539307,-0.033290327,-0.031782985,-0.07386252,-0.0015073419,0.040572196,2024,False
2024-08-15,0.1267886297842156,0.5296650317412761,0.044715447154471545,0.5038754343986511,-0.016674142,-0.013435352,-0.04624393,-0.0032387907,0.029569786,2024,False
2024-08-16,0.10398430142068538,0.5828977957265095,0.054878048780487805,0.5505318641662598,-0.009274987,-0.0111229615,-0.029819036,0.001847975,0.020544048,2024,True
2024-08-19,0.044875893985185246,0.4651830100441891,0.044715447154471545,0.45472562313079834,-0.01267241,-0.00514992,-0.024021694,-0.0075224903,0.011349284,2024,False
2024-08-20,0.09629763689632259,0.5321255775886119,0.056910569105691054,0.5023054480552673,1.2263414e-05,-0.000469537,-0.02267975,0.0004818004,0.022692014,2024,False
2024-08-21,-0.003317230495374511,0.46562628882685564,0.042682926829268296,0.44842076301574707,0.005262638,0.007079652,-0.0020124004,-0.0018170141,0.0072750384,2024,False
2024-08-22,-0.03441971282121158,0.43071716325996484,0.042682926829268296,0.4178687632083893,0.0035606564,0.018072072,0.01567598,-0.014511416,-0.012115324,2024,False
2024-08-23,0.004419908237542527,0.4840282811073257,0.044715447154471545,0.4610910713672638,-0.009334954,-0.0032943168,-0.0068356153,-0.0060406374,-0.0024993392,2024,True
2024-08-26,-0.10916596364896115,0.3881935514738047,0.024390243902439025,0.3793776333332062,-0.018180314,-0.0010631012,0.004485229,-0.017117213,-0.022665543,2024,False
2024-08-27,-0.15079011058001937,0.45559379931509564,0.0508130081300813,0.4339716136455536,-0.00022435673,-0.003293672,0.018250192,0.0030693153,-0.018474549,2024,False
2024-08-28,-0.16250554565958777,0.3886940286456786,0.02032520325203252,0.3733060359954834,-0.018511636,-0.006530464,0.008625066,-0.0119811725,-0.027136702,2024,False
2024-08-29,0.06594156045419837,0.5556179726196135,0.04878048780487805,0.524852454662323,-0.03208476,-0.030306341,-0.04819903,-0.0017784182,0.016114272,2024,False
2024-08-30,0.11488682806193343,0.5812061235722948,0.03861788617886179,0.548773467540741,-0.04076049,-0.040606193,-0.06675484,-0.0001542978,0.02599435,2024,True
2024-09-02,0.11849527470384293,0.5803821812067347,0.056910569105691054,0.5524668097496033,-0.0150867645,-0.014808622,-0.042280972,-0.00027814228,0.027194208,2024,False
2024-09-03,0.09882357794358242,0.5876673334521663,0.054878048780487805,0.5617234110832214,-0.011266776,-0.014027544,-0.029246649,0.002760768,0.017979871,2024,False
2024-09-04,0.11714071283846823,0.5938493984845665,0.06910569105691057,0.5695035457611084,-0.011169079,-0.013811112,-0.028202612,0.0026420336,0.017033532,2024,False
2024-09-05,0.1497333291665812,0.5978858343555626,0.07520325203252033,0.5733508467674255,0.017607082,0.016972607,-0.0052905586,0.0006344747,0.02289764,2024,False
2024-09-06,0.13549639490923995,0.6172690659479995,0.06910569105691057,0.588933527469635,0.06884406,0.062916405,0.047626797,0.005927652,0.02121726,2024,True
2024-09-09,0.1622271483954195,0.5946545143487296,0.08130081300813008,0.5722488164901733,0.07581683,0.07508542,0.05777867,0.00073141605,0.018038161,2024,False
2024-09-10,0.09282778365085738,0.5754098123788055,0.07520325203252033,0.5526846647262573,0.12496906,0.11911681,0.11718944,0.005852245,0.0077796206,2024,False
2024-09-11,-0.05538534980597546,0.4737380160067659,0.034552845528455285,0.4504851698875427,0.19917963,0.20547415,0.23111792,-0.0062945187,-0.031938285,2024,False
2024-09-12,-0.21315112819330984,0.4478437966760978,0.024390243902439025,0.41707026958465576,0.32982042,0.32832596,0.44101438,0.0014944673,-0.111193955,2024,False
2024-09-13,-0.2612520530152462,0.42844909815045096,0.02032520325203252,0.3984684646129608,0.26904073,0.2683592,0.4343339,0.0006815195,-0.16529316,2024,True
2024-09-18,-0.2722655799109731,0.39520243853243586,0.014227642276422764,0.36770176887512207,0.20628847,0.21567793,0.34397328,-0.00938946,-0.1376848,2024,False
2024-09-19,-0.23675084374035743,0.4045458410145864,0.016260162601626018,0.3908638656139374,0.17467463,0.17953676,0.2766825,-0.0048621297,-0.102007866,2024,False
2024-09-20,-0.23760229635560234,0.4269217870578377,0.022357723577235773,0.39786288142204285,0.17425571,0.17674121,0.28120342,-0.0024854988,-0.106947705,2024,True
2024-09-23,-0.36833529945817295,0.36248481528308296,0.008130081300813009,0.3398546576499939,0.14570874,0.15042321,0.31865934,-0.004714474,-0.1729506,2024,False
2024-09-24,-0.3489881507505774,0.34770443111530996,0.012195121951219513,0.3401123285293579,0.09569798,0.10349123,0.23954964,-0.007793255,-0.14385167,2024,False
2024-09-25,-0.4042288952321713,0.3174701153914121,0.01016260162601626,0.3097493350505829,0.08428495,0.09571804,0.2602968,-0.011433095,-0.17601185,2024,False
2024-09-26,-0.3540198846261076,0.349886113151449,0.01016260162601626,0.33807045221328735,0.046455234,0.05655802,0.21001463,-0.010102786,-0.16355939,2024,False
2024-09-27,-0.34513366365222214,0.3549974030677129,0.006097560975609756,0.34253934025764465,-0.015074063,-0.0039267405,0.14328177,-0.011147322,-0.15835583,2024,True
2024-09-30,-0.123317099498464,0.47601477776655077,0.018292682926829267,0.4502798914909363,-0.076146625,-0.07020038,2.092548e-05,-0.0059462413,-0.07616755,2024,False
2024-10-08,0.041583716964858256,0.5500618011673634,0.06097560975609756,0.5289079546928406,0.003521554,0.0017898756,0.022178773,0.0017316784,-0.018657219,2024,False
2024-10-09,0.014813464322996142,0.5679016992835961,0.06707317073170732,0.5447651743888855,0.024434093,0.012376575,0.056415793,0.012057519,-0.0319817,2024,False
2024-10-10,-0.1145103326830794,0.52513022729289,0.06313645621181263,0.495668888092041,0.07455598,0.060434975,0.137439,0.014121003,-0.06288302,2024,False
2024-10-11,0.09505945193270313,0.6068855285727853,0.09164969450101833,0.570604145526886,0.11328815,0.09770358,0.13070925,0.015584566,-0.017421097,2024,True
2024-10-14,0.12183698277137951,0.6127052933324507,0.07942973523421588,0.5749514102935791,0.09911143,0.084320314,0.111389644,0.014791116,-0.012278214,2024,False
2024-10-15,0.047345192054615556,0.5800121699449438,0.07128309572301425,0.5451886057853699,0.09117293,0.07921056,0.12859514,0.011962377,-0.03742221,2024,False
2024-10-16,0.06866581968785172,0.5795601075698318,0.07128309572301425,0.5533345937728882,0.098626114,0.089488596,0.14753924,0.009137519,-0.04891313,2024,False
2024-10-17,0.1484942986230757,0.5914257364688371,0.08961303462321792,0.5681050419807434,0.082263306,0.0746976,0.089983396,0.007565707,-0.0077200904,2024,False
2024-10-18,0.2656546031160473,0.6143882325615792,0.1120162932790224,0.5941049456596375,0.061034247,0.05866772,0.008933105,0.002366528,0.052101143,2024,True
2024-10-21,0.19295921163874327,0.5927491255368987,0.10569105691056911,0.5701741576194763,0.07067877,0.06456667,0.04499143,0.0061120987,0.02568734,2024,False
2024-10-22,0.13050471707055253,0.573516560006673,0.08130081300813008,0.5513768196105957,0.072819576,0.06794757,0.07319946,0.004872009,-0.00037988275,2024,False
2024-10-23,0.12002211815709637,0.5769247550198475,0.07723577235772358,0.5573898553848267,0.08825069,0.07953127,0.09345582,0.008719422,-0.005205132,2024,False
2024-10-24,0.03551512155820097,0.538786541269256,0.05894308943089431,0.5149036049842834,0.07841583,0.075797476,0.09731556,0.0026183575,-0.018899724,2024,False
2024-10-25,-0.04625258742458147,0.5222890699104582,0.034623217922606926,0.49546879529953003,0.05765139,0.055684175,0.07126779,0.001967214,-0.013616402,2024,True
2024-10-28,0.016764517739561457,0.5411832103100697,0.03665987780040733,0.512535572052002,0.071607016,0.06896074,0.058322307,0.0026462749,0.013284709,2024,False
2024-10-29,0.07378106661106157,0.5604066639414818,0.054989816700611,0.5268093347549438,0.07650737,0.07881136,0.054794848,-0.0023039952,0.02171252,2024,False
2024-10-30,0.0788735854775137,0.5535335305012323,0.04480651731160896,0.5207192897796631,0.05530046,0.058692895,0.011466656,-0.0033924356,0.043833803,2024,False
2024-10-31,0.05962666188819907,0.5630186243085117,0.054989816700611,0.5326945185661316,0.054205034,0.04892264,0.0154713215,0.0052823946,0.038733713,2024,False
2024-11-01,0.24334478787431776,0.6468311587303148,0.06109979633401222,0.6130335927009583,0.040254682,0.034474067,-0.01263802,0.005780615,0.052892704,2024,True
2024-11-04,0.34319979119807864,0.6847892653536526,0.07739307535641547,0.6532038450241089,0.018647421,0.011414487,-0.057733823,0.0072329342,0.076381244,2024,False
2024-11-05,0.34434770485845845,0.7018179293444026,0.0975609756097561,0.6689009070396423,0.0359631,0.021080665,-0.052297253,0.014882434,0.08826035,2024,False
2024-11-06,0.2519504084938076,0.669131355458363,0.09959349593495935,0.6335005164146423,0.02713539,0.018825235,-0.037652113,0.008310156,0.06478751,2024,False
2024-11-07,0.37575384079158086,0.7086014161639881,0.11788617886178862,0.6758242845535278,0.007951412,-0.00090794894,-0.08426028,0.0088593615,0.09221169,2024,False
2024-11-08,0.49537208840105423,0.7448904772039964,0.12601626016260162,0.7127354741096497,-0.00646713,-0.01136453,-0.121715695,0.0048974,0.11524856,2024,True
2024-11-11,0.49864699135811136,0.749387289077888,0.11788617886178862,0.7200168967247009,-0.008123421,-0.011681936,-0.11797609,0.0035585146,0.10985267,2024,False
2024-11-12,0.47375822389170175,0.7138359972870848,0.11991869918699187,0.6899980902671814,-0.015281957,-0.019682432,-0.109589085,0.004400475,0.094307125,2024,False
2024-11-13,0.4414668320239473,0.7461722784452421,0.12195121951219512,0.7114602327346802,0.02394558,0.017425902,-0.06852831,0.006519677,0.09247389,2024,False
2024-11-14,0.39430401510912605,0.7212928746225944,0.11788617886178862,0.6919916272163391,0.04030397,0.036222056,-0.034745023,0.004081916,0.075049,2024,False
2024-11-15,0.10064426971491838,0.631549487370207,0.07520325203252033,0.6035416722297668,0.073490314,0.06688712,0.050990693,0.0066031963,0.02249962,2024,True
2024-11-18,0.16733972935567662,0.6561487520414984,0.08130081300813008,0.6339892745018005,0.09038864,0.08383752,0.062781274,0.006551124,0.027607366,2024,False
2024-11-19,0.23097491284289906,0.6560414119287746,0.1016260162601626,0.6361399292945862,0.055484243,0.050499476,0.011063223,0.0049847662,0.04442102,2024,False
2024-11-20,0.22327913994065376,0.6422323487390561,0.07926829268292683,0.6213805675506592,0.039763793,0.04097636,0.0026822493,-0.0012125671,0.037081543,2024,False
2024-11-21,0.23048480537273006,0.6368780218406551,0.07723577235772358,0.6121880412101746,0.059249964,0.060584415,0.025291264,-0.0013344511,0.0339587,2024,False
2024-11-22,0.17374432988778407,0.5905294681442913,0.08130081300813008,0.5697502493858337,0.080417074,0.08331837,0.056361612,-0.0029012933,0.024055462,2024,True
2024-11-25,0.0737717300756013,0.57337067862353,0.06504065040650407,0.5469833016395569,0.084695674,0.078011274,0.08149397,0.0066844,0.0032017082,2024,False
2024-11-26,0.11451621983876259,0.5872758810489979,0.06097560975609756,0.5566892027854919,0.095775954,0.100598015,0.097978204,-0.0048220605,-0.00220225,2024,False
2024-11-27,0.11764772297586798,0.5676460953986117,0.06300813008130081,0.5409918427467346,0.07496549,0.07491471,0.07052235,5.0783157e-05,0.004443139,2024,False
2024-11-28,0.0808234708598602,0.56169539882061,0.06707317073170732,0.5371580719947815,0.064357385,0.06854521,0.07375909,-0.0041878223,-0.009401701,2024,False
2024-11-29,0.19548541276353543,0.6250483481539236,0.09330628803245436,0.5999125838279724,0.046359915,0.04332284,0.021372572,0.0030370764,0.024987344,2024,True
2024-12-02,0.16902851234481936,0.5522506692652424,0.07910750507099391,0.5304996371269226,0.00021559471,0.007724518,-0.022028305,-0.0075089233,0.0222439,2024,False
2024-12-03,0.18472794002884835,0.5326807829138006,0.08316430020283976,0.5167062282562256,-0.004626742,0.0027810489,-0.031564232,-0.007407791,0.02693749,2024,False
2024-12-04,0.13048287967020675,0.48207397662885076,0.08113590263691683,0.47971951961517334,-0.014681538,-0.0061373515,-0.035235867,-0.008544186,0.02055433,2024,False
2024-12-05,0.06914992245009571,0.5024938075130564,0.07505070993914807,0.49613338708877563,-0.009242897,-0.010817106,-0.027168768,0.001574209,0.01792587,2024,False
2024-12-06,0.05616030108805367,0.43997565309987946,0.05070993914807302,0.4371359348297119,-0.050379336,-0.040024303,-0.060182907,-0.010355033,0.009803571,2024,True
2024-12-09,0.16021056552735216,0.44650283309550615,0.056795131845841784,0.45052385330200195,-0.07484655,-0.056689944,-0.11221716,-0.018156607,0.037370607,2024,False
2024-12-10,0.1360726854528495,0.4497759914785356,0.04056795131845842,0.4515061378479004,-0.08584593,-0.06535313,-0.118063696,-0.0204928,0.032217763,2024,False
2024-12-11,0.0986480216089759,0.4402872472869194,0.036511156186612576,0.4377565085887909,-0.08812333,-0.06728848,-0.11074162,-0.020834848,0.022618294,2024,False
2024-12-12,0.13344306298523018,0.44836122528514133,0.04259634888438134,0.44565969705581665,-0.06822232,-0.04780324,-0.109827556,-0.02041908,0.041605234,2024,False
2024-12-13,0.07855401607436367,0.41651875738031363,0.03861788617886179,0.4199479818344116,-0.07658022,-0.05667205,-0.12092241,-0.019908167,0.04434219,2024,True
2024-12-16,0.11214953724169377,0.4434299560604821,0.0486815415821501,0.440014511346817,-0.056241527,-0.039888322,-0.089543186,-0.016353205,0.03330166,2024,False
2024-12-17,0.13977374011566454,0.504150437139702,0.06910569105691057,0.49216169118881226,-0.056686435,-0.05119724,-0.09501622,-0.0054891966,0.038329784,2024,False
2024-12-18,0.1818538389150333,0.5053553887353618,0.058823529411764705,0.4929448664188385,-0.08003453,-0.07313965,-0.1350727,-0.006894879,0.05503816,2024,False
2024-12-19,0.2260182819689185,0.49015079863493083,0.060851926977687626,0.4826612174510956,-0.11813702,-0.10595428,-0.18305947,-0.012182735,0.06492245,2024,False
2024-12-20,0.33558189473260475,0.5858698458319858,0.0872210953346856,0.5711038112640381,-0.07049392,-0.06732187,-0.1464188,-0.003172055,0.07592487,2024,True
2024-12-23,0.23906444635928875,0.6299151040208778,0.0872210953346856,0.6018784046173096,-0.0547899,-0.060857736,-0.10166666,0.006067835,0.04687676,2024,False
2024-12-24,0.25904994396631825,0.6873299960803558,0.1075050709939148,0.6528805494308472,-0.022307314,-0.030862158,-0.07077328,0.008554844,0.048465967,2024,False
2024-12-25,0.22771826494499292,0.6396276395564569,0.10344827586206896,0.6156229972839355,-0.047437616,-0.055744838,-0.09551354,0.008307222,0.04807592,2024,False
2024-12-26,0.24433191840342086,0.6155811309270841,0.09330628803245436,0.5954127907752991,-0.08213084,-0.091399916,-0.1330555,0.009269074,0.05092465,2024,False
2024-12-27,0.22604102439314783,0.692898518319034,0.1075050709939148,0.6502498388290405,-0.031635806,-0.049152847,-0.07185166,0.017517041,0.040215857,2024,True
2024-12-30,0.1380197143577513,0.6791256703143753,0.09330628803245436,0.6405816674232483,-0.008152444,-0.031597275,-0.031217285,0.023444831,0.02306484,2024,False
2024-12-31,0.06449225308662308,0.6089679534481168,0.07302231237322515,0.5765061378479004,0.0053192033,-0.006406542,-0.006779107,0.011725745,0.0120983105,2024,False
2025-01-02,0.06590488770826192,0.6216741004914305,0.05070993914807302,0.5837767124176025,0.033649303,0.027053177,0.016409798,0.0065961257,0.017239505,2025,False
2025-01-03,0.19385680590834375,0.6839673209416498,0.09533468559837728,0.6467932462692261,0.08626435,0.078008324,0.053830996,0.008256026,0.032433353,2025,True
2025-01-06,0.09305750252206889,0.6232219258635592,0.06896551724137931,0.5931668877601624,0.05782672,0.0549713,0.052283477,0.00285542,0.005543243,2025,False
2025-01-07,0.06356627382147768,0.577616436054459,0.060851926977687626,0.5464141964912415,0.03994223,0.040553708,0.039802436,-0.0006114766,0.00013979524,2025,False
2025-01-08,0.07317328612048515,0.5972055515434866,0.07302231237322515,0.5588333606719971,0.039787192,0.035642367,0.03181218,0.004144825,0.007975012,2025,False
2025-01-09,0.08430386299911605,0.5881379808660783,0.08113590263691683,0.5494988560676575,0.041485745,0.039490316,0.0360587,0.0019954294,0.005427044,2025,False
2025-01-10,0.12748730089606658,0.6359665972606685,0.10547667342799188,0.5936046838760376,0.08140286,0.07480698,0.07126676,0.00659588,0.010136098,2025,True
2025-01-13,0.13783082939024016,0.6220761448446567,0.0973630831643002,0.5880577564239502,0.03809587,0.029625574,0.014209969,0.008470295,0.0238859,2025,False
2025-01-14,0.06661769051135844,0.6002270886569205,0.06490872210953347,0.5584898591041565,0.031865302,0.022015717,0.023320694,0.009849586,0.008544609,2025,False
2025-01-15,0.01977263125146175,0.5596790626978416,0.058823529411764705,0.5261768102645874,0.040602565,0.03458221,0.04662663,0.006020356,-0.0060240664,2025,False
2025-01-16,0.025862929192016212,0.5822136400186846,0.04665314401622718,0.5451401472091675,0.055812523,0.05030251,0.06240398,0.0055100136,-0.006591458,2025,False
2025-01-17,0.01916921768820235,0.5915634095556304,0.04462474645030426,0.5516961812973022,0.048337176,0.038328893,0.0568023,0.010008283,-0.008465122,2025,True
2025-01-20,-0.05225039662226517,0.5312819604612025,0.036511156186612576,0.5017339587211609,0.047895614,0.043325745,0.05981643,0.0045698695,-0.011920817,2025,False
2025-01-21,0.002024468575641266,0.5429655989963817,0.032388663967611336,0.5072557926177979,0.057527017,0.055528723,0.06273891,0.0019982941,-0.0052118935,2025,False
2025-01-22,-0.008440762672033347,0.5057571255153852,0.03643724696356275,0.47362416982650757,0.035770442,0.038757823,0.039516248,-0.002987381,-0.0037458055,2025,False
2025-01-23,-0.03407014422959042,0.5038998552522237,0.04048582995951417,0.477272629737854,0.05486866,0.058600232,0.07040881,-0.0037315711,-0.015540153,2025,False
2025-01-24,-0.13269348505824352,0.4722585982520507,0.04048582995951417,0.45015737414360046,0.039205093,0.039703213,0.0751547,-0.00049811974,-0.035949606,2025,True
2025-01-27,-0.08944778200032476,0.511679948849256,0.05668016194331984,0.47629374265670776,0.048779353,0.04828198,0.09667644,0.0004973747,-0.047897086,2025,False
2025-02-05,-0.11897973114210715,0.48974859474439536,0.05465587044534413,0.4659273028373718,0.046029445,0.044731498,0.099936545,0.001297947,-0.0539071,2025,False
2025-02-06,-0.2076176502047306,0.42199280770052033,0.032388663967611336,0.41067689657211304,0.016150597,0.02562797,0.09279942,-0.009477373,-0.07664882,2025,False
2025-02-07,-0.21226904080557574,0.4021228098550608,0.020242914979757085,0.3890019953250885,0.009220985,0.020818725,0.087063074,-0.01159774,-0.07784209,2025,True
2025-02-10,-0.16884264204391145,0.43935802153261727,0.032388663967611336,0.4240442216396332,0.012097193,0.018228697,0.067279376,-0.0061315037,-0.05518218,2025,False
2025-02-11,-0.09771382758838068,0.5011807760530685,0.038461538461538464,0.47956520318984985,0.025585473,0.0232866,0.075963,0.002298873,-0.050377525,2025,False
2025-02-12,-0.12133168695210134,0.4673723359221766,0.024291497975708502,0.44492071866989136,0.016113497,0.020807762,0.06248495,-0.0046942644,-0.046371453,2025,False
2025-02-13,0.029824321823186815,0.5588019930408427,0.048582995951417005,0.5299685001373291,0.022363512,0.018493881,0.031201113,0.0038696304,-0.008837601,2025,False
2025-02-14,0.13924405032699091,0.5618816061076243,0.06477732793522267,0.5401262640953064,0.011842283,0.011227893,-0.018069828,0.0006143907,0.02991211,2025,True
2025-02-17,0.13602454843144957,0.5699998898065815,0.05465587044534413,0.554548978805542,0.021960402,0.018925438,0.0019999228,0.0030349642,0.01996048,2025,False
2025-02-18,0.08875929014180453,0.5291057788033638,0.04251012145748988,0.5135473608970642,0.016166572,0.016134026,0.006843653,3.2546e-05,0.009322919,2025,False
2025-02-19,0.04531409909961213,0.5253850065762571,0.06680161943319839,0.5175922513008118,0.024216142,0.020167414,0.025641903,0.0040487275,-0.0014257617,2025,False
2025-02-20,0.14265921779715324,0.566856256347102,0.0728744939271255,0.5500590205192566,0.026564404,0.021963494,0.007589394,0.0046009105,0.01897501,2025,False
2025-02-21,0.17735190712317117,0.5737432167112876,0.07894736842105263,0.555046558380127,0.02330209,0.014763525,-0.004902039,0.008538565,0.028204128,2025,True
2025-02-24,0.21784048078948914,0.5840526141936921,0.0728744939271255,0.5624678730964661,0.022567343,0.01631675,-0.008931114,0.006250594,0.03149846,2025,False
2025-02-25,0.19238382618070643,0.5806531000156407,0.058704453441295545,0.5590040683746338,0.025020653,0.023730882,-0.0012947874,0.0012897719,0.026315441,2025,False
2025-02-26,0.27684448001089024,0.620952836275488,0.07489878542510121,0.5932161808013916,0.018445026,0.013327505,-0.026028348,0.0051175207,0.044473372,2025,False
2025-02-27,0.19058860628314536,0.6051497711274242,0.058704453441295545,0.5820057392120361,0.03725444,0.03879397,0.0120647885,-0.0015395284,0.025189653,2025,False
2025-02-28,0.1183782399480202,0.5911871022691135,0.04056795131845842,0.5660871863365173,0.056039944,0.054329917,0.05079651,0.0017100275,0.0052434355,2025,True
2025-03-03,0.11866118295629847,0.6050258606823113,0.05263157894736842,0.5759435296058655,0.05977295,0.053853698,0.054229338,0.0059192516,0.005543612,2025,False
2025-03-04,0.2589652202031739,0.660608887527838,0.0872210953346856,0.6257244944572449,0.0651641,0.060368046,0.029349927,0.0047960505,0.03581417,2025,False
2025-03-05,0.3418531854930295,0.6744666106891997,0.11561866125760649,0.6437925696372986,0.0530049,0.048248462,-0.010187248,0.0047564395,0.06319215,2025,False
2025-03-06,0.4431694179547464,0.717095261555486,0.15587044534412955,0.6831517815589905,0.050505582,0.041359417,-0.046661932,0.009146165,0.097167514,2025,False
2025-03-07,0.37449140234292977,0.6304592260977665,0.12170385395537525,0.6130789518356323,0.017410306,0.012753571,-0.069581285,0.004656735,0.08699159,2025,True
2025-03-10,0.38410911259809133,0.6067568837703669,0.13157894736842105,0.5948923826217651,0.013593081,0.01959374,-0.07404126,-0.0060006585,0.08763434,2025,False
2025-03-11,0.5171651044786745,0.7096830242968416,0.15384615384615385,0.6844627261161804,0.02687246,0.024884025,-0.0960286,0.0019884352,0.12290107,2025,False
2025-03-12,0.4630428068900508,0.6749365588979008,0.13765182186234817,0.6522610783576965,0.02580681,0.028611751,-0.07217532,-0.0028049406,0.09798212,2025,False
2025-03-13,0.3658006898392346,0.6088568071382064,0.09716599190283401,0.5904287695884705,-0.0059769377,0.002860916,-0.080859356,-0.008837854,0.07488242,2025,False
2025-03-14,0.39003880456265305,0.6204563461700251,0.07099391480730223,0.5983887910842896,-0.037926447,-0.03313696,-0.12037126,-0.0047894865,0.08244482,2025,True
2025-03-17,0.4004088968993992,0.6198822586079852,0.07489878542510121,0.6001684665679932,-0.025028422,-0.01563967,-0.10970469,-0.009388752,0.084676266,2025,False
2025-03-18,0.3886514368007478,0.6223179851058344,0.07489878542510121,0.6037362813949585,-0.02058783,-0.013853948,-0.104621425,-0.0067338822,0.08403359,2025,False
2025-03-19,0.3927007086085457,0.6231922314870496,0.0931174089068826,0.6035221815109253,-0.027053865,-0.015852965,-0.11573514,-0.011200899,0.08868128,2025,False
2025-03-20,0.4321141562095563,0.649209115355665,0.10344827586206896,0.6286793947219849,-0.09305637,-0.08973204,-0.20854151,-0.0033243299,0.11548514,2025,False
2025-03-21,0.36719711545277206,0.6412232471123543,0.09533468559837728,0.6144750714302063,-0.097492896,-0.09925851,-0.20766985,0.0017656162,0.11017696,2025,True
2025-03-24,0.22688702168440628,0.6165490325802132,0.09109311740890688,0.5866541862487793,-0.10562527,-0.11314958,-0.19558805,0.0075243115,0.08996278,2025,False
2025-03-25,0.20242776120964673,0.6184812275029332,0.09109311740890688,0.5898557305335999,-0.06025878,-0.07103629,-0.12235401,0.010777507,0.06209523,2025,False
2025-03-26,0.21314738711040604,0.6234608921986,0.09533468559837728,0.5914520621299744,-0.05432366,-0.06286163,-0.112936676,0.0085379705,0.058613017,2025,False
2025-03-27,0.1527203058208507,0.6296044384581129,0.0872210953346856,0.5954534411430359,-0.03691622,-0.040395,-0.07053615,0.0034787804,0.033619933,2025,False
2025-03-28,0.1560352187148712,0.6536783371033146,0.10953346855983773,0.6191584467887878,-0.011838487,-0.021736288,-0.043079853,0.009897801,0.031241365,2025,True
2025-03-31,0.14473045726479364,0.6025227548885973,0.10728744939271255,0.575899600982666,-0.043211464,-0.05313429,-0.07934902,0.009922825,0.036137555,2025,False
2025-04-01,0.09357021318820821,0.6203952813802928,0.09919028340080972,0.5888708829879761,-0.035518423,-0.047374316,-0.06221577,0.011855893,0.026697349,2025,False
2025-04-02,0.1118207476602464,0.6171055135957096,0.10121457489878542,0.5837643146514893,-0.03888649,-0.04714249,-0.066747084,0.008256,0.027860593,2025,False
2025-04-03,0.05940520975313383,0.6089567957689185,0.0951417004048583,0.5679187774658203,0.06764475,0.05926342,0.04935456,0.008381333,0.018290192,2025,False
2025-04-07,0.25240746166968303,0.6560565368759601,0.1075050709939148,0.6277258992195129,0.12038098,0.11661873,0.069818385,0.0037622526,0.050562598,2025,False
2025-04-08,0.27791350948918103,0.6655083015834876,0.11967545638945233,0.637982189655304,0.14320251,0.13768747,0.07144396,0.005515039,0.07175855,2025,False
2025-04-09,0.23184007210985194,0.6315158638637033,0.11336032388663968,0.615105152130127,0.056229416,0.04978912,-0.0007908241,0.006440297,0.05702024,2025,False
2025-04-10,0.2531590455263509,0.6363553637804139,0.11538461538461539,0.6175594925880432,0.053857185,0.047571443,-0.008238167,0.006285742,0.06209535,2025,False
2025-04-11,0.19914807657748992,0.6123308911287326,0.10547667342799188,0.5970131158828735,0.01772996,0.01243101,-0.035211492,0.0052989507,0.052941453,2025,True
2025-04-14,0.2495028983335327,0.6733716342890125,0.13441955193482688,0.6485686302185059,0.039407857,0.023141647,-0.025125314,0.01626621,0.064533174,2025,False
2025-04-15,0.26439775657392744,0.6936030434919241,0.11991869918699187,0.6546170115470886,0.060244136,0.053093374,-0.008759001,0.007150762,0.069003135,2025,False
2025-04-16,0.2766697410268351,0.6621027508346797,0.11336032388663968,0.6258583664894104,0.06535377,0.064126536,-0.0009134205,0.0012272373,0.06626719,2025,False
2025-04-17,0.31462396116025326,0.6905292565845135,0.12955465587044535,0.6578510999679565,0.097927615,0.089601986,0.023004917,0.008325629,0.074922696,2025,False
2025-04-18,0.29702726956480074,0.6975708884077044,0.13562753036437247,0.6639958620071411,0.093486845,0.081362255,0.020097563,0.012124591,0.073389284,2025,True
2025-04-21,0.20471948371121143,0.6702629170535471,0.12778904665314403,0.6320676803588867,0.07295898,0.06178816,0.005639706,0.011170823,0.067319274,2025,False
2025-04-22,0.193453150749328,0.6451291798903501,0.11764705882352941,0.6080109477043152,0.065883055,0.057159826,0.0024568236,0.008723229,0.063426234,2025,False
2025-04-23,0.24539754636815053,0.6691548777359534,0.15212981744421908,0.6341396570205688,0.086355194,0.07197673,0.017549453,0.014378466,0.06880574,2025,False
2025-04-24,0.22015143615585459,0.6519000002324196,0.1443089430894309,0.6159171462059021,0.07449418,0.06333625,0.024686983,0.01115793,0.0498072,2025,False
2025-04-25,0.2258783463379983,0.6726961683195578,0.14867617107942974,0.6379611492156982,0.08615066,0.07120965,0.036207516,0.014941014,0.049943145,2025,True
2025-04-28,0.22761600013988187,0.662475088313804,0.11270491803278689,0.6244646906852722,0.07562403,0.067196354,0.042608406,0.008427672,0.03301562,2025,False
2025-04-29,0.23768923426684768,0.6831470127224754,0.09650924024640657,0.6432689428329468,0.06547745,0.057787407,0.039044224,0.007690046,0.02643323,2025,False
2025-04-30,0.22485874368764988,0.6678381338648641,0.07818930041152264,0.6299247741699219,0.055549104,0.052108437,0.033829555,0.003440667,0.021719549,2025,False
2025-05-06,0.24881665458909136,0.6641065395488708,0.08436213991769548,0.6316825747489929,0.038378436,0.03585247,0.00782806,0.0025259666,0.030550376,2025,False
2025-05-07,0.194394320008866,0.6358022141396373,0.08847736625514403,0.6059350371360779,0.02199643,0.018124804,0.0006746016,0.0038716253,0.021321828,2025,False
2025-05-08,0.19457991873541663,0.612126309684803,0.07613168724279835,0.5842444896697998,0.015741749,0.019078767,0.004562782,-0.0033370182,0.011178967,2025,False
2025-05-09,0.22884720002314143,0.6528686369687249,0.07818930041152264,0.6220393180847168,0.011878348,0.006680945,-0.0028251554,0.005197403,0.014703503,2025,True
2025-05-12,0.24648640129502764,0.6686712281584285,0.08847736625514403,0.6326795816421509,0.012580008,0.0039828666,-0.0148763675,0.008597141,0.027456377,2025,False
2025-05-13,0.30335012902178937,0.700281864745966,0.08847736625514403,0.6608778834342957,0.023559598,0.017769935,-0.010666855,0.0057896636,0.034226455,2025,False
2025-05-14,0.2796834682838269,0.6897310738234304,0.09053497942386832,0.6520923376083374,0.034027584,0.025783967,0.0034686287,0.008243617,0.030558955,2025,False
2025-05-15,0.23079005056808294,0.6395461718999832,0.09053497942386832,0.6065974235534668,0.022014685,0.018563867,-0.006626827,0.0034508184,0.028641513,2025,False
2025-05-16,0.17019774659734982,0.617022563566224,0.08436213991769548,0.5863163471221924,0.017140118,0.012202804,-0.0006340924,0.0049373144,0.017774211,2025,True
2025-05-19,0.1850666625051725,0.6133002122585136,0.08024691358024691,0.5842963457107544,0.013712539,0.012204163,-0.0074824216,0.0015083766,0.02119496,2025,False
2025-05-20,0.17197258200618923,0.6067242208928098,0.06790123456790123,0.577533483505249,0.015755711,0.013626776,-0.0010272758,0.0021289354,0.016782988,2025,False
2025-05-21,0.2173796954265431,0.6388686184152497,0.08024691358024691,0.606200098991394,0.027516624,0.027247544,0.0067156795,0.00026907958,0.020800944,2025,False
2025-05-22,0.21368924594820154,0.667436745877777,0.07407407407407407,0.6333028674125671,0.05041974,0.046773307,0.032424074,0.0036464334,0.017995667,2025,False
2025-05-23,0.1894678798840171,0.64678045627039,0.06790123456790123,0.6123735308647156,0.04847481,0.04390208,0.03579081,0.0045727305,0.0126840025,2025,True
2025-05-26,0.2061967664087501,0.6415106710078228,0.06172839506172839,0.6122130155563354,0.051866814,0.044957425,0.022215389,0.006909389,0.029651426,2025,False
2025-05-27,0.18116001776817967,0.6293599445379161,0.07407407407407407,0.6035505533218384,0.047965564,0.041701872,0.02033348,0.006263692,0.027632084,2025,False
2025-05-28,0.17337469082663398,0.607086082491925,0.08418891170431211,0.5855090022087097,0.026475893,0.024091376,0.0022199897,0.0023845173,0.024255903,2025,False
2025-05-29,0.146026452738168,0.6304763410998466,0.08213552361396304,0.6025466918945312,0.034487363,0.02470703,0.0146896085,0.009780332,0.019797754,2025,False
2025-05-30,0.16396403157585063,0.6276384220781792,0.09650924024640657,0.6047031283378601,0.035547487,0.023600724,0.014439271,0.011946764,0.021108218,2025,True
2025-06-03,0.13794561599219596,0.5896527006353421,0.08008213552361396,0.5686250329017639,0.015238386,0.009001325,0.0024677638,0.0062370608,0.012770622,2025,False
2025-06-04,0.11996253927581355,0.5680587873658842,0.08624229979466119,0.5491032600402832,0.0022203724,9.572237e-05,-0.014741153,0.0021246502,0.016961526,2025,False
2025-06-05,0.16407450652568087,0.5546362807664518,0.10472279260780287,0.5394328832626343,-0.009195404,-0.00671705,-0.031323962,-0.0024783541,0.022128558,2025,False
2025-06-06,0.1566407490183395,0.579104676193032,0.10882956878850103,0.556402862071991,-0.011085662,-0.014852914,-0.03832238,0.003767252,0.027236719,2025,True
2025-06-09,0.16935045042207822,0.581760593772897,0.08213552361396304,0.5559470653533936,0.009411087,0.012778753,-0.021133728,-0.0033676662,0.030544816,2025,False
2025-06-10,0.1472018629821377,0.5769392545186512,0.07597535934291581,0.5522547364234924,0.013724043,0.009961171,-0.018162651,0.003762872,0.031886693,2025,False
2025-06-11,0.14931767040911273,0.5618569114190456,0.07991803278688525,0.537002682685852,0.018148575,0.020285314,-0.019825166,-0.002136739,0.03797374,2025,False
2025-06-12,0.1284705337835459,0.557720506314008,0.057494866529774126,0.5294060111045837,0.03003636,0.03175242,-0.0014145335,-0.0017160587,0.031450894,2025,False
2025-06-13,0.10058085403052826,0.5528255429059714,0.061601642710472276,0.5255619883537292,0.03588992,0.03240808,0.011080613,0.0034818389,0.024809306,2025,True
2025-06-16,0.10785229229180783,0.5917388250941372,0.07172131147540983,0.5577248930931091,0.044593304,0.036023404,0.017986985,0.0085699,0.02660632,2025,False
2025-06-17,0.22264350830731067,0.6745951022063384,0.10860655737704918,0.6331250667572021,0.05852356,0.04548698,0.017730234,0.013036583,0.04079333,2025,False
2025-06-18,0.26472110118095105,0.7281493533673687,0.13319672131147542,0.6808637976646423,0.07828065,0.061696492,0.03556898,0.016584158,0.04271167,2025,False
2025-06-19,0.19608105718153648,0.7080807237752061,0.13319672131147542,0.6659483313560486,0.08522307,0.0682754,0.06274589,0.016947672,0.02247718,2025,False
2025-06-20,0.2201144297216914,0.7121490666990471,0.13114754098360656,0.6697525382041931,0.08092119,0.06565155,0.05271951,0.015269637,0.028201677,2025,True
2025-06-23,0.19986788271167194,0.679220589254912,0.10061601642710473,0.6427322626113892,0.0624628,0.052821588,0.04800839,0.0096412115,0.0144544095,2025,False
2025-06-24,0.24199382932180588,0.6873246979820143,0.11065573770491803,0.6492167115211487,0.06019884,0.052600294,0.041515615,0.0075985454,0.018683225,2025,False
2025-06-25,0.32550604192233057,0.7180210902078571,0.12295081967213115,0.6801403760910034,0.061364155,0.04806948,0.018308084,0.013294674,0.04305607,2025,False
2025-06-26,0.2735421695925873,0.6698719942570049,0.11065573770491803,0.6353666186332703,0.053910345,0.04420556,0.021462362,0.009704784,0.032447983,2025,False
2025-06-27,0.35909980885543785,0.6918678933317439,0.11065573770491803,0.6557748317718506,0.054061275,0.047585726,0.0055488707,0.006475549,0.048512403,2025,True
2025-06-30,0.27326541201464427,0.6361330475327511,0.09631147540983606,0.6079275608062744,0.035924796,0.032795943,-0.0055978294,0.0031288527,0.041522626,2025,False
2025-07-01,0.18677457366252964,0.6083029147124825,0.07991803278688525,0.5811169743537903,0.03654459,0.03128855,0.004387719,0.005256042,0.032156873,2025,False
2025-07-02,0.12596457817472492,0.5792230159974426,0.06748466257668712,0.55555260181427,0.032293066,0.029916082,0.015262848,0.0023769848,0.017030219,2025,False
2025-07-03,0.10613477902213013,0.5725706330886533,0.07566462167689161,0.5443967580795288,0.037245985,0.035044663,0.021404773,0.0022013225,0.015841212,2025,False
2025-07-04,0.1249299420457429,0.5824535592191262,0.07157464212678936,0.5535345077514648,0.050584458,0.049155246,0.028841808,0.0014292113,0.02174265,2025,True
2025-07-07,0.15725047521173657,0.5762440395477176,0.0860655737704918,0.5496849417686462,0.04582489,0.043805044,0.020205665,0.002019845,0.025619224,2025,False
2025-07-08,0.18120128622191628,0.5766213734887513,0.08997955010224949,0.549808144569397,0.042632442,0.04072816,0.0015036552,0.0019042827,0.04112879,2025,False
2025-07-09,0.1271508651579061,0.5611042550567676,0.081799591002045,0.5354711413383484,0.04557551,0.044565056,0.011842314,0.0010104552,0.033733197,2025,False
2025-07-10,0.1602532220539817,0.5870259035816049,0.09406952965235174,0.5639997124671936,0.05370025,0.046246465,0.011702819,0.0074537843,0.041997433,2025,False
2025-07-11,0.06800327928017817,0.5656337559205109,0.081799591002045,0.5469721555709839,0.04671628,0.039408255,0.028107263,0.007308025,0.018609017,2025,True
2025-07-14,0.062204920395410035,0.597562954275862,0.08588957055214724,0.5693196058273315,0.056616947,0.04222671,0.041967414,0.014390238,0.014649533,2025,False
2025-07-15,0.054723829177207244,0.5537698720928749,0.06326530612244897,0.5308361649513245,0.046474263,0.037014432,0.03871705,0.009459831,0.007757213,2025,False
2025-07-16,0.05683305614578941,0.5636792087135352,0.0673469387755102,0.530263364315033,0.036032725,0.025522036,0.025341244,0.010510689,0.010691481,2025,False
2025-07-17,0.13017884286003933,0.6097651123457843,0.07551020408163266,0.5782091021537781,0.036246523,0.024781588,0.012848611,0.011464935,0.023397911,2025,False
2025-07-18,0.0700670457136503,0.5945437505401735,0.08571428571428572,0.5599787831306458,0.025908675,0.014510874,0.013247926,0.011397801,0.012660749,2025,True
2025-07-21,0.04743988219576881,0.5907297692148973,0.061224489795918366,0.5619261264801025,0.030430248,0.021607945,0.023887262,0.008822303,0.0065429863,2025,False
2025-07-22,0.044291948579643914,0.5932051380161038,0.06326530612244897,0.562508225440979,0.03870189,0.02923164,0.04217555,0.009470249,-0.0034736618,2025,False
2025-07-23,0.0591534789769894,0.5869777669774786,0.06938775510204082,0.5593412518501282,0.03743496,0.0324539,0.0408266,0.0049810633,-0.0033916384,2025,False
2025-07-24,0.036714797431801366,0.5848866799285263,0.06326530612244897,0.558694064617157,0.029478226,0.01881429,0.041021682,0.010663936,-0.011543456,2025,False
2025-07-25,0.09236780788271631,0.6262168131472269,0.06517311608961303,0.5939003229141235,0.04133428,0.03402222,0.046374742,0.0073120594,-0.005040463,2025,True
2025-07-28,0.13688961832890126,0.6239344513928883,0.07739307535641547,0.5973501801490784,0.04717604,0.042240333,0.04019682,0.004935708,0.0069792196,2025,False
2025-07-29,0.07765405481122878,0.6065955401617782,0.07113821138211382,0.5806869864463806,0.04941572,0.041954633,0.051836498,0.007461086,-0.0024207793,2025,False
2025-07-30,0.04589260353657137,0.5660489693732874,0.07331975560081466,0.5438839197158813,0.04245215,0.03708107,0.05282845,0.005371079,-0.010376301,2025,False
2025-07-31,-0.060637750036828274,0.481197216757729,0.059063136456211814,0.46350520849227905,0.034041177,0.03607652,0.0688,-0.0020353422,-0.034758825,2025,False
2025-08-01,-0.13508662718300743,0.40237629053235374,0.04480651731160896,0.40051770210266113,0.0369563,0.04688566,0.102116,-0.009929363,-0.06515971,2025,True
2025-08-04,-0.1431510640222594,0.40220921708694696,0.04276985743380855,0.39855635166168213,0.027549282,0.037558567,0.09615332,-0.010009285,-0.06860404,2025,False
2025-08-05,-0.05922980663926939,0.43760580275912686,0.054989816700611,0.43261638283729553,0.029072775,0.03910108,0.073902145,-0.0100283045,-0.04482937,2025,False
2025-08-06,-0.061491035483698386,0.4420116572644059,0.048879837067209775,0.43227848410606384,0.034269508,0.04310067,0.0685073,-0.008831162,-0.03423779,2025,False
2025-08-07,-0.14090488885780095,0.3903133513509333,0.032586558044806514,0.38461217284202576,0.025986435,0.03574032,0.07451124,-0.009753885,-0.048524804,2025,False
2025-08-08,-0.2187856538692104,0.321910550310114,0.026422764227642278,0.3238121569156647,0.01531027,0.031137146,0.08259754,-0.015826877,-0.067287266,2025,True
2025-08-11,-0.18629067546707703,0.3368288698901315,0.026422764227642278,0.336822509765625,0.02140541,0.035034996,0.07871941,-0.0136295855,-0.057313997,2025,False
2025-08-12,-0.14431463490810054,0.34638319702442116,0.03048780487804878,0.34654098749160767,0.012016029,0.02810662,0.059008945,-0.01609059,-0.046992917,2025,False
2025-08-13,-0.0989266771108287,0.37338943175437644,0.02032520325203252,0.37267613410949707,-0.0070029204,0.011937293,0.03386306,-0.018940214,-0.04086598,2025,False
2025-08-14,-0.09768528070445175,0.378124340051129,0.02032520325203252,0.3766852021217346,-0.0007197597,0.016980965,0.044396285,-0.017700724,-0.045116045,2025,False
2025-08-15,-0.035386815346072735,0.4404901579021441,0.036585365853658534,0.43163901567459106,-0.00032039144,0.011400395,0.016148096,-0.011720787,-0.016468488,2025,True
2025-08-18,0.031977522473066324,0.45493708161774904,0.028455284552845527,0.44451966881752014,-0.017949646,-0.0051403004,-0.016003396,-0.0128093455,-0.00194625,2025,False
2025-08-19,-0.02333712613500173,0.42868686299314585,0.024390243902439025,0.41878870129585266,-0.034948513,-0.022680603,-0.012733234,-0.01226791,-0.022215279,2025,False
2025-08-20,0.07107397310573525,0.4980328930915789,0.03861788617886179,0.4829716682434082,-0.042371828,-0.03243306,-0.03823893,-0.009938769,-0.0041328967,2025,False
2025-08-21,0.11410399609172651,0.5214354554970825,0.054878048780487805,0.5061080455780029,-0.031183913,-0.023241187,-0.04222283,-0.007942727,0.011038918,2025,False
2025-08-22,0.14165616849932328,0.5566169057975014,0.056910569105691054,0.5364035964012146,-0.015650023,-0.014198954,-0.04382979,-0.0014510686,0.028179768,2025,True
2025-08-25,0.1616954217404229,0.57068689245609,0.05070993914807302,0.5468235015869141,-0.022123732,-0.019340813,-0.049643844,-0.0027829185,0.027520113,2025,False
2025-08-26,0.1881948176706788,0.6246555515660727,0.056795131845841784,0.5945481657981873,-0.008430733,-0.014067008,-0.04723645,0.005636275,0.038805716,2025,False
2025-08-27,0.20577522154671468,0.6644223242309711,0.060851926977687626,0.629009485244751,0.024886746,0.015398103,-0.016786883,0.009488643,0.04167363,2025,False
2025-08-28,0.2201627692159155,0.6836999324658481,0.07099391480730223,0.6419273614883423,0.029040646,0.023048649,-0.010594568,0.005991997,0.039635215,2025,False
2025-08-29,0.21360857069613773,0.6618048647053245,0.06707317073170732,0.6248599886894226,0.020103099,0.01110347,-0.019176584,0.008999629,0.039279684,2025,True
2025-09-01,0.1836404110348443,0.6799428059585751,0.07926829268292683,0.6415109634399414,0.038306702,0.022914408,0.008600904,0.015392294,0.029705798,2025,False
2025-09-02,0.10487690021824315,0.6532819026193978,0.06288032454361055,0.6191375255584717,0.0525154,0.03797952,0.04422415,0.014535878,0.008291248,2025,False
2025-09-03,-0.10959428806448099,0.511437824395946,0.0486815415821501,0.4921567142009735,0.039974246,0.035698075,0.09196946,0.0042761713,-0.051995214,2025,False
2025-09-04,-0.13443952594449066,0.4853771977113305,0.05070993914807302,0.46563705801963806,0.019237654,0.013370326,0.0655605,0.0058673285,-0.046322845,2025,False
2025-09-05,-0.1192163423561319,0.45597891934023405,0.04462474645030426,0.44177544116973877,-0.0095277075,-0.006245776,0.044480767,-0.0032819314,-0.054008476,2025,True
2025-09-08,-0.15648290915005436,0.4003380962080847,0.034482758620689655,0.3993220031261444,-0.034141075,-0.028210202,0.04111298,-0.0059308726,-0.07525405,2025,False
2025-09-09,-0.09301168601781719,0.45614232496225576,0.044534412955465584,0.4427868127822876,-0.0059299464,-0.0073294844,0.032410253,0.001399538,-0.0383402,2025,False
2025-09-10,-0.10078471668768212,0.4671586082316709,0.04048582995951417,0.4514787197113037,-0.0043460177,-0.00679363,0.03510526,0.0024476121,-0.039451275,2025,False
2025-09-11,-0.06248385930747419,0.484678874477547,0.034482758620689655,0.4663822650909424,-0.02184753,-0.023056414,0.00024057186,0.0012088846,-0.022088101,2025,False
2025-09-12,-0.031476611993335804,0.5366677411695762,0.06896551724137931,0.5090625882148743,-0.012062025,-0.019695863,0.004026683,0.007633838,-0.01608871,2025,True
2025-09-15,-0.10637905685759634,0.4971402816656023,0.05070993914807302,0.46967002749443054,-0.0125771,-0.018786963,0.014521938,0.0062098633,-0.027099038,2025,False
2025-09-16,-0.0892634893787797,0.4660908985269517,0.034482758620689655,0.44052401185035706,-0.021797458,-0.021951698,0.0017681877,0.00015424006,-0.023565646,2025,False
2025-09-17,0.04985299016491573,0.5325682250553393,0.04259634888438134,0.49899154901504517,-0.0042532897,-0.0055831843,-0.022812657,0.0013298946,0.018559366,2025,False
2025-09-18,0.2053514287262749,0.5930553487437146,0.038539553752535496,0.5592912435531616,0.0005362337,-0.0003331925,-0.047681224,0.0008694262,0.048217457,2025,False
2025-09-19,0.20055013983961997,0.6190304275809324,0.06896551724137931,0.5782713890075684,0.023003576,0.016085714,-0.033830505,0.006917862,0.05683408,2025,True
2025-09-22,0.31002343625219164,0.6756360028705546,0.07910750507099391,0.6368901133537292,0.047875557,0.039012246,-0.043560922,0.008863311,0.091436476,2025,False
2025-09-23,0.2688217644591435,0.6221028419923217,0.07302231237322515,0.5916444063186646,0.022274168,0.022421729,-0.043236647,-0.00014756061,0.06551082,2025,False
2025-09-24,0.3220343157630072,0.6428009170832764,0.07707910750507099,0.6105918884277344,0.009857611,0.007309608,-0.07091068,0.0025480026,0.08076829,2025,False
2025-09-25,0.35503219066003683,0.6901957853981826,0.08924949290060852,0.6524856090545654,0.020333815,0.016741632,-0.05399105,0.0035921838,0.07432486,2025,False
2025-09-26,0.3137836859310771,0.6701190801062104,0.08536585365853659,0.634002149105072,0.030112216,0.029682618,-0.030034872,0.00042959861,0.060147088,2025,True
2025-09-29,0.4001517996293751,0.7367940633587996,0.13184584178498987,0.6984772682189941,0.040066164,0.034487065,-0.03996555,0.005579099,0.080031715,2025,False
2025-09-30,0.45847331807976405,0.767008032481791,0.1744421906693712,0.72450190782547,0.038493555,0.032995332,-0.06546154,0.005498223,0.10395509,2025,False
2025-10-09,0.4362753826112613,0.8045193072937321,0.18255578093306288,0.7582781314849854,0.042342108,0.027353074,-0.027073672,0.014989033,0.06941578,2025,False
2025-10-10,0.30557051006979413,0.7608210190043191,0.11585365853658537,0.7157349586486816,0.056315552,0.040411945,0.018770132,0.015903607,0.03754542,2025,True
2025-10-13,0.29257326508902864,0.7569498682540858,0.11382113821138211,0.7117528319358826,0.04737075,0.03182318,0.007369113,0.01554757,0.04000164,2025,False
2025-10-14,0.14256807574040364,0.689586135974951,0.08316430020283976,0.6436377763748169,0.036966506,0.02112649,0.025397211,0.015840016,0.011569295,2025,False
2025-10-15,0.1502498414652722,0.6944128881290397,0.09939148073022312,0.6499845385551453,0.037785493,0.020851128,0.019460995,0.016934365,0.018324498,2025,False
2025-10-16,0.16404369134123048,0.6812459436156025,0.08924949290060852,0.6389309763908386,0.055391748,0.03947114,0.03348847,0.01592061,0.021903276,2025,False
2025-10-17,0.22969935723048396,0.679457622309155,0.09939148073022312,0.6370469927787781,0.054753266,0.047064673,0.020693086,0.007688593,0.03406018,2025,True
2025-10-20,0.20088041754919866,0.6746106825513947,0.08519269776876268,0.6332090497016907,0.041427784,0.035383724,0.012697652,0.00604406,0.028730132,2025,False
2025-10-21,0.20403189682049114,0.665804397027041,0.07302231237322515,0.6279048323631287,0.036069088,0.031796984,0.012787677,0.0042721033,0.02328141,2025,False
2025-10-22,0.12314621863560354,0.6120665098912379,0.056795131845841784,0.5730757713317871,0.040396746,0.0387661,0.033348385,0.0016306452,0.007048361,2025,False
2025-10-23,0.12638167190391225,0.6226473389541193,0.06693711967545639,0.5870614051818848,0.033292618,0.026412908,0.018287798,0.0068797097,0.015004819,2025,False
2025-10-24,0.23314341292451388,0.6595208010020704,0.06896551724137931,0.6227568984031677,0.04189498,0.03149575,0.0030271227,0.01039923,0.038867857,2025,True
2025-10-27,0.22709317956143454,0.6445029884369525,0.07707910750507099,0.6080330610275269,0.039098278,0.03769851,0.0042696754,0.0013997667,0.034828603,2025,False
2025-10-28,0.2930389334183033,0.6907233012646765,0.08519269776876268,0.6511368155479431,0.048626643,0.044553753,-0.014162999,0.0040728897,0.06278964,2025,False
2025-10-29,0.29621995905738246,0.7012638410499817,0.08924949290060852,0.6608657836914062,0.05876948,0.052398156,0.010668407,0.006371323,0.04810107,2025,False
2025-10-30,0.275486537058595,0.7067114259610806,0.09330628803245436,0.6662819385528564,0.06262614,0.051849794,0.02495584,0.010776345,0.0376703,2025,False
2025-10-31,0.25525625184961803,0.7118853638874391,0.0872210953346856,0.6701124310493469,0.050719347,0.044783283,0.034002572,0.005936064,0.016716775,2025,True
2025-11-03,0.2413159509211269,0.7027766820556048,0.08316430020283976,0.6611979603767395,0.04040798,0.02911572,0.023246353,0.011292262,0.017161628,2025,False
2025-11-04,0.15747355064731738,0.6251428502206436,0.07910750507099391,0.5886078476905823,0.013942637,0.007423639,0.011408449,0.0065189977,0.0025341874,2025,False
2025-11-05,0.1869024665336591,0.6186172780128395,0.09939148073022312,0.5892844200134277,0.0034792693,-0.0013476005,-0.0117302155,0.00482687,0.015209485,2025,False
2025-11-06,0.22897301476981877,0.597884500055611,0.0872210953346856,0.5726388692855835,-0.029786605,-0.028945986,-0.060690083,-0.0008406192,0.030903477,2025,False
2025-11-07,0.2556347905618546,0.6084049966152628,0.10344827586206896,0.5822881460189819,-0.034881003,-0.033141695,-0.07631568,-0.0017393082,0.041434675,2025,True
2025-11-10,0.22231225400438068,0.6182509358812219,0.11967545638945233,0.5895508527755737,-0.019091409,-0.019602768,-0.06589638,0.0005113594,0.04680497,2025,False
2025-11-11,0.17241439382789747,0.5707972596950385,0.09939148073022312,0.5508790612220764,-0.020711014,-0.016586952,-0.04661404,-0.004124062,0.025903026,2025,False
2025-11-12,0.16177706627421987,0.5640050567720729,0.08316430020283976,0.5462937951087952,-0.02813244,-0.025061248,-0.059612118,-0.0030711927,0.03147968,2025,False
2025-11-13,0.11749794102484135,0.5408414582092613,0.08519269776876268,0.5266993641853333,-0.03390122,-0.03207706,-0.05830432,-0.0018241592,0.024403103,2025,False
2025-11-14,0.08664743735553114,0.5146405465729728,0.07099391480730223,0.5027658939361572,-0.022590937,-0.020014452,-0.046666324,-0.0025764853,0.024075387,2025,True
2025-11-17,0.06871890208914985,0.46740941843668843,0.05476673427991886,0.45976781845092773,-0.027970076,-0.013079075,-0.03969788,-0.014891,0.011727806,2025,False
2025-11-18,0.05637368619846454,0.4924087241989969,0.05476673427991886,0.4775749742984772,-0.01747786,-0.010751026,-0.023942094,-0.006726835,0.0064642336,2025,False
2025-11-19,0.048481519152544846,0.4813161779262206,0.05465587044534413,0.4687112271785736,-0.019519558,-0.013316984,-0.026556678,-0.006202574,0.00703712,2025,False
2025-11-20,0.056282629810205174,0.5242885556986704,0.05273833671399594,0.501891553401947,0.016954543,0.020207385,0.012591046,-0.0032528415,0.004363497,2025,False
2025-11-21,0.11713608042223402,0.5650844314971641,0.06693711967545639,0.5442676544189453,0.0435931,0.04190906,0.03929993,0.0016840398,0.00429317,2025,True
2025-11-24,0.041335276849524434,0.5192924925698599,0.06490872210953347,0.5025028586387634,0.016046781,0.017924745,0.019913724,-0.0018779635,-0.0038669426,2025,False
2025-11-25,0.004168533063531237,0.4887652537750866,0.0486815415821501,0.47505804896354675,0.004115935,0.01001791,0.017576074,-0.005901975,-0.013460139,2025,False
2025-11-26,-0.03034316689024143,0.43895215968004686,0.058823529411764705,0.4308999180793762,-0.008312231,-0.0015433291,0.0073189177,-0.006768902,-0.015631149,2025,False
2025-11-27,-0.0504263310209456,0.38570818384989797,0.04462474645030426,0.3829953968524933,-0.02736972,-0.007917306,0.0013552792,-0.019452415,-0.028725,2025,False
2025-11-28,-0.11757005456350106,0.3166495250226731,0.024390243902439025,0.3219573497772217,-0.052911833,-0.024799261,-0.008707181,-0.028112572,-0.044204652,2025,True
2025-12-01,-0.0677614081890231,0.3614373280966436,0.032454361054766734,0.36217084527015686,-0.052686084,-0.031772234,-0.028730672,-0.02091385,-0.023955412,2025,False
2025-12-02,-0.09522794582917644,0.3243285697639695,0.02434077079107505,0.33015841245651245,-0.05897204,-0.032390665,-0.028226053,-0.026581373,-0.030745985,2025,False
2025-12-03,-0.0196960340233878,0.403684751511918,0.038539553752535496,0.40068235993385315,-0.023091856,-0.007854513,-0.0040354454,-0.0152373435,-0.019056411,2025,False
2025-12-04,0.020053141470347938,0.44419393422970116,0.04665314401622718,0.43324214220046997,-0.0117774,-0.0016973048,-0.007871917,-0.010080095,-0.0039054826,2025,False
2025-12-05,-0.005980247580622834,0.42600130063602876,0.042682926829268296,0.41676101088523865,-0.020047387,-0.008345315,-0.020270126,-0.011702072,0.00022273883,2025,True
2025-12-08,-0.01812997445927413,0.40296623238351925,0.032454361054766734,0.39292412996292114,-0.02715326,-0.014199271,-0.023553709,-0.012953988,-0.0035995506,2025,False
2025-12-09,0.017624899714535264,0.4444913708339352,0.034482758620689655,0.4247637689113617,-0.009615376,0.0020666805,-0.015722187,-0.011682056,0.0061068116,2025,False
2025-12-10,0.07913875467315008,0.5281831116440481,0.0486815415821501,0.4977523386478424,0.016038693,0.020866986,0.008329659,-0.004828293,0.0077090347,2025,False
2025-12-11,0.05489710899667402,0.5629231094409091,0.04665314401622718,0.5259674191474915,0.028022824,0.027440315,0.036789134,0.00058250874,-0.00876631,2025,False
2025-12-12,0.03639710447228162,0.5629002149556992,0.04462474645030426,0.5299288630485535,0.026748803,0.028705789,0.039308608,-0.0019569863,-0.012559805,2025,True
2025-12-15,-0.0070267626755202645,0.5385247003228819,0.034482758620689655,0.5054985880851746,0.03746289,0.039531816,0.061376385,-0.0020689256,-0.023913495,2025,False
2025-12-16,0.03600895738246701,0.5687431742228956,0.05273833671399594,0.5369117856025696,0.046881232,0.044687897,0.0659142,0.0021933354,-0.019032966,2025,False
2025-12-17,0.010543488033617756,0.5453523353344691,0.05070993914807302,0.515834391117096,0.04081993,0.04109147,0.0649004,-0.0002715364,-0.024080466,2025,False
2025-12-18,0.057493405968692124,0.510402101064098,0.05273833671399594,0.482471764087677,0.040661577,0.050812233,0.058561407,-0.010150656,-0.01789983,2025,False
2025-12-19,-0.12120015977459306,0.40822689987232696,0.024390243902439025,0.3987196087837219,0.020428171,0.03466918,0.07439283,-0.014241008,-0.05396466,2025,True
2025-12-22,-0.004229830096508166,0.5008849809717691,0.038539553752535496,0.48119309544563293,0.045379527,0.052411787,0.092373006,-0.0070322603,-0.04699348,2025,False
2025-12-23,-0.013937329759456607,0.48824715026805904,0.04259634888438134,0.464498907327652,0.045733836,0.054702748,0.102567315,-0.008968912,-0.05683348,2025,False
2025-12-24,-0.07716014112158534,0.4753922704426425,0.032454361054766734,0.4588108956813812,0.04937549,0.061016165,0.11760812,-0.011640675,-0.06823263,2025,False
2025-12-25,-0.0022351631135107903,0.5190350956813935,0.03861788617886179,0.4994233250617981,0.060702804,0.070677176,0.09695263,-0.009974372,-0.036249828,2025,False
2025-12-26,0.07521282490804622,0.5521978100767059,0.06300813008130081,0.5299283266067505,0.07698065,0.080242984,0.0896806,-0.0032623336,-0.012699947,2025,True
2025-12-29,0.07684010715000798,0.5573343393038612,0.05894308943089431,0.5352742075920105,0.069594,0.074035674,0.07088664,-0.004441671,-0.0012926385,2025,False
2025-12-30,0.0418688105424905,0.5553944300121861,0.044715447154471545,0.5335811376571655,0.070926175,0.07413554,0.07624974,-0.0032093674,-0.0053235665,2025,False
2025-12-31,0.010188224982344132,0.5451552593564452,0.04665314401622718,0.5237321853637695,0.06116052,0.06134481,0.0710193,-0.00018429011,-0.00985878,2025,False
2026-01-05,0.10920875830194697,0.6032088463677266,0.05476673427991886,0.5773993134498596,0.056397032,0.053243812,0.04510858,0.0031532198,0.011288453,2026,False
2026-01-06,0.19480125729082892,0.6615374654131702,0.07099391480730223,0.6283000707626343,0.06591466,0.060278133,0.02525012,0.005636528,0.04066454,2026,False
2026-01-07,0.20539047627352613,0.6752459002720179,0.08113590263691683,0.6403178572654724,0.07070671,0.0616349,0.027445797,0.009071812,0.043260913,2026,False
2026-01-08,0.19737744976452823,0.6642125763086381,0.06490872210953347,0.6256879568099976,0.066158116,0.06388018,0.030821132,0.002277933,0.035336986,2026,False
2026-01-09,0.24585101909658344,0.6612490871395702,0.056795131845841784,0.6211678981781006,0.048828628,0.0503264,-0.01196079,-0.0014977716,0.060789417,2026,True
2026-01-12,0.23045864103881933,0.6481243709749375,0.06288032454361055,0.6116082668304443,0.029630916,0.026906835,-0.02218527,0.0027240813,0.051816188,2026,False
2026-01-13,0.23659125444795814,0.6468013937621185,0.06288032454361055,0.6148767471313477,0.037410457,0.03086118,-0.032255583,0.0065492764,0.06966604,2026,False
2026-01-14,0.22014032826407673,0.6300302266119938,0.060851926977687626,0.5975774526596069,0.034953337,0.030524177,-0.0037017476,0.0044291597,0.038655084,2026,False
2026-01-15,0.22159207066380268,0.6518338327870188,0.08316430020283976,0.613788366317749,0.028425826,0.013450619,-0.02151259,0.014975207,0.049938418,2026,False
2026-01-16,0.20920329571778265,0.6776395626085188,0.09330628803245436,0.6361725926399231,0.017758641,0.0031250298,-0.019938469,0.014633612,0.03769711,2026,True
2026-01-19,0.11766329027154128,0.6556497071711463,0.06693711967545639,0.6128000020980835,0.0057097333,-0.0034926538,0.0040453994,0.009202387,0.001664334,2026,False
2026-01-20,0.11617296268748,0.6511671761090277,0.07099391480730223,0.6158186197280884,0.013966474,0.0021807682,0.0032704643,0.011785706,0.01069601,2026,False
2026-01-21,0.14237939432634392,0.6537219424365566,0.08299595141700405,0.6169893145561218,0.005293401,-0.008958224,-0.017848022,0.014251625,0.023141423,2026,False
2026-01-22,0.1612612956689076,0.6658058066348086,0.07707910750507099,0.6263757348060608,-0.0033158965,-0.014355611,-0.03295019,0.011039714,0.029634293,2026,False
2026-01-23,0.16922440484020196,0.6791892641788475,0.07910750507099391,0.6371051669120789,0.009278778,-0.00028471326,-0.015374459,0.009563492,0.024653237,2026,True
2026-01-26,0.2195413924156739,0.6952127226398602,0.08097165991902834,0.6589392423629761,0.031786174,0.022958105,-0.0015228473,0.008828068,0.03330902,2026,False
2026-01-27,0.23790356495887038,0.70356395063668,0.08097165991902834,0.6560486555099487,0.028235327,0.01931391,-0.014638185,0.008921418,0.042873513,2026,False
2026-01-28,0.2315157676451739,0.7072226407097669,0.07489878542510121,0.6606760025024414,0.026240576,0.014979273,-0.022347506,0.011261303,0.048588082,2026,False
2026-01-29,0.2459366836708821,0.6961246182134814,0.08097165991902834,0.6573780179023743,0.03763133,0.023685424,-0.013266734,0.0139459055,0.050898064,2026,False
2026-01-30,0.1519875672574066,0.6601192220738715,0.06072874493927125,0.618837296962738,0.038950507,0.033549648,0.021577874,0.005400859,0.017372632,2026,True
2026-02-02,0.14016773473610092,0.6329583780908336,0.06882591093117409,0.602729320526123,0.05143518,0.044015314,0.02482374,0.0074198656,0.02661144,2026,False
2026-02-03,0.12943849705574978,0.6150701206479842,0.06477732793522267,0.5860387086868286,0.039854653,0.03298694,0.022836376,0.006867714,0.017018277,2026,False
2026-02-04,0.04213842611831972,0.5502039140819761,0.044534412955465584,0.5294528007507324,0.037782032,0.038167134,0.041255366,-0.00038510188,-0.003473334,2026,False
2026-02-05,-0.026306090332248563,0.5015454363146715,0.05263157894736842,0.4830366373062134,0.016371587,0.022935659,0.030337717,-0.0065640714,-0.01396613,2026,False
2026-02-06,-0.09801266923107531,0.45597551228734123,0.04048582995951417,0.4450310468673706,-0.021335483,-0.01554853,0.01346289,-0.0057869526,-0.034798373,2026,True
2026-02-09,-0.13907297439740512,0.4309504157889644,0.032388663967611336,0.4240780174732208,-0.0528167,-0.046959743,-0.011131404,-0.0058569573,-0.041685298,2026,False
2026-02-10,-0.06849534599865857,0.4668965824413755,0.02631578947368421,0.45986050367355347,-0.034625694,-0.030962983,-0.0042173816,-0.003662711,-0.030408312,2026,False
2026-02-11,-0.03817411365735233,0.501115771816958,0.03441295546558704,0.4893629550933838,-0.017053517,-0.013150885,0.0066242535,-0.0039026318,-0.02367777,2026,False
2026-02-12,0.00047965150219462003,0.5377702420998659,0.03636363636363636,0.5215811133384705,-0.019988675,-0.020178733,0.009079564,0.00019005872,-0.029068239,2026,False
2026-02-13,-0.053356157751736404,0.5209899805885141,0.06464646464646465,0.5057626366615295,-0.0055056876,-0.0052759163,0.027030038,-0.00022977125,-0.032535724,2026,True
2026-02-24,-0.07448003741022993,0.5208841626783742,0.04242424242424243,0.5061572790145874,-0.013983914,-0.013419783,0.030444779,-0.00056413095,-0.04442869,2026,False
2026-02-25,-0.022919584384213137,0.5341795869610616,0.044444444444444446,0.5164828896522522,-0.019294826,-0.021273796,0.004960666,0.0019789692,-0.024255492,2026,False
2026-02-26,0.017094167046186003,0.5573065358088187,0.04040404040404041,0.5331383943557739,-0.023227625,-0.02526844,-0.018770387,0.0020408146,-0.004457237,2026,False
2026-02-27,0.1869935870037133,0.6483496796978659,0.06666666666666667,0.615570604801178,-0.003076251,-0.0079065105,-0.046795715,0.00483026,0.043719463,2026,True
2026-03-02,0.22238756976595922,0.6472399677111168,0.07878787878787878,0.6155713200569153,0.010614818,0.009603985,-0.03602988,0.0010108333,0.046644695,2026,False
2026-03-03,0.18613756352972732,0.624239958425558,0.1111111111111111,0.5911896228790283,0.023065368,0.017436326,-0.016187284,0.005629042,0.039252654,2026,False
2026-03-04,0.14000629941667495,0.6205175515338418,0.07474747474747474,0.5885004997253418,-0.0024179074,-0.0037847394,-0.03182027,0.0013668321,0.029402364,2026,False
2026-03-05,0.027795067068781033,0.5356576211704285,0.052525252525252523,0.5119420289993286,-0.042034764,-0.03683441,-0.045089476,-0.0052003525,0.003054712,2026,False
2026-03-06,-0.04156949669892177,0.470718438291343,0.04838709677419355,0.4560999572277069,-0.08816528,-0.07824339,-0.0783077,-0.0099218935,-0.00985758,2026,True
2026-03-09,-0.10468665908548058,0.46357006304834464,0.04233870967741935,0.44947680830955505,-0.112791635,-0.10834164,-0.07449698,-0.0044499934,-0.038294658,2026,False
2026-03-10,-0.009104313730364948,0.5232111346744929,0.036290322580645164,0.5069124698638916,-0.07727076,-0.07788945,-0.064793505,0.00061868876,-0.012477256,2026,False
2026-03-11,-0.03398129743571377,0.49683263889817153,0.02217741935483871,0.48081302642822266,-0.08016669,-0.07141939,-0.0596596,-0.008747302,-0.02050709,2026,False
2026-03-12,-0.012791213425864714,0.5092582289621246,0.03636363636363636,0.494668185710907,-0.07296397,-0.067323565,-0.0596949,-0.0056404024,-0.013269067,2026,False
2026-03-13,-0.07995637163815929,0.4764764613783359,0.03636363636363636,0.46202602982521057,-0.06645089,-0.05688054,-0.03512278,-0.009570345,-0.03132811,2026,True
2026-03-16,-0.0009353278654682249,0.5394323293633101,0.044444444444444446,0.5186983346939087,-0.05170079,-0.047553927,-0.040534705,-0.004146863,-0.011166085,2026,False
2026-03-17,-0.07198293689205632,0.4737147181885545,0.05656565656565657,0.45734941959381104,-0.045857247,-0.04007963,-0.030874493,-0.005777616,-0.014982754,2026,False
2026-03-18,-0.015442761691491972,0.47977065648714884,0.046370967741935484,0.47298291325569153,-0.044437174,-0.03760125,-0.041410845,-0.0068359226,-0.003026329,2026,False
2026-03-19,0.008863599457483412,0.4863044726423839,0.046370967741935484,0.47779592871665955,-0.04661974,-0.041651778,-0.052005097,-0.0049679615,0.005385358,2026,False
2026-03-20,0.146173904955572,0.5711795577306484,0.046370967741935484,0.551214337348938,0.021077568,0.02190318,-0.015038406,-0.0008256119,0.036115974,2026,True
2026-03-23,0.23293148368506417,0.5930527948899922,0.036290322580645164,0.5682377219200134,0.056260686,0.06519847,-0.002889757,-0.008937787,0.059150442,2026,False
2026-03-24,0.0915084742034604,0.5122554826682962,0.03024193548387097,0.5020230412483215,0.012405707,0.014252821,-0.018925892,-0.0018471144,0.0313316,2026,False
2026-03-25,0.11114449942047917,0.5375922388538099,0.034274193548387094,0.5147104859352112,0.028961005,0.029783148,-0.006710782,-0.00082214363,0.035671785,2026,False
2026-03-26,0.1253655610067021,0.5288225311228475,0.034274193548387094,0.5079199075698853,0.021025987,0.02809958,-0.009797822,-0.0070735924,0.030823808,2026,False
2026-03-27,0.05927463048055257,0.4794255631377901,0.030303030303030304,0.4617546796798706,0.015518196,0.023814524,0.009412586,-0.008296328,0.00610561,2026,True
2026-03-30,-0.04401542134971786,0.4247795682180417,0.03434343434343434,0.4139823019504547,0.007910515,0.019749278,0.03269306,-0.011838763,-0.024782542,2026,False
2026-03-31,0.03790926238016891,0.4942761342830143,0.046464646464646465,0.47107604146003723,0.020606907,0.029470783,0.021170948,-0.008863876,-0.0005640406,2026,False
2026-04-01,0.0033162788009287753,0.48936865056409046,0.046464646464646465,0.4676252603530884,0.03113045,0.035280675,0.058784056,-0.004150225,-0.027653607,2026,False
2026-04-02,0.10630369570180424,0.54539438904811,0.044444444444444446,0.5176647901535034,0.070416614,0.07605518,0.066351205,-0.005638562,0.0040654093,2026,False
2026-04-03,0.039240368725095065,0.4976755135462388,0.024242424242424242,0.4741053581237793,0.05208796,0.063323885,0.06815353,-0.011235926,-0.016065571,2026,True
2026-04-07,-0.07036541849189816,0.4321663092423044,0.024242424242424242,0.41822946071624756,0.0113427425,0.028055446,0.06388752,-0.016712703,-0.05254478,2026,False
2026-04-08,-0.11211096951586226,0.42127088804660606,0.026262626262626262,0.39931443333625793,0.004136666,0.018762453,0.06676287,-0.014625786,-0.062626205,2026,False
2026-04-09,-0.08901907712215289,0.484716184090979,0.050505050505050504,0.45976144075393677,-0.001597371,0.008379803,0.048519984,-0.009977174,-0.050117355,2026,False
2026-04-10,-0.03912974060580909,0.5466756797507302,0.050505050505050504,0.5136615037918091,0.017284032,0.019190595,0.054695446,-0.0019065626,-0.037411414,2026,True
2026-04-13,-0.005960058600923778,0.6257201241948653,0.0707070707070707,0.5849206447601318,0.026094064,0.007876153,0.039994724,0.01821791,-0.01390066,2026,False
2026-04-14,0.03310969383975878,0.6594321379656299,0.07910750507099391,0.6212410926818848,0.038195033,0.011642685,0.04041592,0.026552347,-0.0022208877,2026,False
2026-04-15,0.059148533388350376,0.673715706980778,0.09127789046653144,0.6251598596572876,0.042482875,0.015681176,0.036304858,0.0268017,0.0061780177,2026,False
2026-04-16,0.02630643742091044,0.650379709366715,0.07862903225806452,0.6023469567298889,0.044374187,0.024424912,0.051756956,0.019949274,-0.007382769,2026,False
2026-04-17,-0.014260961317716874,0.6366462231293153,0.0846774193548387,0.5982845425605774,0.04656402,0.022489745,0.06634267,0.024074275,-0.019778647,2026,True
2026-04-20,-0.03614694567537765,0.6115222496799871,0.06262626262626263,0.5734795331954956,0.04970791,0.033933215,0.08327186,0.015774693,-0.033563953,2026,False
2026-04-21,-0.004980977154106622,0.6283416422379539,0.06868686868686869,0.58860182762146,0.061478652,0.037095677,0.089594916,0.024382975,-0.028116263,2026,False
2026-04-22,-0.0360478774130751,0.6096125801133417,0.06464646464646465,0.5716342926025391,0.057783503,0.03627017,0.091592304,0.021513332,-0.0338088,2026,False
2026-04-23,-0.06212708221621288,0.5756170688239652,0.06060606060606061,0.5421797037124634,0.059607565,0.041466545,0.11696962,0.01814102,-0.057362057,2026,False
2026-04-24,-0.11911009635902788,0.5387937836680451,0.05060728744939271,0.5066607594490051,0.04222167,0.029147472,0.11411386,0.013074197,-0.07189219,2026,True
2026-04-27,-0.0693271476827725,0.519944535712646,0.04259634888438134,0.49553126096725464,0.027160784,0.029343352,0.09175636,-0.0021825675,-0.06459557,2026,False
2026-04-28,-0.0661075421952483,0.5221255131083138,0.04285714285714286,0.4879136383533478,0.01172244,0.01601355,0.074269824,-0.0042911097,-0.062547386,2026,False
2026-04-29,-0.1041847750702852,0.4744708334952991,0.030737704918032786,0.4485432505607605,0.0021239587,0.019758679,0.07907478,-0.01763472,-0.07695082,2026,False
2026-04-30,-0.09615290998757293,0.4731470581414627,0.02663934426229508,0.4491649568080902,-0.012932053,0.005097967,0.050061386,-0.01803002,-0.06299344,2026,False
2026-05-06,-0.10532295052711396,0.45538953081663336,0.02663934426229508,0.43510574102401733,-0.0254643,-0.013469536,0.03576511,-0.011994764,-0.06122941,2026,False
2026-05-07,-0.11066275112969244,0.4656302600501643,0.028688524590163935,0.43985873460769653,-0.05004088,-0.035735585,0.005919817,-0.014305294,-0.055960696,2026,False
2026-05-08,-0.10008835931022393,0.46696457913253453,0.028688524590163935,0.4449092745780945,-0.051665083,-0.040693387,-0.00017092018,-0.010971695,-0.051494163,2026,True
2026-05-11,-0.109151880187225,0.44587093417394524,0.028688524590163935,0.42899858951568604,-0.063399464,-0.05343047,-0.013902164,-0.009968992,-0.0494973,2026,False
2026-05-12,-0.14463341699666735,0.40806868785090916,0.028688524590163935,0.3944950997829437,-0.08335727,-0.06838444,-0.026846739,-0.014972828,-0.05651053,2026,False
2026-05-13,-0.08235318804613583,0.42132753713054666,0.022540983606557378,0.4088114798069,-0.08350895,-0.06706946,-0.039842118,-0.01643949,-0.043666836,2026,False
2026-05-14,-0.164775433588417,0.380145149632191,0.01639344262295082,0.3707759976387024,-0.08574097,-0.06621199,-0.013799324,-0.019528978,-0.071941644,2026,False
2026-05-15,-0.06948766944072798,0.4141273492016466,0.028688524590163935,0.40547335147857666,-0.06968104,-0.048141282,-0.030997466,-0.021539759,-0.038683575,2026,True
2026-05-18,-0.03528519152122993,0.41068380175205277,0.022540983606557378,0.40119245648384094,-0.088766426,-0.06405447,-0.05429307,-0.024711959,-0.034473356,2026,False
2026-05-19,-0.10193179993343925,0.38374437637226194,0.02663934426229508,0.3784405589103699,-0.09289286,-0.06860948,-0.029522859,-0.02428338,-0.063370004,2026,False
2026-05-20,-0.14039479704153393,0.38029072138760056,0.03278688524590164,0.3736304044723511,-0.10333102,-0.07457864,-0.034664053,-0.02875238,-0.068666965,2026,False
2026-05-21,-0.1468193673190028,0.39773942912491284,0.0408997955010225,0.3896680474281311,-0.079067625,-0.06422447,-0.01682469,-0.014843158,-0.062242933,2026,False
2026-05-22,-0.0544323841723503,0.44602115145673515,0.030737704918032786,0.43386444449424744,-0.09470731,-0.07522341,-0.061224986,-0.019483902,-0.033482324,2026,True
2026-05-25,-0.020841641854115574,0.49446066556446494,0.02663934426229508,0.4779352843761444,-0.075993836,-0.06629698,-0.039496254,-0.009696856,-0.03649758,2026,False
2026-05-26,-0.027168466080433204,0.4987544367069457,0.036885245901639344,0.4792790710926056,-0.069484964,-0.061319243,-0.038569566,-0.008165721,-0.030915398,2026,False
2026-05-27,-0.10744184218323415,0.4486769146509353,0.022540983606557378,0.4330768287181854,-0.08329188,-0.0683086,-0.0330833,-0.0149832815,-0.05020858,2026,False
2026-05-28,-0.029698175806353286,0.4866082775659356,0.03278688524590164,0.47130289673805237,-0.0539527,-0.048095632,-0.022113824,-0.005857069,-0.03183888,2026,False
2026-05-29,-0.15029678031462235,0.40241567250830285,0.020491803278688523,0.3942299783229828,-0.059247844,-0.04358521,-0.008920928,-0.015662633,-0.050326914,2026,True
2026-06-01,-0.12387998199545569,0.40530992735572535,0.018442622950819672,0.3955187499523163,-0.044347152,-0.024913272,0.010135282,-0.01943388,-0.054482434,2026,False
2026-06-02,-0.12233489727268076,0.4258177386431674,0.03278688524590164,0.4158390164375305,-0.040659882,-0.025889153,0.0126392385,-0.0147707295,-0.05329912,2026,False
2026-06-03,-0.11059975445089142,0.42826383108336036,0.03278688524590164,0.41531509160995483,-0.030916424,-0.015807703,0.019810459,-0.015108721,-0.050726883,2026,False
2026-06-04,-0.16365780180190626,0.4078068403047437,0.030737704918032786,0.3901369571685791,-0.052410565,-0.036245015,0.02626391,-0.01616555,-0.07867447,2026,False
2026-06-05,-0.09286982893688786,0.4478890953602094,0.022494887525562373,0.4278227686882019,-0.004501798,0.013707143,0.06619358,-0.018208941,-0.07069538,2026,True
2026-06-08,-0.09287503764967395,0.42026674165790656,0.02663934426229508,0.4032299518585205,-0.025011227,-0.002231422,0.025572436,-0.022779804,-0.05058366,2026,False
2026-06-09,-0.1498702719187926,0.4091827887958142,0.01639344262295082,0.3914662301540375,-0.03840564,-0.020891547,0.058949288,-0.017514091,-0.097354926,2026,False
2026-06-10,-0.1333115580233419,0.4303085555361416,0.02663934426229508,0.4081709086894989,-0.042171232,-0.022485353,0.038638692,-0.01968588,-0.08080992,2026,False
2026-06-11,-0.2280211656873089,0.38271668036742446,0.012295081967213115,0.36366599798202515,-0.08414223,-0.065874495,0.03653049,-0.018267736,-0.12067272,2026,False
2026-06-12,-0.22653818496737335,0.40414802481854434,0.010245901639344262,0.38606882095336914,-0.08287547,-0.07047168,0.050560627,-0.012403786,-0.1334361,2026,True
2026-06-15,-0.15447259391256743,0.4489910376943244,0.022540983606557378,0.4302281141281128,-0.050673015,-0.048599087,0.037787158,-0.0020739287,-0.08846018,2026,False
2026-06-16,-0.05873031397907552,0.49986880110715826,0.03278688524590164,0.4724031984806061,-0.027196817,-0.023563804,0.007727135,-0.003633013,-0.034923952,2026,False
2026-06-17,0.01020406344065474,0.5170640251872595,0.03483606557377049,0.4878162741661072,-0.018443476,-0.0145974355,-0.019621512,-0.003846041,0.0011780355,2026,False
2026-06-18,0.09613097996203097,0.5379504809673534,0.03885480572597137,0.5109121799468994,-0.002913483,0.0036487232,-0.05083264,-0.006562206,0.047919158,2026,False
2026-06-22,-0.036599167376162006,0.42350130486218357,0.028688524590163935,0.4101254343986511,-0.071944654,-0.054176215,-0.0783058,-0.017768439,0.0063611493,2026,False
2026-06-23,0.051132287507908165,0.47385599477676105,0.03680981595092025,0.45848986506462097,-0.05610822,-0.044927772,-0.09909372,-0.011180449,0.0429855,2026,False
2026-06-24,0.09195004039986857,0.5123195539053468,0.032719836400818,0.4882906377315521,-0.047405828,-0.03831586,-0.10566921,-0.009089969,0.05826338,2026,False
2026-06-25,0.21431508675685207,0.5607971733620154,0.055327868852459015,0.5341426730155945,0.008510544,0.018419072,-0.08268651,-0.009908528,0.09119706,2026,False
2026-06-26,0.14590001842381983,0.5320179025233079,0.06762295081967214,0.5142611861228943,-0.007843755,-0.0014829184,-0.087354235,-0.006360837,0.07951048,2026,True
2026-06-29,0.12851245348053036,0.533986301491198,0.045081967213114756,0.5147630572319031,-0.033758473,-0.030550526,-0.114509925,-0.0032079462,0.08075145,2026,False
2026-06-30,0.25796198528867786,0.6064252279447195,0.05327868852459016,0.5767344832420349,-0.015686821,-0.016704796,-0.15451999,0.0010179747,0.13883317,2026,False
2026-07-01,0.24426718248514526,0.601321898088882,0.04294478527607362,0.5754459500312805,-0.024651833,-0.024175242,-0.15897289,-0.0004765913,0.13432106,2026,False
2026-07-02,0.2159754356145273,0.582712980165096,0.03067484662576687,0.5591241717338562,-0.053581636,-0.04740071,-0.16657057,-0.006180927,0.112988934,2026,False
2026-07-03,0.265111924712515,0.5813355039294115,0.032719836400818,0.5624401569366455,-0.0711278,-0.06105603,-0.21440281,-0.010071773,0.14327501,2026,True
2026-07-06,0.15322553858801602,0.5294879776235341,0.026584867075664622,0.5147975087165833,-0.08761122,-0.07251636,-0.17746785,-0.015094861,0.08985663,2026,False
2026-07-07,0.16011285316039653,0.5236480330963164,0.049079754601226995,0.5097799301147461,-0.06046733,-0.0432118,-0.14108698,-0.01725553,0.08061965,2026,False
2026-07-08,0.044894489932589335,0.5037088814635496,0.044989775051124746,0.4890127182006836,-0.04957937,-0.047866486,-0.089787394,-0.0017128848,0.040208023,2026,False
2026-07-09,0.050814640244615836,0.5112925578852404,0.044989775051124746,0.49581435322761536,-0.077748075,-0.07913591,-0.13615155,0.0013878345,0.058403477,2026,False
2026-07-10,0.1545901481783978,0.5396609458206441,0.053169734151329244,0.5227517485618591,-0.03131848,-0.02744548,-0.122565895,-0.003872998,0.09124742,2026,True
2026-07-13,0.052055206853901186,0.5373076729724917,0.081799591002045,0.5206359028816223,-0.012461886,-0.017431429,-0.04249745,0.004969543,0.030035563,2026,False
2026-07-14,0.05964349895022845,0.5373760862984598,0.09202453987730061,0.5193301439285278,-0.024694396,-0.029016921,-0.07228579,0.004322525,0.047591396,2026,False
2026-07-15,-0.10113180125458134,0.4813367998231446,0.0673469387755102,0.4571451246738434,-0.04863922,-0.044152554,-0.02992145,-0.004486665,-0.01871777,2026,False
2026-07-16,0.026343527065120245,0.5290022132044805,0.08775510204081632,0.5016732811927795,0.002844156,0.004652331,-0.015573398,-0.0018081751,0.018417554,2026,False
2026-07-17,0.11997600841140658,0.5176797955733184,0.12448979591836734,0.5054032206535339,0.03318406,0.047688294,0.014221746,-0.014504235,0.018962312,2026,True
2026-07-20,0.4112582904657625,0.6729261866379401,0.21792260692464357,0.6401442885398865,0.114656374,0.10882297,0.021392697,0.0058334023,0.09326368,2026,False
2026-07-21,0.4653074048025864,0.7042316105045925,0.2219959266802444,0.6716563701629639,0.12248535,0.112136416,0.012985212,0.010348931,0.10950013,2026,False
2026-07-22,0.5113816131277494,0.6996426176011418,0.21181262729124237,0.6670705080032349,0.12099979,0.11364049,0.008127411,0.0073593035,0.11287238,2026,False
2026-07-23,0.576839247158564,0.7504686080358298,0.20570264765784113,0.7165580987930298,0.14265399,0.12841511,0.0149525525,0.014238879,0.12770143,2026,False
2026-07-24,0.44484011759467995,0.662354697295192,0.18329938900203666,0.6290285587310791,0.12790339,0.12085333,0.03321583,0.0070500597,0.09468756,2026,True
2026-07-27,0.4777152877645581,0.7105162962830895,0.18737270875763748,0.6746628880500793,0.12861395,0.11615591,0.03341994,0.012458041,0.09519401,2026,False
2026-07-28,0.6652046066648588,0.8275190222667844,0.26883910386965376,0.7857218384742737,0.18921597,0.1606937,0.015654396,0.028522268,0.17356157,2026,False
2026-07-29,0.6023041983440964,0.8086190838063961,0.25661914460285135,0.7617976665496826,0.20983206,0.16950658,0.009739169,0.040325478,0.20009288,2026,False
2026-07-30,0.6400863703508953,0.8335410606489715,0.2830957230142566,0.7901690602302551,0.17435034,0.13627581,-0.006229557,0.038074523,0.1805799,2026,False
2026-07-31,0.5876140474175198,0.7952822344657674,0.23625254582484725,0.7585647106170654,0.1880445,0.1561159,-0.0021189833,0.0319286,0.1901635,2026,True
2026-08-03,0.5981222164401109,0.8343193039843327,0.35030549898167007,0.7938241958618164,0.19476064,0.14855133,-0.005236524,0.046209306,0.19999716,2026,False
2026-08-04,0.3382078585951885,0.7275448754830691,0.23373983739837398,0.6907230019569397,0.079369105,0.05576341,-0.0033783703,0.023605697,0.082747474,2026,False
2026-08-05,0.19831083580342823,0.6146865345647082,0.12601626016260162,0.5935472249984741,0.036030438,0.033946324,0.0021754138,0.0020841137,0.033855025,2026,False
2026-08-06,0.20097138905718456,0.6152398499556971,0.1443089430894309,0.5934883952140808,0.02532427,0.018838607,-0.0087212445,0.0064856634,0.034045514,2026,False
2026-08-07,0.17277587884762316,0.6122640101966881,0.15853658536585366,0.5899566411972046,0.0013206073,-0.0030788735,-0.028513836,0.0043994808,0.029834444,2026,True
2026-08-10,0.16153056174321817,0.6122592595868473,0.15010141987829614,0.5931392908096313,0.0038992015,-0.006532146,-0.026173588,0.010431347,0.03007279,2026,False
2026-08-11,0.02503675343348859,0.5243750264386544,0.13360323886639677,0.5155277848243713,-0.0073467433,-0.009632015,-0.016295183,0.0022852714,0.00894844,2026,False
2026-08-12,0.08614327391395922,0.5593498723304895,0.13360323886639677,0.5483934283256531,0.001108907,-0.0024670905,-0.02000888,0.0035759974,0.021117788,2026,False
2026-08-13,0.1351017210058077,0.6050190657714293,0.15182186234817813,0.5898162126541138,0.033612795,0.019154504,-0.0042100037,0.014458291,0.037822798,2026,False
2026-08-14,0.04200946671976352,0.5545244790505078,0.11538461538461539,0.5338026285171509,0.0075791935,0.0015878978,-0.009801716,0.005991296,0.017380908,2026,True
2026-08-17,0.03168096322060183,0.5727288368556566,0.10323886639676114,0.5475589632987976,0.015243231,-6.246519e-05,-0.007767853,0.015305696,0.023011085,2026,False
2026-08-18,0.1527865235644597,0.6099599398185981,0.13360323886639677,0.5824146270751953,0.04111677,0.029967098,0.0028008283,0.011149673,0.03831594,2026,False
2026-08-19,0.08064375749167235,0.5156314677841057,0.145748987854251,0.4985283315181732,0.025989369,0.03088835,0.007553647,-0.004898982,0.018435722,2026,False
2026-08-20,0.014554462054233362,0.4839902967408031,0.11336032388663968,0.46539801359176636,0.025742415,0.034405995,0.018138165,-0.00866358,0.0076042507,2026,False
2026-08-21,0.1154394193967935,0.5484748792223395,0.1437246963562753,0.5235776901245117,0.04309683,0.04092508,0.012706494,0.0021717474,0.030390335,2026,True
