date,r_p,r_b,excess,nav_p,nav_b,nav_ex
2019-01-07,0.005017711657540946,0.009063897870857485,-0.004046186213316538,1.005017711657541,1.0090638978708575,0.9959538137866835
2019-01-08,0.0027526484347344393,-0.002261471831882078,0.0050141202666165174,1.0077841720884155,1.0067819282892534,1.0009476459890052
2019-01-09,0.004166873051212994,0.008279534126815369,-0.004112661075602375,1.0119834807965298,1.0151176136227853,0.9968310875666304
2019-01-10,0.0009727118232831788,-0.0018149870908837906,0.0027876989141669695,1.0129678490932679,1.013275188258331,0.9996099525070479
2019-01-11,0.007750875583424133,0.007316661943438829,0.0004342136399853036,1.0208192368615985,1.0206889802664916,1.0000439967830914
2019-01-14,-0.002448239845027844,-0.008196065396624874,0.00574782555159703,1.018320026531343,1.012323346634613,1.0057920752205225
2019-01-15,0.00943702397643742,0.01829604152539388,-0.00885901754895646,1.0279299370374058,1.0308448566217656,0.9968817455755425
2019-01-16,-0.0015612697267129994,-0.00042646557466141655,-0.0011348041520515828,1.0263250611455272,1.0304052367775995,0.995750480031559
2019-01-17,-0.00827806079764637,-0.006027084374630731,-0.002250976423015638,1.0178290798912164,1.0241948974754795,0.9935090691778015
2019-01-18,0.0063393178943997874,0.016301756989294258,-0.00996243909489447,1.0242814219908112,1.0408910738038,0.9836112955858923
2019-01-21,0.0049887196743718665,0.00561478556080508,-0.0006260658864332136,1.0293912748727903,1.0467354539753644,0.9829954901082156
2019-01-22,-0.008771355525355018,-0.013685808171963965,0.004914452646608947,1.0203621180261826,1.032410033345464,0.9878263748961826
2019-01-23,0.0015376221402545465,-0.0001312691744010941,0.0016688913146556406,1.0219310494099367,1.0322745097327433,0.9894749497536346
2019-01-24,0.007057010723386048,0.0055394512360007475,0.0015175594873853004,1.0291428277841839,1.0379927440415744,0.9909765368511633
2019-01-25,-0.008468282170434271,0.005073894231308662,-0.013542176401742934,1.0204277559248287,1.0432594094377072,0.9775565577791365
2019-01-28,-0.01029979575993234,-0.0007861659155864453,-0.009513629844345894,1.009917558451037,1.0424392344488924,0.9682564465365129
2019-01-29,-0.020555356579504358,-0.0004923841513388982,-0.02006297242816546,0.9891583429211734,1.0419259538911159,0.9488303441462573
2019-01-30,-0.01591232100638329,-0.008462480600146649,-0.007449840406236641,0.9734185378424696,1.033108675719523,0.9417617095097731
2019-01-31,-0.02221177529957219,0.006037592701977346,-0.028249368001549535,0.9517971840074745,1.0393461651203966,0.9151575364080632
2019-02-01,0.026120160684588667,0.017519832200324714,0.008600328484263953,0.9766582793928887,1.057555335531357,0.9230281918360222
2019-02-11,0.023606582849537983,0.019854717913475817,0.003751864936062166,0.9997138439810642,1.0785527983962233,0.9264912689439687
2019-02-12,0.012730676625362314,0.007476085047303904,0.00525459157805841,1.0124408776466851,1.0866161508450412,0.9313596021629064
2019-02-13,0.014187859191512997,0.019176863738721073,-0.004989004547208076,1.026805246258468,1.10745404070609,0.9267130448726297
2019-02-14,0.0012269569129412794,0.0021810848812759964,-0.000954127968334717,1.0280650920536092,1.109869491970982,0.9258288420378962
2019-02-15,-0.001835061545247818,-0.01578180716536437,0.013946745620116552,1.02617852933717,1.092353745669975,0.9387411413855657
2019-02-18,0.02834667395803936,0.03279515689670198,-0.0044484829386626235,1.055267277531031,1.128177658145922,0.9345651674342914
2019-02-19,0.002378999058474607,-0.001034814187271027,0.003413813245745634,1.0577777573907163,1.1270102038995105,0.9377555983818909
2019-02-20,0.0036173066042968216,0.0027430146802989164,0.0008742919239979052,1.0616040638584041,1.1301016094336536,0.9385754705282401
2019-02-21,-0.0030628824824298073,-0.0024678289516213425,-0.0005950535308084648,1.058352495367936,1.1273127119636193,0.9380169678805721
2019-02-22,0.015585611215570783,0.023171539767601557,-0.007585928552030774,1.0748475658897698,1.1534342832994071,0.9309012381816375
2019-02-25,0.04474831836983606,0.05862139076794293,-0.013873072398106867,1.1229451869672487,1.2210502051458438,0.9179867779088563
2019-02-26,0.005030921138653444,-0.009419542852556084,0.014450463991209528,1.1285946356459113,1.2095484704133501,0.9312521127874347
2019-02-27,0.0014554459499129813,-0.002284976061991739,0.0037404220119047205,1.1302372441374557,1.2067846811126368,0.9347353886887375
2019-02-28,0.006318448426037682,-0.001509488779197321,0.007827937205235003,1.1373785898737252,1.2049630531775901,0.9420524386149038
2019-03-01,0.0048749161472478875,0.01863287142115544,-0.013757955273907552,1.1429232151270348,1.227414974814691,0.9290917232987644
2019-03-04,0.012248130525191137,0.013298029654991161,-0.0010498991298000249,1.1569218878461818,1.243737175548757,0.9281162707069687
2019-03-05,0.026176556465721257,0.010753466884571905,0.015423089581149352,1.1872061189698162,1.2571116620791316,0.9424306910918046
2019-03-06,0.026134203138058254,0.010712875622175488,0.015421327515882766,1.218232804849719,1.2705789429581718,0.956964223440151
2019-03-07,0.022319231096452397,-0.004583111218197211,0.026902342314649608,1.2454228243504393,1.264755738351095,0.9827088025620109
2019-03-08,-0.05109343352604334,-0.039538623180168764,-0.011554810345874578,1.181789896062673,1.214749037797475,0.9713537887231853
2019-03-11,0.04733551829358218,0.0248678759652452,0.02246764232833698,1.2377305333069182,1.2449572661983235,0.9931778182224928
2019-03-12,0.015886364481835225,0.00947417312535448,0.006412191356480745,1.257393571689328,1.2567522068719543,0.9995462644439476
2019-03-13,-0.015488021904296323,-0.011975976557140555,-0.0035120453471557678,1.2379190325086824,1.241701371904321,0.9960358126366403
2019-03-14,-0.031584994885960005,-0.011037378354045613,-0.020547616531914392,1.1988193661976632,1.2279962440598755,0.9755696507065289
2019-03-15,0.02313767328888372,0.012289366106946975,0.010848307181936745,1.2265572570251313,1.2430875394810832,0.9861529299547681
2019-03-18,0.023652690944829136,0.02801172203121438,-0.0043590310863852455,1.255568636751684,1.2779085620974935,0.9818542586771654
2019-03-19,0.0054912204456714075,-0.002521199272271679,0.008012419717943087,1.2624632409207588,1.2746866999607036,0.9897212870995366
2019-03-20,0.005931419691659334,-7.119586266091105e-07,0.005932131650285943,1.2699514402479521,1.2746857924365114,0.9955924440717013
2019-03-21,0.01159596897906301,0.0036217361123471736,0.007974232866715836,1.2846777577539839,1.2793023680028746,1.0035315300610719
2019-03-22,0.009891950390032767,0.0008723131265981898,0.009019637263434577,1.2973857264008648,1.2804183202513717,1.0125830204446422
2019-03-25,-0.007521331683307708,-0.020981412463749294,0.013460080780441586,1.2876276580314148,1.2535533353480366,1.0262124696967307
2019-03-26,-0.027946980274316524,-0.015560282755179844,-0.01238669751913668,1.2516423532717464,1.2340476910013223,1.013501086244231
2019-03-27,0.010258813606223605,0.011156514847111554,-0.0008977012408879492,1.2644827188756165,1.2478153623880222,1.0125912650614683
2019-03-28,-0.013183480080908194,-0.006593797012509062,-0.0065896830683991325,1.247812436138667,1.239587521179345,1.005918609546884
2019-03-29,0.022591232293507124,0.03722020208527921,-0.014628969791772084,1.2760020567422028,1.2857252192200306,0.9912030565948412
2019-04-01,0.03384131554303438,0.02913685839173419,0.00470445715130019,1.3191836449779766,1.323187212863126,0.9958661289028294
2019-04-02,0.007992480409696467,0.00027560232425005715,0.00771687808544641,1.329727194417255,1.323551886334409,1.0035511064089981
2019-04-03,0.015304692770148565,0.012220755262285499,0.003083937507863066,1.3500782605959227,1.339726690014238,1.0066459953071103
2019-04-04,0.006037072910940022,0.008987677168434516,-0.0029506042574944935,1.3582287814906153,1.3517677209980212,1.0036757813475674
2019-04-08,0.003208045272172111,-0.0019449329528506976,0.0051529782250228084,1.3625860409116044,1.3491386234128522,1.0088477007938341
2019-04-09,0.0051298294314869874,0.0038087659353966963,0.0013210634960902912,1.369575874887206,1.354277176643835,1.0101804526644675
2019-04-10,0.007130867966776089,0.0016066055668855217,0.005524262399890567,1.3793421396215084,1.3564529658949371,1.0157609545562263
2019-04-11,-0.011015082867218196,-0.021483946612667504,0.010468863745449308,1.3641485716513315,1.327311002793056,1.026394817587423
2019-04-12,-0.0027532645849336346,-0.002240245888039394,-0.0005130186968942407,1.360392709700416,1.3243374997768993,1.025868257855605
2019-04-15,-0.00974611032612227,-0.005011125873529254,-0.004734984452593016,1.3471341722648233,1.3177010778664822,1.02101078760425
2019-04-16,0.018933136182822663,0.026164389363855456,-0.007231253181032793,1.3726396470048474,1.3521779219329528,1.013627600098518
2019-04-17,0.013008045599291584,0.0015795688954796105,0.011428476703811974,1.390495006124482,1.3543137801195924,1.0252118195125848
2019-04-18,-0.001535009630260653,-0.004179741971712447,0.0026447323414517943,1.3883605828992516,1.348653097969958,1.0279232303684884
2019-04-19,0.00883019308320443,0.010469718028768504,-0.0016395249455640748,1.4006200749153621,1.3627731156243286,1.0262379245901745
2019-04-22,-0.01060925765748455,-0.021069986892094494,0.010460729234609945,1.3857605356603397,1.3340595039412253,1.0369731216496003
2019-04-23,-0.01869084221286177,-0.005346716261566242,-0.013344125951295527,1.3598595041435015,1.3269266662976058,1.0231356217062
2019-04-24,0.01195402428217296,0.004331097074092849,0.00762292720808011,1.3761152976763766,1.332673714499543,1.03093491007446
2019-04-25,-0.04270981753977221,-0.026103553682961356,-0.016606263856810854,1.3173416643989293,1.2978861946512328,1.013814932938566
2019-04-26,-0.01522187286398713,-0.01233376184630941,-0.002888111017677719,1.2972892570650156,1.2818783754227916,1.01088692286086
2019-04-29,-0.037498514808028904,-0.004267491114752442,-0.03323102369327646,1.2486428366486664,1.2764079708454816,0.9772941155760473
2019-04-30,0.015951668776833072,0.004413641881415797,0.011538026895417275,1.2685607735994513,1.2820415785233783,0.9885701613662967
2019-05-06,-0.06272738674605283,-0.062413211670203306,-0.000314175075849521,1.1889872713430065,1.2020252461129972,0.9882595772608669
2019-05-07,0.022263698717293057,0.010580953654259151,0.011682745063033906,1.2154585257308836,1.2147438195333682,0.9998051619581072
2019-05-08,-0.00042422154313548344,-0.012139544149966097,0.011715322606830614,1.2149429020394809,1.1999973833052444,1.011518201974421
2019-05-09,-0.006359427313414212,-0.01693097210989314,0.010571544796478927,1.2072165609640122,1.1796802610765587,1.0222115119590476
2019-05-10,0.02884149413078596,0.03624201870647625,-0.007400524575690293,1.2420344903216434,1.222434255166156,1.014646610543241
2019-05-13,-0.004329784272784298,-0.01534757292893485,0.011017788656150551,1.236656748919193,1.2036728562841652,1.0258257724588857
2019-05-14,-0.007222760806669393,-0.006815758142904915,-0.00040700266376447747,1.2277246730217963,1.1954689132125529,1.0254082586369366
2019-05-15,0.01929251884156291,0.02244671999854253,-0.003154201156979619,1.251410574408321,1.222303269174397,1.0221739147211675
2019-05-16,0.010440684420653046,0.004943554603790812,0.005497129816862234,1.2644761572963865,1.2283457921279526,1.0277929374258
2019-05-17,-0.03539338426627703,-0.027115304150508113,-0.008278080115768915,1.21972206676565,1.1950388223724064,1.0192847851473676
2019-05-20,-0.0017863732288310175,-0.007379374872838462,0.005593001644007445,1.2175431879189655,1.1862201829145251,1.0249856466264085
2019-05-21,0.017847377176282153,0.014496844082595883,0.00335053309368627,1.2392731404221684,1.2034166319538653,1.0284198949559837
2019-05-22,-0.007146199505495776,-0.005210613049860147,-0.0019355864556356295,1.2304170473189093,1.1971460935469878,1.0264292993366007
2019-05-23,-0.01840596733211597,-0.018613725708575668,0.00020775837645969908,1.2077700313410789,1.1748627445286113,1.0266425486213815
2019-05-24,-0.0038007968310170837,0.0005781797585457937,-0.004378976589562877,1.2031795428333603,1.1755420263865672,1.0221469049351193
2019-05-27,0.02483794967390307,0.015133997853697734,0.009703951820205337,1.233064055766925,1.193332676890833,1.0320657692537818
2019-05-28,0.0012861569248774352,0.006962083276164099,-0.005675926351286664,1.234649969641067,1.2016407583635147,1.0262078399578134
2019-05-29,0.0036272361093814265,-0.0016659910437640812,0.005293227153145508,1.2391283365933958,1.1996388356222591,1.031639791161049
2019-05-30,-0.008096491905638326,-0.006188908859031006,-0.0019075830466073196,1.2290957440461203,1.1922143802048388,1.0296718525852249
2019-05-31,-0.0011913436304484826,-0.0030801049301090178,0.0018887612996605352,1.2276314686602396,1.188542234814623,1.0316166569317375
2019-06-03,-0.020502755278702267,-0.002360357147902059,-0.018142398130800208,1.2024616410858648,1.185736850655095,1.0129006568233168
2019-06-04,-0.015434072671518084,-0.009897155684698511,-0.005536916986819573,1.1839027607326327,1.1740014284430773,1.007292309970591
2019-06-05,0.002838212768932147,-0.00085908062912321,0.003697293398055357,1.187262928665318,1.1729928665573388,1.0110165651781573
2019-06-06,-0.026125231557224793,-0.01206267912364456,-0.014062552433580233,1.1562454097346277,1.1588434299937336,0.9967990917191213
2019-06-10,0.01059703973459758,0.012226083412010702,-0.0016290436774131223,1.1684981882845316,1.1730115464302975,0.9951752624611051
2019-06-11,0.037295630361429355,0.031740468688176815,0.00555516167325254,1.2120780647927913,1.2102434826906383,1.000703621937298
2019-06-12,-0.004490834446642777,-0.007616982860429444,0.003126148413786667,1.2066348228673998,1.2010250788260373,1.0038319699776876
2019-06-13,0.010388151429385761,-0.0005029941627993084,0.01089114559218507,1.2191695281273163,1.200420970222012,1.0147648501128044
2019-06-14,-0.022624869263784264,-0.010287463321159929,-0.012337405942624335,1.1915859769430461,1.188071683520902,1.0022452842206564
2019-06-17,0.00512183961108037,0.00035099512273362166,0.004770844488346748,1.197689089199761,1.1884886908872758,1.007026840610852
2019-06-18,-0.0003306791838406653,0.002383180442495858,-0.0027138596263365233,1.1972930383492495,1.1913210738915259,1.004293911125481
2019-06-19,0.014738565448481067,0.013103753250418793,0.0016348121980622743,1.2149394201559707,1.2069318512858243,1.0059357430618285
2019-06-20,0.015945893091487973,0.027783062150996463,-0.01183716905950849,1.2343127142624122,1.2404641139221155,0.9940283116082034
2019-06-21,0.024580662353162586,0.0042498064611786734,0.020330855891983912,1.264652938329912,1.245735846328322,1.0142377579640618
2019-06-24,-0.0007608095793575353,0.0015939071767470114,-0.0023547167561045468,1.263690778259868,1.2477214336341156,1.0118495153207099
2019-06-25,-0.009904757998641989,-0.010257749317568399,0.00035299131892641,1.2511742269160886,1.2349226199497398,1.012206689415678
2019-06-26,-0.0011853816734391787,-0.0019917791038340793,0.0008063974303949006,1.2496911079172228,1.2324629268804719,1.0130229302890514
2019-06-27,0.0023421736309410246,0.010283988140836309,-0.007941814509895284,1.252618101477008,1.245137561004531,1.0049776900824252
2019-06-28,-0.008358888161082545,-0.004537909244244576,-0.0038209789168379693,1.242147606858214,1.2394872397560923,1.0011376915167278
2019-07-01,0.020551715091694955,0.029152669118117647,-0.008600954026422691,1.2676758705761948,1.2756216011328307,0.9925269522578735
2019-07-02,-0.0012102123531549935,-0.00046978545555143025,-0.0007404268976035633,1.266141713577827,1.2750223326578314,0.9917920586058252
2019-07-03,-0.005134831455318345,-0.010496845963812396,0.005362014508494051,1.259640289280057,1.2616386196315013,0.9971100620134788
2019-07-04,0.002565475730777589,-0.004744946464473321,0.00731042219525091,1.2628718658717146,1.2556522119238378,1.00439935754193
2019-07-05,0.0003083151360836478,0.004793225989917715,-0.004484910853834068,1.263261228382897,1.2616708367403289,0.9998947159617063
2019-07-08,-0.02959297196510391,-0.025784930904309555,-0.0038080410607943538,1.2258775742667591,1.229138741390997,0.9960870758268529
2019-07-09,0.0030504885775772816,-0.0014257375155213303,0.004476226093098612,1.2296170998045681,1.2273863121756152,1.0005457867866674
2019-07-10,-0.006049320401889435,-0.0031046610335803138,-0.0029446593683091216,1.2221787519962082,1.2235756937190538,0.9975995202621838
2019-07-11,0.001436565415083857,-0.00027430480913559485,0.0017108702242194518,1.2239344917223762,1.2232400610219252,0.9993062835770959
2019-07-12,0.005366954048492412,0.005581019279311539,-0.0002140652308191271,1.2305032918978152,1.2300669873857148,0.999092366846843
2019-07-15,0.007435970689212645,0.006168738047509059,0.0012672326417035862,1.239653278309347,1.237654948411786,1.0003584493061881
2019-07-16,0.005045021300373209,-0.003150700609566015,0.008195721909939224,1.2459073555034952,1.2337554682113927,1.0085571089669596
2019-07-17,-0.0006910095982208819,-0.0005844785424655718,-0.00010653105575531008,1.2450464215623482,1.2330343646135735,1.0084496663133518
2019-07-18,-0.015425560422323459,-0.011342632232574923,-0.004082928189748536,1.2258408827579406,1.2190485092856351,1.0043322387428184
2019-07-19,0.006286063997310576,0.009709837076483874,-0.003423773079173298,1.2335465969974766,1.2308852716991292,1.000893633061265
2019-07-22,-0.022176496843963278,-0.010177051911941293,-0.011999444932021985,1.2061908547822804,1.2183584883914031,0.988883465028535
2019-07-23,0.006149198674820111,0.003963663531241446,0.002185535143578665,1.2136079619880877,1.2231876514998186,0.9910447045942586
2019-07-24,0.0071003892838910065,0.008425708721387926,-0.001325319437496919,1.2222250509562327,1.2334938743629547,0.9897312537838315
2019-07-25,0.0003610259600999033,0.007162438195223331,-0.006801412235123427,1.2226663059287124,1.2423286980022659,0.9829996835248621
2019-07-26,0.0014784677703618687,0.0018027583651816226,-0.00032429059481975386,1.2244739786559353,1.2445683164548946,0.9826809059727842
2019-07-29,-0.0020596038322211463,-0.0009072920798098849,-0.0011523117524112614,1.2219520473570404,1.2434391294785927,0.9815485512159616
2019-07-30,0.005325838044504705,0.00442471632550645,0.0009011217189982546,1.2284599660594149,1.2489409948945702,0.9824330459337136
2019-07-31,-0.005421631596205456,-0.007864491299212406,0.00244285970300695,1.2217997086927537,1.2391187093069922,0.9848329920325274
2019-08-01,-0.005406600402509176,-0.00793244682630112,0.0025258464237919442,1.2151939258959499,1.2292894660339395,0.987320528923485
2019-08-02,-0.01588665765655828,-0.014194659812088006,-0.0016919978444702721,1.1958885560089119,1.2118401202530045,0.9856499847167453
2019-08-05,-0.013113658514338988,-0.0174845644678997,0.004370905953560711,1.180206081864205,1.1906516235456535,0.9899581681030708
2019-08-06,-0.02502687902008549,-0.013210462016190028,-0.011816417003895463,1.1506692070346205,1.1749225654982887,0.9782604095723525
2019-08-07,-0.001479901374396353,-0.0043551158643624355,0.0028752144899660825,1.1489663300936543,1.1698056415938896,0.9810731180769152
2019-08-08,0.006247352274857398,0.011633626177036005,-0.005386273902178607,1.1561443275096994,1.1834147231279806,0.9757887895448886
2019-08-09,-0.008974405744247238,-0.010263264886431145,0.0012888591421839068,1.1457686192157175,1.1712690243540156,0.9770464438471339
2019-08-12,0.011759444173803812,0.0181312059150891,-0.006371761741285287,1.159242221329481,1.1925055442165438,0.9708209366967699
2019-08-13,-0.006574978230798112,-0.00824600171179446,0.0016710234809963476,1.1516202289600177,1.1826721414576098,0.972443201277833
2019-08-14,0.004136831562554288,0.004756103043165538,-0.0006192714806112498,1.1563842878712556,1.1882970520286635,0.9718409949367673
2019-08-15,5.653828001994654e-05,0.0035446075124423437,-0.003488069232422397,1.1564496678499339,1.1925090986862974,0.9684511462635217
2019-08-16,0.0022289333462539584,0.004231782827502917,-0.0020028494812489583,1.1590273170778689,1.197555538211759,0.9665114843876128
2019-08-19,0.02651810532887855,0.024163274028714765,0.0023548313001637844,1.1897625255511872,1.2264924008461748,0.9687874558830165
2019-08-20,0.0007217896275433233,-0.0007958613483372012,0.0015176509758805246,1.19062128380137,1.2255162829503121,0.9702577371108582
2019-08-21,0.001167502189680425,-0.0007213937747357901,0.001888895964416215,1.1920113367572882,1.2246322031329544,0.9720904530349304
2019-08-22,0.002460488075102907,0.0026264968456841675,-0.00016600877058126073,1.194944266436767,1.2278486957516064,0.9719290774939282
2019-08-23,-0.00027191198959020113,0.005519481499370871,-0.005791393488961072,1.1946193467638309,1.234625783911834,0.9663002537627979
2019-08-26,-0.008186998730517758,-0.012575653767076034,0.0043886550365582755,1.1848389996884234,1.2190995575214538,0.9705410122383017
2019-08-27,0.017481325186345487,0.01427050238230465,0.003210822804040836,1.205551555535441,1.2364967206613302,0.9736572474526534
2019-08-28,0.002648401060517447,-0.0032553648228793586,0.005903765883396805,1.2087443395536295,1.2324714727332837,0.9794054918922863
2019-08-29,-0.00381289486955938,-0.002205660050750069,-0.001607234818809311,1.2041355244627365,1.2297530596421868,0.977831357283984
2019-08-30,-0.009509013764614549,-0.000391740511085481,-0.009117273253529068,1.192685383186159,1.2292713155500936,0.9689162016037567
2019-09-02,0.02037014685503946,0.015662411037901558,0.004707735817137904,1.2169805595935201,1.2485246681713411,0.9734776031098519
2019-09-03,0.004112588667247952,0.0027445068219551505,0.0013680818452928012,1.2219855000511655,1.2519512526405165,0.9748094001454656
2019-09-04,0.00892525191939919,0.008720279449080381,0.00020497247031880939,1.232892028480975,1.262868617420168,0.9750092092363034
2019-09-05,0.00687245892537347,0.009819959033799286,-0.0029475001084258157,1.2413650283061308,1.2752699355083048,0.9721353694863633
2019-09-06,0.002657061767669111,0.005253749357158277,-0.002596687589489166,1.2446634118625646,1.281969884112185,0.9696110376371145
2019-09-09,0.01525811356932727,0.00972767971336097,0.005530433855966299,1.26365462755635,1.2944404765470028,0.9749734073467814
2019-09-10,0.003023404623676784,-0.003445291781217552,0.006468696404894336,1.2674751668000346,1.28998075141188,0.981280214321753
2019-09-11,-0.0030659254783964585,-0.006880636861673506,0.0038147113832770474,1.2635891823929075,1.281104862302866,0.9850235151255107
2019-09-12,0.00694480696450217,0.009340027950779595,-0.0023952209862774243,1.2723645653470594,1.2930704175246543,0.9826641661301053
2019-09-16,0.0008098736840000953,-0.0024570130908908583,0.0032668867748909536,1.2733950199249882,1.2898933265813526,0.9858744186985949
2019-09-17,-0.023012674140080014,-0.017791935335781828,-0.005220738804298186,1.2440907952798537,1.2669436279247606,0.9807274258647303
2019-09-18,0.0011669156586076035,0.0037162751625470225,-0.002549359503939419,1.2455425443095953,1.2716519390615646,0.978227199080828
2019-09-19,0.0077312193264365,0.0051313177736924676,0.002599901552744033,1.2551721069000605,1.2781771892584217,0.9807704934946547
2019-09-20,0.0008448744573377187,0.0027750912279733697,-0.001930216770635651,1.2562325697527432,1.2817242475641284,0.9788773938399667
2019-09-23,-0.009826394214884848,-0.010213672813165542,0.00038727859828069366,1.243888333296775,1.2686331354628075,0.9792564921049418
2019-09-24,0.002893870244778274,0.002463864542115335,0.0004300057026629389,1.2474879847323292,1.271758875662227,0.9796775779809166
2019-09-25,-0.01746636468973517,-0.010203733329020026,-0.007262631360715144,1.2256989046449316,1.258782187236155,0.972562540879683
2019-09-26,-0.018662905251381923,-0.011337904582925051,-0.007325000668456871,1.2028238021208206,1.244510234906586,0.9654385196176232
2019-09-27,0.008275108238928963,0.003967332071576735,0.004307776167352229,1.2127772992757304,1.2494476202749363,0.9695974126634758
2019-09-30,-0.008888519123005145,-0.010611892697017233,0.0017233735740120881,1.2019975050591716,1.236188616198035,0.9712683912218905
2019-10-08,0.0030056104920399562,0.004681491215512645,-0.0016758807234726891,1.2056102413717833,1.2419758223454829,0.9696406612477234
2019-10-09,0.012021429293304298,0.0030625275272169183,0.00895890176608738,1.2201033996437176,1.2457794074895538,0.9783275766802457
2019-10-10,0.011697266299130593,0.009243002822188595,0.002454263476941998,1.2343752740218248,1.2572941500688042,0.9807286503201772
2019-10-11,0.0038524582870218538,0.007737955531131657,-0.0038854972441098035,1.239130653275525,1.2670230362915886,0.9769180318521387
2019-10-14,0.014013565545901496,0.011633873769165914,0.002379691776735582,1.2564952919051373,1.2817634223584302,0.9792427956590819
2019-10-15,-0.00741628176791731,-0.006507011894749781,-0.0009092698731675286,1.2471767687803073,1.2734229725228887,0.9783523996864727
2019-10-16,-0.006586263906658729,-0.003686735674034547,-0.0028995282326241822,1.2389625334428662,1.2687281986219534,0.9755156392821261
2019-10-17,-0.0033668221432189283,0.0001006191895100983,-0.0034674413327290265,1.2347911669506522,1.2688558570250072,0.9721330960337558
2019-10-18,-0.012053619177375019,-0.014063871975678377,0.002010252798303358,1.2199074644606425,1.251010830696218,0.974087329310381
2019-10-21,0.00039211434596753136,0.0017632246838639176,-0.0013711103378963863,1.2203858076782104,1.2532166438726826,0.9727517481031497
2019-10-22,0.01076318819285138,0.00553593026089283,0.005227257931958551,1.2335210497941358,1.260154363814952,0.9778365723942484
2019-10-23,-0.0012867047562862277,-0.006668405474869243,0.005381700718583016,1.2319338723923865,1.251751143556108,0.9830989961785592
2019-10-24,0.0025765311802921076,-0.0005035754765086997,0.0030801066568008073,1.2351079884266636,1.2511207923775214,0.9861270459409831
2019-10-25,0.0067376102206861965,0.00688387235803245,-0.0001462621373462536,1.2434296646331382,1.2597333482167286,0.9859828128915489
2019-10-28,0.009165564693365713,0.010063103692117936,-0.0008975389987522231,1.2548263996659832,1.2724101755242525,0.9850978548648793
2019-10-29,-0.0116594086529207,-0.006738382186782466,-0.004921026466138234,1.2401958658838044,1.263836189463219,0.9802501622493532
2019-10-30,-0.011038443938995224,-0.006512724997094765,-0.004525718941900458,1.2265060333448723,1.2556051719198689,0.9758138255222604
2019-10-31,-0.008956618754208723,-0.0023124087605309596,-0.006644209993677763,1.2155206864044654,1.2527016995205533,0.9693303135507564
2019-11-01,0.010260362607498408,0.015095378233877632,-0.004835015626379224,1.2279923694038906,1.2716117054890375,0.9646435863376154
2019-11-04,-0.0009077210507052458,0.006195101631639721,-0.007102822682344967,1.2268776948800773,1.2794894692405248,0.957791893992198
2019-11-05,0.0015373784724417305,0.006506400302912496,-0.004969021830470766,1.228763870236505,1.2878143399107647,0.9530326051619028
2019-11-06,-0.008371629868563768,-0.005763398012367027,-0.002608231856196741,1.218477113919021,1.2803921533038252,0.9505468751611253
2019-11-07,0.0028331034690813883,0.00284116918051458,-8.06571143319168e-06,1.2219291856574612,1.2840299640287647,0.9505392083243266
2019-11-08,-0.00328955773355033,-0.004501351595221581,0.001211793861671251,1.2179095790549308,1.2782500937018715,0.9516910659022517
2019-11-11,-0.02348439257213597,-0.01874283739882132,-0.004741555173314649,1.18930771238304,1.2542920600405891,0.9471785702053256
2019-11-12,0.003310186993435771,0.00039655746875633113,0.0029136295246794397,1.1932445433037633,1.254789458925,0.9499382976526195
2019-11-13,-0.005324519014875073,-0.0010170677529853789,-0.004307451261889694,1.1868910900435465,1.2535132530295414,0.9458464847336784
2019-11-14,0.002247488028791267,0.002879769097203333,-0.0006322810684120661,1.1895586135598983,1.2571230817585508,0.9452484439077572
2019-11-15,-0.011584118150748668,-0.007716328638380121,-0.003867789512368547,1.1757786260331797,1.2474227069208086,0.9415924218898281
2019-11-18,0.00688980919642046,0.007260097756778938,-0.00037028856035847824,1.1838795164237776,1.2564791177170795,0.941243760987482
2019-11-19,0.013577819227215349,0.011587407052912724,0.001990412174302625,1.1999540184845827,1.271038452707552,0.9431172240283379
2019-11-20,-0.00658891320130206,-0.008973103062878796,0.0023841898615767354,1.1920476256112342,1.2596332936745251,0.9453657945521448
2019-11-21,0.0022745182009289433,-0.0036189656687878324,0.005893483869716776,1.1947589596320611,1.2550747240294549,0.9509372926133197
2019-11-22,-0.0007609602126613657,-0.00977247746644938,0.009011517253788015,1.1938497956000604,1.2428095345701669,0.959506680432975
2019-11-25,0.01164242296044038,0.005501841462333346,0.006140581498107034,1.2077490998716716,1.2496472755972483,0.9653986094021518
2019-11-26,-0.0016618320960680721,0.0017533474854272146,-0.0034151795814952868,1.2057420236535075,1.2518383415055878,0.9621015997833177
2019-11-27,-0.0017412012494578688,-0.0021325102053774136,0.00039130895591954484,1.2036425841353982,1.2491687834668443,0.9624780787558174
2019-11-28,-0.0035822946948058654,-0.003348328747690199,-0.00023396594711566632,1.1993307816918075,1.2449861557184452,0.9622528916605432
2019-11-29,0.0027532991691727737,-0.006423690459615661,0.009176989628788434,1.2026328981366028,1.2369887500276031,0.9710834764675835
2019-12-02,0.0012016946819495278,0.0019789758651638234,-0.0007772811832142956,1.204078095694631,1.2394367209093868,0.9703286715539949
2019-12-03,0.007304594847718393,0.004004012738204388,0.0033005821095140053,1.2128733983486926,1.2443994413281063,0.9735313210076746
2019-12-04,0.0015432426309309744,-0.00052654513100725,0.0020697877619382243,1.2147451562829463,1.243744208861247,0.9755463242217598
2019-12-05,0.0053520306192538225,0.0081089564329202,-0.0027569258136663777,1.2212465095539629,1.2538296764645995,0.9728568153780854
2019-12-06,0.004595293643223641,0.006565787191168848,-0.001970493547945207,1.2268584958761253,1.262062055294238,0.9709398073003084
2019-12-09,0.003185719958619604,-0.0007035004058909555,0.0038892203645105594,1.2307669234728398,1.261174194126079,0.9747160061715748
2019-12-10,0.0002521173916656405,0.0021125866569793317,-0.0018604692653136912,1.2310772212193342,1.2638385339007163,0.9729025769996833
2019-12-11,0.0002892876382065701,-0.0005521357817197536,0.0008414234199263237,1.2314333566411106,1.2631407234238334,0.9737212000132776
2019-12-12,-0.003995240068489947,-0.0030124099507120583,-0.0009828301177778886,1.226513484752983,1.259335625739442,0.9727641974915857
2019-12-13,0.013968279806285677,0.01807262198107029,-0.004104342174784614,1.2436457682941953,1.2820951224507255,0.9687716403697005
2019-12-16,0.008103244119613828,0.008024127121351476,7.911699826235186e-05,1.2537233335530078,1.292382816694935,0.9688482866738883
2019-12-17,0.01192057843980443,0.013593381998049825,-0.0016728035582453948,1.2686684408924396,1.3099506700099848,0.9672275938125403
2019-12-18,-0.0021404419082827753,-0.001740526060550085,-0.0003999158477326903,1.2659529297938377,1.3076706667307973,0.9668407841694103
2019-12-19,0.003939919715820306,-0.0007601619612270794,0.004700081677047385,1.2709406827012328,1.3066766252321362,0.9713850148237072
2019-12-20,-0.003797523142998638,-0.00447901447328003,0.0006814913302813919,1.2661142560452965,1.3008240017158248,0.9720470052896749
2019-12-23,-0.016618337534821115,-0.014119108026966587,-0.002499229507854528,1.2450735419806869,1.2824575271115282,0.9696176367310333
2019-12-24,0.014108459190925737,0.008594462067416764,0.0055139971235089735,1.2626396112374227,1.2934795596813613,0.9749641055908718
2019-12-25,2.044592958294622e-05,0.0005718159295289293,-0.0005513699999459831,1.2626654270780027,1.2942191918981072,0.9744265396320247
2019-12-26,0.00801036804468791,0.008358817580782496,-0.00034844953609458607,1.2727798418662004,1.3050373340327313,0.9740870011563317
2019-12-27,-0.0019732072359706088,-0.0025763445924926742,0.0006031373565220655,1.2702683834724324,1.301675108154195,0.9746745094152317
2019-12-30,0.007390629789045811,0.014177271907009681,-0.00678664211796387,1.2796564668274069,1.3201293100970832,0.9680597423383285
2019-12-31,0.005257617708132489,0.003957540735767262,0.0013000769723652272,1.286384411327725,1.3253537756182727,0.9693182945172164
2020-01-02,0.015316812071221042,0.014798624492093237,0.0005181875791278046,1.3060877196073801,1.3449671884628256,0.9698205832176566
2020-01-03,0.003607186671797935,-0.0006911746910855943,0.004298361362883529,1.310799021821747,1.3440375811818195,0.9739892225414886
2020-01-06,0.00668804897523656,-0.00046815415145817774,0.007156203126694738,1.3195657098763829,1.3434083644084733,0.980959287261207
2020-01-07,0.015283855941158775,0.008570670681467663,0.006713185259691112,1.3397337620910263,1.3549222750905474,0.987544648688806
2020-01-08,-0.013339387955772941,-0.012076569071520438,-0.0012628188842525034,1.321862533681047,1.3385594626488748,0.9862975586573992
2020-01-09,0.015344651131459885,0.012885118484783353,0.002459532646676532,1.3421460531041303,1.3558069599240334,0.9887233897022545
2020-01-10,-0.0026358955590454203,-0.00097871722334808,-0.0016571783356973402,1.3386082962831627,1.3544800083008206,0.9870848987208427
2020-01-13,0.007153143718066746,0.010933667120751833,-0.0037805234026850876,1.3481835538086726,1.369289441833295,0.9833532011607915
2020-01-14,0.003277663420607757,-0.0032952932713805616,0.006572956691988319,1.3526024457272563,1.3647772315490494,0.9898167391649495
2020-01-15,-0.0069218856319063216,-0.004723553376452361,-0.002198332255453961,1.3432398862924955,1.3583306334488605,0.9876407931002549
2020-01-16,-0.007408715752118988,-0.003316645619115932,-0.004092070133003056,1.3332882037880458,1.3538255321041215,0.9835992977086738
2020-01-17,-0.003976367060667618,0.00028076097956430957,-0.004257128040231928,1.3279865604921264,1.354205633486674,0.9794119895580458
2020-01-20,0.005764765260121374,0.009062359582124202,-0.003297594322002828,1.3356420912819595,1.3664779318854687,0.9761822861423777
2020-01-21,-0.012207238391163666,-0.015691932235328276,0.0034846938441646103,1.3193375898684083,1.3450352527772504,0.9795839825456806
2020-01-22,0.0007371437199044095,0.005523944853663032,-0.0047868011337586225,1.3203101312872136,1.3524651533398246,0.9748949088274191
2020-01-23,-0.03110406501179319,-0.03209117302341391,0.0009871080116207187,1.279243119127927,1.3090629600958583,0.9758572354024111
2020-02-03,-0.08709674535846756,-0.08077408760595794,-0.0063226577525096195,1.1678252069296702,1.2033245938753607,0.9696872240876514
2020-02-04,0.0010550173281849151,0.024190723250498758,-0.023135705922313843,1.169057282759272,1.2324338861063184,0.9472528256345346
2020-02-05,0.022413541966285644,0.014768646848727807,0.007644895117557837,1.1952599972273887,1.250635266934628,0.9544944741363209
2020-02-06,0.022551804569230116,0.021649845179427585,0.0009019593898025313,1.2222152670942794,1.2777113268396947,0.9553553893897828
2020-02-07,0.006290094896797882,0.0020844152669450278,0.004205679629852854,1.2299031171086177,1.280374607836108,0.9593733080902096
2020-02-10,0.011688775550973363,0.005975857704982879,0.005712917845990484,1.2442791785939429,1.2880259443016098,0.9648541289829651
2020-02-11,-0.0034436943380001805,0.005719588893245531,-0.009163283231245711,1.2399942614317274,1.2953929231868493,0.9560128973222572
2020-02-12,0.010397468545186861,0.010641784615837313,-0.00024431607065045213,1.2528870627611761,1.3091782156682836,0.9557793280076923
2020-02-13,-0.012356830683025177,-0.006769805024393172,-0.0055870256586320055,1.2374053494616835,1.3003153344060263,0.9504393643781233
2020-02-14,0.0017824188187434142,0.005641570441055732,-0.003859151622312318,1.2396109240429778,1.3076511549606629,0.9467714747631739
2020-02-17,0.03149269480618644,0.02485727376082325,0.006635421045363188,1.2786496125522782,1.3401557977031768,0.953053702131967
2020-02-18,0.025204537812524297,-0.0007009922239635813,0.025905530036487878,1.3108773850608215,1.3392163589100872,0.9777430634389327
2020-02-19,0.001266418324134877,-0.0037126357579273517,0.004979054082062229,1.3125375042019565,1.3342443363683962,0.9826112990301563
2020-02-20,0.02204174535202097,0.021890635246958556,0.00015111010506241307,1.3414681216345532,1.363451792466157,0.9827597815267882
2020-02-21,0.01311623292662989,0.004266879010356606,0.008849353916273284,1.3590631299815608,1.369269476301064,0.9914565706481981
2020-02-24,0.012889938135899115,0.0005591652508953882,0.012330772885003727,1.3765813696498046,1.3700351242113233,1.0036819964462058
2020-02-25,-0.003546437378447731,-0.00020865897197142047,-0.0033377784064763105,1.3716994100260038,1.3697492540907408,1.0003319283514986
2020-02-26,-0.003926648262949972,-0.015892972930951932,0.01196632466800196,1.3663132289203357,1.3479798662732851,1.0123022249819211
2020-02-27,0.0020578769789885154,0.002628470787674919,-0.0005705938086864037,1.3691249334602182,1.3515229919741585,1.011724611599827
2020-02-28,-0.06902510802581452,-0.03981209230513383,-0.02921301572068069,1.2746209370272905,1.2977160338651725,0.9821690846161618
2020-03-02,0.04465727767518213,0.034086691954228865,0.010570585720953263,1.331542038142719,1.3419508805555984,0.9925511871175672
2020-03-03,0.014052799482269895,0.006376345979099085,0.00767645350317081,1.3502539314069515,1.3505076236569775,1.0001704601549921
2020-03-04,0.017443947500451973,0.004613193936253923,0.01283075356419805,1.3738076900986933,1.3567377772372966,1.0130034008514315
2020-03-05,0.027719592993130204,0.02039280582854186,0.007326787164588344,1.4118890801190613,1.3844054672887443,1.020425461166474
2020-03-06,0.0014497896034795232,-0.01376128746783789,0.015211077071317414,1.4139360222286843,1.3653542656813373,1.035947231501812
2020-03-09,-0.03268176551487423,-0.03596363976760564,0.0032818742527314093,1.3677260966971725,1.31625115671521,1.039347080048066
2020-03-10,0.02335093002813937,0.02282224549843681,0.0005286845297025611,1.3996637730788084,1.346290963751366,1.0398965667702789
2020-03-11,-0.0013808954454787026,-0.013749345568855098,0.012368450123376395,1.3977309837493623,1.3277803440545215,1.0527584755898474
2020-03-12,-0.02120635831542561,-0.018705974007570125,-0.0025003843078554855,1.368090199679401,1.302942919450875,1.0501261748175206
2020-03-13,-0.013896846734187451,-0.01220683960531066,-0.0016900071288767915,1.3490780598559124,1.287038104218263,1.048351454095859
2020-03-16,-0.03941871892768034,-0.04403665433636117,0.004617935408680829,1.295899131002952,1.2303612521050777,1.0531926733964703
2020-03-17,-0.0046866543105948955,-0.0030599049493859054,-0.00162674936120899,1.2898256997545408,1.2265964636202287,1.0514793928877926
2020-03-18,-0.015152883463655509,-0.01927785424832873,0.004124970784673221,1.2702811212377323,1.2029503157730423,1.0558167146641406
2020-03-19,0.010163971754205692,-0.007768277802390533,0.017932249556596225,1.2831922226738934,1.1936054635376439,1.0747498834775238
2020-03-20,0.013807973563133347,0.01633164778449836,-0.002523674221365013,1.300910506960993,1.2130990075617936,1.0720375649021765
2020-03-23,-0.0433727011157331,-0.035850202402648135,-0.0075224987130849685,1.244486504364257,1.1696091626062517,1.063973163699821
2020-03-24,0.021463787980599003,0.02496034074307607,-0.0034965527624770676,1.2711978988386483,1.1988030058411276,1.060252925395085
2020-03-25,0.02524860844472543,0.02609497714982245,-0.0008463687050970226,1.3032938768421831,1.2300857428856904,1.059355560499543
2020-03-26,-0.012666506083962803,-0.0073997413982264115,-0.0052667646857363914,1.2867856970219702,1.2209834264906911,1.0537761840438655
2020-03-27,-0.006417075329369415,0.0010208856656985787,-0.007437960995067994,1.278528296271425,1.222229910968851,1.0459382378894158
2020-03-30,-0.029472562054982054,-0.012624489621402057,-0.016848072433579997,1.240846791720515,1.2067998821428576,1.028316194696404
2020-03-31,-0.004691795570291646,0.003153862452191847,-0.007845658022483493,1.23502499223971,1.2106059629784576,1.0202483774938345
2020-04-01,0.0056308768045867374,-0.003354971823983921,0.008985848628570658,1.2419792658215976,1.206544414082718,1.0294161749775388
2020-04-02,0.038093180630553336,0.018494183327555147,0.01959899730299819,1.2892902063339418,1.2288584676696013,1.0495916998145862
2020-04-03,-0.00847230126737275,-0.006231239155058521,-0.0022410621123142294,1.2783669512848075,1.2212011566698333,1.0472394996227323
2020-04-07,0.040078018885771005,0.024961412422982665,0.01511660646278834,1.3296013661013455,1.2516840623928924,1.0630702070108164
2020-04-08,0.008569251678110623,-0.003258703697650467,0.01182795537576109,1.3409950548390277,1.2476051949104825,1.0756441539806414
2020-04-09,0.008854290195085213,0.004891427856485553,0.00396286233859966,1.3528686142047466,1.2537077657147637,1.0799067836881862
2020-04-10,-0.03593288652969939,-0.010080885479075485,-0.025852001050623907,1.3042561398009358,1.2410692813043656,1.0519890323817034
2020-04-13,-0.021294624047341282,-0.005058561658109917,-0.016236062389231365,1.2764824956424383,1.2347912558229013,1.0349088728191669
2020-04-14,0.027107064879692055,0.020251806428501107,0.006855258451190949,1.311084189469609,1.2597980093154324,1.042003440615773
2020-04-15,-0.005393973337342373,-0.0064902585790094225,0.0010962852416670499,1.3040122363085989,1.2516215944776539,1.0431457736094865
2020-04-16,0.006358848807552775,0.003291011495095919,0.003067837312456856,1.312304252962484,1.25574069553259,1.0463459751360973
2020-04-17,0.0031640086621580465,0.00736064245166923,-0.004196633789511184,1.3164563949862442,1.264983753804416,1.041954844261322
2020-04-20,0.010361791309657864,0.005715323581368503,0.004646467728289361,1.3300972414193561,1.2722135452825825,1.046796253819517
2020-04-21,-0.006361792709327796,-0.010585529487504908,0.004223736778177112,1.3216354384861975,1.2587464912845905,1.0512176456560327
2020-04-22,0.007707696775955064,0.008217908311022093,-0.0005102115350670289,1.3318222036944054,1.269090754536788,1.050681302287353
2020-04-23,-0.00845225439362407,-0.0032766383817619538,-0.005175616011862116,1.3205653036217033,1.2649324030605336,1.0452433793158704
2020-04-24,-0.0233033412913628,-0.010372216605196272,-0.012931124686166529,1.2897917196538746,1.2518122501850584,1.0317272068505468
2020-04-27,-0.014376836556589612,0.004710904393114612,-0.019087740949704224,1.2712485949083683,1.2577094180138098,1.0120338651954217
2020-04-28,-0.026691493206887795,0.0033756804170668175,-0.030067173623954613,1.237317071673106,1.2619550430665594,0.9816048672572691
2020-04-29,0.0004676534887855244,0.0034478638022783503,-0.002980210313492826,1.2378957073184078,1.2663060921796512,0.9786794783080943
2020-04-30,0.031045145163927534,0.014866791562423431,0.016178353601504103,1.2763263592499106,1.285132000906313,0.9945129009706982
2020-05-06,0.0203957001733579,0.009075133637159949,0.011320566536197951,1.3023579289965252,1.2967947455559286,1.0057713504372443
2020-05-07,-0.006182286689138894,-0.002417414998866829,-0.0037648716902720647,1.2943063789075955,1.29365985448757,1.0019847503530963
2020-05-08,0.014317403039093124,0.01024612134253955,0.004071281696553575,1.3128374849904847,1.3069148503326216,1.0060641125274348
2020-05-11,-0.0009286772793037912,-0.0011755067311272072,0.000246829451823416,1.3116182826467557,1.3053785631290455,1.006312438780829
2020-05-12,-0.005298592536964186,0.0007554714906843341,-0.00605406402764852,1.304668551802978,1.30636473941804,1.000220158844631
2020-05-13,0.003942640362638361,0.0026026723501926252,0.0013399680124457358,1.3098123906951813,1.3097647788045899,1.0015604218628862
2020-05-14,-0.006008076466130774,-0.010349366022081696,0.004341289555950922,1.301942937695599,1.2962095437059102,1.0059084856619733
2020-05-15,0.00015226684577984706,-0.0014015574779759898,0.001553824323755837,1.3021411804401073,1.2943928315269053,1.0074714907344673
2020-05-18,-0.010561908349669413,0.0005819292731574777,-0.011143837622826891,1.2883880846339686,1.295146076606536,0.996244392032095
2020-05-19,0.010312742650053108,0.009535169953569733,0.0007775726964833751,1.3016748993841936,1.3074955145616782,0.9970190444703638
2020-05-20,-0.004634090991253337,-0.006624891490042972,0.0019908004987896355,1.2956428194594167,1.2988334986539891,0.9990039104813981
2020-05-21,-0.009484480665807427,-0.006991067997344835,-0.0024934126684625912,1.2833543201884616,1.2897532653476698,0.9965129814751601
2020-05-22,-0.015141474725815063,-0.021702479879658454,0.006561005153843391,1.2639224431850624,1.2617624210567382,1.0030511082824904
2020-05-25,-0.002438842845450262,0.00047884151640453787,-0.0029176843618548,1.2608399349772965,1.2623666052877793,1.0001245217497134
2020-05-26,0.024157157132728813,0.013392878003997799,0.010764279128731014,1.2912982434057627,1.2792733272287193,1.010890141265316
2020-05-27,-0.007235529544705188,-0.00760518717677694,0.0003696576320717515,1.2819550168145744,1.2695442141248867,1.0112638245212209
2020-05-28,-0.0010972074158506206,0.0017499345025535629,-0.0028471419184041835,1.2805484462633385,1.271765833347701,1.0083846128958607
2020-05-29,0.01390762578489313,0.0041369410256364425,0.009770684759256687,1.2983578348533953,1.2770270535986799,1.0182372210645512
2020-06-01,0.027525412458900167,0.027784670462110972,-0.00025925800321080494,1.3340956697769797,1.3125088294541196,1.017973234915823
2020-06-02,-0.002921401091069753,0.0021607573506372546,-0.005082158441707008,1.3301982412317017,1.3153448425551388,1.0127997336465637
2020-06-03,0.0017580707398230366,0.0002815002260165844,0.0014765705138064522,1.3325368238377753,1.315715112425608,1.0142952038696573
2020-06-04,0.007429480154395041,-7.288436183250369e-05,0.007502364516227544,1.3424368797254786,1.3156192173692853,1.0219048162161488
2020-06-05,0.002890393290654769,0.003969498085611312,-0.0010791047949565424,1.3463170502757646,1.3208415653340262,1.0208020738289807
2020-06-08,-0.005261047721897394,0.0034106665090962718,-0.008671714230993666,1.3392340120254598,1.3253465154247333,1.01194996995833
2020-06-09,0.008803999680783603,0.006248524945482892,0.0025554747353007112,1.3510246278398266,1.3336279761877736,1.014535982539947
2020-06-10,-0.00014320364713538147,-0.0011374436608696525,0.000994240013734271,1.3508311561857502,1.3321110495003003,1.0155446748091612
2020-06-11,-0.0040297863529488165,-0.009289198239922247,0.005259411886973431,1.3453875952274148,1.3197368058839012,1.0208858425436051
2020-06-12,-0.00026164493334224215,0.001453818206823776,-0.001715463140166018,1.345035581379742,1.3216554632805106,1.0191345505104044
2020-06-15,-0.0008768701997123873,-0.009080926552288648,0.008204056352576261,1.3438561597608774,1.3096536070910294,1.0274955877936491
2020-06-16,0.01714354530654294,0.015976881347131267,0.0011666639594116734,1.3668946187212148,1.3305777873773652,1.0286943298643825
2020-06-17,0.005676951374159911,0.0023269365124871655,0.0033500148616727454,1.374654413005296,1.333673957413518,1.0321404711575466
2020-06-18,0.0015423074476947907,0.004947692324442254,-0.0034053848767474637,1.3767745527444806,1.3402725658159214,1.0286256356063876
2020-06-19,0.007144878748713612,0.012373449256128266,-0.005228570507414654,1.3866114399881544,1.3568563603984254,1.0232473939448854
2020-06-22,-0.0026197585493490383,0.00047666227608234024,-0.0030964208254313785,1.3829788528136202,1.3575031226394898,1.020078989404706
2020-06-23,0.0024327862771849063,0.004490145279302915,-0.002057359002118009,1.3863433447883822,1.3635985088772484,1.0179803207129827
2020-06-24,0.0003479243695794221,0.0024791224061972983,-0.002131198036617876,1.3868256874226383,1.3669790364936631,1.0158108030521635
2020-06-29,-0.005042731305911818,-0.006460870247388728,0.0014181389414769097,1.3798322981128295,1.358147162307977,1.0172513639091447
2020-06-30,0.013600313596789704,0.0143161240932701,-0.0007158104964803957,1.398598450078143,1.3775905656205008,1.0165232047052997
2020-07-01,0.011017889236770939,0.015858615159719314,-0.0048407259229483746,1.4140080528878234,1.3994372442483363,1.0116024944770041
2020-07-02,0.01708176235179626,0.019537341858412383,-0.0024555795066161235,1.4381618024107794,1.4267785280986105,1.0091184241227247
2020-07-03,0.013087535086093283,0.017708797683026356,-0.004621262596933073,1.4569837954593097,1.452045060391195,1.0044550228934503
2020-07-06,0.04107645558828721,0.05286497704905879,-0.011788521460771584,1.516831525626348,1.5288073891829748,0.9926139832996911
2020-07-07,0.011778401311869358,0.007623609603436998,0.004154791708432359,1.5346973760576703,1.5404624198769554,0.9967380876471786
2020-07-08,0.020959682957697012,0.01813904595603333,0.002820637001663684,1.5668641464958486,1.568404938504646,0.9995495239781638
2020-07-09,0.02499741186547766,0.016483204384308614,0.008514207481169045,1.6060316949030555,1.594257277663377,1.0080598960130176
2020-07-10,-0.009213355574379523,-0.014290630129437987,0.005077274555058464,1.5912347538341902,1.5714743365771249,1.0131780928730194
2020-07-13,0.03063076328939296,0.024088524371787434,0.006542238917605525,1.6399754889167408,1.6093288344334014,1.0198065460226786
2020-07-14,-0.006396146202788944,-0.010480448748283244,0.0040843025454943005,1.629485965920639,1.5924623460649876,1.0239717444945107
2020-07-15,-0.02123943925883154,-0.01591306026103123,-0.005326378997800307,1.5948765977243493,1.5671213967886324,1.0185176829002942
2020-07-16,-0.0434093216464736,-0.048082798556142614,0.0046734769096690165,1.5256440865072995,1.4917698143538238,1.0232777017734183
2020-07-17,0.003691255245982017,0.005701899626044726,-0.0020106443800627094,1.531275628245121,1.5002757361004326,1.0212202542131041
2020-07-20,0.037617820973088856,0.02956220812076804,0.008055612852320815,1.5888788806889,1.5446271996495722,1.0294468092179936
2020-07-21,0.00810580008475914,0.003109338797679939,0.004996461287079201,1.6017580152546602,1.5494299689293942,1.0345904003473585
2020-07-22,0.004724443913243892,0.005918648888527889,-0.0011942049752839967,1.6093254311603198,1.55860050089285,1.0333548873438827
2020-07-23,-0.008207973805339774,-0.0003429562283432386,-0.007865017576996536,1.5961161301770888,1.5580659691435699,1.0252275329916478
2020-07-24,-0.04177275648092049,-0.04560339260661206,0.0038306361256915666,1.5294419597559321,1.487012875045714,1.0291548066165792
2020-07-27,-0.002644179596342444,0.004399450404364513,-0.0070436300007069574,1.5253978405321555,1.4935549144401292,1.021905820945323
2020-07-28,0.013773218682388233,0.009008373099140377,0.0047648455832478565,1.5464074785674478,1.5070094143534607,1.0267750443827495
2020-07-29,0.025181956633931524,0.024881283388968445,0.0003006732449630789,1.5853490446311207,1.5445057426618325,1.0270837681671912
2020-07-30,-0.003396065402957116,-0.004390120940100273,0.000994055537143157,1.5799650955890379,1.5377251756588677,1.0281047464740478
2020-07-31,0.011022321022531534,0.008880237824062887,0.0021420831984686473,1.597379978077015,1.5513805409267674,1.0303070323777357
2020-08-03,0.0295955689356604,0.018253667717417876,0.011341901218242523,1.644655347334637,1.5796989258241125,1.0419926729634246
2020-08-04,-0.00164256030699228,-0.0008541736642968534,-0.0007883866426954267,1.6419539017424225,1.5783495886041556,1.0411711798582737
2020-08-05,0.009648231761203885,0.002992594889685174,0.006655636871518711,1.6577958535276465,1.5830729495171492,1.0481008371525011
2020-08-06,-0.001130072338976773,-0.0023446638689303967,0.0012145915299536236,1.6559224242899044,1.5793611755705352,1.0493738515518438
2020-08-07,-0.016601091920363187,-0.011642364773282399,-0.004958727147080788,1.6284323039112771,1.560973676655783,1.044170292946717
2020-08-10,0.013080527664772523,0.004061738266617043,0.00901878939815548,1.6497330577127978,1.5673139431714376,1.0535874449146136
2020-08-11,-0.01750586540264143,-0.01147650145288659,-0.00602936394975484,1.6208530528541893,1.549326662425501,1.0472349827563312
2020-08-12,-0.007276866236884838,-0.008209634305030744,0.0009327680681459061,1.609058321998923,1.5366072571079539,1.0482118101080917
2020-08-13,0.0036449380655196872,-0.0010063867761722634,0.004651324841691951,1.6149232399264182,1.5350608358842301,1.0530873837398025
2020-08-14,0.011716596178256156,0.013856487979180487,-0.0021398918009243317,1.6338446433875171,1.5563313879039706,1.0508338906816808
2020-08-17,0.016593515183615182,0.02220171592066489,-0.005608200737049707,1.6609558692852362,1.5908846152566287,1.044940603281443
2020-08-18,0.008993424627309565,0.001264693312822418,0.007728731314487147,1.6758935507049404,1.5928965963910158,1.0530166684438034
2020-08-19,-0.014505297776450266,-0.015764484938042167,0.0012591871615919015,1.6515842157103326,1.567785401989351,1.05434261351365
2020-08-20,-0.009710272993961211,-0.012454213585069374,0.0027439405911081627,1.635546882103268,1.5482598677374217,1.0572356670078054
2020-08-21,0.012944984231176848,0.008263942050121154,0.004681042181055695,1.6567190107014451,1.561054597562932,1.0621846317603854
2020-08-24,0.013670246799797559,0.007576486469438759,0.0060937603303587995,1.6793667684556504,1.5728819065994226,1.0686573303329236
2020-08-25,0.005767728426532059,-0.0003918667879867499,0.006159595214518809,1.6890528999046452,1.5722655464188011,1.0752398269108028
2020-08-26,-0.014784168728567693,-0.013535045710541538,-0.0012491230180261548,1.6640816568409784,1.5509848603789131,1.07389672009311
2020-08-27,0.01654327850209092,0.006035397104710238,0.01050788139738068,1.6916110231403196,1.5603456699146934,1.0851810994608846
2020-08-28,0.016526872693846784,0.02219325982981868,-0.005666387135971895,1.7195680631672676,1.5949748267914428,1.0790320432386995
2020-08-31,0.000526828891372233,-0.005204263970616574,0.005731092861988807,1.7204739813036252,1.5866741567663316,1.085216076079562
2020-09-01,0.0037926675838433344,0.005606223298705304,-0.0018135557148619696,1.7269991672013614,1.5955694063914485,1.0832479762629277
2020-09-02,0.005384176573737909,0.0005352197538748271,0.004848956819863082,1.7362976356602717,1.5964233866564275,1.0885005989250307
2020-09-03,-0.009258491114185419,-0.006196928273061286,-0.0030615628411241325,1.7202221394289299,1.58653046543588,1.0851680859388204
2020-09-04,-0.003274247426946264,-0.00895027236643331,0.0056760249394870455,1.7145897065151288,1.5723305856525847,1.0913275270581446
2020-09-07,-0.018068838779765728,-0.02113571165883954,0.003066872879073812,1.683609061534661,1.5390982597618572,1.094674489853066
2020-09-08,0.0022340017441533355,0.005798880359212832,-0.003564878615059497,1.687370247114602,1.548023306431289,1.0907721081737376
2020-09-09,-0.027049363999810505,-0.024269653348174547,-0.002779710651635958,1.6417279550979489,1.5104533174093067,1.0877400773261396
2020-09-10,-0.027084613599979268,-0.004835672260585122,-0.022248941339394146,1.597262387797837,1.5031492602014016,1.0635390121532022
2020-09-11,0.013476089602476593,0.010462056818373977,0.003014032784102616,1.6187872388544662,1.5188752931681255,1.066744553603004
2020-09-14,0.009291942243932372,0.005400680330571506,0.003891261913360866,1.6338289163831166,1.5270782530885296,1.0708955360557246
2020-09-15,0.01081542570083771,0.007492881420934516,0.0033225442799031946,1.6514994716361384,1.53852046935941,1.0744536338934205
2020-09-16,-0.01075615757999171,-0.006320142079570212,-0.004436015500421497,1.633735683075947,1.5287968014007314,1.069687340918985
2020-09-17,0.011100261979191117,-0.00349849883422948,0.014598760813420597,1.6518705771628428,1.5234483075732572,1.0853034505542052
2020-09-18,0.014919042591529541,0.020953787570180182,-0.006034744978650641,1.6765149046592298,1.5553703197842979,1.078753921005661
2020-09-21,-0.004213060689667092,-0.008175983933352837,0.003962923243685745,1.6694516456187691,1.5426536370393276,1.0830289399934314
2020-09-22,-0.014156731512723009,-0.012276682304334763,-0.0018800492083882459,1.6458176668982707,1.5237149684317692,1.0809927922921352
2020-09-23,0.012668373243482023,0.003983172322878481,0.008685200920603542,1.6666674993932546,1.5297841877219822,1.0903814318869167
2020-09-24,-0.023848741055466416,-0.020134850621998823,-0.0037138904334675926,1.6269195777746632,1.4989822116183042,1.0863318747182011
2020-09-25,-0.003977977090716789,0.0008492121680319098,-0.004827189258748699,1.620447728965837,1.500255165552074,1.081087945161125
2020-09-28,-0.01336030385741438,-0.0003153614285953399,-0.01304494242881904,1.5987980549217964,1.4997820429398079,1.066985215156008
2020-09-29,0.010577248798708805,0.0036037980364374,0.006973450762271405,1.6157089397275959,1.5051869545212384,1.07442578401797
2020-09-30,0.0027231596958250393,-0.0021390994458659884,0.004862259141691028,1.6201087731924462,1.5019672099408974,1.0796499206083798
2020-10-09,0.029515256350258534,0.021954871135699827,0.007560385214558707,1.6679266989485242,1.5349427064851964,1.087812489905047
2020-10-12,0.02936175559317422,0.029968237438475098,-0.0006064818453008769,1.7168999550303807,1.5809422339676003,1.087152751378828
2020-10-13,0.006323010739087254,0.0028986153388099734,0.0034243954002772803,1.7277559318839764,1.5855247773767513,1.0908755922600484
2020-10-14,-0.0038904927736235217,-0.006617105471399154,0.002726612697775632,1.7210341099163966,1.5750331926973327,1.0938499875015981
2020-10-15,-0.004423057524435392,-0.0031173999451655776,-0.0013056575792698144,1.7134218770467209,1.570123184308784,1.0924217939748324
2020-10-16,-0.0035753105740278235,-0.0022871283380325735,-0.00128818223599525,1.7072958616919451,1.5665321110797494,1.0910145556256199
2020-10-19,-0.010326179222794774,-0.008368188313154779,-0.001957990909639995,1.6896660186377783,1.5534230753756302,1.08887835904342
2020-10-20,0.01233090295662298,0.008515045141851862,0.0038158578147711175,1.7105011263427043,1.566650542986848,1.0930333640391108
2020-10-21,-0.010559081646083435,-0.0028358491965045918,-0.007723232449578843,1.692439805293934,1.5622077583033154,1.0845916132934916
2020-10-22,-0.007049710844701074,-0.003592338036656484,-0.00345737280804459,1.6805085940445497,1.5565957799520025,1.0808417757418576
2020-10-23,-0.01698382830339562,-0.01340155557118905,-0.0035822727322065706,1.6519671246209162,1.5357349751050973,1.0769699057207878
2020-10-26,0.004417145593718974,-0.004363880331504366,0.00878102592522334,1.659264103926404,1.5290332114528329,1.0864268063836071
2020-10-27,0.01031321202821589,0.0015731462559109843,0.008740065772304906,1.6763764464410047,1.5314386043245936,1.095922248128195
2020-10-28,0.005282212580502321,0.0071038417595199466,-0.0018216291790176253,1.6852314231960532,1.5423177018341356,1.0939258841830701
2020-10-29,0.0019649012309275182,0.006088829219162317,-0.004123927988234799,1.688542736493889,1.5517086109222946,1.089414612612233
2020-10-30,-0.022885438967872318,-0.017842457084087604,-0.005042981883784714,1.649899694753214,1.5240223166249043,1.0839207144568992
2020-11-02,0.0034399336330490637,0.005370828963174645,-0.0019308953301255816,1.655575240204353,1.532207579823558,1.081827777011128
2020-11-03,0.016302358182182175,0.012965906905686664,0.003336451276495511,1.6825650207677167,1.5520740406637377,1.0854372426786851
2020-11-04,0.0023574432234210185,0.005488641724650245,-0.0031311985012292265,1.686531572273891,1.5605928190030711,1.0820385232112313
2020-11-05,0.01851343259030558,0.015792966916832407,0.0027204656734731714,1.7177550608486056,1.585239209764233,1.084982171871003
2020-11-06,-0.014255936677341374,-0.0017792804848482113,-0.012476656192493163,1.6932668534739652,1.5824186245744833,1.071445222337584
2020-11-09,0.020810812346328644,0.019465124857185323,0.0013456874891433213,1.7285051122138704,1.613220600678161,1.072887052768586
2020-11-10,-0.00563642154136057,-0.005992703483158057,0.0003562819417974872,1.7187625287650363,1.6035530479653748,1.0732693030510758
2020-11-11,-0.013307929487701542,-0.010451699304292239,-0.002856230183409303,1.6958893582261276,1.5867931936895594,1.0702037988727746
2020-11-12,0.0011849793710421164,0.0013288640695305887,-0.0001438846984884723,1.6978989521311953,1.588901826150429,1.0700498129218525
2020-11-13,-0.0004850023683957705,-0.008379362839433524,0.007894360471037754,1.697075467118115,1.575587841232876,1.0784971718670242
2020-11-16,0.0102822657749857,0.010448090167912927,-0.0001658243929272274,1.7145252481112314,1.5920497250655445,1.0783183307282256
2020-11-17,-0.00903439188453381,-0.0033205493466067493,-0.005713842537927061,1.699035555123867,1.5867632453912126,1.0721569895806842
2020-11-18,0.0023756195409014857,-0.0003368692530739681,0.002712488793975454,1.7030718171893056,1.5862287136419324,1.075065203400304
2020-11-19,0.004744230845739494,0.006408489295933961,-0.0016642584501944668,1.7111515830369246,1.5963940433742099,1.0732760170510351
2020-11-20,0.0023917157228883212,0.004671610580999852,-0.002279894858111531,1.7152441711823192,1.603851774678682,1.070829060578426
2020-11-23,-0.0007537191876431093,0.011381974737864953,-0.012135693925508062,1.713951358739006,1.6221067750613547,1.057833806852707
2020-11-24,-0.0013453935948261053,-0.00462273508033606,0.0032773414855099547,1.711645419559115,1.6146082051682278,1.06130068947268
2020-11-25,-0.012713526665324437,-0.014311354083927141,0.0015978274186027042,1.6898843698759698,1.591500975437251,1.0629964648137016
2020-11-26,-0.004855925829606145,0.0007943326579256116,-0.005650258487531756,1.6816784167152414,1.5927651566371614,1.0569902600161718
2020-11-27,-2.7884814946643743e-05,0.01017027086725486,-0.010198155682201504,1.6816315234237915,1.608964009708087,1.0462109087899563
2020-11-30,-0.003026581588872812,-0.00428296323523536,0.0012563816463625477,1.676541928415729,1.6020728760076905,1.0475253489739844
2020-12-01,0.014096116676080683,0.02042355811284713,-0.0063274414367664455,1.7001746590510185,1.6347929044918497,1.0408971936748233
2020-12-02,0.002988991399153651,0.0003073575210070789,0.002681633878146572,1.7052564664839809,1.6352953703863342,1.0436884988530493
2020-12-03,0.001111790344923147,-0.0013184934452701302,0.0024302837901932772,1.7071523541590354,1.6331392441593993,1.046224958093823
2020-12-04,0.005380088320757093,0.0022032304847301454,0.0031768578360269473,1.7163369846013994,1.6367374263279404,1.0495486660501903
2020-12-07,-0.004608894830940513,-0.008059889571463752,0.003450994740523239,1.708426567944918,1.6235455034142554,1.0531706529766527
2020-12-08,-0.002199674912160221,-0.0019261407248195583,-0.0002735341873406627,1.7046685848841416,1.6204183263015315,1.0528825747979598
2020-12-09,-0.017925693423884725,-0.014506837530887107,-0.0034188558929976187,1.6741112184421811,1.596911180909803,1.0492829210024772
2020-12-10,-0.0002323876874167352,0.0001354447688910465,-0.0003678324563077817,1.673722175607649,1.597127474175641,1.048896960688283
2020-12-11,-0.013860472235449395,-0.011976525959872641,-0.0018839462755767533,1.6505235958627833,1.5779994355199505,1.0469208951657305
2020-12-14,0.0027203774181738805,0.00895543046261138,-0.0062350530444375,1.6550136429811315,1.5921310997347895,1.0403932878510422
2020-12-15,0.0020824367490479556,0.0018428292207086638,0.00023960752833929178,1.658460104211451,1.5950651254485797,1.040642573915245
2020-12-16,-0.0052421707521679295,0.0002594445989059224,-0.005501615351073852,1.6497661731595163,1.5954789564802805,1.0349173587556117
2020-12-17,0.007503771522018976,0.012598759615257027,-0.005094988093238051,1.662145641587661,1.6155800123241766,1.0296444671352665
2020-12-18,-0.0023706275211079486,-0.0033076696367349,0.0009370421156269515,1.6582053133856236,1.610236207371696,1.0306092873650945
2020-12-21,0.006938186094126664,0.011106804813042714,-0.004168618718916051,1.6697102504321626,1.6281207866298677,1.0263130701978955
2020-12-22,-0.020870290180770468,-0.01785919331469621,-0.0030110968660742587,1.6348629129878365,1.5990438627617696,1.0232227421286115
2020-12-23,-0.0009128526908795953,0.008684902603683042,-0.009597755294562638,1.6333705239784964,1.6129314029688726,1.0134021006378298
2020-12-24,-0.01654956092894888,-0.004806950666863541,-0.01174261026208534,1.6063389589723651,1.6051781212857663,1.001502114731261
2020-12-25,0.010394455239040479,0.009170254036173553,0.0012242012028669258,1.6230359773801302,1.6198980124312645,1.0027281548247888
2020-12-28,-0.00829927096620886,0.002207794293517029,-0.01050706525972589,1.6095659620159468,1.62347441401919,0.9921924246642803
2020-12-29,0.0015754026255403453,-0.004894801092921952,0.006470203718462297,1.612101676458487,1.615527829683118,0.9986121117797732
2020-12-30,0.005323468275645782,0.013396728793506174,-0.008073260517860392,1.6206836485902292,1.6371706178757444,0.9905500560450843
2020-12-31,0.01570986911942085,0.018304357546854222,-0.0025944884274333724,1.646144376593567,1.6671379742305463,0.9879800853878818
2021-01-04,0.012200915778949106,0.01246739960584664,-0.00026648382689753447,1.666228845492376,1.6879228495533602,0.9877168046738292
2021-01-05,0.00615688417411886,0.01680851412735107,-0.010651629953232211,1.6764876235016484,1.7162943246159565,0.9771960107718546
2021-01-06,-0.008964803702623758,0.006722159269268779,-0.015686962971892537,1.661458241047078,1.7278315284189671,0.9618667731345955
2021-01-07,-0.017048843193813057,0.014140567039075513,-0.03118941023288857,1.6331323000223978,1.752264045978804,0.9318667157579158
2021-01-08,0.0014271252956896685,-0.001933895374913619,0.0033610206706032875,1.6354629844389676,1.7488753506446582,0.9349987390518254
2021-01-11,-0.016792712823820888,-0.0111288177716522,-0.005663895052168688,1.607999124207295,1.7294124355619993,0.9297030043199258
2021-01-12,0.012702493068643239,0.025262757605130748,-0.012560264536487509,1.6284247219369226,1.773102162720901,0.9180256886453003
2021-01-13,-0.012043845096502248,-0.0041040967007791584,-0.00793974839572309,1.6088122268345995,1.7658251799847338,0.9107367956566462
2021-01-14,0.006305250968932308,-0.01701399435319484,0.023319245322127147,1.6189561916866784,1.7357814403437442,0.9319744904184515
2021-01-15,0.011071586135859235,-0.002525720126508202,0.013597306262367437,1.6368806046131201,1.7313973422246485,0.9446468329933849
2021-01-18,0.01155070027904559,0.011949121818475739,-0.00039842153943014935,1.6557877218695891,1.752086019983076,0.9442704653479659
2021-01-19,0.019417082698660826,-0.012755130449766172,0.032172213148427,1.6879382889965582,1.72973793423898,0.974649736028905
2021-01-20,-0.002650689297005182,0.007585883115035497,-0.010236572412040679,1.6834640890399097,1.7428595240277598,0.9646726634296688
2021-01-21,0.005760323000402412,0.015542409173658678,-0.009782086173256266,1.6931613859523578,1.7699477598824072,0.9552361523070152
2021-01-22,-0.016224631844157122,0.001181012666232606,-0.01740564451038973,1.665690465812538,1.7720380906053983,0.9386096514164868
2021-01-25,-0.029474008233659643,0.008116840716027252,-0.037590848949686895,1.6165958913084508,1.7864214415295754,0.9033265177873714
2021-01-26,-0.00201510064503585,-0.01938668343784844,0.01737158279281259,1.6133382878851128,1.7517886545560566,0.9190187291800577
2021-01-27,0.0017294499206703673,0.002940743487715336,-0.0012112935670449687,1.61612847565911,1.7569402156337959,0.917905527705408
2021-01-28,-0.0011892742627811481,-0.026083986809717463,0.024894712546936315,1.614206455657661,1.7111122102237417,0.9407565219628781
2021-01-29,-0.021510721462255855,-0.005990628168690115,-0.01552009329356574,1.5794837102074337,1.7008615732173857,0.9261558929754837
2021-02-01,-0.00036481678822819497,0.011213895943340768,-0.011578712731568963,1.578907488033217,1.7199348579134723,0.9154321999460708
2021-02-02,0.005394071642071285,0.01414313939809353,-0.008749067756022244,1.587424228139871,1.7442601363645827,0.9074230216026982
2021-02-03,-0.023690916908555626,-0.004124699715773228,-0.019566217192782398,1.5498166926523813,1.737065587075885,0.8896681856762889
2021-02-04,-0.023401407237304994,-0.0039875744758661735,-0.01941383276143882,1.5135488010844498,1.7301389086779557,0.8723963163063967
2021-02-05,-0.008500011668842511,-0.001651334119557979,-0.006848677549284532,1.5006836186138695,1.727281871266481,0.8664215552408305
2021-02-08,-0.008137109787978991,0.014491834797303982,-0.022628944585282973,1.4884723912521869,1.752313354793253,0.8468153498797911
2021-02-09,0.01861368358072002,0.02174949595321074,-0.0031358123724907205,1.5161783453615927,1.790425287012086,0.844159895828423
2021-02-10,0.010494533248880611,0.019049679540114495,-0.008555146291233884,1.5320899294182226,1.8245323149701838,0.8369379844264181
2021-02-18,0.03411679896416686,-0.002484269278972495,0.036601068243139356,1.5843599335352088,1.8199996853916107,0.8675708087096848
2021-02-19,0.035319189520715,0.00429062885536835,0.03102856066534665,1.6403182422967661,1.8278086285585133,0.8944902821792171
2021-02-22,0.013743417752295262,-0.026147758057251336,0.0398911758095466,1.6628618211473614,1.7800155307640089,0.9301725512855592
2021-02-23,-0.006390146298092758,-0.0033144737629227095,-0.0030756725351700487,1.6522358908367167,1.7741157159896965,0.9273116451166011
2021-02-24,0.010470911685942719,-0.023029098388678393,0.03350001007462111,1.6695363069340128,1.7332594306132691,0.9583765945703209
2021-02-25,-0.010207091741472829,0.003331628453178581,-0.01353872019465141,1.6524951966834176,1.7390340070490404,0.9454014020153304
2021-02-26,0.0059907829461827156,-0.0235047126581841,0.029495495604366817,1.6623949367263575,1.6981585124105423,0.9732864849128358
2021-03-01,0.0230748441369506,0.01627565923634533,0.006799184900605271,1.700754440785374,1.7257971616878354,0.9799040396850183
2021-03-02,-0.005450482433169368,-0.011821725383821535,0.006371242950652167,1.6914845085827386,1.7053952615741832,0.986147246390177
2021-03-03,0.008952744545013047,0.018078428103137645,-0.009125683558124598,1.7066279372899267,1.7362261271979837,0.9771479786779044
2021-03-04,-0.0067642209394188635,-0.02867310603173223,0.021908885092313368,1.695083928860713,1.6864431313577721,0.9985562014609449
2021-03-05,0.012631757173850788,-0.002585172389670043,0.015216929563520831,1.7164958174393783,1.6820833851378374,1.0137511608437932
2021-03-08,-0.01029648016454221,-0.0321067976774575,0.02181031751291529,1.698821952302594,1.628077074214604,1.0358613955408829
2021-03-09,-0.02217937808661996,-0.02197000165089491,-0.0002093764357250505,1.661143137920625,1.592308218206325,1.0356445105739793
2021-03-10,-0.01830721222206222,0.0034016070669835585,-0.021708819289045778,1.6307322379634897,1.5977246250941917,1.0131618910462366
2021-03-11,0.016419412612156403,0.024925053395343566,-0.008505640783187163,1.6575079034385574,1.6375479966857196,1.0045442999457828
2021-03-12,-0.0013401627973681496,0.0030600911192240066,-0.004400253916592156,1.6552865730100252,1.6425590427676806,1.000124049955556
2021-03-15,-0.005298918182885637,-0.018491096131028728,0.013192177948143091,1.646515344890416,1.6121863256069728,1.0133178643927871
2021-03-16,0.01903886957342782,0.007527958825379821,0.011510910748047998,1.677863135792432,1.6243227978849826,1.0249820758892152
2021-03-17,0.011640227021400662,0.004372272451219628,0.007267954570181034,1.6973938436038951,1.631424779706063,1.0324315990520279
2021-03-18,0.0011550311611225883,0.00796885441784112,-0.006813823256718532,1.6993543863859553,1.6444253662691992,1.025396792611436
2021-03-19,0.003714990639499316,-0.022739447517389766,0.026454438156889082,1.7056674720245713,1.6070320419566564,1.0525230886478478
2021-03-22,0.012402895276764303,0.011346179222383457,0.0010567160543808463,1.7268226870570753,1.6252657155208095,1.0536353066932285
2021-03-23,-0.004851391343949296,-0.010437241607285541,0.005585850263336245,1.7184451944205514,1.6083024245718809,1.059520755748581
2021-03-24,-0.006874353157397817,-0.015231369980648224,0.008357016823250407,1.7066319952724713,1.583805775302453,1.068375188528955
2021-03-25,-0.0002802294995825072,0.00018211919897348494,-0.00046234869855599214,1.7061537466424646,1.5840942167415808,1.0678812266509692
2021-03-26,0.012659888099883831,0.02099422413922336,-0.00833433603933953,1.7277534621561557,1.617351045785501,1.0589811456579579
2021-03-29,-3.8747127693250505e-05,0.0014790125638914908,-0.0015177596915847413,1.7276865166721351,1.6197431283024408,1.05737386676093
2021-03-30,-0.006787098884858622,0.008256978398992976,-0.015044077283851598,1.7159605374414444,1.6331173123247513,1.0414666525914535
2021-03-31,0.008724797636354698,-0.007995049078546645,0.016719846714901343,1.7309319458825914,1.6200604592616907,1.0588798153814643
2021-04-01,0.0017954294418782712,0.011651074078285806,-0.009855644636407535,1.7340397120601165,1.6389359036838504,1.0484438722083997
2021-04-02,0.0024731784720439798,0.008230423811176557,-0.005757245339132577,1.738328301745653,1.652425040770522,1.042407723611786
2021-04-06,0.006714170555641941,-0.0026055318191133825,0.009319702374755323,1.7499997344452727,1.6481195947480949,1.052122653348994
2021-04-07,0.0053671851441388085,-0.005339669144801329,0.010706854288940137,1.7593923070222341,1.639319181401076,1.0633875772924948
2021-04-08,-0.007412296485289072,0.0015926098327350147,-0.009004906318024086,1.7463511696086487,1.6419299772483664,1.0538118717792253
2021-04-09,0.0022347756653398054,-0.01239645059263339,0.014631226257973196,1.7502538727056278,1.6215758734088435,1.0692304317085655
2021-04-12,-0.008327905103336475,-0.01734550261140022,0.009017597508063746,1.7356779245469882,1.5934488248620469,1.0788723213850866
2021-04-13,-0.004687278940171402,-0.0018740535047353513,-0.002813225435436051,1.7275423179643388,1.5904626165071978,1.0758372103289782
2021-04-14,0.010593032052100382,0.008882210709759919,0.0017108213423404628,1.7458422291098947,1.6045894405930108,1.077677775589293
2021-04-15,0.000815054986385011,-0.004927901236104093,0.005742956222489104,1.7472651865241722,1.5966821823052728,1.0838668318764517
2021-04-16,0.015094935743369398,0.004990671442963723,0.010104264300405674,1.773640042241381,1.6046506984759927,1.0948185088121747
2021-04-19,0.011285645618786422,0.021830755045396444,-0.010545109426610022,1.7936567152134066,1.6396814348078463,1.0832735278344723
2021-04-20,-0.0031641038375997965,-0.00043613902577166463,-0.002727964811828132,1.7879813991174633,1.6389663057442934,1.0803183957689548
2021-04-21,-0.0007288928060930067,0.002035465231529532,-0.0027643580376225385,1.7866781523382185,1.6423023646752843,1.0773320089284195
2021-04-22,0.0018694347149230683,-0.0005391462149062498,0.002408580929829318,1.790018230500594,1.641416923571638,1.0799268502602193
2021-04-23,-0.005234472526522871,0.007609987934081408,-0.012844460460604279,1.7806484292510636,1.6539080865548152,1.066055772531707
2021-04-26,-0.003356586713327503,-0.009455639958085515,0.006099053244758013,1.774671528392332,1.6382693271645867,1.0725577034502596
2021-04-27,-0.004916581768220629,0.0021439827225755437,-0.007060564490796173,1.765946210711258,1.641781748296953,1.0649848406149487
2021-04-28,7.216433896295449e-05,0.005894992899696749,-0.005822828560733795,1.7660736490521982,1.6514600400460153,1.0587836164682674
2021-04-29,0.0028745669902736637,0.006835675347047765,-0.003961108356774101,1.7711503460661557,1.6627488847283924,1.0545896598370594
2021-04-30,-0.00878373927455689,-0.006296865812408625,-0.0024868734621482647,1.7555930232102694,1.6522787781215256,1.0519670287985547
2021-05-06,0.0014706810564366624,-0.009247916442768567,0.010718597499205229,1.758174940612317,1.6369986420412979,1.0632426399626813
2021-05-07,-0.0057639211379082456,-0.011479978042737926,0.0057160569048296805,1.748040958907981,1.618205933574672,1.0693201953963494
2021-05-10,-0.002040534952390871,0.0005834409876359636,-0.0026239759400268348,1.7444740202331184,1.6191500612427552,1.0665143249314446
2021-05-11,0.008520828071836961,0.003979695537690953,0.0045411325341460085,1.759338383435311,1.625593785516335,1.0713575078305235
2021-05-12,0.0049337481848088505,0.005299866265839448,-0.0003661180810305975,1.7680185159910493,1.6342092151821512,1.0709652644756589
2021-05-13,-0.004184500963668958,-0.010454536072846632,0.006270035109177674,1.7606202408071001,1.617124315991451,1.0776802542846309
2021-05-14,0.013172153875504966,0.021208263129234295,-0.008036109253729329,1.78381140153534,1.6514207139976806,1.0690198980206127
2021-05-17,-0.004390629865769213,0.013045748504354249,-0.017436378370123462,1.7759793459208593,1.6729647333073756,1.0503800625935344
2021-05-18,0.0035795199316972504,0.0011389044872582854,0.002440615444438965,1.7823364993878656,1.6748700803491643,1.052943636396831
2021-05-19,-0.004664635303416875,-0.002805144589300368,-0.0018594907141165073,1.7740225496302526,1.6701718276054918,1.050985697482463
2021-05-20,1.1241891378910296e-05,0.0008530030888873608,-0.0008417611975084505,1.7740424929990593,1.6715964893334119,1.0501010185031858
2021-05-21,-0.003860542377573828,-0.008496520362738957,0.0046359779851651295,1.7671937267752196,1.6573937357235076,1.0549692637071661
2021-05-24,0.004799304602616461,0.003787297004302914,0.0010120075983135468,1.7756750277618467,1.6636707780537636,1.056036900618025
2021-05-25,0.008674772802457653,0.026979185635878533,-0.01830441283342088,1.7910786051986785,1.7085552608118626,1.0367067652217865
2021-05-26,0.006187903848898779,0.0005998619680076533,0.005588041880891126,1.8021616273934675,1.709580158133063,1.042499926044049
2021-05-27,0.005997863050628105,0.004521571290703186,0.0014762917599249192,1.8129707460296707,1.7173101466952332,1.0440389600945903
2021-05-28,-0.005736392154338299,-0.003067251233814461,-0.002669140920523838,1.8025708348661011,1.71204272502894,1.0412522729835807
2021-05-31,0.004428550933663011,0.0036002332010394156,0.0008283177326235958,1.810553611619841,1.7182064780891873,1.0421147607054275
2021-06-01,0.0068490213767240515,0.0018284749474899442,0.005020546429234107,1.8229541320095304,1.7213481755889883,1.0473467462461392
2021-06-02,-0.0012711432507880316,-0.009444918598119134,0.008173775347331103,1.8206368961681303,1.7050901821915294,1.0559075232607131
2021-06-03,0.0004481523716792779,-0.0055235405800201365,0.005971692951699414,1.8214528189111148,1.6956720473776006,1.0622130787750155
2021-06-04,-0.00010534990412580658,0.004828309527029173,-0.00493365943115498,1.821260929031273,1.703859276878671,1.056972481201021
2021-06-07,0.004305297969180666,0.0002994260482906963,0.00400587192088997,1.8291020000103793,1.7043694567287901,1.0612065775846176
2021-06-08,0.0018460562308948436,-0.007901310033902265,0.009747366264797108,1.8324786251544407,1.6909027052388623,1.0715505467789466
2021-06-09,0.001425369766653528,0.0009252878375101137,0.0005000819291434144,1.8350905847847747,1.6924672769464328,1.0720864098435545
2021-06-10,0.0009981650273243048,0.007655344692484967,-0.006657179665160662,1.836922308028479,1.7054236973322092,1.0649493379966488
2021-06-11,-0.004487534043541408,-0.008174380154441274,0.0036868461108998662,1.8286790566358604,1.6914829157058229,1.0688756423217471
2021-06-15,-0.00955229429816884,-0.0107154928972929,0.00116319859912406,1.8112109761099768,1.6733578425366848,1.0701189569715337
2021-06-16,-0.002627180815435781,-0.016207023845120072,0.013579843029684291,1.806452597380834,1.646237692081274,1.0846510044302966
2021-06-17,-0.000593021418796913,0.0049614449785857495,-0.0055544663973826625,1.805381332298546,1.6544054098122092,1.0786263468733013
2021-06-18,0.0023200583995899304,0.0014817251460652603,0.0008383332535246701,1.809569922423008,1.6568567839097144,1.079530595208013
2021-06-21,0.0012632710405535708,-0.0001857746295393925,0.0014490456700929633,1.8118558997018617,1.6565489819544836,1.0810948843427322
2021-06-22,0.007471375519997991,0.005932105428567258,0.0015392700914307333,1.8253929555166581,1.6663758051630233,1.0827589813641998
2021-06-23,0.0021497921192168423,0.005490844341783596,-0.003341052222566754,1.8293171709069018,1.6755256153240878,1.0791414270630089
2021-06-24,0.001914132847804506,0.00013089525130083324,0.0017832375965036729,1.8328187269927876,1.6757449336705668,1.0810657926276923
2021-06-25,0.0021059199997608413,0.014586953166393135,-0.012481033166632294,1.836678496605898,1.7001889465368398,1.0675729746145945
2021-06-28,-0.0006695187305310046,0.0022428480139751183,-0.002912366744506123,1.8354488059504568,1.7040022119389624,1.0644638105859936
2021-06-29,-0.007703332418338538,-0.01111946478865733,0.003416132370318792,1.821309733661378,1.685054619343513,1.0681001598663693
2021-06-30,0.0026997231233623076,0.006423914058180102,-0.003724190934817795,1.8262267656641484,1.6958792654015151,1.0641223509335176
2021-07-01,-0.0028643182684975343,-0.002155166647253126,-0.0007091516212444082,1.8209958709768375,1.6922243629709537,1.0633677268431507
2021-07-02,-0.006969311030478376,-0.024074983450962706,0.01710567242048433,1.808304784366783,1.6514840894371121,1.0815573468410447
2021-07-05,0.004367676328401737,0.0024927161071388593,0.001874960221262878,1.8162028743679974,1.6556007704275355,1.0835852238433863
2021-07-06,0.002689337630112254,-0.00046044936386269164,0.0031497869939749457,1.8210872571019534,1.6548384501059816,1.0869982864883116
2021-07-07,0.00252460874219973,0.010582052171922873,-0.008057443429723143,1.8256847899115416,1.672350036921107,1.0782398592867262
2021-07-08,-0.0081115042859502,-0.008394379266978502,0.00028287498102830266,1.8108757399133801,1.6583116964440459,1.078544866366466
2021-07-09,0.004738235059980722,-0.0009939115733372805,0.005732146633318003,1.8194560948335063,1.6566634812567496,1.084727243691091
2021-07-12,0.0063803903436632226,0.012980999018064265,-0.006600608674401043,1.8310649349317012,1.6781686282802064,1.0775673836370245
2021-07-13,0.004500714675576445,0.003312923601676232,0.0011877910739002129,1.8393060357562818,1.6837282727364284,1.0788473085568346
2021-07-14,-0.00500390706435816,-0.010922680815692587,0.005918773751334427,1.8301023192904444,1.665337446232971,1.0852327616884185
2021-07-15,-0.005014040670144215,0.011480080020330297,-0.016494120690474512,1.820926111830997,1.684455653376578,1.0673328015398729
2021-07-16,-0.0010218651077272822,-0.008730043280714028,0.007708178172986746,1.8190653709735674,1.669750282618157,1.0755599929440152
2021-07-19,-0.002247155494465636,0.0016385888442798091,-0.003885744338745445,1.8149776482303919,1.672486316803988,1.071380641790452
2021-07-20,-0.0006609043129182091,-0.00028731718460628386,-0.0003735871283119252,1.8137781216748263,1.6720057827441515,1.0709803877731565
2021-07-21,0.005062898703930063,0.008057867855635115,-0.0029949691517050514,1.8229610965762706,1.6854785843953617,1.0677728345496948
2021-07-22,0.003794488744971458,0.0025375642882674576,0.0012569244567040005,1.82987830193975,1.6897555946597629,1.0691149443396446
2021-07-23,-0.006803019116912612,-0.01067488748294787,0.003871868366035258,1.8174296048700302,1.6717176438130883,1.0732544166722888
2021-07-26,-0.013069500245609156,-0.028641603476679767,0.015572103231070611,1.793676708202804,1.6238369699340245,1.089967245241912
2021-07-27,-0.012939346561913201,-0.03212244684293508,0.01918310028102188,1.7704677036553362,1.571675353185726,1.1108761962104168
2021-07-28,-0.015530952892530037,-0.001964302641766169,-0.013566650250763868,1.7429706531521194,1.5685881071374643,1.0958053273845312
2021-07-29,0.007194001522153659,0.019286626346094904,-0.012092624823941245,1.755509586683965,1.598840879850753,1.082554164680394
2021-07-30,0.003054090776930307,-0.0058776411899191805,0.008931731966849488,1.760871072321469,1.5894434668392154,1.0922232483189158
2021-08-02,0.019883895038107058,0.02311028747662469,-0.0032263924385176335,1.7958840478991482,1.6261759622857126,1.0886993074893665
2021-08-03,0.009837515434490962,-0.0017993189654450514,0.011636834399936014,1.8135510849389123,1.623249953035621,1.1013683210419454
2021-08-04,-0.0017848211976492223,0.010842862127973918,-0.01262768332562314,1.8103142205194935,1.6408506284756263,1.0874605906589545
2021-08-05,-0.005686792898432658,-0.005299811675735677,-0.00038698122269698043,1.8000193384663117,1.632154429156693,1.0870397638299465
2021-08-06,-0.005910010465783322,-0.00327018827862513,-0.0026398221871581917,1.7893812053373634,1.6268169768735588,1.084170172143065
2021-08-09,0.027111085659563106,0.011312043444078324,0.015799042215484782,1.837893272472877,1.6452196011915166,1.1012990224615227
2021-08-10,0.011170338310898753,0.010170269081321015,0.001000069229577738,1.858423162105724,1.661951927233498,1.1024003977264505
2021-08-11,0.0028504338427954856,-0.002408303231059783,0.0052587370738552686,1.863720474381225,1.6579494430372754,1.1081976315682074
2021-08-12,-0.0011833122294795384,-0.005663714811952603,0.004480402582473064,1.8615151111515582,1.6485592902192767,1.1131628030985763
2021-08-13,7.966440314577383e-05,-0.004400934924570721,0.004480599327716495,1.861663407641835,1.641304088063725,1.1181504396057786
2021-08-16,0.007033332528512792,-0.0019864886334439724,0.009019821161956765,1.8747571054439442,1.6380436561487615,1.128235956603186
2021-08-17,-0.01464201738869797,-0.021323110630788178,0.006681093242090208,1.8473068793064489,1.6031154700506407,1.135773806228331
2021-08-18,0.010191558905812581,0.010557959804612382,-0.0003664008987998013,1.8661338161840133,1.6200410987455875,1.1353576576848956
2021-08-19,-0.003917116321413339,-0.004791550155778368,0.0008744338343650293,1.8588239529546975,1.6122785905665258,1.1363504528348807
2021-08-20,-0.005395458712291301,-0.015463146221333712,0.010067687509042411,1.8487947450631124,1.5873476909710698,1.147790874094781
2021-08-23,0.015311772975611815,0.014242493340134388,0.001069279635477427,1.877103070478023,1.609955479888203,1.1490181835022375
2021-08-24,0.005327355179764126,0.010511600377675734,-0.005184245197911608,1.8871030652434853,1.626878688518637,1.1430613915021028
2021-08-25,0.009107469264157286,0.003639013843146799,0.005468455421010487,1.9042897984084872,1.6327989225872768,1.1493121717650103
2021-08-26,-0.0014672090249207015,-0.016076402234092457,0.014609193209171756,1.901495807230198,1.606549390340371,1.1661026953399782
2021-08-27,-0.0016564089577952856,0.00611145417736858,-0.007767863135163866,1.8983461525418917,1.6163677433231156,1.1570445692010316
2021-08-30,-0.001865112878758013,-0.0005418079203896031,-0.0013233049583684098,1.8948055226844451,1.615491982477521,1.1555134463855545
2021-08-31,0.008013152406606494,-0.0002174024174924627,0.008230554824098957,1.9099888881185954,1.6151407706150906,1.1650239631560142
2021-09-01,0.009647927506343024,0.007830249143780055,0.0018176783625629689,1.9284163224490842,1.6277877252512838,1.1671416020057102
2021-09-02,0.005525477068671236,0.003879874513401216,0.0016456025552700204,1.939071742617628,1.6341033373597136,1.1690622532083328
2021-09-03,0.006381802842006623,-0.005030035540598554,0.011411838382605177,1.95144651617552,1.6258837394957835,1.1824034027011505
2021-09-06,0.008649075984388688,0.01668620581805902,-0.008037129833670331,1.9683247253733926,1.6530135702092457,1.1729002730378677
2021-09-07,0.011276388716288333,0.013842329626038596,-0.002565940909750264,1.9905203200965844,1.6758951289243968,1.1698906802442226
2021-09-08,0.013339786534185105,-0.0016176890926834497,0.014957475626868555,2.0170734362586304,1.6731840516538545,1.1873892915800761
2021-09-09,0.008138547610992974,0.002119673887702289,0.006018873723290685,2.0334894844544906,1.676730656197465,1.1945360377864842
2021-09-10,-0.007028381069982936,0.006219190120595908,-0.013247571190578844,2.0191973454559413,1.6871585629293886,1.1787113365861959
2021-09-13,0.009465293632171745,-0.001911431022720067,0.011376724654891812,2.0383096412319834,1.6839336757119576,1.1921212109101367
2021-09-14,-0.0104791640361378,-0.014196791940896514,0.0037176279047587135,2.0169498601450724,1.6600272196756058,1.196553073989671
2021-09-15,-0.00156242073096724,-0.006372063874806044,0.004809643143838804,2.01379853587026,1.6494494201979162,1.202308067278225
2021-09-16,-0.004815365252002102,-0.01401620884058552,0.009200843588583418,2.0041013603760978,1.6263303926524395,1.2133703157505438
2021-09-17,0.0006021455509825913,0.005719421620152154,-0.005117276069169563,2.0053081210939663,1.6356320618616864,1.2071611648707128
2021-09-22,-0.002245703757892792,-0.0032909776093675847,0.0010452738514747928,2.0008047931106927,1.6302492333689358,1.208422978870868
2021-09-23,0.01009894260815214,0.006539577035911348,0.0035593655722407913,2.021010805886433,1.6409103738182873,1.2127241980185657
2021-09-24,-0.008791496260557197,-0.004733468188138579,-0.004058028072418618,2.0032430969439368,1.633143176764232,1.207802929178905
2021-09-27,-0.013513860455425686,-0.0028397700806854775,-0.010674090374740208,1.9761715492735417,1.6285054256333813,1.1949107315579734
2021-09-28,0.0019642228741723056,0.001967178216594201,-2.955342421895324e-06,1.9800531906339134,1.6317089860322929,1.194907200187598
2021-09-29,-0.018937211693660028,-0.014144588862807117,-0.004792622830852911,1.942556504198172,1.6086291332811182,1.1891804606592284
2021-09-30,0.014924751543723414,0.00831675251457864,0.006607999029144773,1.9715486773829736,1.6220077036703584,1.1970385639887426
2021-10-08,0.02433200252526846,0.009455570131741364,0.014876432393527095,2.0195204047797457,1.6373447112666382,1.214846227258366
2021-10-11,0.0008177744709640944,0.0009327369802729635,-0.00011496250930886909,2.0211719170103657,1.638871923228291,1.2147065654876559
2021-10-12,-0.01127605780006724,-0.012748601136958082,0.0014725433368908414,1.998381065650284,1.6179785987644941,1.216495273546942
2021-10-13,0.011840509357778028,0.009777795726577665,0.0020627136312003636,2.0220429153585227,1.6337988629931877,1.2190045549299782
2021-10-14,0.006326086340222803,-0.0031767257117590875,0.00950281205198189,2.0348345334247164,1.6286087321372744,1.2305885261059877
2021-10-15,-0.005283722152883419,0.0034031510375696072,-0.008686873190453026,2.024083033123008,1.6341511336338423,1.2198985596300784
2021-10-18,-0.0047447378956249064,-0.00734208396747249,0.002597346071847584,2.0144792896518577,1.6221530587951623,1.223067058361986
2021-10-19,0.006306631811907826,0.009243527996559031,-0.0029368961846512054,2.0271838688244057,1.6371474760088391,1.21947503738471
2021-10-20,-0.003628061340618216,-0.0019837715440204073,-0.0016442897965978087,2.019829121399599,1.633899749432568,1.2174698670235327
2021-10-21,-0.007771695401949108,0.002049367938750324,-0.009821063340699432,2.004131624704095,1.6372482111941873,1.2055130183441016
2021-10-22,-0.0009196298579871032,0.00242422439554435,-0.003343854253531453,2.0022885654226807,1.6412172682493256,1.2014819585100243
2021-10-25,-0.002688574187451498,0.005684592397159571,-0.00837316658461107,1.9969052640698561,1.6505469194545026,1.191421749923015
2021-10-26,-0.004189451111870746,-0.002560111344728777,-0.0016293397671419685,1.9885393270909981,1.646321335561,1.1894805190864277
2021-10-27,-0.020721548981753934,-0.011760140287835563,-0.008961408693918371,1.947333712022538,1.626960365695946,1.17882109802144
2021-10-28,-0.012472265778390557,-0.008637401319911864,-0.003834864458478693,1.9230460484069731,1.6129076560858395,1.1743004788897327
2021-10-29,0.020650595350917955,0.009467750381485729,0.011182844969432226,1.9627580941938074,1.6281782631620474,1.1874324990926866
2021-11-01,0.011772665200351584,-0.0014888715975285294,0.013261536797880114,1.9858649881060313,1.625754114790312,1.203179678874403
2021-11-02,-0.010546849335768771,-0.010472623112748436,-7.422622302033499e-05,1.9649203692752988,1.6087282046721132,1.2030903713912253
2021-11-03,0.007417638324196618,-0.0017975850926519321,0.00921522341684855,1.9794954379104297,1.605836378833266,1.2141771179542549
2021-11-04,0.011096788789418888,0.009416287386323052,0.0016805014030958354,2.00146148069454,1.6209573956717722,1.216217544304584
2021-11-05,4.1023360330960656e-07,-0.006921570157028434,0.006921980390631743,2.001462301761295,1.609737825336076,1.2246361782970026
2021-11-08,0.004996872894786231,0.002127485445066135,0.0028693874497200955,2.0114633544869025,1.6131625191298509,1.2281501339774812
2021-11-09,0.011716512508845645,0.0016690649532646873,0.010047447555580957,2.035030690040833,1.6158549921544507,1.2404899080389997
2021-11-10,0.01001987014404282,-0.004654006242035269,0.014673876386078089,2.055421433294184,1.60833479293474,1.2586927036077413
2021-11-11,0.012124980794461004,0.014127364556839384,-0.002002383762378379,2.0803433786973997,1.6310563248839778,1.256172317776213
2021-11-12,0.008293408093916987,-0.00033105962448753967,0.008624467718404527,2.097596515312415,1.6305163479895437,1.2670061353796274
2021-11-15,0.018185375304029527,-0.0029236587134714442,0.02110903401750097,2.135742095179796,1.6257492746612865,1.2937514109917383
2021-11-16,-0.006969130511842669,-0.001646280972666947,-0.0053228495391757225,2.120857829778852,1.6230728345640846,1.286864966889933
2021-11-17,0.01221568985295085,0.002390321518280114,0.009825368334670737,2.1467655712496327,1.626952500486279,1.2995088891866104
2021-11-18,-0.011712478147458572,-0.008134208915528074,-0.0035782692319304976,2.121621626408655,1.6137185289516829,1.2948588965118137
2021-11-19,0.014557006090651692,0.011129889420015804,0.003427116670635888,2.152506085346344,1.6316790377339456,1.2992965290221705
2021-11-22,0.0042251592238724545,0.006360685942186084,-0.0021355267183136295,2.161600766287287,1.6420576356514196,1.2965218465694315
2021-11-23,0.006539975851281188,0.0003593308579634691,0.006180644993317719,2.1757375830989165,1.6426476776304637,1.3045351878291578
2021-11-24,0.007317283776388184,0.0003292759768220854,0.006988007799566098,2.1916580724174044,1.64318856204909,1.3136512898965165
2021-11-25,0.006701039561563427,-0.0038653259039889143,0.010566365465552341,2.2063444598660933,1.6368371027350634,1.3275318095198574
2021-11-26,-0.0056303112320484905,-0.0060556609243862525,0.000425349692337762,2.1939220538719413,1.626924972252445,1.328096474766605
2021-11-29,-0.005604843799114412,-0.0012781415665433782,-0.004326702232571034,2.1816254634525567,1.6248455318197617,1.3223501967841627
2021-11-30,0.01560902711463208,-0.0019491749308866435,0.017558202045518723,2.2156785144655595,1.6216784236425754,1.3455682887142304
2021-12-01,0.015868427552341746,0.0025274318883781177,0.013340995663963628,2.2508378484516363,1.6257771054031844,1.3635195094195338
2021-12-02,-0.007119607261880434,0.00043847354640624836,-0.007558080808286682,2.2348127669604847,1.6264899656562566,1.3532139187836656
2021-12-03,0.00012080605546271883,0.009413052619988926,-0.009292246564526208,2.235082745875559,1.6418002012888628,1.3406395213957791
2021-12-06,-0.020913000935933956,-0.0033754390309425064,-0.01753756190499145,2.1883404583191735,1.6362584048084232,1.3171279727970227
2021-12-07,0.0006558693639207025,0.003393157057774987,-0.0027372876938542845,2.189775723783613,1.6418104865630425,1.313522614605854
2021-12-08,0.005179031714047211,0.014594105976274196,-0.009415074262226986,2.201116641703739,1.6657712427969018,1.3011557016442254
2021-12-09,0.009497542931500513,0.013096802254048967,-0.0035992593225484537,2.2220218415055606,1.6875875193642942,1.2964725048549954
2021-12-10,0.00791208132280996,-0.003970761400646339,0.0118828427234563,2.2396026590166125,1.6808865119821899,1.3118782837254728
2021-12-13,0.0031334355013978854,0.005832176955229862,-0.0026987414538319765,2.2466203094974,1.690689739561729,1.308337863418801
2021-12-14,0.011025630856855262,-0.0060567287921003965,0.01708235964895566,2.2713907157054325,1.680449690337617,1.3306873613440673
2021-12-15,0.008411987590576597,-0.00695087314577747,0.015362860736354067,2.2904976262192975,1.6687690977122192,1.3511305259600226
2021-12-16,0.012430529753569397,0.00655639637483918,0.0058741333787302175,2.3189697251124968,1.6797102093749032,1.3590672468815856
2021-12-17,0.0026730587865824162,-0.014249777537170383,0.0169228363237528,2.3251684675120274,1.655774712564397,1.382066519453536
2021-12-20,0.007328020434434812,-0.01529262091395256,0.02262064134838737,2.342207349555459,1.6304535775662408,1.4133297505097084
2021-12-21,0.025510877545578126,0.007794466032089664,0.01771641151348846,2.4019591144363215,1.64316209259348,1.4383688819739944
2021-12-22,-0.002341437165097271,0.001038054448289305,-0.003379491613386576,2.3963350780967363,1.644867784312957,1.4335079264004071
2021-12-23,-0.013833342994559295,0.006443020141208233,-0.020276363135767528,2.36318575303153,1.65546570057691,1.4044415991267114
2021-12-24,-0.011856157099252473,-0.0061178064449166625,-0.005738350654335811,2.335167451488873,1.645337881844582,1.3963824207573863
2021-12-27,0.011475846507762899,-0.0005099293738164423,0.011985775881579341,2.3619654747320835,1.6444988757287766,1.4131191474975615
2021-12-28,0.005937214938813051,0.006103051479751986,-0.00016583654093893507,2.3759889714336233,1.6545353370257436,1.412884800706206
2021-12-29,0.0023424650328398577,-0.012391687010943175,0.014734152043783033,2.3815546425176195,1.6340328529807753,1.4337024601801616
2021-12-30,0.009237717608013396,0.00801084119710449,0.0012268764109089059,2.4035547717732504,1.647122830676856,1.4354614359088187
2021-12-31,0.007006150942961975,0.0045033975899233525,0.0025027533530386226,2.4203944393039705,1.6545404796628338,1.4390540418306972
2022-01-04,0.024286518132469626,-0.003636681436999689,0.027923199569469315,2.479177392741855,1.6485234430136795,1.4792370350319872
2022-01-05,-0.0064944764473365835,-0.011983442942395506,0.005488966495058922,2.4630764335559236,1.6287684563951237,1.487356517555528
2022-01-06,0.00977951777095143,-0.0075473397700500655,0.017326857541001495,2.4871641333090957,1.6164755874479697,1.5131277320478926
2022-01-07,-0.014042306124666504,-0.0011659789408914323,-0.012876327183775071,2.4522386131668785,1.6145908109545404,1.4936442042992004
2022-01-10,0.014751651831769186,0.0039428757502790734,0.010808776081490112,2.488413183396737,1.6209569419096765,1.5097886700488858
2022-01-11,0.004215842445316698,-0.009136228822356651,0.013352071267673349,2.4989039413167866,1.6061475083772023,1.5299474759705043
2022-01-12,0.014703972251040698,0.009647915588790301,0.005056056662250397,2.535647755527925,1.6216434839611715,1.5376829770992781
2022-01-13,0.0013644726610717584,-0.015801126801130105,0.017165599462201864,2.539107577568451,1.5960196896448746,1.5640782271840106
2022-01-14,-0.01197696419696681,-0.006807674246807283,-0.005169289950159528,2.5086967770196664,1.5851545075062818,1.555993053322965
2022-01-17,0.01933124375238937,0.00912292567204398,0.010208318080345391,2.557193005917067,1.5996157542569671,1.5718771253420936
2022-01-18,-0.020508058273207674,0.007503812989979819,-0.028011871263187493,2.504749942735881,1.611618971732737,1.5278459056654616
2022-01-19,0.016248985695392237,-0.006692696269411491,0.02294168196480373,2.5454495887259307,1.6008328954529085,1.562897260524466
2022-01-20,-0.027246600840765134,0.004757487832511398,-0.03200408867327653,2.4760947398216255,1.6084488384749098,1.51287815801142
2022-01-21,-0.0018484814590062904,-0.009684139374797396,0.007835657915791105,2.4715177246043223,1.592872395745888,1.5247325537258698
2022-01-24,-0.01170006463220219,0.0012745098877069427,-0.012974574519909132,2.4426008074868184,1.5949025273641215,1.5049497975846222
2022-01-25,-0.04257115591534144,-0.025247500386219257,-0.017323655529122184,2.338616467672358,1.5546352251885138,1.478878565702644
2022-01-26,0.01340063677601755,0.006882846258906783,0.006517790517110766,2.3699554175140487,1.5653355404321674,1.4885175863941391
2022-01-27,-0.03198104645825017,-0.021121842101448962,-0.010859204356801211,2.2941617632025504,1.5322727703113728,1.4723534697347926
2022-01-28,0.02337420615969954,-0.010209507782421356,0.033583713942120896,2.3477859732193465,1.5166290195380865,1.5218005674840551
2022-02-07,0.015879462559693636,0.015218660915812476,0.0006608016438811593,2.385067552679257,1.5397100823215177,1.5228061758007079
2022-02-08,0.019554540932136488,-0.001880716686166406,0.021435257618302894,2.431706453764034,1.5368143238778371,1.555447918481739
2022-02-09,0.008463637501902932,0.010711496547654908,-0.0022478590457519765,2.452287535699731,1.5532759052024412,1.5519514908079837
2022-02-10,-0.002501476268519043,-0.0020863116629252776,-0.0004151646055937652,2.446153196625593,1.5500352875656764,1.5513071754794017
2022-02-11,-0.01930923334103285,-0.009641493169230686,-0.009667740171802164,2.398919853764036,1.5350906329285454,1.5363095407802145
2022-02-14,0.005898243599286257,-0.009974097182515629,0.015872340781801886,2.4130692674367005,1.5197794897717467,1.5606943693578115
2022-02-15,0.0010947326313506256,0.010400621585031855,-0.00930588895368123,2.4157109331054727,1.5355861411375555,1.546170720865932
2022-02-16,0.021094788485314764,0.0033769471448277244,0.01771784134048704,2.466669844280995,1.5407717343725071,1.5735655283835412
2022-02-17,-0.0034763998931947038,0.001731580228198748,-0.005207980121393452,2.4580947134977897,1.543439704243914,1.5653704303920097
2022-02-18,0.008647031001478123,0.0059566135334478965,0.002690417468030226,2.4793499346899748,1.5526333780742743,1.5695819303418743
2022-02-21,0.010466117790338236,-0.001656491221541434,0.01212260901187967,2.5052991031499077,1.550061454513222,1.5886093583955203
2022-02-22,-0.012592677913669914,-0.0127449400945564,0.00015226218088648658,2.473750678466535,1.5303060141325702,1.5888512435210063
2022-02-23,0.02865455014720264,0.011752855658576644,0.016901694488625996,2.5446348913343306,1.548291479830122,1.6157055218268719
2022-02-24,-0.021136984160679773,-0.01967778601095216,-0.001459198149727614,2.4908489839414836,1.5178245314074443,1.6133478873189173
2022-02-25,0.012982693861464334,0.009334987288409202,0.0036477065730551317,2.5231869137551355,1.5319934041141685,1.6192329070121152
2022-02-28,-0.004660096459208507,0.0025597781808603948,-0.007219874640068902,2.511428619352424,1.535914967403242,1.6075422484104134
2022-03-01,0.008996307217464361,0.007030944486992485,0.0019653627304718757,2.5340222027668506,1.546713900275795,1.6107016520330981
2022-03-02,0.004953017671253335,-0.006716745216940989,0.011669762888194324,2.5465732595165034,1.5363250170841414,1.6294981583959474
2022-03-03,-0.006929033322347622,-0.005018582785694892,-0.0019104505366527302,2.528927968543514,1.5286148428001705,1.6263850827647652
2022-03-04,-0.011305602556661798,-0.01115643498717378,-0.0001491675694880179,2.500336914036735,1.5115609506860415,1.6261424788549177
2022-03-07,-0.01774998725121324,-0.029342099009108447,0.011592111757895207,2.455955965688845,1.4672085796127095,1.6449929042040647
2022-03-08,-0.031610214118368285,-0.023603099040090947,-0.008007115078277338,2.378322671748137,1.4325779101956395,1.631821256717153
2022-03-09,-0.02038848517223335,-0.011620745835566826,-0.008767739336666525,2.3298322752204137,1.4159302864116086,1.6175138732942256
2022-03-10,0.015344407707704733,0.016118854775413638,-0.0007744470677089055,2.365582171541965,1.4387534610703872,1.6162611944180745
2022-03-11,0.008984140037985977,0.004642055237471743,0.004342084800514234,2.3868348930424608,1.4454322341097796,1.623279137584018
2022-03-14,-0.028428834388083635,-0.028820711566646673,0.00039187717856303816,2.3189799591564575,1.403773848601368,1.623915263632475
2022-03-15,-0.0504293490466281,-0.04840413140877897,-0.0020252176378491304,2.202035309364021,1.33582539476546,1.6206264817981941
2022-03-16,0.02744850561766099,0.04055043735792596,-0.013101931740264972,2.2624778879233873,1.3899936987570234,1.5993931442572085
2022-03-17,0.019548150856837365,0.01926321324216551,0.0002849376146718541,2.3067051469867725,1.4167694437814462,1.5998488715246557
2022-03-18,0.010631696591983486,0.007530943529293399,0.003100753062690087,2.3312293362367025,1.4274390544565927,1.604809607812877
2022-03-21,0.01457371786359829,-0.00026575223033720174,0.014839470093935492,2.3652040148583597,1.4270597093442003,1.6286241319944768
2022-03-22,-0.002104604862638859,-0.0006469628464839117,-0.0014576420161549475,2.360226194987556,1.4261364547325406,1.6262501810311578
2022-03-23,0.006620225035308236,0.0053005965796102394,0.0013196284556979965,2.3758514235326027,1.4336958287465533,1.6283962270461305
2022-03-24,-0.015822401831302235,-0.006507518730361261,-0.009314883100940974,2.3382597476179985,1.4243660262873443,1.6132279065491826
2022-03-25,-0.00039062263241429473,-0.01658566992087218,0.016195047288457887,2.3373463704401156,1.4007419615288381,1.6393542087828064
2022-03-28,-0.008393374489056415,-0.004164517387537647,-0.004228857101518768,2.317728147042375,1.3949085472745977,1.6324216140950905
2022-03-29,-0.016259226714417152,-0.003781924012365656,-0.012477302702051496,2.280043679637227,1.3896331091446057,1.6120533954786544
2022-03-30,0.01820010516881898,0.026816692230630323,-0.008616587061811343,2.3215407143961255,1.4268984725460305,1.598162997048224
2022-03-31,0.0027501835520979956,-0.007620056757688398,0.010370240309786394,2.3279253774843838,1.4160254251977709,1.6147363313818224
2022-04-01,-0.007894351417945034,0.011134809999079343,-0.019029161417024376,2.3095479164797696,1.4317925992612135,1.584009253086024
2022-04-06,0.009033445370832949,-0.0024756645920804843,0.011509109962913433,2.330411091414611,1.4282479610200196,1.6022397897620633
2022-04-07,-0.025295689302923474,-0.014867977519165576,-0.010427711783757898,2.2714617364981,1.4070128024437798,1.5855320950259557
2022-04-08,-0.014851475289833216,0.004016311636801051,-0.018867786926634267,2.2377271786466966,1.4126638043353628,1.555616613291666
2022-04-11,-0.03502836118214592,-0.030966274315482267,-0.00406208686666365,2.159343262805956,1.3689188694547612,1.5492975634772501
2022-04-12,0.020290811240389894,0.018680261847406232,0.0016105493929836623,2.2031580893547593,1.3944906323840314,1.5517927837276595
2022-04-13,-0.015669844752659312,-0.010538826991883687,-0.005131017760775625,2.1686349441290047,1.3797943368675336,1.5438305073933094
2022-04-14,0.009622225150092811,0.012773991478524538,-0.0031517663284317265,2.189502037829773,1.397419817968796,1.5389647143833014
2022-04-15,-0.015958377271803825,-0.0026656873285576532,-0.013292689943246172,2.1545611382727023,1.3936947336673613,1.5185077336014077
2022-04-18,0.01689871638253515,-0.003958101921314405,0.020856818303849556,2.190970455877205,1.3881783478643068,1.5501789734941227
2022-04-19,0.0038429454320949574,-0.005058187185286611,0.008901132617381569,2.1993902357824733,1.3811566819342473,1.5639773221178703
2022-04-20,-0.0027769532861886548,-0.01710706968318343,0.014330116396994774,2.193282631839606,1.3575291383330037,1.5863892991860797
2022-04-21,-0.03221205055047083,-0.021888189179914308,-0.01032386137055652,2.122632500831319,1.327815283735925,1.5700116359815484
2022-04-22,-0.004372498897353028,0.0025750936071473607,-0.006947592504500388,2.113351292561948,1.3312345323845458,1.5591038349074247
2022-04-25,-0.07864212781808422,-0.05296798796907187,-0.025674139849012345,1.947152850087778,1.260721717689188,1.51907518501088
2022-04-26,-0.04188676915270151,-0.0120238705392407,-0.02986289861346081,1.8655929081511264,1.245562962969684,1.4737111967746759
2022-04-27,0.019839303340122516,0.031562042439456706,-0.01172273909933419,1.902604971765118,1.2848754740679487,1.4564352649071188
2022-04-28,-0.01938624807296374,0.0042987383602568485,-0.02368498643322059,1.8657205997976252,1.2903988175564778,1.4219396154169297
2022-04-29,0.04568807936531538,0.02750800431585443,0.018180075049460953,1.9509617906346828,1.3258951137989947,1.447790584341011
2022-05-05,0.013792462989934196,0.0012337418998256133,0.012558721090108582,1.9778703589267874,1.3275309261556625,1.4659729824866352
2022-05-06,-0.004937241330401632,-0.02443718290088792,0.01949994157048629,1.9681051356445178,1.2950898101066115,1.494559369989036
2022-05-09,0.015509457618148259,-0.004304309483297186,0.019813767101445445,1.9986293788338565,1.2895153427552482,1.524172221265282
2022-05-10,0.01984011680455966,0.011787938622676908,0.008052178181882752,2.0382824191589446,1.3047160704686471,1.536445127570786
2022-05-11,0.01114824802483283,0.013007199635705735,-0.0018589516108729054,2.061005697112385,1.3216867728651462,1.5335889504258704
2022-05-12,0.011835796691594513,-0.0031902480513131826,0.015026044742907696,2.085399341523625,1.3174702642135667,1.5566327266121986
2022-05-13,0.005620859717417215,0.007967794505709502,-0.0023469347882922875,2.0971210786771235,1.3279675965462032,1.5529794111135182
2022-05-16,0.0007024341270804868,-0.006378679403903353,0.00708111353098384,2.098594168091406,1.319496916989063,1.5639762346348935
2022-05-17,-0.0009118735461958183,0.010554220369902056,-0.011466093916097875,2.0966805155853225,1.3334231782283719,1.5460435362460248
2022-05-18,0.016441171834705504,-0.003432365531558901,0.019873537366264404,2.13115240022454,1.328846382472439,1.5767688902334818
2022-05-19,0.007649362898026091,0.0031339042040392506,0.00451545869398684,2.1474543583248566,1.3330108597369918,1.5838887250272946
2022-05-20,0.010830707396345618,0.018580719976943216,-0.007750012580597598,2.1707128081268805,1.3577791612479893,1.5716135674820664
2022-05-23,0.017197842032485644,-0.002988699887142565,0.02018654191962821,2.20804438409894,1.3537211668220028,1.6033390106434993
2022-05-24,-0.042543339081602016,-0.026598371572507884,-0.015944967509094132,2.114106803158992,1.3177143882213023,1.5777738222127256
2022-05-25,0.01949205040018076,0.008675460968518012,0.010816589431662749,2.155315079517532,1.3291461679639707,1.5948399538636258
2022-05-26,0.004937863876845583,0.004620422010378489,0.00031744186646709416,2.1659577319919023,1.3352873841734416,1.5953462228352966
2022-05-27,-0.0011606132441024375,0.0011032937850463664,-0.002263907029148804,2.1634438927619866,1.336760598445651,1.5917345073074938
2022-05-30,0.010195124147532875,0.007010075186829834,0.0031850489607030408,2.1855004718349167,1.3461313907475467,1.5968042596457086
2022-05-31,0.01721441368069576,0.015160556888605958,0.002053856792089803,2.2231225810564386,1.3665394922765133,1.60008386692002
2022-06-01,0.017620675656390583,-0.001656053733088414,0.019276729389478997,2.262295503001632,1.364276429448916,1.6309282506231084
2022-06-02,0.028389626916436317,0.0033582899961184243,0.025031336920317893,2.32652122830658,1.3688580653338744,1.6717525651573202
2022-06-06,0.02062479391544514,0.018524297076483398,0.0021004968389617407,2.3745052491803116,1.3942151987916596,1.6752640761359594
2022-06-07,-0.01529700640427789,0.0023476556965476014,-0.017644662100825492,2.338182427176609,1.397488336045316,1.6457046075828887
2022-06-08,-0.0059208304985167715,0.008617276590789036,-0.014538107089305807,2.3243384453506857,1.4095308795694201,1.6217791777604846
2022-06-09,-0.026773405672162687,-0.011305333940553886,-0.015468071731608801,2.262107989233908,1.3935956622763652,1.596693381106056
2022-06-10,0.016353077082177148,0.015800430016030598,0.0005526470661465499,2.299100415550059,1.4156150730088068,1.59757578901866
2022-06-13,0.0055407915578409295,-0.009113075929976455,0.014653867487817385,2.311839251723167,1.4027144653608585,1.6209864529326847
2022-06-14,0.0010221838815227535,0.007587963551033194,-0.006565779669510441,2.31420237654295,1.4133582115965238,1.6103434130354675
2022-06-15,0.002263996265483792,0.009427704770453849,-0.007163708504970057,2.319441722081017,1.4266829355503525,1.5988073822315827
2022-06-16,0.007520225394987534,-0.004840992654756793,0.012361218049744327,2.3368844466216045,1.4197763739386864,1.6185705889028883
2022-06-17,0.0009006585860202865,0.012499173032143984,-0.011598514446123698,2.3389891816629915,1.437522404503496,1.5997975745454271
2022-06-20,0.013721919169779273,0.004300387614639467,0.009421531555139806,2.3710846021527594,1.4437043080475895,1.6148701178758431
2022-06-21,0.004649350295367505,-0.0028937972935907386,0.007543147588958243,2.3821086050481197,1.4395265204282162,1.627051321511979
2022-06-22,-0.014083448440775026,-0.013380612963140637,-0.0007028354776343892,2.348560301328598,1.4202647732081897,1.6259077721192885
2022-06-23,0.02218930394391827,0.01773250705809315,0.004456796885825121,2.4006732196853986,1.445449628323465,1.6331541128147087
2022-06-24,0.009572775422806323,0.01148681250135386,-0.001914037078547537,2.4236543252809923,1.4620532371841684,1.6300281952877989
2022-06-27,0.0069590277301296855,0.010043957249014968,-0.003084929518885282,2.4405206029388715,1.47673803739423,1.6249996731915402
2022-06-28,0.023529615372340995,0.011413562447193826,0.01211605292514717,2.4979451140342968,1.4935928792021755,1.6446882552352757
2022-06-29,-0.0166691616875414,-0.016396396013217962,-0.00027276567432343857,2.456306463041855,1.4691033388722543,1.6442396407342847
2022-06-30,0.004957531857153974,0.013946411655274993,-0.008988879798121019,2.4684836805833186,1.4895920588003058,1.6294597682444185
2022-07-01,-0.00190321617461775,-0.003679018062037187,0.001775801887419437,2.4637856225156525,1.4841118227109122,1.632353365976341
2022-07-04,0.0012878058574328222,0.008137139157900597,-0.006849333300467775,2.466958500071787,1.4961882471381964,1.6211728337086286
2022-07-05,-0.013153436155990517,-0.0015244811658843282,-0.011628954990106188,2.434509518941615,1.4939073363348168,1.6023202877942482
2022-07-06,-0.0067520534304050805,-0.014526552601497822,0.007774499171092741,2.4180715805928914,1.4722060128317855,1.6147775255435297
2022-07-07,0.004205233452669654,0.004639006531574896,-0.00043377307890524186,2.4282401360945505,1.479035586141136,1.6140770785245278
2022-07-08,0.010450554274630042,-0.004322038777573645,0.014772593052203686,2.4536165914286414,1.4726431369844226,1.6379211823604602
2022-07-11,-0.006012720588684406,-0.015923318937608677,0.009910598348924271,2.438863680432621,1.4491937706329392,1.6541539613260299
2022-07-12,-0.01965296288665397,-0.010106781088071393,-0.009546181798582576,2.3909327830354705,1.4345470864389553,1.6383631068883662
2022-07-13,0.018010580550280597,0.002421039446431683,0.015589541103848914,2.4339948705146375,1.4380201815229876,1.663904435886232
2022-07-14,0.007884226928631444,0.0014102820585153442,0.0064739448701160995,2.4531850384169,1.4400481955847724,1.6746764614733012
2022-07-15,-0.023216811097065193,-0.01695469442141284,-0.006262116675652352,2.3962299047938282,1.4156326184765256,1.6641894420775867
2022-07-18,0.03401566251478405,0.012369401360464272,0.02164626115431978,2.4777392525431283,1.4331431465134268,1.70021292135106
2022-07-19,0.0150544152601233,-0.003200713788620524,0.018255129048743823,2.51504016815722,1.4285560654833143,1.7312505276406653
2022-07-20,0.006133899254910702,0.005454884074713728,0.0006790151801969735,2.5304671711707503,1.4363486732147548,1.7324260730296575
2022-07-21,-0.00026661230440772066,-0.010825201102707016,0.010558588798299295,2.5297925174870164,1.4207999099735986,1.75071804755823
2022-07-22,0.0008780650328663597,-0.0018672549903826496,0.0027453200232490094,2.532013839837029,1.4181469142513652,1.755524328869255
2022-07-25,-0.0026556679184107645,-0.006828337418973374,0.004172669500562609,2.5252896519136017,1.408463328611181,1.7628495516938234
2022-07-26,0.007848319022230488,0.008986130229407419,-0.0011378112071769308,2.545108930725357,1.4211199635054257,1.7608437617173394
2022-07-27,0.004908865635901982,-0.0027819452202225703,0.0076908108561245525,2.557602528495022,1.417166485615589,1.7743860780358944
2022-07-28,0.006714947075109334,0.0007338747669820567,0.005981072308127278,2.574776694113032,1.4182065083399948,1.7849988094711615
2022-07-29,-0.0037647333433713515,-0.012006093647381144,0.008241360304009793,2.5650833464409692,1.4011793881895394,1.7997096278022418
2022-08-01,0.00206554108558743,0.005441533443965252,-0.0033759923583778217,2.5703816314809993,1.4088039526913676,1.7936338218514825
2022-08-02,-0.037127944653120304,-0.021588317483985153,-0.01553962716913515,2.4749486445299755,1.378390245687973,1.7657614209819594
2022-08-03,-0.004472325821207268,-0.00917165116824925,0.004699325347041983,2.463879867800882,1.3657481311808055,1.7740593083844087
2022-08-04,0.013239447152864958,0.007786257022676546,0.005453190130188412,2.49650027510164,1.3763821971584194,1.7837335910952594
2022-08-05,0.012584434870473782,0.014648116086004137,-0.0020636812155303552,2.5279173202177763,1.3965436033611054,1.7800525335898056
2022-08-08,0.010705143622795399,0.0004767629506883253,0.010228380672107074,2.5549790381972595,1.3972094236102088,1.7982595885197108
2022-08-09,0.0013318208756580852,0.0022128276670467795,-0.0008810067913886943,2.5583818126171995,1.400301207279432,1.7966753096095451
2022-08-10,0.003726289304191166,-0.009168019288950058,0.012894308593141224,2.567915083401592,1.3874632188007543,1.8198421954933282
2022-08-11,0.012859667502314709,0.019930195640149195,-0.007070528137834486,2.600937617548315,1.4151156321949645,1.806974950043674
2022-08-12,0.0003665317655980882,-0.001148367867204847,0.0015148996328029352,2.601890943805486,1.4134905588745725,1.8097123357319793
2022-08-15,-0.0020673732963285563,-0.0001217744875600113,-0.001945598808768545,2.596511863948303,1.4133184317860947,1.8061913615673655
2022-08-16,0.006581411905999035,-0.0005292163264039029,0.007110628232402938,2.6136005780437603,1.412570480597586,1.8190345168560487
2022-08-17,0.003358081114316791,0.008105847911888286,-0.0047477667975714954,2.6223772607852567,1.424020562078133,1.810398165173283
2022-08-18,-0.0009252234593748465,-0.007498968906380132,0.006573745447005286,2.619950975824247,1.4133418761610632,1.8222992618688578
2022-08-19,-0.007960339869079847,-0.008199452920326755,0.00023911305124690863,2.599095275616359,1.4017532459871542,1.8227349974056484
2022-08-22,0.005260177156758417,0.008653534167578192,-0.0033933570108197753,2.612766977213395,1.4138833655958176,1.8165498068233354
2022-08-23,0.003503289565604417,-0.003876124068491471,0.007379413634095888,2.621920256502022,1.408402978252392,1.829954879234822
2022-08-24,-0.019668833911350436,-0.021238882170200757,0.0015700482588503206,2.5703501424480786,1.3784900733491297,1.8328279967067391
2022-08-25,0.0049862485560361325,0.0077263551816975085,-0.002740106625661376,2.5831665471343674,1.3891407772702693,1.8278058525692653
2022-08-26,-0.004615044170281579,-0.0025476480857198336,-0.0020673960845617456,2.5712451194201487,1.3856017354282613,1.8240270539063246
2022-08-29,0.00943058712660405,-0.0028091558788960747,0.012239743005500126,2.5954934705426957,1.3817093641673743,1.8463526762812175
2022-08-30,0.008775493900112119,-0.0034880035905758833,0.012263497490688002,2.618270207661224,1.3768899569440263,1.8689954176937174
2022-08-31,-0.01791803719562879,-0.004655744893917069,-0.01326229230171172,2.5713559446921437,1.3704795085574983,1.8442082541537035
2022-09-01,0.0020674141525762746,-0.007639739625065367,0.009707153777641642,2.5766720023635115,1.3600094019506315,1.8621102672747696
2022-09-02,0.01298771411118449,-0.002822758858920804,0.015810472970105294,2.610137081688502,1.3561704233630598,1.8915511113228731
2022-09-05,0.007824553766633935,-0.00017577168061710946,0.008000325447251044,2.6305602396224588,1.355932047008542,1.9066841358135653
2022-09-06,0.006220430767428287,0.011299443221176375,-0.0050790124537480885,2.64692345747258,1.3712533241854885,1.8970000633424042
2022-09-07,-0.003938009886346516,0.0009000765065030336,-0.00483808639284955,2.6364998467286505,1.372487557087052,1.8878222131487126
2022-09-08,-0.005686168735413943,-0.004350755604770384,-0.001335413130643559,2.6215082637292584,1.3665161991555779,1.8853011905769532
2022-09-09,1.0672929153132671e-05,0.012169911219971796,-0.012159238290818664,2.6215362429012314,1.3831465799799545,1.862377364150764
2022-09-13,0.003024125490687979,0.0025071827115825673,0.0005169427791054115,2.6294640974781514,1.3866143811728648,1.863340106681131
2022-09-14,-0.004649604092230586,-0.010347911208499094,0.005698307116268508,2.6172381304501435,1.3722658186760601,1.8739579908710609
2022-09-15,-0.013877258838651207,-0.012756004624919659,-0.0011212542137315484,2.5809180394714994,1.3547611895464091,1.8718568075774407
2022-09-16,-0.030988898360756578,-0.023859477540120078,-0.007129420820636501,2.500938232668874,1.3224372953722001,1.8585115526802478
2022-09-19,-0.016487139845104637,-0.002619077737850639,-0.013868062107253998,2.4597049142828933,1.3189737292921875,1.8327375990406292
2022-09-20,0.012821841480613605,0.002813679187133822,0.010008162293479783,2.491242860782915,1.322684898222673,1.8510799343731903
2022-09-21,0.01033668357313866,-0.00471640774490778,0.015053091318046441,2.5169940499386687,1.3164465769246232,1.8789444096623134
2022-09-22,-0.007406226424421791,-0.007135711451894289,-0.00027051497252750245,2.4983526220959007,1.307052794009855,1.878436127066953
2022-09-23,-0.01763333120421784,-0.005794172522846641,-0.011839158681371198,2.454298342845558,1.2994795046248933,1.856197023685787
2022-09-26,-0.026849197022035698,-0.007296390762312588,-0.01955280625972311,2.3884024030876416,1.2899979943715336,1.819903162901784
2022-09-27,0.02846131293979237,0.015759873884426456,0.012701439055365915,2.4563794713080713,1.310328200073992,1.8430185520120488
2022-09-28,-0.016830190072598783,-0.01860050956378645,0.0017703194911876663,2.4150381379155266,1.2859554278568166,1.8462812836772964
2022-09-29,-0.007203752546614539,-0.00020665827801080727,-0.006997094268603732,2.3976408007793464,1.285689674522497,1.8333626794890476
2022-09-30,-0.0033861218988322506,-0.006855484946767687,0.0034693630479354365,2.3895220967582937,1.2768756483125934,1.8397232802227308
2022-10-10,-0.013790587006244137,-0.020003368898668605,0.006212781892424468,2.3565691843796057,1.25133383368167,1.8511530797051703
2022-10-11,0.0030098129341094015,0.0035132703602693827,-0.0005034574261599811,2.363662016790875,1.255730107750346,1.8502211029402338
2022-10-12,0.027110949231684334,0.01736645424518657,0.009744494986497765,2.427743137728953,1.2775376872108957,1.8682505732017474
2022-10-13,0.014663135938919103,-0.005833438408866409,0.020496574347785512,2.4633414653822507,1.2700852497975452,1.9065433099756697
2022-10-14,0.021343432650559047,0.024084575577519418,-0.0027411429269603715,2.515917628043966,1.3006747139861867,1.9013172022665863
2022-10-17,0.021301744905664943,0.0025528902268832088,0.018748854678781735,2.5695110635602245,1.3039951937518761,1.9369647221901505
2022-10-18,0.0019528667518993181,-0.0007302905642422308,0.002683157316141549,2.574528976284889,1.3030428983660618,1.9421619032556032
2022-10-19,-0.008878644102465971,-0.01464004930974483,0.005761405207278858,2.5516706497729693,1.2839662860812697,1.9533514849583988
2022-10-20,-4.7924726565340414e-05,-0.005278598040926119,0.005230673314360779,2.551548361654794,1.277188744158946,1.9635688284443378
2022-10-21,0.0021261303846484836,-0.0020360023770730207,0.004162132761721504,2.5569732861544083,1.2745883848398676,1.9717414625951013
2022-10-24,-0.01747026753152514,-0.024316330529028485,0.006846062997503344,2.5123022787743277,1.2435950723856408,1.9852401288628168
2022-10-25,-0.005734201164098285,-0.00240546676758413,-0.0033287343965141547,2.4978962321228133,1.2406036457666858,1.978631791760531
2022-10-26,0.022827023509373268,0.010525023440587589,0.012302000068785679,2.5549157681374557,1.2536610282188585,2.0029729201988706
2022-10-27,0.004364658788211351,-0.005572213950333471,0.009936872738544822,2.5660671036979967,1.246675360748428,2.022876207205638
2022-10-28,-0.03563092124105238,-0.026225385701158288,-0.009405535539894094,2.474635768826878,1.2139808185686698,2.003849973145959
2022-10-31,0.015682337635007704,-0.00564501675189788,0.021327354386905584,2.513443842477288,1.2071278765113669,2.046586791661434
2022-11-01,0.024177840503879056,0.032397700079616065,-0.00821985957573701,2.574213486816161,1.2462360434123259,2.029764135624419
2022-11-02,0.009554860466858939,0.01135707486900528,-0.0018022144021463404,2.5988097374945958,1.2603896394618126,2.0261060654662364
2022-11-03,0.00010354213137575563,-0.006046430833323124,0.00614997296469888,2.5990788237938562,1.2527687806837697,2.038566562992466
2022-11-04,0.012007146387072343,0.03008699738293097,-0.018079850995858626,2.630286343702689,1.29046083170962,2.0017095832884224
2022-11-07,0.008759142617202453,0.0019305546520671513,0.006828587965135302,2.653325396911261,1.2929521368715875,2.0153784332585616
2022-11-08,0.0011976184569764126,-0.005383111517069716,0.006580729974046129,2.656503068378966,1.2859920313325741,2.028641094523352
2022-11-09,0.0004735744331800795,-0.0074667733057326435,0.007940347738912723,2.6577611203138147,1.276389820361635,2.0447492102513163
2022-11-10,0.0006590429412962617,-0.007005568145675212,0.007664611086971473,2.659512699019809,1.2674479844946456,2.0604214177182842
2022-11-11,0.0064624591723021485,0.022622445611352626,-0.016159986439050478,2.6766996912554437,1.2961207575890943,2.0271250355492274
2022-11-14,0.004960062316567981,0.0007006516971024279,0.0042594106194655534,2.689976288526809,1.2970288867975488,2.03575939345263
2022-11-15,0.015886695330582512,0.01856698101226928,-0.002680285681686767,2.732711122269125,1.3211107975110836,2.0303029766989997
2022-11-16,0.0033951376354766083,-0.007398232090551571,0.010793369726028179,2.7419890526472264,1.311336913213763,2.0522167873823673
2022-11-17,0.0076683636419399015,-0.0024730774132862843,0.010141441055226186,2.7630156218051436,1.3080938755124853,2.073029222964151
2022-11-18,-0.007761038253255914,-0.004380848821112671,-0.0033801894321432435,2.7415717518699703,1.3023633140000417,2.0660219914921636
2022-11-21,-0.000757611876885389,-0.0063788864606988405,0.0056212745838134515,2.7394947045494202,1.2940556862894559,2.0776356684025385
2022-11-22,-0.006281890217771147,-0.0026529096096177263,-0.0036289806081534204,2.7222854995632755,1.2906226735239181,2.070095968851098
2022-11-23,-0.006800398072458136,0.00035650602995618286,-0.007156904102414319,2.7037728744993648,1.2910827882894276,2.055280490519236
2022-11-24,0.0024438178980066283,-0.0030833459370277483,0.005527163835034377,2.710380403042211,1.2871019334197888,2.0666403625172856
2022-11-25,-0.0056988724765242305,0.002345720766509407,-0.008044593243033638,2.694934290762403,1.290121115153626,2.0500150814211984
2022-11-28,-0.00689447870869675,-0.009725893631032712,0.002831414922335962,2.6763541236734048,1.2775735344164925,2.0558195247137485
2022-11-29,0.02086243406794419,0.02747337312713305,-0.006610939059188858,2.7321893851210115,1.3126727888248668,2.0422286271191754
2022-11-30,-0.0016308420232848952,0.0005661053278542827,-0.002196947351139178,2.727733615856183,1.31341589988435,2.0377419583464054
2022-12-01,0.005933482871167017,0.009288985675147465,-0.003355502803980448,2.7439185765429723,1.3256162013638866,2.0309043094913855
2022-12-02,0.010873697936907956,-0.005294625127693187,0.016168323064601142,2.773755118307771,1.3185975605144682,2.063740626480533
2022-12-05,0.008929387721679172,0.0165251013791603,-0.007595713657481129,2.7985230532041334,1.3403875188802832,2.048065043618476
2022-12-06,-0.0066933468333321144,0.0038615049036148097,-0.010554851736946924,2.7797915677879628,1.3455634318571834,2.0264480207354594
2022-12-07,-0.0007690034403137203,-0.0021299340718633486,0.0013609306315496283,2.7776538985089787,1.3426974704578174,2.0292058759201215
2022-12-08,-0.0036614299508878068,-0.0005884803396424276,-0.003072949611245379,2.7674837133317776,1.3419073193943654,2.022970228512576
2022-12-09,-0.002529935567891606,0.0076066194778603435,-0.01013655504575195,2.760482157851859,1.352114697747554,2.002464279435341
2022-12-12,-0.003679447542667469,-0.009873074848845476,0.006193627306178007,2.7503251085595735,1.3387651681324684,2.0148667968760976
2022-12-13,0.0037407078496554114,-0.002851847633922322,0.006592555483577733,2.7606132712822666,1.3349472138553522,2.028149918026522
2022-12-14,-0.0019986805462693935,0.000659312370848264,-0.0026579929171176575,2.7550956872411816,1.3358273610678764,2.0227591099095545
2022-12-15,0.002052651145009632,-0.0003114922289425559,0.0023641433739521878,2.760750937558208,1.335411261225695,2.027541202456349
2022-12-16,-0.009146148115384056,-0.000806892794483538,-0.008339255320900518,2.7355007005736156,1.3343337275013398,2.0106330186954198
2022-12-19,-0.025996817351549684,-0.01723535974379853,-0.008761457607751155,2.664386388495767,1.3113360056895706,1.9930169427373752
2022-12-20,0.00048059539115841154,-0.014791760647556607,0.015272356038715018,2.6656668803143435,1.2919390373648876,2.0234550070780513
2022-12-21,-0.004679704419663255,-0.001112214479908613,-0.0035674899397546422,2.6531923472331864,1.2905021240603711,2.016236351696754
2022-12-22,-0.01633186573341605,-0.0018561845509468267,-0.014475681182469224,2.609860766053247,1.2881067139547262,1.987049957081087
2022-12-23,-0.0005117473433905451,-0.0022087365216874044,0.0016969891782968594,2.6085251767396,1.2852616256117837,1.990421959354989
2022-12-26,0.009895921369077243,0.006490242688003134,0.003405678681074109,2.6343389367778736,1.2936032854795816,1.997200696988306
2022-12-27,0.0041527302128583354,0.010449550489264992,-0.006296820276406656,2.64527863567154,1.3071208583242795,1.9846246831434566
2022-12-28,-0.014175635989446822,-0.004200122403765549,-0.009975513585681273,2.6077801286416,1.3016307907228024,1.9648270326542807
2022-12-29,-0.006056044554302198,-0.003008856797101944,-0.0030471877572002537,2.5919872959947226,1.297714370070819,1.9588398357753605
2022-12-30,0.009851072705148844,0.003192418943270825,0.0066586537618780195,2.617521151298389,1.3018572180087877,1.9718830720167626
2023-01-03,0.02233195687613465,0.007098333223152897,0.015233623652981754,2.675975520771555,1.311098234351181,2.0019219966235515
2023-01-04,0.009169030736441819,0.0008171258880316223,0.008351904848410197,2.7005116225714754,1.312169566660222,2.018641858653291
2023-01-05,0.002624261234661418,0.01694748405525126,-0.014323222820589843,2.7075984705363423,1.334407539468982,1.9897284015168302
2023-01-06,-0.003957808185826472,0.0024125244522570366,-0.006370332638083509,2.6968823151457224,1.3376268302872272,1.9770531697397258
2023-01-09,0.005749560250043917,0.007189623928233635,-0.001440063678189718,2.7123882025039308,1.3472438641533075,1.9742060872801337
2023-01-10,-0.00482842242318382,0.0011572712289888987,-0.005985693652172719,2.6992916464865817,1.348802990715724,1.9623890944354203
2023-01-11,-0.010725541852339648,-0.0028129060850008436,-0.007912635767338805,2.6703402809605192,1.3450089345756724,1.946861424297355
2023-01-12,0.002061260487654426,0.0015085943207131525,0.0005526661669412736,2.675844547870255,1.3470380074156818,1.9479373887382871
2023-01-13,0.004365940619629027,0.012295247175464041,-0.007929306555835014,2.6875271262736145,1.3636001726716023,1.9324915960314084
2023-01-16,0.015532246156725327,0.014527750496988512,0.0010044956597368149,2.7292704591517727,1.3834102157578259,1.9344327754520998
2023-01-17,-0.00016665940186921802,0.0001328410379313194,-0.0002995004398005374,2.728815600569511,1.383593989406772,1.9338534119850874
2023-01-18,0.009719966599802676,-0.00048723774895509386,0.01020720434875777,2.7553395970640673,1.3829198501859055,1.9535926489417617
2023-01-19,0.006941253303861306,0.006817106980313348,0.00012414632354795785,2.7744651071454483,1.3923473627498217,1.9538351802868381
2023-01-20,0.0067201924886945985,0.006505885648975918,0.00021430683971868092,2.7931100467186325,1.4014058154755253,1.9542539005296566
2023-01-30,0.015434643825158911,0.004830740597713268,0.010603903227445644,2.8362207054542075,1.4081756434422144,1.9749766197727312
2023-01-31,0.007119827594504358,-0.007686892508316889,0.014806720102821247,2.856414107897005,1.3973511486382442,2.004219545791322
2023-02-01,0.01659962931324932,0.01011318037603548,0.00648644893721384,2.903829523253231,1.4114828128530832,2.017219813534063
2023-02-02,0.0017975760011152975,-0.0024565282688816525,0.00425410426999695,2.909049377515561,1.408015465422269,2.025801276956341
2023-02-03,0.00027767320026428344,-0.008097587857700317,0.0083752610579646,2.9098571425659427,1.3966139364860113,2.0427678915024083
2023-02-06,0.0019241892968249186,-0.011501083276069468,0.013425272572894387,2.9154562585349577,1.3805513632979665,2.070192607248985
2023-02-07,0.008309479942549158,0.001945467527389333,0.006364012415159825,2.9396821838386336,1.3832371811451558,2.0833673387032894
2023-02-08,-0.0029950386661410366,-0.00527833077422879,0.0022832921080877533,2.930877722031871,1.3759359977638599,2.0881242749059985
2023-02-09,0.011608643046534084,0.013511372886563455,-0.0019027298400293713,2.964901235319978,1.3945267820976932,2.084151138538445
2023-02-10,0.003784798559947733,-0.005235490792282582,0.009020289352230315,2.9761227892458044,1.3872257499704292,2.1029507848618416
2023-02-13,0.007187846198151382,0.008752879573844963,-0.0015650333756935808,2.9975147021217166,1.3993679699016572,2.099659596696092
2023-02-14,0.002115341668375237,0.0008477294027857685,0.0012676122655894684,3.003855469872682,1.4005542552750596,2.1023211509544266
2023-02-15,0.0027903803750071177,-0.004385711027325545,0.007176091402332663,3.0122373692251725,1.394411829033332,2.1174075996907327
2023-02-16,-0.023111137303926776,-0.009272149296789656,-0.01383898800713712,2.9426211377929903,1.3814826343733255,2.088104821312392
2023-02-17,0.0007605925773157551,-0.012832721995864493,0.013593314573180248,2.944859273588248,1.363754451784298,2.1164890870102653
2023-02-20,0.010242134619676158,0.022696959002555195,-0.012454824382879037,2.975020918704341,1.3947075306659984,2.0901285871232727
2023-02-21,0.0055459148035028605,0.003465473934875174,0.0020804408686276865,2.991520131258114,1.3995408532602955,2.094476976056611
2023-02-22,0.0026854744542497144,-0.007037889461008806,0.00972336391525852,2.9995537821499814,1.3896910394388837,2.1148423379069397
2023-02-23,0.0008131843687393392,-0.0011953901888320795,0.0020085745575714187,3.001992972398819,1.3880298164048306,2.119090156420134
2023-02-24,-0.00010463799311655197,-0.008487370123742344,0.008382732130625792,3.001678849878837,1.3762490936102127,2.13685392156205
2023-02-27,-0.008953734494392407,-0.00451382993045879,-0.0044399045639336165,2.974802614419589,1.3700369392597083,2.1273664940832475
2023-02-28,0.011259329086112269,0.006761866552496887,0.004497462533615382,3.0082968960215664,1.3793009462149737,2.1369342451856554
2023-03-01,0.008559279831870104,0.012275112176615588,-0.0037158323447454844,3.0340457509719614,1.3962320200550744,2.1289937557988003
2023-03-02,-0.00014703474346455803,-0.00245790290151493,0.002310868158050372,3.0335996408333075,1.392800217321793,2.1339135796777637
2023-03-03,0.0003134526694479334,0.002634347887042976,-0.0023208952175950426,3.034550530738763,1.3964693376313677,2.1289609898559285
2023-03-06,-2.66558885519963e-07,-0.003669277015846739,0.003669010456961219,3.0345497218523554,1.3913453047874622,2.1367721699901723
2023-03-07,-0.017251387606583624,-0.0153422232542485,-0.0019091643523351243,2.9821995283892297,1.3699989744976626,2.1326927207341653
2023-03-08,0.009207099548328435,-0.001988826403630184,0.011195925951958619,3.0096569363200874,1.3672742843642354,2.156570190513786
2023-03-09,0.008167075973389837,-0.0032571171100810314,0.011424193083470868,3.034237033172853,1.3628209118984589,2.181207264768273
2023-03-10,-0.014375437971040017,-0.013056614176951142,-0.0013188237940888747,2.990618546913044,1.34502708505952,2.178330636727657
2023-03-13,-0.0027828321993217386,0.009429065199183517,-0.012211897398505256,2.982296157324806,1.357709433139214,2.1517290864919185
2023-03-14,-0.014057084377724571,-0.0067428282669841355,-0.007314256110740436,2.9403737686019276,1.348554631595092,2.135990788872387
2023-03-15,0.017708176699261502,0.0018858600425804006,0.0158223166566811,2.992442426858204,1.351097816890054,2.16978711150968
2023-03-16,-0.012963144830857032,-0.012363870031703916,-0.0005992747991531155,2.9536509622808396,1.3343930190819064,2.168486812774225
2023-03-17,0.005789578777987803,0.0054878614150351,0.00030171736295270257,2.970751357209644,1.3417159830438183,2.169141082896973
2023-03-20,-0.0016317919547359505,-0.004649960493147476,0.0030181685384115253,2.9659037090454285,1.3354770567296401,2.175687916268749
2023-03-21,0.016430422065111472,0.01127204504514201,0.005158377019969462,3.0146347587895246,1.3505306142698503,2.1869109348186546
2023-03-22,0.00886709676830022,0.0046338346647791795,0.0042332621035210405,3.0413658169167928,1.3567887498460995,2.1961687020027982
2023-03-23,-0.0032362877459839456,0.008826272133543478,-0.012062559879527424,3.0315230819924506,1.3687641365799714,2.1696772855293456
2023-03-24,0.0023675821186632806,-0.0020277500074866728,0.004395332126149953,3.038700461833691,1.3659886250917739,2.1792137378058105
2023-03-27,-0.0045565205121478325,-0.0026127524598639207,-0.0019437680522839118,3.0248545608490724,1.3624196349514193,2.1749778517631655
2023-03-28,-0.004507356453122391,-0.0036980322937802956,-0.0008093241593420952,3.011220463124473,1.3573813631436886,2.1732175896416996
2023-03-29,-0.010805128525469221,0.0004196482287022185,-0.01122477675417144,2.97868383900189,1.3579509858284053,2.148823707359733
2023-03-30,-0.0075874168303601275,0.007045150289893609,-0.014632567120253737,2.9560833231095254,1.3675179546098757,2.1173809002321993
2023-03-31,0.007690455435112709,0.004487346812370063,0.0032031086227426453,2.978816950168379,1.3736544819443532,2.1241631012513635
2023-04-03,0.004677976510304882,0.010276629965675133,-0.0055986534553702505,2.992751785889765,1.3877710207559866,2.1122706481647726
2023-04-04,-0.01035146682474275,0.0020660263031437864,-0.012417493127886536,2.9617724150634372,1.3906381921876092,2.0860415419069502
2023-04-06,-0.008371908760123392,-0.000843479652127499,-0.007528429107995893,2.9369767266362756,1.3894652171690276,2.070336926042369
2023-04-07,0.007631491695971437,0.00674221248114848,0.0008892792148229578,2.959390240136862,1.3988332868983464,2.0721780336383793
2023-04-10,-0.013200193630989676,-0.005487099272315388,-0.007713094358674288,2.9203257159373943,1.391157749787716,2.056195128936954
2023-04-11,0.001670874505240949,-0.00042076687862302453,0.0020916413838639736,2.9252052137231535,1.3905723966836654,2.060495951761938
2023-04-12,0.008580856633111367,0.0003997336414309771,0.00818112299168039,2.9503059802845417,1.3911282552514652,2.077353122567162
2023-04-13,0.0026517499499503216,-0.006676961720383678,0.009328711670334,2.9581294540200993,1.3818397451430071,2.0967321508850594
2023-04-14,-3.824929261997401e-05,0.0052568513599171585,-0.0052951006525371325,2.958016307661005,1.3891038712864496,2.0856297431047124
2023-04-17,0.006114371078130176,0.011504682154545698,-0.0053903110764155215,2.9761027170212047,1.4050850698052493,2.0743875499991535
2023-04-18,-0.0031767229971167987,0.0018808188236034695,-0.005057541820720268,2.9666484630782617,1.4077277802533033,2.0638962482126515
2023-04-19,-0.004813126151356206,-0.007994375872121817,0.003181249720765611,2.952369609778739,1.3964738752523307,2.070462017575967
2023-04-20,-0.006524315573799733,-0.002283204184632348,-0.004241111389167385,2.9331074187540467,1.3932854402566248,2.061680957532387
2023-04-21,-0.016680792846743397,-0.021013381122565677,0.00433258827582228,2.8841808615045643,1.3640078022879907,2.070613372277478
2023-04-24,-0.0009482542186969312,-0.010903423854953131,0.0099551696362562,2.8814459248351576,1.3491354470781816,2.091226679649601
2023-04-25,-0.012346514249790275,-0.007509586121274059,-0.004836928128516216,2.8458701116641802,1.3390039982490844,2.0811115664997
2023-04-26,0.011683843491823609,0.00037118690458015635,0.011312656587243453,2.879120812646923,1.339501018998415,2.1046544669712515
2023-04-27,0.006378883567977001,0.006126376458634786,0.0002525071093422149,2.897486389088937,1.347707306507524,2.1051859071868706
2023-04-28,0.02097838412595121,0.011057410004507107,0.009920974121444104,2.9582709715589597,1.3626094587616477,2.1260714020929004
2023-05-04,0.01792090091097287,0.0010911616131341617,0.01682973929783871,3.0112858525080752,1.364096285896742,2.161852629518714
2023-05-05,-0.0037177788379381127,-0.005021079819900631,0.0013033009819625185,3.0000905576906383,1.3572470495632245,2.164670174173624
2023-05-08,0.0029495291493919495,0.010452236330132925,-0.007502707180740975,3.008939412241362,1.371433316483635,2.148429287713916
2023-05-09,-0.00973552505594455,-0.009103696601091005,-0.0006318284548535447,2.9796458072016674,1.35894820366174,2.147071848956698
2023-05-10,0.005568249195500252,-0.006054955277631335,0.011623204473131588,2.996237217570494,1.3507198330639507,2.1720277040756257
2023-05-11,0.008648334661136792,-0.0019615591735897553,0.010609893834726547,3.022149679752197,1.3480703161844545,2.195072687421953
2023-05-12,-0.005317381217062156,-0.012468157525774681,0.007150776308712525,3.0060797578099323,1.3312623631264457,2.210769161191072
2023-05-15,0.0064099485846862425,0.014381980344259526,-0.007972031759573284,3.02534857449896,1.3504085522659828,2.1931448392249715
2023-05-16,-0.0032897570562580025,-0.005872481248214156,0.002582724191956154,3.015395912678362,1.3424783033653727,2.1988091274577015
2023-05-17,0.015560697685163438,-0.0028922942345762648,0.018452991919739703,3.0623175768766275,1.3385954611085054,2.2393837345197283
2023-05-18,0.0024445680190301466,-0.0005071196754976581,0.0029516876945278048,3.069803620489174,1.3379166330126453,2.245993695932236
2023-05-19,0.0029503387427107786,-0.0026280047219522373,0.005578343464663016,3.0788605810432172,1.3344005817835096,2.2585226201876143
2023-05-22,0.0103883659340267,0.004577518111030132,0.005810847822996568,3.110844911418944,1.3405088246139927,2.27164655143832
2023-05-23,-0.002879362457192225,-0.013145981915981597,0.010266619458789372,3.101887661370857,1.3228865198474034,2.2949686821268083
2023-05-24,0.0016026262853945372,-0.012238564191406343,0.01384119047680088,3.1068588280713105,1.3066962882563047,2.326733780794418
2023-05-25,0.0005560564221502862,-0.0024100934775029836,0.00296614989965327,3.108586416875374,1.3035470280549009,2.3336352219648413
2023-05-26,-5.448164789967347e-05,0.002119800706940511,-0.0021742823548401846,3.108417055964744,1.3063102879665018,2.3285612400790896
2023-05-29,-0.012000002758952077,-0.0036874754820569455,-0.008312527276895132,3.0711160427171937,1.3014933008076666,2.3092050112550115
2023-05-30,0.0018913802619768827,0.0023067666044718216,-0.0004153863424949389,3.0769246909826298,1.3044955420899136,2.308245799031315
2023-05-31,-0.005698495830671169,-0.008114757272682738,0.002416261442011569,3.0593908484597763,1.2939098774025573,2.3138231243541996
2023-06-01,0.000923074393196277,0.0017715722677573709,-0.0008484978745610938,3.0622148938107685,1.296202132258341,2.3118598503510746
2023-06-02,0.009476063310246863,0.01296976102905778,-0.0034936977188109175,3.0912326360141003,1.3130135641590868,2.3037829108656926
2023-06-05,0.0036428049939463136,-0.0037042455519908923,0.007347050545937206,3.102493393698022,1.3081498395043467,2.320708920358689
2023-06-06,-0.019911004814964217,-0.011831034836011112,-0.008079969978953105,3.040719632797706,1.2926730731824485,2.301957661952302
2023-06-07,0.003164281152665982,-0.0034894342873718065,0.0066537154400377885,3.050341324622309,1.2881623754385234,2.3172742331899476
2023-06-08,-0.00010434188451580173,0.0050801093259722485,-0.00518445121048805,3.0500230462600815,1.2947063811353552,2.3052604379866533
2023-06-09,-0.0019170007829536484,0.0050949705215557195,-0.007011971304509368,3.0441761496923743,1.30130287198131,2.28909601794607
2023-06-12,0.011810909102863754,0.00228037063374531,0.009530538469118444,3.080130637489497,1.3042703248361847,2.3109123356046113
2023-06-13,0.005155241301825431,0.004631542569939029,0.0005236987318864017,3.0960094541669005,1.3103111083683716,2.312122557464268
2023-06-14,0.00031953364815029417,-0.00016622449795877792,0.0004857581461090721,3.0969987333624984,1.3100933025622132,2.313245689831359
2023-06-15,-8.690532550181818e-05,0.014006857669586203,-0.014093762995088022,3.096729587679497,1.3284435929850802,2.280643353329467
2023-06-16,0.0032422150526618676,0.009314729227277052,-0.0060725141746151845,3.106769850962695,1.3408176853474472,2.266794114239132
2023-06-19,-0.007504594306707579,-0.00674305676666731,-0.0007615375400402691,3.0834548036269096,1.331776475581398,2.2650678654255967
2023-06-20,-0.00785489029213926,-0.0014757693415904383,-0.006379120950548822,3.0592346044236503,1.3298110806888834,2.2506187235508452
2023-06-21,-0.0058823417945924605,-0.01712370640947558,0.01124136461488312,3.0412391408505854,1.3070397861630996,2.2759187492313635
2023-06-26,-0.013244499919894293,-0.01492127102751828,0.0016767711076239866,3.0009594492932106,1.2875370912700104,2.2797349440333745
2023-06-27,0.026829505744160986,0.009636748208352142,0.017192757535808845,3.081473708076017,1.2999447620274935,2.318929874172051
2023-06-28,0.003336197080210379,-0.0011401547999539963,0.004476351880164375,3.091754111663645,1.2984626237673929,2.329310220274271
2023-06-29,0.012662799269153258,-0.003715586241858748,0.016378385511012006,3.130904373369221,1.2936380739069548,2.3674605610366632
2023-06-30,0.014388811556507619,0.0065508746834790355,0.007837936873028584,3.1759543663990764,1.3021125348148965,2.3860165674634533
2023-07-03,0.0057456320838202846,0.011575509140146378,-0.005829877056326094,3.1942022317034082,1.3171851503631455,2.372106384220784
2023-07-04,0.008361568893468174,0.0017243062182277225,0.006637262675240452,3.220910773723466,1.3194563809084738,2.3878506773864725
2023-07-05,-0.0028965060365065964,-0.00720483625392998,0.004308330217423384,3.211581386224327,1.3099499137398252,2.3981383266145517
2023-07-06,0.0024283958809725448,-0.006371155792413763,0.008799551673386308,3.2193803772340424,1.3016040187591298,2.4192408687395246
2023-07-07,-0.000867116036254667,-0.004454635957792608,0.0035875199215379405,3.216588800882139,1.295805846694358,2.4279199435511263
2023-07-10,0.0013898098746520926,0.004587909326897011,-0.003198099452244918,3.2210592477603,1.3017508864242548,2.420155214109561
2023-07-11,0.009178069343426687,0.006799600482804147,0.00237846886062254,3.25062235289553,1.3106022723800759,2.4259114779241937
2023-07-12,-0.009342575870782466,-0.007863788051760023,-0.0014787878190224424,3.220253166936342,1.3002959738899238,2.4223240695806125
2023-07-13,0.007726359458183785,0.014128098591459137,-0.006401739133275353,3.245134000450447,1.318666683607118,2.4068169827909034
2023-07-14,0.0014063068511054322,-0.00046052952292463534,0.0018668363740300675,3.2496976546280356,1.3180593986684197,2.411310116280011
2023-07-17,0.0043699108284041,-0.006815075606394605,0.011184986434798705,3.263898543598034,1.3090767242127754,2.438280587220696
2023-07-18,0.004812116646687681,-0.0028075678506155333,0.007619684497303214,3.2796048041127817,1.3054014024878866,2.456859516011217
2023-07-19,0.003262752589829665,-0.0011463963423768986,0.0044091489322065636,3.2903053431810183,1.3039048950947407,2.467692175522819
2023-07-20,-0.0077466582180361065,-0.00818408958325434,0.00043743136521823267,3.264816472254417,1.2932336206252415,2.468771621480096
2023-07-21,0.0017558929424950076,-0.0003377747358298544,0.002093667678324862,3.27054914045659,1.2927967989806686,2.473940408829155
2023-07-24,0.002900493445012531,-0.003614287691543927,0.006514781136556458,3.2800353468000756,1.2881242594224454,2.49005758913756
2023-07-25,0.016535314311753257,0.02572103814603932,-0.009185723834286064,3.3342717622130755,1.3212561526358888,2.467184607792274
2023-07-26,0.006612929676619972,-0.0021841152238406547,0.008797044900460627,3.3563210668993304,1.3183703769583237,2.488888541564748
2023-07-27,-0.0013849768109924776,-0.002637941522206866,0.0012529647112143882,3.3516726400514294,1.3148925929992978,2.4920070310774745
2023-07-28,0.011385693703448663,0.02072015913914127,-0.009334465435692607,3.389833758125284,1.3421373767771214,2.468745477580379
2023-07-31,0.007786318969015493,0.005990038315644375,0.0017962806533711184,3.416228085017984,1.3501768310888749,2.473180037319854
2023-08-01,-0.002628882269853472,-0.002619376733522305,-9.505536331166908e-06,3.4072472235755047,1.3466402093113798,2.4731565284171557
2023-08-02,-0.0006015549419661204,-0.00611613684969925,0.005514581907733129,3.4051975771696625,1.3384039735039237,2.486794952663757
2023-08-03,-0.0028441203688505112,0.007446504102968099,-0.01029062447181861,3.395512785380474,1.3483704041840494,2.4612042796674802
2023-08-04,-0.005602887739572959,0.004154192758672126,-0.009757080498245085,3.376488108425703,1.3539717947531187,2.4371901113881393
2023-08-07,-0.008649818306415646,-0.007205382789591264,-0.0014444355168243828,3.3472820997740476,1.3442159096856126,2.433669747429997
2023-08-08,0.0004319027626713545,-0.0029836366948605697,0.0034155394575319242,3.3487278001603804,1.3402052577716592,2.441982042478946
2023-08-09,-0.007466846200402721,-0.004161106016787763,-0.003305740183614958,3.32372336470957,1.334628521609815,2.433909484313457
2023-08-10,0.005706341732509834,0.001950870122753967,0.003755471609755867,3.34268966605293,1.337232208517599,2.443049962282512
2023-08-11,-0.013972579766030835,-0.02213071892911289,0.008158139163082057,3.2959836680609187,1.307638298367939,2.462980703857175
2023-08-14,0.004114436089128315,-0.005254639740011724,0.009369075829140039,3.309544782213966,1.3007671301997736,2.4860565568373216
2023-08-15,0.0008147052396423327,-0.0034280694948908286,0.004242774734533161,3.3122410856888664,1.2963080100807791,2.496604334785291
2023-08-16,-0.004626061627321265,-0.007484478851227938,0.002858417223906673,3.2969184543019243,1.2866058201946522,2.5037406716171215
2023-08-17,0.010164610363218918,0.004307652083912705,0.0058569582793062125,3.3304303457892095,1.292148070437188,2.518404976272985
2023-08-18,-0.008495943173779774,-0.013373327558557357,0.004877384384777583,3.302135198827153,1.2748677510370736,2.530688205378805
2023-08-21,-0.006574353490515494,-0.013664460976148818,0.0070901074856333235,3.2804257947565896,1.257447370403277,2.548631056767565
2023-08-22,0.0004966293715906733,0.007066956316728934,-0.006570326945138261,3.2820549505575896,1.2663336960405025,2.5318857174620693
2023-08-23,-0.017534002136528892,-0.017179709924391773,-0.0003542922121371195,3.2245073920423075,1.2445784504750437,2.5309886900703513
2023-08-24,0.0012691425779742804,0.006436550198680724,-0.0051674076207064434,3.228599751666541,1.2525892421477225,2.51791003982536
2023-08-25,-0.02091656061169389,-0.006112642595824558,-0.014803918015869333,3.161068549269908,1.2449326117910988,2.480635106024451
2023-08-28,0.009615170942956608,0.011604971120458218,-0.0019898001775016105,3.191462763733542,1.2593800187978512,2.475699137850167
2023-08-29,0.04043482072794191,0.01316599924996309,0.027268821477978822,3.32050898844501,1.2759610151807623,2.543208535673389
2023-08-30,0.013789342557502193,-9.483301151358425e-05,0.013884175569015778,3.366296624351943,1.2758400119551188,2.578518889491298
2023-08-31,-0.0032160433067487393,-0.006149496371167018,0.002933453064418279,3.3554704686246652,1.2679942384314111,2.5860828536293363
2023-09-01,-0.0020730533430683984,0.005673185192377694,-0.007746238535446093,3.3485143993521156,1.2751878045689005,2.5660504389726966
2023-09-04,0.015459332512971713,0.01478785624419321,0.0006714762687785036,3.4002801968761736,1.2940450985072136,2.5677734809469555
2023-09-05,0.0004825577199121245,-0.007337551934780251,0.007820109654692375,3.4019210283350403,1.284549975390969,2.5878537511363717
2023-09-06,0.012782330416822862,-0.0015350892169785357,0.014317419633801398,3.4454055069711567,1.2825780765750763,2.624905139242298
2023-09-07,-0.02031058355040316,-0.01433152323055642,-0.005979060319846741,3.3754273105568,1.264196779075638,2.609210673080893
2023-09-08,0.006526542945072933,-0.0033779196068772777,0.00990446255195021,3.397457181857121,1.2599264239886474,2.635053502482571
2023-09-11,0.012186813679030406,0.008459315691601521,0.003727497987428885,3.4388613595148976,1.270584539357358,2.6448756591098426
2023-09-12,-0.000887939379974223,-0.0015323198420063022,0.0006443804620320792,3.4358078590915127,1.2686375974567543,2.6465799653090767
2023-09-13,-0.016861839266494316,-0.007217498306698933,-0.009644340959795383,3.3778738192209534,1.2594812077452955,2.6210554457462725
2023-09-14,-0.010438782724306983,-0.001227403652476089,-0.009211379071830894,3.342612928351981,1.2579353159106839,2.5969119104672167
2023-09-15,0.002448346021111769,-0.00478681102830858,0.007235157049420349,3.3507968014152283,1.2519138172675837,2.615700975982957
2023-09-18,0.009280534407001051,0.004459945156973344,0.004820589250027707,3.3818939864216313,1.2574972842338543,2.6283101959890676
2023-09-19,-0.013928484456636192,-0.0028784636646735917,-0.0110500207919626,3.334789328597766,1.2538776239927614,2.599267313675661
2023-09-20,-0.008234051494512618,-0.004632576663664234,-0.0036014748308483835,3.307330501542741,1.2480689397727618,2.5899061178668115
2023-09-21,-0.006240749127904954,-0.008438248407815041,0.0021974992799100868,3.2866902815995447,1.2375374240288808,2.5955974346958586
2023-09-22,0.022461047319588534,0.017423632009763157,0.005037415309825377,3.360512787539384,1.2590998207034703,2.608672536951539
2023-09-25,-0.007622954277511806,-0.006282551125275648,-0.0013404031522361581,3.3348957522109774,1.2511894617080752,2.6051758640598575
2023-09-26,-0.004215494913997975,-0.00524412977516675,0.0010286348611687757,3.320837516128819,1.2446280617975571,2.607855638773105
2023-09-27,0.006390377505444356,0.002798488927782339,0.003591888577662017,3.342058921491124,1.2481111396477047,2.6172227656542053
2023-09-28,0.009829635152216243,-0.0014392696728919852,0.011268904825108228,3.374910141346591,1.2463147711360112,2.646715999906469
2023-10-09,-0.006981727821445793,-0.002461747613253462,-0.004519980208192331,3.351347437317872,1.2432466587228046,2.634752895970186
2023-10-10,-0.0002547099557705934,-0.0068143272535314825,0.006559617297760889,3.350493815760341,1.234774769133408,2.6520358666419175
2023-10-11,0.0028699692015492495,0.0020780092563528196,0.0007919599451964299,3.3601096298215545,1.237340642533178,2.6541361728215223
2023-10-12,0.009197107816799388,0.008959731480042255,0.00023737633675713354,3.391012920363289,1.2484268824396183,2.654766201943481
2023-10-13,-0.006202759750780329,-0.009541738259588706,0.0033389785088083768,3.3699792819064838,1.2365147198911453,2.6636304092376815
2023-10-16,-0.007626682002986662,-0.009868458876151287,0.002241776873164625,3.3442775215667297,1.2243122252281438,2.6696016742877684
2023-10-17,-0.00016525892120922148,0.003295360421861515,-0.0034606193430707366,3.3437248498712915,1.2283467752791617,2.660363199095434
2023-10-18,-0.01850692731875414,-0.009152718457738018,-0.009354208861016122,3.2818427771008114,1.217104063076561,2.6354776060849345
2023-10-19,-0.004022658817203761,-0.018638446096497674,0.014615787279293913,3.2686410433168303,1.1944191346030804,2.673997186154814
2023-10-20,-0.003371068455589099,-0.006729265635068371,0.003358197179479272,3.257622230603061,1.1863815709667278,2.682976995963295
2023-10-23,-0.025501249051615105,-0.0140781647695023,-0.011423084282112805,3.1745487947843745,1.1696794957311571,2.6523291236114366
2023-10-24,0.031504404816732334,0.0057677198038796895,0.025736685012852645,3.2745610651257313,1.1764258793228777,2.7205912828162395
2023-10-25,0.017657971617783597,0.004842041113088946,0.01281593050469465,3.3323831714744205,1.1821221817970609,2.7554581916284904
2023-10-26,-0.0002403859567317035,0.003155342243731596,-0.0033957282004632994,3.331582113357549,1.1858521818545373,2.74610140454198
2023-10-27,0.01519525041087455,0.01464387862659522,0.0005513717842793309,3.3822063378344076,1.2032176572746982,2.747615527373214
2023-10-30,0.00904601090860524,0.007021292162134207,0.0020247187464710326,3.4128018132616114,1.2116657999810625,2.7531786760395818
2023-10-31,-0.00010897830136058495,-0.0031773980126829082,0.0030684197113223233,3.412429891917122,1.2078158554761669,2.761626583757934
2023-11-01,0.007367308095573177,-0.001171646089496603,0.00853895418506978,3.4375703142854186,1.2064007227522662,2.785207986632914
2023-11-02,-0.008263476209062204,-0.005879332479144739,-0.002384143729917465,3.4091640337763427,1.199307891800125,2.778567650475067
2023-11-03,0.008293501125262281,0.008660065578715903,-0.00036656445345362165,3.4374379395266703,1.2096939767921855,2.7775491263428864
2023-11-06,0.016137509680095308,0.014479547938620607,0.0016579617414747005,3.492909627550509,1.2272097987202086,2.7821541965294294
2023-11-07,0.0025480730819920083,-0.0023302942879319666,0.004878367369923975,3.5018098165503013,1.2243500387361568,2.7957265667798756
2023-11-08,-0.0008318759097906137,-0.0019141630461215753,0.0010822871363309616,3.4988967453232447,1.2220064331364906,2.7987523456798002
2023-11-09,-0.0037156859577019974,-0.0003898917289234527,-0.0033257942287785447,3.485895943819198,1.2215299829355195,2.789444271280758
2023-11-10,0.00021136365862073347,-0.006267446721254677,0.00647881037987541,3.486632735539455,1.213874108849056,2.8075165517796155
2023-11-13,0.011925766823650763,7.775313380009585e-05,0.011848013689850667,3.528213504543206,1.213968491365058,2.8407800463195825
2023-11-14,0.000762725717328383,0.0017220232583405881,-0.0009592975410122051,3.5309045637193464,1.2160589733420812,2.8380548930065914
2023-11-15,0.005608796402323257,0.0067711504388454635,-0.0011623540365222063,3.550708688533282,1.2242930915930885,2.8347560684458335
2023-11-16,-0.006434311064458131,-0.009692271731508328,0.003257960667050197,3.5278623243319847,1.21242691027036,2.843991592217512
2023-11-17,0.007707558434406403,0.0001581869480298259,0.007549371486376577,3.5550535293453143,1.212618700383005,2.8654619412512936
2023-11-20,0.01042479029850929,0.0030370707612479286,0.007387719537261361,3.5921142168887146,1.2163015091824805,2.886631170417955
2023-11-21,-0.0036172459338982277,9.314242328350986e-05,-0.0037103883571817375,3.579120656343576,1.2164147984524891,2.8759206477317583
2023-11-22,-0.005068121942043424,-0.01072660799489189,0.005658486052848466,3.56098123641194,1.2033667937503039,2.8921940046060475
2023-11-23,0.0073923905017558855,0.005929412166921555,0.0014629783348343306,3.587305400280923,1.2105020514584364,2.896425221774924
2023-11-24,-0.008767638572860337,-0.007332278242972112,-0.0014353603298882245,3.5558532030807894,1.2016263136034546,2.892267807913101
2023-11-27,-0.0010544892289550134,-0.005598139575866079,0.004543650346911066,3.5521035941783956,1.194899441781869,2.9054092615418847
2023-11-28,0.011256500859981644,0.0025715349373685026,0.008684965922613141,3.5920878513410086,1.1979721674430532,2.9306426419696208
2023-11-29,-0.005871205152646164,-0.008116457199796034,0.0022452520471498705,3.5709979666394576,1.1882488776194549,2.9372226733609677
2023-11-30,-0.005978101669631641,0.0012584041853969108,-0.007236505855028552,3.549650177732839,1.1897441749803443,2.915967444287668
2023-12-01,0.002429244131698205,-0.0017431008086520317,0.004172344940350237,3.558273144596678,1.187670330946847,2.9281338663000676
2023-12-04,0.0030115764455134197,-0.0051531703424403386,0.008164746787953758,3.568989156185648,1.1815500634208154,2.9520413378796397
2023-12-05,-0.012507939889961572,-0.018691658773584696,0.006183718883623124,3.5243484543521535,1.1594649328114461,2.9702959316459223
2023-12-06,0.009028392895187087,0.002206979824815214,0.006821413070371873,3.55616765689759,1.1620238485257417,2.990557547136924
2023-12-07,-0.0056486168843237206,-0.001819046227529153,-0.0038295706567945675,3.5360802282273522,1.159910073427782,2.979104995706953
2023-12-08,-0.02061058914502545,0.002591404127664454,-0.023201993272689903,3.4631995314595105,1.1629158691797825,2.9099838216379235
2023-12-11,0.00804150820106897,0.007596610259875236,0.0004448979411937337,3.49104887889368,1.1717500878029654,2.911278467449077
2023-12-12,0.007213237896091185,0.0016245850034364295,0.005588652892654755,3.516230644964023,1.1736536954233854,2.92754859227751
2023-12-13,0.0012806556750837306,-0.01500576004573495,0.01628641572081868,3.520733725694399,1.156042129693072,2.975227865694239
2023-12-14,0.003848118671985201,-0.0047032925337398,0.008551411205725001,3.534281926883332,1.150604925375798,3.0006702626045216
2023-12-15,0.00011748276373246824,-0.004235449699803606,0.0043529324635360744,3.5346971440919117,1.1457315960900225,3.0137319776029803
2023-12-18,-0.013478087829748686,-0.005897846871034229,-0.007580240958714457,3.4870561855322793,1.138974246580978,2.9908871630277667
2023-12-19,0.001314023529443764,0.0007469913677677908,0.0005670321616759733,3.491638259408561,1.139825050511284,2.9925830922411474
2023-12-20,-0.0015471540180407306,-0.011548690871247436,0.010001536853206705,3.486236157245972,1.1266615633556252,3.0225135223244806
2023-12-21,0.008408118849864143,0.008875586528762636,-0.00046746767889849217,3.51554884519479,1.136661345549819,3.02110059494376
2023-12-22,-0.015706701210204232,1.4970227212085518e-05,-0.015721671437416318,3.460331169893437,1.136678361628425,2.9736038440106713
2023-12-25,-0.011302178683324282,0.002423543703127695,-0.013725722386451977,3.421221888707825,1.139433151314231,2.9327889831604943
2023-12-26,-0.011185172323644799,-0.007839653089576348,-0.0033455192340684503,3.3829549323252026,1.1305003906891646,2.9229772812078667
2023-12-27,0.008266714258990282,0.003936483496826071,0.004330230762164211,3.410920854101777,1.134950586820268,2.9356344473480602
2023-12-28,0.023576661509709274,0.022080052049644694,0.0014966094600645796,3.491338980515343,1.1600103548510343,2.9400279456332528
2023-12-29,0.014501774702068593,0.005864170788791201,0.008637603913277392,3.5419695918193264,1.166812853688647,2.9654227425215995
2024-01-02,0.013050978898432097,-0.010517211664969217,0.023568190563401314,3.5881957622210487,1.1545412359329967,3.0353123908183925
2024-01-03,-0.0029448838180435866,-0.0021381800669634243,-0.0008067037510801622,3.5776289425849113,1.1520726188758375,3.0328637929270195
2024-01-04,0.00017910863249404052,-0.009054123211225229,0.00923323184371927,3.5782697268123886,1.1416416114362566,3.060866927477537
2024-01-05,-0.013128653730247408,-0.0076240329604122525,-0.005504620769835156,3.531291862615642,1.1329376981616885,3.0440180158148427
2024-01-08,-0.017623027475648922,-0.015271155785200774,-0.0023518716904481485,3.469059809096231,1.1156364300781347,3.0368588760182336
2024-01-09,0.00990393415521229,0.00210679031962413,0.007797143835588161,3.5034171490260135,1.1179868421092434,3.0605377014829305
2024-01-10,-0.007937020440168197,-0.004585094010290169,-0.003351926429878027,3.4756104555037584,1.112860767335905,3.0502790042716916
2024-01-11,0.013345117615868096,0.007557735505013152,0.005787382110854944,3.521992885819397,1.1212714746693357,3.06793213441413
2024-01-12,-0.005600524383823524,-0.0034625549739703,-0.0021379694098532243,3.5022678787827126,1.1173890105475484,3.061372989359247
2024-01-15,-0.002143514085019227,-0.0013885619476903255,-0.0007549521373289014,3.4947607182550313,1.1158374466867347,3.059061799277769
2024-01-16,-0.006072185537203234,0.004297473811686547,-0.010369659348889781,3.473539882765657,1.1206327288919702,3.0273403704920567
2024-01-17,-0.021521518518355376,-0.022572985936120893,0.001051467417765517,3.39878402985447,1.095336702063135,3.0305235202541154
2024-01-18,-0.017116773304859167,0.010648808066887616,-0.027765581371746784,3.3406078141032753,1.107000732372023,2.946379272853507
2024-01-19,-0.014466446119171916,-0.003644304312526936,-0.01082214180664498,3.2922810911552656,1.1029664848290692,2.914493138546527
2024-01-22,-0.06421221744435024,-0.023905239966396707,-0.04030697747795353,3.0808764218420808,1.0765998063343374,2.797018729251482
2024-01-23,-0.009908761046564574,0.007557715484876715,-0.01746647653144129,3.0503487535640526,1.0847364413616858,2.748164667259009
2024-01-24,0.018979168137503555,0.013975085127209796,0.005004083010293758,3.108241835435969,1.099895725470302,2.7619167113799294
2024-01-25,0.04717972301991247,0.022203309091889167,0.0249764139280233,3.2548878243107424,1.1243170502317668,2.8308994863980796
2024-01-26,0.0050420539740170245,-0.004379748814221651,0.009421802788238676,3.271299144400288,1.119392823964205,2.8575716630722483
2024-01-29,-0.035213864919775406,-0.011751111070274378,-0.023462753849501028,3.1561040582171995,1.1062387145585335,2.790525162534275
2024-01-30,-0.03601347294170809,-0.019141059752959433,-0.01687241318874866,3.0424417901153795,1.0850641332221316,2.743442268978397
2024-01-31,-0.058077053429029246,-0.013085488395842226,-0.04499156503318702,2.8657457357161373,1.0708655390981088,2.6200105077188613
2024-02-01,-0.025375590780691182,-0.0004364459794286013,-0.02493914480126258,2.7930257446450937,1.0703981641390607,2.554669686286031
2024-02-02,-0.05481382721665129,-0.015080211122955767,-0.03973361609369552,2.6399293140664586,1.0542563338382194,2.4531634217249403
2024-02-05,-0.12170201471863573,-0.0007356418211262872,-0.12096637289750944,2.3186445978297847,1.0534807787888607,2.1564131404740308
2024-02-06,-0.013390181175896854,0.045214653631638235,-0.05860483480753509,2.2875975265823296,1.1011135473093876,2.0300369045997524
2024-02-07,-0.06955804927134035,0.023129246841524065,-0.09268729611286441,2.1284767051153195,1.1265814743456526,1.8418782729030725
2024-02-08,0.11388427128159995,0.006785666048268357,0.10709860523333159,2.3708767236172386,1.134226080006728,2.0391408669405693
2024-02-19,0.05544708311377455,0.008087610636639875,0.04735947247713468,2.502334922364157,1.143399258915745,2.1357135027054417
2024-02-20,0.0221297379460621,0.00150037112424517,0.02062936682181693,2.5577109384493553,1.1451147821473053,2.1797719199790597
2024-02-21,0.029692227506523672,0.009899409640058199,0.019792817866465473,2.6336550735297175,1.1564507424606676,2.222915748581641
2024-02-22,0.04104429392269959,0.008272175730534848,0.032772118192164745,2.74175158645868,1.1660171062260096,2.295765406225383
2024-02-23,0.04924857883741507,0.0017117658020040505,0.04753681303541102,2.8767789556169983,1.168013054432999,2.4048987771142833
2024-02-26,0.031238039118125505,-0.007859423898219586,0.03909746301634509,2.9666438891667624,1.158833144719556,2.4989242181105626
2024-02-27,0.037491168533820174,0.014487106151828577,0.023004062381991597,3.077866835195341,1.1756212834993653,2.5564096267118477
2024-02-28,-0.0984969911929775,-0.015496310033244809,-0.08300068115973269,2.774706212635948,1.157403491608578,2.3442258863714662
2024-02-29,0.0481146089494322,0.022261549371635825,0.025853059577796378,2.9082101170064867,1.183169086579926,2.4048312978756403
2024-03-01,0.017810984543907393,0.006139869914554286,0.011671114629353108,2.960008202450924,1.1904335908584487,2.4328983596174028
2024-03-04,-0.003467750850686624,0.0011141710190891718,-0.004581921869775796,2.9497436314888357,1.1917599374655334,2.42175100941653
2024-03-05,-0.028008828881710413,0.0033521193061041288,-0.03136094818781454,2.8671247668695496,1.1957548589601532,2.345802601486431
2024-03-06,0.020145048392424147,-0.003092362363342982,0.02323741075576713,2.9248831340452544,1.1920571516385203,2.4003129800891183
2024-03-07,0.0030161430993693727,-0.007975476197379372,0.010991619296748745,2.9337050001264666,1.1825499281997114,2.426696306559302
2024-03-08,0.0061762527612887475,0.006723773258482391,-0.0005475204971936432,2.951824303734304,1.1905011257837608,2.4253676405909967
2024-03-11,0.02145146982160151,0.013700832639636396,0.007750637181965114,3.0151452737045306,1.2068119824654229,2.4441657852060965
2024-03-12,0.024860307347408295,0.0008673081780956604,0.023992999169312634,3.0901027119059106,1.207858660367239,2.502808652860209
2024-03-13,-0.001932386596745106,-0.005586723000359561,0.0036543364036144554,3.084131438842858,1.201110688608182,2.511954757631637
2024-03-14,-0.003717363435173704,-0.0031655898942906102,-0.0005517735408830937,3.0726666014028337,1.1973084647503995,2.5105687274604804
2024-03-15,0.022004093798850155,0.004565381123862622,0.017438712674987533,3.1402778455126956,1.202774634214812,2.554349814149473
2024-03-18,0.028277852799059033,0.010500480569898274,0.01777737222916076,3.22907816017625,1.215404345891351,2.5997594415990957
2024-03-19,0.0009326996193228521,-0.007684944229475188,0.00861764384879804,3.23208992014701,1.2060640312769142,2.6221632425593464
2024-03-20,0.017518521678322907,0.0023260029814022865,0.01519251869692062,3.2887113574793942,1.2088693398094263,2.6620005066483072
2024-03-21,0.003034962332440161,-0.00220067748860886,0.005235639821049021,3.2986924725716125,1.2062090082666383,2.6759377825045676
2024-03-22,-0.01950457055445365,-0.011330299497549934,-0.008174271056903715,3.234352892502894,1.1925422989463346,2.6540639417389653
2024-03-25,-0.02706499381067473,-0.008360214586662473,-0.018704779224012258,3.1468151514857654,1.1825723894234714,2.604420261662326
2024-03-26,0.005272115290002377,0.003278142527446626,0.0019939727625557513,3.1634055237607246,1.1864490302650246,2.6096134047263293
2024-03-27,-0.028984605501420235,-0.01480147708807733,-0.014183128413342905,3.0717154626135064,1.1688878321273852,2.572600922697915
2024-03-28,0.026856530283128066,0.007183509062784532,0.019673021220343534,3.1542110819563387,1.177284548462851,2.6232117552416265
2024-03-29,0.018674063047866785,0.006548089212399688,0.012125973835467097,3.2131130185670713,1.1849935127145654,2.655020752350576
2024-04-01,0.026523156832598094,0.017813482717824014,0.00870967411477408,3.2983349190793882,1.20610237417404,2.678145117871512
2024-04-02,0.011014204687986862,-0.004044259744585443,0.015058464432572305,3.334663455007663,1.2012245828943189,2.718473870874247
2024-04-03,-0.002913410300905195,-0.0029835292363703525,7.011893546515768e-05,3.324948212147792,1.197640694231807,2.7186644873681622
2024-04-08,-0.039230479854447275,-0.010184862494031832,-0.029045617360415443,3.1945088982940475,1.185442888443799,2.6396991989367167
2024-04-09,0.02073432464537306,0.0015471908521031974,0.01918713379326986,3.2607448828738095,1.18727699483649,2.6903474606407025
2024-04-10,-0.024667622648703258,-0.009308233484798367,-0.01535938916390489,3.1803100585493884,1.1762255433574222,2.649025367006599
2024-04-11,0.004076177132278813,0.0011960408104401132,0.0028801363218387,3.1932735656836035,1.1776323571095597,2.656654921183587
2024-04-12,-0.005023781088463686,-0.007203699200010738,0.0021799181115470523,3.1772312583340314,1.169149047840743,2.662446211362406
2024-04-15,-0.07034651416184678,0.018663390129377566,-0.08900990429122435,2.9537241146241744,1.190969332639985,2.425462128908505
2024-04-16,-0.08459266111293517,-0.015114807115980566,-0.06947785399695461,2.703860731574667,1.1729680608960835,2.2569462252410575
2024-04-17,0.07769429767662084,0.01880572083341825,0.05888857684320259,2.913935292129755,1.1950265707958112,2.3898545764571417
2024-04-18,-0.005357765323269481,0.0014029607033674285,-0.00676072602663691,2.8983231106673313,1.1967031461141178,2.3736974244222107
2024-04-19,-0.007360347732660144,-0.00753525459701343,0.00017490686435328584,2.8769904447312147,1.187685683231101,2.3741126003956396
2024-04-22,-0.005961836839729284,-0.0045515570171026365,-0.0014102798226266477,2.859838297110267,1.1822798641254781,2.370764437298658
2024-04-23,0.020540621904775014,-0.00808812824329197,0.028628750148066984,2.9185811542800044,1.1727174329649694,2.438636460034004
2024-04-24,0.022171830497156986,0.005961915298743126,0.01620991519841386,2.9832914409248974,1.1797090749696661,2.4781665502509154
2024-04-25,0.012751157535463742,0.0016442034296590968,0.011106954105804645,3.0213318600623316,1.1816487566767313,2.5056914323910924
2024-04-26,0.006925019367050478,0.016873869697647148,-0.00994885033059667,3.04225464170755,1.2015877438252813,2.480762683355575
2024-04-29,0.03644375050377602,0.0133168726248305,0.023126877878945518,3.1531258108388944,1.21758913475736,2.538134978980185
2024-04-30,-0.0022147910982749375,-0.005757853624517306,0.0035430625262423687,3.1461422958613077,1.2105784347446245,2.5471277499107545
2024-05-06,0.02622831248500046,0.015158970119862225,0.011069342365138235,3.2286602991194346,1.2289295570646679,2.575322779022261
2024-05-07,0.006344504879115531,0.00015747813444710879,0.006187026744668422,3.2491445501402043,1.2291230865986813,2.5912563699322253
2024-05-08,-0.009692477758165285,-0.009034277573439109,-0.0006582001847261765,3.2176522888549064,1.2180188474624265,2.589550804510863
2024-05-09,0.012616528581634867,0.01165805320570068,0.0009584753759341869,3.2582478909230073,1.2322185759916897,2.592032825191717
2024-05-10,-0.00971282053139877,-0.0006555429157819592,-0.00905727761561681,3.2266011139116637,1.2314108038335034,2.568556064305164
2024-05-13,-0.02147122357544584,-0.0017336822356806003,-0.01973754133976524,3.157322040006084,1.2292759287980721,2.517859082802436
2024-05-14,0.011211070081078356,-0.001759086970310575,0.01297015705138893,3.1927189986651254,1.227113525528807,2.55051611053965
2024-05-15,-0.005285541891763668,-0.008825417102647615,0.003539875210883947,3.175843748649051,1.216283736833715,2.5595446192943094
2024-05-16,0.009781779200075835,0.0018802235600052786,0.007901555640070557,3.2069091509722774,1.218570622171361,2.5797690035169065
2024-05-17,0.013745343498387186,0.010861607106007698,0.002883736392379488,3.2509892188205125,1.2318062575003097,2.587208377276281
2024-05-20,-0.0037620437155680975,0.00410482300586934,-0.007866866721437438,3.2387588552604694,1.2368626041648707,2.566855153791662
2024-05-21,-0.012776341227609067,-0.005057789860965389,-0.007718551366643678,3.197379366971721,1.2306068130261183,2.547042750436387
2024-05-22,0.004094334297875868,0.001191552166158738,0.00290278213171713,3.2104705069772344,1.2320731452398692,2.5544362606210735
2024-05-23,-0.024407557553590253,-0.01359327185402004,-0.010814285699570214,3.1321107633040834,1.2153252400325862,2.5268118570973757
2024-05-24,-0.006327645944001592,-0.010570823077154734,0.004243177133153142,3.1122918753364988,1.2024782519390012,2.537533567389192
2024-05-27,0.0015605281716535302,0.009860997860707377,-0.008300469689053847,3.1171486944863696,1.2143358874089187,2.5164708469281214
2024-05-28,-0.012998255955850357,-0.008061328876185714,-0.004936927079664644,3.0766311979029908,1.2045467264543606,2.5040472138587355
2024-05-29,0.0008111424434216197,0.0014819683181241938,-0.0006708258747025742,3.079126784050365,1.2063318265406662,2.502367434196202
2024-05-30,-0.00764943013313002,-0.004900674374822556,-0.002748755758307464,3.0555732188447227,1.2004199870708054,2.4954890373020544
2024-05-31,0.004204019564537864,-0.0029861589870886496,0.007190178551626514,3.0684189084376237,1.196835342138133,2.5134320490538826
2024-06-03,-0.028482092090780786,0.00016978926416233442,-0.02865188135494312,2.9810239185144103,1.197038551930198,2.4414174921906793
2024-06-04,-0.011586153958078715,0.008868229823163043,-0.02045438378124176,2.946485316441787,1.2076541649159014,2.391479801835174
2024-06-05,-0.021549842081660442,-0.0073602777458574575,-0.014189564335802984,2.882989023176535,1.1987654948411788,2.3575457453292605
2024-06-06,-0.04191763933745274,-0.0028961539514612555,-0.03902148538599148,2.762140929089186,1.1952936854164191,2.2655508084810885
2024-06-07,0.032121603022905454,-0.004729797916687151,0.036851400939592605,2.8508653235067083,1.1896401878333072,2.349039529673443
2024-06-11,-0.003361067207425794,-0.006117406086065369,0.002756338878639575,2.8412833735550826,1.1823626757080277,2.3555142786565435
2024-06-12,0.01959787054571671,0.0010182849305790942,0.018579585615137617,2.8969664772937125,1.1835666578031803,2.399278757864522
2024-06-13,-0.00916515954464403,-0.005652313848689694,-0.0035128456959543364,2.8704153173338303,1.1768767675924319,2.390850461806563
2024-06-14,0.00016175466792822668,0.004162620379714266,-0.004000865711786039,2.8708796204103018,1.1817756588096244,2.3812849901719133
2024-06-17,-0.013491068448179933,-0.0014135081540695982,-0.012077560294110334,2.8321483869448616,1.180105209279616,2.352524877125652
2024-06-18,0.017316474047901265,0.0031447780259787894,0.014171696021922475,2.8811912109871978,1.1838163782101017,2.3858641445682873
2024-06-19,-0.003118387833679015,-0.00657629071547805,0.0034579028817990354,2.8722065393683525,1.1760312575532477,2.3941142310693713
2024-06-20,-0.019524185524589788,-0.009041946927193956,-0.010482238597395832,2.816129046028785,1.16539764533773,2.369018554469881
2024-06-21,-0.0022832463231511335,-0.001244856684114004,-0.0010383896390371294,2.8096991297389207,1.1639468922892806,2.366558590148233
2024-06-24,-0.04097927210140695,-0.009470896662207906,-0.03150837543919904,2.694559704578263,1.1529232715521107,2.2919921735909807
2024-06-25,0.00970930887687782,-0.006300877804059857,0.016010186680937677,2.720722017037202,1.145658842900604,2.3286873961614205
2024-06-26,0.02934371948805481,0.008484498182166789,0.02085922130588802,2.8005581207101167,1.1553791832705775,2.3772620019101836
2024-06-27,-0.017420979946600856,-0.010260887141696373,-0.007160092804904483,2.7517696538499354,1.1435239678651727,2.3602405853549335
2024-06-28,7.952465210858684e-05,0.0023846315368298843,-0.0023051068847212974,2.7519884873743408,1.1462508511820648,2.354799978532033
2024-07-01,0.01339681133210524,0.006637688372984174,0.006759122959121067,2.7888563579278203,1.1538593071294792,2.3707163611310667
2024-07-02,0.013958825088328242,-0.0040779991816343175,0.01803682426996256,2.827785516024607,1.149153869819284,2.4134765555307127
2024-07-03,0.00010356893345409013,-0.0037564285873172842,0.0038599975207713744,2.8280783867545387,1.1448371553714687,2.4227925690515013
2024-07-04,-0.032375352549987246,-0.0076928569998861995,-0.024682495550101047,2.7365183519443614,1.1360300868470394,2.36299200224707
2024-07-05,0.014333840107240814,-0.0015993092560422362,0.01593314936328305,2.7757431684516622,1.1342132234140025,2.4006419067631155
2024-07-08,-0.028611636548646957,-0.010643601606965314,-0.017968034941681643,2.6963246137635335,1.122141109726632,2.3575070890999306
2024-07-09,0.009377322297225543,0.013243981567660157,-0.0038666592704346137,2.7216089186847365,1.1370027259001654,2.348391412458747
2024-07-10,-0.011383116854043251,-0.004039550506553469,-0.007343566347489783,2.690628526332342,1.1324097459628026,2.331145844311481
2024-07-11,0.039151346836344025,0.013493803166022555,0.02565754367032147,2.795970256974541,1.1476902601781103,2.3909573206137913
2024-07-12,0.0014196761362434973,-0.00011538209363481933,0.0015350582298783166,2.799939629226014,1.1475578372730466,2.3946275793260874
2024-07-15,-0.015652233147663175,-0.0009631661283964199,-0.014689067019266755,2.756114321349987,1.1464525484338093,2.359452734327182
2024-07-16,-0.002178172255637434,0.005503486671778246,-0.00768165892741568,2.7501110296018574,1.152762034753941,2.3413282231667223
2024-07-17,-0.006102521274573336,-0.0013942386166045928,-0.004708282657968743,2.7333284185362734,1.1511548094093313,2.3303045880969737
2024-07-18,-0.0017668628382653262,0.005236680069659494,-0.00700354290792482,2.728499002128787,1.1571830388568578,2.3139841999257027
2024-07-19,0.003982308486519814,0.00359599576137426,0.0003863127251455545,2.7393647268604253,1.1613442641597211,2.31487812146792
2024-07-22,0.0010614208977388628,-0.005452517610303409,0.006513938508042272,2.742272345828044,1.1550120141077653,2.3299570952047746
2024-07-23,-0.011080276267891986,-0.02332627204791049,0.012245995780018504,2.711887210634469,1.1280698896480825,2.358489739960276
2024-07-24,-0.00847583538044172,-0.007595083180876316,-0.0008807521995654044,2.688901701066806,1.1195021050023635,2.356412494934154
2024-07-25,0.007113983207561958,-0.004324681740565217,0.011438664948127175,2.70803050261498,1.1146606146903355,2.3833667079432863
2024-07-26,0.013111996240941393,0.005927163867694318,0.007184832373247074,2.7435381883856222,1.12126739081047,2.4004907982238364
2024-07-29,0.002325220710949649,-0.005532540493465632,0.007857761204415281,2.749917520202538,1.1150639335668084,2.4193532816896757
2024-07-30,0.006171869420221521,-0.005252554656207109,0.01142442407642863,2.7668896520536075,1.1092069993105835,2.4469929995703974
2024-07-31,0.0259973344219544,0.026066337947129536,-6.900352517513753e-05,2.83882140764669,1.1381199638079347,2.446824148427348
2024-08-01,-0.00019651649987972863,-0.006682583877501425,0.006486067377621696,2.8382635323998757,1.1305143816871293,2.46269441471524
2024-08-02,-0.006893300820567383,-0.010962667153313621,0.004069366332746238,2.8186985280629973,1.118120928808659,2.472716020454324
2024-08-05,-0.01523189047285034,-0.0140391307864981,-0.0011927596863522405,2.7757644208075574,1.1024234828539936,2.469766664469329
2024-08-06,0.01727621543482183,0.0029222523638428033,0.014353963070979026,2.823719124937742,1.1056450424827196,2.5052176039650567
2024-08-07,-0.0013543894498531106,-0.00027326123431992144,-0.0010811282155331892,2.819894709545578,1.105342912553691,2.5025091425273596
2024-08-08,0.0068427721697805755,0.0005286775227897333,0.006314094646990842,2.8391906065857677,1.1059272825065332,2.518310222108237
2024-08-09,-0.006430539575198679,-0.004402725432220422,-0.002027814142978257,2.8209330790285856,1.1010581883336552,2.5132035570234392
2024-08-12,-0.005279177186304218,-0.0016235252566804137,-0.0036556519296238044,2.806040873473687,1.0992705925558208,2.504016159590669
2024-08-13,0.003256276498786903,0.002858946922903227,0.0003973295758836759,2.815178118424615,1.1024133488338463,2.5050110792693654
2024-08-14,-0.007646147230849332,-0.009074583222942412,0.00142843599209308,2.7936528520500747,1.0924094071537709,2.5085893272555855
2024-08-15,0.005798056452967604,0.009096971082399818,-0.0032989146294322147,2.809850608996255,1.1023470239407902,2.5003137052246647
2024-08-16,-0.009818855135098947,-0.0006461947540017388,-0.009172660381097208,2.7822610929152516,1.1016346930768302,2.477379176760436
2024-08-19,-0.0016709247785789971,0.00321686160238821,-0.004887786380967207,2.7776121439146233,1.1051784994208478,2.4652702765597745
2024-08-20,-0.017680473232171923,-0.009703945128699432,-0.007976528103472491,2.728502646754785,1.0944539079050495,2.44560597891614
2024-08-21,-0.0026504834600246108,-0.0033001578525638786,0.0006496743925392678,2.721270795618928,1.0908420372466074,2.447194826494883
2024-08-22,-0.01193838264797098,-0.004796112693777221,-0.007142269954193758,2.6887832235720808,1.0856102359048632,2.42971630041355
2024-08-23,-0.008044340755654411,0.003412100514991634,-0.011456441270646045,2.66715373510358,1.0893144471498744,2.401880398313531
2024-08-26,0.01624584013561181,-0.000288327212020989,0.0165341673476328,2.7104838883011726,1.0890003681523135,2.4415934907682453
2024-08-27,-0.008936833610099448,-0.006922543308605089,-0.002014290301494359,2.68626074478857,1.0814617159406923,2.436675412679599
2024-08-28,0.0062069701250973,-0.004069527849034915,0.010276497974132215,2.702934284979694,1.0770606773700067,2.461715902621619
2024-08-29,0.010273751936531683,0.0010912286380637681,0.009182523298467915,2.7307035613243222,1.078235996826085,2.484320666251651
2024-08-30,0.013463247312698767,0.01444573672717242,-0.000982489414473653,2.767467698708099,1.093811910165995,2.4818798474949006
2024-09-02,-0.010725112415049032,-0.01770004140841719,0.006974928993368157,2.7377862965344373,1.0744513940630371,2.4991907832012488
2024-09-03,0.0020268722767693426,0.004625739138832241,-0.0025988668620628985,2.743335439678602,1.0794215259293274,2.492695719092814
2024-09-04,-0.006950606615721444,-0.005663785835063551,-0.0012868207806578935,2.724267594222429,1.0733079135807062,2.4894880664416283
2024-09-05,0.008024638056530087,0.0023219922769834866,0.0057026457795466,2.746128855635198,1.075800126266866,2.5036847350569533
2024-09-06,-0.010777349104391432,-0.009529368452627751,-0.0012479806517636804,2.7165328662723747,1.0655484304822855,2.500560184949486
2024-09-09,-0.0037753156158493173,-0.010592695095880122,0.006817379480030805,2.706277097321369,1.0542614008482931,2.5176074526429426
2024-09-10,-0.00019152850418280298,0.0006887238594648348,-0.0008802523636476378,2.7057587681170148,1.05498749582917,2.515391322732017
2024-09-11,-0.008982328544506424,-0.0018674001116568695,-0.007114928432849554,2.681454753899609,1.053017412061662,2.497494493490168
2024-09-12,0.0021546207733051936,-0.004229225501668821,0.006383846274974014,2.6872322720150392,1.0485639639688695,2.5134381144092037
2024-09-13,-0.004353369748451685,-0.00565895024853702,0.0013055805000853349,2.675533756334986,1.0426301926643609,2.5167196101995475
2024-09-18,-0.006015628738720635,0.0034636837631771833,-0.009479312501897819,2.65943873857896,1.0462415339336908,2.4928628385348115
2024-09-19,0.026350786068195742,0.009130323841659349,0.017220462226536393,2.7295170398407267,1.0557940579550997,2.5357910888817363
2024-09-20,-0.006011342488936533,-3.2018816462753286e-05,-0.00597932367247378,2.713108978084856,1.0557602526789356,2.5206287731955377
2024-09-23,0.00306250136199937,0.002549982829628483,0.000512518532370887,2.7214178780254934,1.058452423195471,2.5219206421550275
2024-09-24,0.035890833970572134,0.04332347410903292,-0.007432640138460789,2.819091835250253,1.1043082593474232,2.503176113564133
2024-09-25,0.011780489063078603,0.013355468149163219,-0.0015749790860846158,2.852302115783233,1.1190568131319956,2.499233663536483
2024-09-26,0.033503435088384714,0.04261930299490091,-0.009115867906516195,2.947864034571839,1.1667502345193763,2.476450979592166
2024-09-27,0.03947804155851964,0.04680454126284994,-0.007326499704330303,3.064239933437532,1.2213594440143782,2.4583072622223954
2024-09-30,0.09157588352972801,0.08959733623566435,0.0019785472940636595,3.3448504126891487,1.3307899967843386,2.4631711394040425
2024-10-08,0.04578108092292932,0.06243071875642525,-0.016649637833495934,3.497981280107564,1.4138721727974457,2.422160232011046
2024-10-09,-0.08275389926560761,-0.06993382091315625,-0.012820078352451358,3.2085096896205614,1.3149946894709341,2.3911079480544726
2024-10-10,0.012723438969774126,0.00591261875502358,0.006810820214750546,3.2493329668403774,1.3227697517346564,2.407393354402733
2024-10-11,-0.029149466873458207,-0.03041970180274045,0.0012702349292822435,3.1546166431626284,1.282531490333203,2.410451309530017
2024-10-14,0.02407790205499971,0.020574406842245985,0.0035034952127537267,3.23057319371777,1.3089188150033104,2.4188963141535313
2024-10-15,-0.014655610377970696,-0.025992578039325753,0.011336967661355057,3.183227171693126,1.274896640557195,2.446319263443261
2024-10-16,0.005006158181214637,-0.005273498951932187,0.010279657133146824,3.199162910441362,1.2681734744593949,2.4714665867096697
2024-10-17,-0.006207728990610728,-0.010415123000235726,0.004207394009624998,3.179303374096529,1.254965291737264,2.4818650204215804
2024-10-18,0.02964333077706316,0.03732727336276542,-0.007683942585702264,3.2735485156555053,1.3018097242427236,2.4627945120991983
2024-10-21,0.016772793874258785,0.004765314588724756,0.012007479285534028,3.328455070145981,1.308013257113401,2.4923664661877565
2024-10-22,0.013515456318843544,0.0064881308995556886,0.007027325419287855,3.373440659255772,1.316499818343907,2.509881136409778
2024-10-23,0.005639883923803435,0.0039037677252458103,0.0017361161985576246,3.3924664729978136,1.3216391278450499,2.5142385817071533
2024-10-24,0.0020091557138040006,-0.010516398891858958,0.012525554605662959,3.399282466395926,1.3077402435855427,2.5457308143539907
2024-10-25,0.026618258513911197,0.008922406305076125,0.017695852208835072,3.489765445848258,1.3194084333803122,2.5907796906082763
2024-10-28,0.029032949129249364,0.004715509767194703,0.02431743936205466,3.591083628510583,1.325630116734836,2.6537808186350857
2024-10-29,-0.02326955509542794,-0.0105165716729404,-0.01275298342248754,3.5075207101646666,1.3116890326003858,2.619937195848117
2024-10-30,0.0027854770011750407,-0.0055339581805684546,0.008319435181743495,3.5172908284339752,1.304430200348065,2.641733593529214
2024-10-31,0.015926092066003816,0.0031250789937318224,0.012801013072271994,3.5733075259905256,1.3085066477659621,2.675550459793442
2024-11-01,-0.02038760472447476,-0.0032783292392266628,-0.0171092754852481,3.50045634459164,1.3042169321628685,2.6297737299021535
2024-11-04,0.019157045736126754,0.014741451973467212,0.004415593762659542,3.567514746882297,1.3234429834313302,2.6413857423811153
2024-11-05,0.01898168287412294,0.026753173757169124,-0.007771490883046184,3.6352321804563736,1.3588492835247747,2.620858237165592
2024-11-06,0.0056265801547166205,-0.003114353162016248,0.008740933316732868,3.655686105700717,1.3546173469619258,2.6437669842492664
2024-11-07,0.02750985780223858,0.02712220501570517,0.00038765278653341007,3.756253510638163,1.391357556364058,2.6447918478876558
2024-11-08,-0.0012809323839141351,-0.008142898437004886,0.006861966053090751,3.751442003874195,1.380027873093026,2.662940319765352
2024-11-11,0.015774814773344525,0.009424799110205884,0.006350015663138642,3.810620306618255,1.3930343585634124,2.679850032505865
2024-11-12,-0.004524354995678048,-0.01086917456966685,0.0063448195739888025,3.7933797075973743,1.3778932249386429,2.6968531974474628
2024-11-13,0.0033660206939507553,0.004358605215594835,-0.0009925845216440798,3.80614830219316,1.3838989175353933,2.69417634270653
2024-11-14,-0.024344228800504353,-0.02040242413220128,-0.003941804668303073,3.7134905570759185,1.355664024863742,2.683556425821618
2024-11-15,-0.011249398861883142,-0.01955052361257814,0.008301124750695,3.671716020629535,1.3291600833349206,2.705832962487892
2024-11-18,-0.0028050096754180798,-0.007441621439116308,0.0046366117636982285,3.6614168216662817,1.319268977162758,2.7183788594323657
2024-11-19,0.015589865755565535,0.009547354241879358,0.006042511513686177,3.7184978183912283,1.3318645054280527,2.7348046949890468
2024-11-20,0.021986870082700838,0.004088135560113004,0.017898734522587834,3.8002559468270025,1.3373093480739455,2.7837542381957827
2024-11-21,0.006756347716718736,0.00034688766438284446,0.006409460052335891,3.825931797416294,1.3377732441902563,2.8015965997810195
2024-11-22,-0.02950090963918728,-0.03313748382336412,0.003636574184176844,3.713063329175023,1.2934428049515723,2.811784813650261
2024-11-25,0.02414149183759262,-0.004034164926223105,0.028175656763815726,3.802702217228766,1.288224843353761,2.8910086974533806
2024-11-26,-0.005496689285803935,-0.003559954828963652,-0.0019367344568402833,3.781799944694222,1.283638821101873,2.885409581293998
2024-11-27,0.013918508137516161,0.018106690490773625,-0.004188182353257464,3.8344369579989066,1.3068812719375063,2.8733249598037025
2024-11-28,0.010368255611789667,-0.008654900803871879,0.019023156415661546,3.8741933805067323,1.2955703441664492,2.927984669947073
2024-11-29,0.013558311991642258,0.012665071590466148,0.0008932404011761097,3.926720903075598,1.3119788353258022,2.930600064148294
2024-12-02,0.019229538387943945,0.009932892622085188,0.009296645765858758,4.002229933420032,1.3250105802195418,2.9578448148260836
2024-12-03,0.005540395197092041,0.0002934875556597216,0.005246907641432319,4.02440386892081,1.3253994543359537,2.9733643533871654
2024-12-04,-0.01447340492158622,-0.006311269377219819,-0.0081621355443664,3.966157042157921,1.3170345013472193,2.949095350512032
2024-12-05,0.014474979728694048,-0.0006882624663018255,0.015163242194995874,4.023567084943974,1.3161280359331176,2.9938131975679823
2024-12-06,0.00622729288185675,0.013129204691498808,-0.006901911809642058,4.048623015611719,1.3334077503171038,2.9731501629038255
2024-12-09,0.0036106614649888957,-0.0026205567259443008,0.0062312181909331965,4.063241222720455,1.329913479668584,2.9916765102832876
2024-12-10,0.001514271933811706,0.007389069558862316,-0.0058747976250506095,4.069394074864327,1.339740302877124,2.9741010162257555
2024-12-11,0.012626879262096269,0.001124125618921168,0.011502753643175101,4.120777822517529,1.3412463392742893,3.0083113675253172
2024-12-12,0.01589107686307334,0.009649272377312723,0.006241804485760616,4.186261419630803,1.3541883905270204,3.0270886589137014
2024-12-13,-0.01524573369772142,-0.02227871927325953,0.007032985575538109,4.122438792838066,1.324018807531362,3.0483781297877166
2024-12-16,0.003990270987050959,-0.007320522618668224,0.011310793605719183,4.138888440749021,1.3143262979032864,3.082857705645934
2024-12-17,-0.04647229998598068,-0.0009229499090226412,-0.04554935007695804,3.9465447755220247,1.3131132405662105,2.9424355407740195
2024-12-18,0.0034698228102547635,0.0055425848202195205,-0.002072762009964757,3.960238586605823,1.320391282080602,2.936336572168333
2024-12-19,-0.004277892877710299,0.0012567547273210078,-0.0055346476050313065,3.9432971101621486,1.3220506900662703,2.920084983991616
2024-12-20,0.011576023284303849,-0.0026558823549601707,0.01423190563926402,3.9889448093263136,1.3185394789661604,2.9616433579424166
2024-12-23,-0.0499469966673215,-0.003248222173073967,-0.04669877449424753,3.7897089962287627,1.3142565697945092,2.823338242637478
2024-12-24,0.007491497846972672,0.012854543203022484,-0.0053630453560498115,3.8180995930146633,1.331150737650789,2.808196551586743
2024-12-25,-0.023132618205525035,-0.002037096333249333,-0.021095521872275702,3.7297769528587845,1.3284390553641183,2.7489561798110955
2024-12-26,0.012498763145664338,0.002391141629228155,0.010107621516436183,3.7763945515787243,1.331615541291292,2.7767415884418942
2024-12-27,0.016294824063509017,-0.000673910858165816,0.016968734921674833,3.8379302363910934,1.3307181511191135,2.8238593804021552
2024-12-30,-0.011530794332571093,0.003349207572441726,-0.014880001905012818,3.7936758521725116,1.3351750024276272,2.781840347442283
2024-12-31,-0.016770071102153117,-0.01945676219684056,0.0026866910946874434,3.730055638393057,1.3091968199142268,2.789314293130598
2025-01-02,-0.011473237417251148,-0.029691820894087728,0.01821858347683658,3.6872598244742174,1.2703243824222243,2.8401316484231316
2025-01-03,-0.03833276087084225,-0.014233358714502375,-0.024099402156339877,3.5459169753539834,1.2522433998034301,2.771686173650834
2025-01-06,0.0003265342870504284,-0.0012604669761094867,0.001587001263159915,3.5470748388254707,1.2506649883519267,2.776084843109501
2025-01-07,0.03166027891247558,0.008059548856831134,0.023600730055644448,3.6593762175461095,1.2607447839290773,2.841602472103294
2025-01-08,-0.0011419780956176684,-0.0024206143992394624,0.001278636303621794,3.6551972900620475,1.2576930069513326,2.845235848184587
2025-01-09,0.004149883554104727,-0.0020736361204862774,0.006223519674591005,3.670365933183084,1.2550850093036352,2.8629432294646158
2025-01-10,-0.02763383358271987,-0.013413636754481817,-0.014220196828238052,3.5689396517978182,1.2382497548928408,2.8222316132335576
2025-01-13,0.008127837291619144,-0.0014148194411888193,0.009542656732807964,3.597947412591239,1.236497855066571,2.849163200739124
2025-01-14,0.051067937247240014,0.028629875236919622,0.022438062010320392,3.7816871652763178,1.2718986343878458,2.9130929013148315
2025-01-15,-0.0023933146218942936,-0.007058667814322739,0.004665353192428445,3.772636398088232,1.2629207244342113,2.926683508581821
2025-01-16,0.005305289428024995,0.0019227115238673598,0.0033825779041576354,3.792651326086792,1.265348956664812,2.936583243550412
2025-01-17,-0.002394111799683518,0.004259585292145429,-0.006653697091828947,3.7835712947949225,1.270738818470053,2.917044108162887
2025-01-20,0.015011646484220709,0.004621397381731951,0.010390249102488758,3.840368929520229,1.2766114075185957,2.9473529230896465
2025-01-21,-0.008546800530326415,0.001463594204911045,-0.01001039473523746,3.8075460623167565,1.2784798485765632,2.917848756905463
2025-01-22,-0.009663547167975572,-0.008129869693514369,-0.0015336774744612036,3.770751661349319,1.2680859740018517,2.9133737179931125
2025-01-23,0.003239800560097761,0.00027028264933304236,0.0029695179107647185,3.782968144693748,1.268428715638487,2.922025033429444
2025-01-24,0.008208795648347422,0.008707522774043852,-0.0004987271256964299,3.814021757137747,1.2794735875671603,2.920567740283309
2025-01-27,0.0007128748729066103,-0.0058151548911090645,0.006528029764015675,3.81674067741313,1.2720332504763743,2.939633293419702
2025-02-05,0.011430071590121438,-0.0031453357484197975,0.014575407338541235,3.8603662965968906,1.2680322788204723,2.982479646097232
2025-02-06,0.014937022992379978,0.015464496107276071,-0.0005274731148960932,3.918028676728167,1.2876417590601918,2.9809064682681905
2025-02-07,0.010769074437260828,0.013496717473420627,-0.002727643036159799,3.9602222191951753,1.3050206960892057,2.972775619498575
2025-02-10,0.018518120330567767,0.004020280004441323,0.014497840326126443,4.03355809078602,1.3102672446990753,3.015874445755467
2025-02-11,-0.0037862951754351615,-0.004737787660257564,0.0009514924848224027,4.0182858492470395,1.3040594767155003,3.0187440276257713
2025-02-12,0.004226393453792721,0.010654687831831655,-0.0064282943780389346,4.035268706255765,1.3179538233540458,2.999338652364246
2025-02-13,-0.01140518733675977,-0.00463613293927867,-0.0067690543974811,3.9892457107067543,1.3118436142211458,2.9790359658699246
2025-02-14,0.0009691676878160749,0.008601062017510541,-0.007631894329694466,3.99311195874833,1.323126862504337,2.956300278174046
2025-02-17,0.019994602139526085,0.001613907543605908,0.018380694595920177,4.072952643662086,1.3252622669288805,3.010639130720997
2025-02-18,-0.02163061101591557,-0.011218545530038204,-0.010412065485877364,3.9848521893407867,1.3103947518480972,2.979292158937585
2025-02-19,0.015701483539628303,0.009760679703991526,0.0059408038356367765,4.047420280399573,1.323185095306678,2.996991549222884
2025-02-20,0.0075820636575199,-0.0015121001159337233,0.009094163773453623,4.078108078614299,1.321184306970663,3.0242466811991733
2025-02-21,-0.004114811511184757,0.013684118939377488,-0.017798930450562245,4.061327432548562,1.3392635501680885,2.9704183248551654
2025-02-24,0.00904158035958047,-0.0021417602707987093,0.01118334063037918,4.098048250896518,1.3363951687042097,3.003637524796741
2025-02-25,-0.004126166671223341,-0.011009531505805858,0.006883364834582517,4.081139020786604,1.321682083990154,3.0243126577107593
2025-02-26,0.0161047223556694,0.00959446730267377,0.006510255052995628,4.146864631611261,1.3343629195295272,3.044001704472459
2025-02-27,-5.410241239467428e-05,0.0005289050701546838,-0.0005830074825493581,4.1466402762308165,1.3350686708430928,3.0422270287018587
2025-02-28,-0.021638301188161124,-0.021872473918518542,0.00023417273035741815,4.056914025014774,1.305867416160646,3.042939435311537
2025-03-03,0.006153590555900035,0.000853525364378438,0.005300065191521597,4.081878612845204,1.3069820071228544,3.0590672126925402
2025-03-04,0.01393151123969183,0.0016840696065130167,0.012247441633178813,4.138745350619114,1.3091830557973094,3.096532959831963
2025-03-05,-0.004811840382806132,0.003869898128652016,-0.008681738511458148,4.118830368606854,1.3142494608550024,3.0696496703825904
2025-03-06,0.011999179979580443,0.014424294750812638,-0.002425114771232195,4.16825295550513,1.3332065824544714,3.0622054176244373
2025-03-07,-0.004654903251228526,-0.0037559190384229835,-0.0008989842128055425,4.148850141270606,1.3281991664692798,3.0594525432976254
2025-03-10,0.010840591526315224,-0.002850733745362821,0.013691325271678045,4.193826130956016,1.3244128242848632,3.1013405032211763
2025-03-11,0.005650503552870889,0.0037386016675013956,0.0019119018853694936,4.217523360409106,1.3293642762781948,3.1072699619764577
2025-03-12,0.0038691969390971526,-0.0028445943093777792,0.006713791248474932,4.233841788885772,1.3255827742228037,3.128131523853824
2025-03-13,-0.001659624614927635,-0.004968535877087343,0.0033089112621597083,4.226815200837228,1.3189965686510288,3.1384822334826206
2025-03-14,0.01823363366580044,0.022541955042001405,-0.004308321376200963,4.303885400782331,1.3487293300021144,3.1249606433872805
2025-03-17,0.008000055255704686,-0.0014525095433084445,0.00945256479901313,4.33831672180281,1.3467702877789463,3.1544995363632644
2025-03-18,0.004934275892595208,0.0031054481066941086,0.0018288277859010993,4.3597231734176445,1.3509526130192813,3.1602685727659776
2025-03-19,-0.002683068082987683,-0.0009194238933772914,-0.0017636441896103916,4.348025739320386,1.3497105149080508,3.1546949834600104
2025-03-20,0.007051819571267659,-0.008274025300477383,0.015325844871745042,4.378687232325301,1.3385429759593812,3.203043349394191
2025-03-21,-0.005638691517977135,-0.014979826851615918,0.009341135333638784,4.353997165768514,1.318491833946063,3.232963410800394
2025-03-24,-0.02193806130382714,0.003668549600788884,-0.025606610904616023,4.258478909029195,1.3233287866371293,3.150178174671168
2025-03-25,0.004810149480294346,-0.0014499863299413107,0.006260135810235656,4.278962829140307,1.3214099779864876,3.16989871787105
2025-03-26,0.016599152253712335,-0.0023624250002460823,0.018961577253958417,4.3499899846291825,1.3182882460189178,3.230004997297186
2025-03-27,-0.008085978152098328,0.0028590858153707543,-0.010945063967469082,4.314816060651625,1.3220573452436806,3.1946523859865232
2025-03-28,-0.018639462503257875,-0.005063701270455856,-0.01357576123280202,4.2343902084806535,1.3153628417849546,3.151282547972569
2025-03-31,-0.011892713452429593,-0.007829462873181092,-0.004063250579248501,4.184031819085419,1.3050642572504372,3.1384780973341435
2025-04-01,0.021394475927772882,0.0016326518312890226,0.01976182409648386,4.273546987119878,1.307194972799987,3.2005001494243284
2025-04-02,0.003629057694331417,-0.00034920932090354295,0.00397826701523496,4.289055935695572,1.306738488131247,3.2132325936010373
2025-04-03,0.0012939615832359141,-0.006727695085853025,0.008021656669088939,4.294605809304712,1.2979471500261512,3.239008042264831
2025-04-07,-0.12385893991358898,-0.07701282099090578,-0.0468461189226832,3.7626804864174894,1.1979885785055309,3.0872730863253652
2025-04-08,0.005852759810782704,0.014639017384847186,-0.008786257574064482,3.78470255154921,1.2155259541331216,3.0601475097874338
2025-04-09,0.02739235479682134,0.01275036176379718,0.014641993033024159,3.888374466641681,1.2310243497816036,3.1049541683057678
2025-04-10,0.03247096698486929,0.014662995849381577,0.01780797113548771,4.014633745572811,1.2490748547129389,3.160247102511969
2025-04-11,0.0020582835927900334,0.004792915487121352,-0.0027346318943313186,4.022897000342385,1.2550615649286663,3.1516049899914718
2025-04-14,0.020201696355744092,0.0038265392973346746,0.016375157058409417,4.104166344013736,1.2598641073274401,3.203213016688649
2025-04-15,0.005993425487306192,-0.0007223159057888617,0.006715741393095054,4.128764359184092,1.258954087443585,3.2247249669357263
2025-04-16,-0.014952358917055153,0.00017678985309133033,-0.015129148770146483,4.067029592601626,1.259176657751753,3.17593762316815
2025-04-17,0.01557713528121285,-0.00011117233297208706,0.015688307614184938,4.130382262758277,1.2590366721450867,3.2257627095638757
2025-04-18,-4.9886663449627555e-05,0.000230478481617169,-0.00028036514506679655,4.130176211768417,1.259326853005583,3.2248583181338577
2025-04-21,0.011648735162851809,0.006201727475664498,0.005447007687187311,4.178287540635218,1.2671368549507098,3.242424146182823
2025-04-22,0.007599262718555488,-0.001014736901914337,0.008613999620469825,4.210039445370172,1.2658510444242157,3.2703543865474445
2025-04-23,0.005291587459414382,0.0010672669744677954,0.0042243204849465865,4.232317237302933,1.2672020454385253,3.2841694115755717
2025-04-24,-0.0028138106853642375,-0.0018268144128436026,-0.000986996272520635,4.220408297836759,1.2648871024779333,3.2809279486080203
2025-04-25,0.002677027040371538,0.0014953363562126842,0.0011816906841588537,4.2317064449714765,1.2667785341487732,3.284804990600287
2025-04-28,-0.013402037329177996,-0.002377443711006788,-0.011024593618171208,4.174992957229846,1.2637668394895227,3.248591350463978
2025-04-29,0.01841360937306291,-0.0009811184223400549,0.019394727795402966,4.251869646679565,1.2625269345617571,3.3115968954247275
2025-04-30,0.010957025445166746,0.0003523394995341711,0.010604685945632575,4.298457490587765,1.2629717726700291,3.3467153404792387
2025-05-06,0.02835627134342933,0.012452209603731834,0.015904061739697495,4.420345717549068,1.2786985619069131,3.3999417078794134
2025-05-07,0.01203708663325842,0.00493329768937234,0.00710378894388608,4.4735538019001595,1.2850067625677721,3.4240941761937043
2025-05-08,0.013815493259192513,0.005171095071074827,0.008644398188117686,4.535358154294946,1.2916516547039842,3.4536934096863376
2025-05-09,-0.005790544783574436,-0.003636930832269125,-0.002153613951305311,4.509095959792952,1.2869540069764398,3.446255487375706
2025-05-12,0.00863170442493355,0.011820449053658866,-0.003188744628725315,4.548017143341547,1.302166381250307,3.4352662587011213
2025-05-13,-0.0018716038269005475,0.0005412855066160294,-0.002412889333516577,4.53950505705126,1.3028712250396806,3.426977341387712
2025-05-14,-0.0017630620791991847,0.009722892174703457,-0.011485954253902642,4.53150162782684,1.3155389014782652,3.3876152364153715
2025-05-15,0.001350689267702876,-0.010494914312611847,0.011845603580314723,4.537622278442123,1.3017324334323432,3.4277435835885823
2025-05-16,0.005627554221499187,-0.0034293618161465034,0.00905691603764569,4.563157993850739,1.297268321930291,3.458788369423723
2025-05-19,0.01472449364286188,-0.002063135322089349,0.01678762896495123,4.6303481847225685,1.294591881833089,3.5168532252378966
2025-05-20,0.012937735930367511,0.005223122126654767,0.007714613803712744,4.690254406802166,1.301353693336079,3.5439843896749483
2025-05-21,-0.005110818168001852,0.003944437328694095,-0.009055255496695946,4.6662833693673305,1.3064868014219078,3.5118927055501397
2025-05-22,-0.013548918839789814,-0.0029067926539232403,-0.010642126185866574,4.603060274712312,1.3026891151850868,3.474518700226451
2025-05-23,-0.009683723190793692,-0.008258954825557163,-0.0014247683652365284,4.558485513181459,1.2919302646310282,3.4695683158979453
2025-05-26,0.009941551554114358,-0.003520943726248227,0.013462495280362585,4.603803931919436,1.2873814508710253,3.516277362975617
2025-05-27,0.007771841081478437,-0.004774075573590442,0.012545916655068878,4.639583964448599,1.2812353945325285,3.560392285707615
2025-05-28,-0.0017373279402970176,-0.001287961210527655,-0.00044936672976936265,4.6315234855958085,1.2795852130428156,3.5587923638694905
2025-05-29,0.018023591316802312,0.008109489515288892,0.00991410180151342,4.715000172074359,1.289961995911905,3.5940745936553413
2025-05-30,-0.01294974971807239,-0.0057521609737388735,-0.007197588744333516,4.653942099925328,1.2825419268614142,3.5682059228137524
2025-06-03,0.008373259993156967,0.003356019713682157,0.0050172402794748105,4.692910767121102,1.286846162851585,3.586108469295154
2025-06-04,0.011852985305713215,0.005220239621140266,0.006632745684572949,4.748535769484812,1.2935638081772152,3.609894214769282
2025-06-05,-2.4792475157964233e-05,0.0030810569369967844,-0.0031058494121547486,4.74841804152971,1.2975493519218475,3.5986824269444
2025-06-06,0.007506193795634664,-0.0010362984213060367,0.0085424922169407,4.78406058757212,1.2962047035768842,3.6294241435678143
2025-06-09,0.01131145492982033,0.004108885704550369,0.007202569225269961,4.838175273289972,1.3015306605535821,3.6555653222097275
2025-06-10,-0.007757260964283419,-0.005899058818826242,-0.0018582021454571773,4.800644285104118,1.2938528546324708,3.6487725428851387
2025-06-11,0.006576692538881712,0.007162938407474062,-0.00058624586859235,4.832216646555787,1.3031206429385376,3.646633465056439
2025-06-12,0.0023909856571451282,-0.000150775746438625,0.0025417614035837532,4.84377040724992,1.3029241639508988,3.6559023372509363
2025-06-13,-0.015595130561703696,-0.00799800792765848,-0.007597122634045217,4.768231175337941,1.2925033661584817,3.6281279988567485
2025-06-16,0.011599117082668586,0.0030874466033699033,0.008511670479298683,4.823538447017916,1.2964939012861718,3.6590094288397346
2025-06-17,-7.90468400342359e-05,-0.001413266458476059,0.0013342196184418231,4.823157161545896,1.2946616099418653,3.6638913510037563
2025-06-18,-0.004569531402331295,0.000652022695670551,-0.005221554098001846,4.801117593437833,1.2955057586947607,3.6447601441052893
2025-06-19,-0.015644508311921212,-0.009207132340209978,-0.0064373759717112344,4.726006469340783,1.2835778657269539,3.621297452730975
2025-06-20,-0.004576507145998554,-0.0010093988632655648,-0.003567108282732989,4.70437786696181,1.2822822236883762,3.6083798925930988
2025-06-23,0.022031722062849646,0.0037520909334436414,0.018279631129406004,4.808023412605334,1.2870934631939932,3.6743397460044664
2025-06-24,0.02700358180324236,0.013035693594510178,0.013967888208732182,4.937857266139527,1.3038716192076871,3.7256625128175584
2025-06-25,0.0049174790925992085,0.01497608756150659,-0.010058608468907382,4.962139076008007,1.3233985147459049,3.688187532313841
2025-06-26,-0.0005928562313576302,-0.00370169343216864,0.00310883720081101,4.959197240935932,1.3184996991557283,3.6996535069178655
2025-06-27,0.00890618021560674,-0.0034367998333394434,0.012342980048946184,5.003364745288447,1.3139682796094119,3.745318256341767
2025-06-30,0.01346278430634329,0.00499253956585588,0.00847024474048741,5.070723965660228,1.3205283182336414,3.7770420186039972
2025-07-01,0.006515206814330821,0.0021051406597971667,0.004410066154533654,5.103760780994889,1.3233082160887686,3.793699023774494
2025-07-02,0.005816415363537386,-0.0016622638334915507,0.007478679197028937,5.133446373613287,1.321108528700602,3.8220708817433855
2025-07-03,0.006230150318902616,0.005886401181356193,0.000343749137546423,5.165428516174924,1.328885103504645,3.823384715312626
2025-07-04,-0.011361235827931804,0.002146422236925183,-0.013507658064856987,5.106742864650337,1.331737452041126,3.7717397419277825
2025-07-07,0.014384430934250458,-0.0036534141482883475,0.018037845082538806,5.180200454685876,1.3268720635920335,3.8397737990843304
2025-07-08,0.009166882286451461,0.009613023646465102,-0.000446141360013641,5.227686742474203,1.3396273161151777,3.838060717179462
2025-07-09,0.003995053380684732,-0.0023595418844089,0.006354595265093632,5.248571630067886,1.3364664093533056,3.8624500396399926
2025-07-10,0.007344463838379056,0.004743599581072955,0.0026008642573061014,5.287119574608062,1.342806070852832,3.8724957478937228
2025-07-11,-0.0007870700897835148,0.002791338414160238,-0.003578408503943753,5.282958240929779,1.346554297021171,3.8586383761779737
2025-07-14,0.01120461819396601,0.0002582391370791193,0.01094637905688689,5.342151770954064,1.3469020300408638,3.9008764944870684
2025-07-15,-0.013935041630949496,0.00016642522656074021,-0.014101466857510236,5.267708663626968,1.3471261885163686,3.8458684138848183
2025-07-16,0.00899899686345429,-0.0022517561002884934,0.011250752963742783,5.315112757368539,1.3440927889035184,3.8891373293404983
2025-07-17,0.003514409929571416,0.007861628319552061,-0.004347218389980645,5.333792242419826,1.354659546836868,3.872230400021229
2025-07-18,0.0062415078481339314,0.0051415847903149015,0.00109992305781903,5.367083148561205,1.3616246437589394,3.8764895555234005
2025-07-21,0.020561003486308405,0.0075658972319880835,0.012995106254320321,5.477435763890079,1.371926555882162,3.9268649491911902
2025-07-22,0.0022564021517030852,0.008239486317337175,-0.005983084165634089,5.489795061733536,1.3832305259677447,3.9033701856931007
2025-07-23,-0.00457584933248012,-0.0005550524314599237,-0.004020796901020196,5.46467458666485,1.3824627605010367,3.887675526946931
2025-07-24,0.011497984734775812,0.009326033265186107,0.0021719514695897058,5.527507331642839,1.3953556541933503,3.8961193695209717
2025-07-25,0.004803729460133077,-0.0036393609449547615,0.008443090405087839,5.554059981452953,1.390277451321157,3.929014657586851
2025-07-28,0.006073321509953766,0.0025423013353826907,0.0035310201745710756,5.587791573405885,1.3938119555422033,3.942888087608976
2025-07-29,-0.003385610927338578,0.004248489425981772,-0.00763410035332035,5.5688734851952715,1.3997335508971314,3.9127876842662577
2025-07-30,-0.0019463839944011685,-0.0018613190349452413,-8.506495945592718e-05,5.558034318976842,1.397128200194995,3.912454843140536
2025-07-31,-0.014249200997432987,-0.01711027377498997,0.0028610727775569833,5.478836770815111,1.3732229541908996,3.9236486611856667
2025-08-01,0.015327477753233731,-0.0042896080788481505,0.019617085832081882,5.562813519533378,1.3673323659125425,4.000619213747079
2025-08-04,0.010773574002250097,0.00492612090766209,0.0058474530945880066,5.622744902646788,1.3740680104679874,4.024012646948773
2025-08-05,0.0128269512142134,0.007669322654343835,0.005157628559869565,5.694867577203006,1.3846061813892787,4.044767009501952
2025-08-06,0.006032652134155603,0.0040720208927573776,0.001960631241398225,5.729222732246353,1.3902443266881368,4.0526973060649585
2025-08-07,-0.0009932186083073669,-0.0006189445781858982,-0.00037427403012146865,5.723532361617549,1.3893838424997795,4.051180486711355
2025-08-08,0.0076148696846325414,-0.002319676403617632,0.009934546088250173,5.767116314687043,1.3861609215847652,4.0914271259684085
2025-08-11,0.014291983330039448,0.00600373879256999,0.008288244537469458,5.849539844918949,1.3944830696824282,4.125337874495671
2025-08-12,-0.0015558945328607576,0.004893119208388974,-0.006449013741249732,5.8404385778544885,1.4013064415764644,4.09873351385575
2025-08-13,-0.0020237855540663485,0.009531237705201923,-0.011555023259268271,5.828618782631215,1.4146626263689603,4.051372552769605
2025-08-14,-0.02435453096542839,-0.0037895230694420245,-0.020565007895986365,5.686665506003945,1.4093017297108577,3.9680560442323154
2025-08-15,0.009123695512108343,0.010836871766080947,-0.0017131762539726036,5.738548910559935,1.4245741518354502,3.9612580648429043
2025-08-18,0.007771278526653713,0.010520128586309685,-0.0027488500596559717,5.783144772482721,1.4395608550934922,3.950369160375048
2025-08-19,0.014830500194377372,-0.0032836340284175813,0.018114134222794953,5.868911702155139,1.4348338640837293,4.021926677575671
2025-08-20,0.009744201298764521,0.011252283831380439,-0.0015080825326159175,5.926099559185613,1.4509790219732757,4.015861280205757
2025-08-21,0.002519310451212675,0.0018914845563335891,0.000627825894879086,5.9410292437399965,1.4537235263849022,4.018382541907713
2025-08-22,-0.004697921968443319,0.02009408042064531,-0.02479200238908863,5.913118751940666,1.4829347638334645,3.918758792328465
2025-08-25,0.0033599242500597093,0.020322072044964834,-0.016962147794905125,5.932986383028794,1.513071070942071,3.8522882265204057
2025-08-26,0.010258658566990597,-0.002258307559877215,0.012516966126867812,5.993850864614891,1.509654091103931,3.900507187762693
2025-08-27,-0.03332555233128354,-0.01483260357414018,-0.018492948757143357,5.794102473960258,1.4872619904365074,3.8283753082125282
2025-08-28,-0.004127211852712032,0.018765213632838895,-0.022892425485550927,5.770188985553902,1.5151707794150497,3.74073451173855
2025-08-29,-0.006696928449142714,0.006657322250873454,-0.013354250700016168,5.7315464427796154,1.525257759558723,3.6907798052665908
2025-09-01,0.011355038577290477,0.0069142648610482915,0.004440773716242186,5.79662837374491,1.535803795689681,3.707169723218256
2025-09-02,-0.004787063394782187,-0.011001985068847087,0.006214921674064899,5.7688795462438,1.5189069052608246,3.7302094926805225
2025-09-03,-0.02311038191231951,-0.00857251656328184,-0.01453786534903767,5.635558536723937,1.505886050657393,3.675980209352231
2025-09-04,0.010579276935024362,-0.022154968568721234,0.032734245503745596,5.69517867116748,1.4725231925370028,3.7963106479920774
2025-09-05,0.014861566747382371,0.02453502058614565,-0.00967345383876328,5.779817949127304,1.508651579379475,3.7595872121811205
2025-09-08,0.016168704305165926,0.004203707732580497,0.011964996572585429,5.873270116484434,1.5149935096894822,3.8045706602892038
2025-09-09,-0.002495859271712697,-0.007551951489878528,0.005056092218165831,5.858611260808933,1.5035523521968264,3.8238069203981535
2025-09-10,0.0047688737540427795,0.0016244529869846591,0.0031444207670581203,5.886550238285745,1.5059948023064402,3.835830578287874
2025-09-11,0.006533814199208621,0.02427284071820801,-0.01773902651899939,5.925011863817011,1.5425495742652735,3.7677866779372367
2025-09-12,-0.002167635657499112,-0.0032447237082119385,0.0010770880507128267,5.912168596829896,1.5375444270905627,3.771844915945678
2025-09-15,0.0008166247428107454,0.0013919887554854071,-0.0005753640126746618,5.916996619989736,1.5396846716441321,3.769674732119653
2025-09-16,0.01471389466127615,0.0004581774557437246,0.014255717205532425,6.004058684967392,1.5403901204496337,3.823414149057592
2025-09-17,-0.0001915541423681555,0.007065112902177262,-0.007256667044545417,6.002908582655265,1.551273150564009,3.7956689056044772
2025-09-18,-0.018710966530053663,-0.010717839704417198,-0.007993126825636465,5.890588361082231,1.5346468535984976,3.765329642653856
2025-09-19,-0.007160796234577327,-0.0005022592302207363,-0.006658537004356591,5.848407058126749,1.5338760630511485,3.7402580558946443
2025-09-22,-0.005405634184410202,0.005422510607620001,-0.010828144792030203,5.816792709008992,1.542193522273818,3.69975800010586
2025-09-23,-0.012811962775432284,-0.002128961914561245,-0.01068300086087104,5.742268177348763,1.5389102510000139,3.6602334822057143
2025-09-24,0.01877904771457173,0.01286471400312661,0.005914333711445119,5.850102505441063,1.558707891255609,3.681881324481284
2025-09-25,-0.009977772896974879,0.005021721005407764,-0.014999493902382643,5.7917315112177485,1.566535287414422,3.6266549680054303
2025-09-26,0.002972693062721854,-0.010606178518027698,0.013578871580749552,5.808948551302293,1.5499203345013148,3.675900850083664
2025-09-29,0.01156658297203439,0.015319502994691092,-0.0037529200226567028,5.87613823670121,1.5736643437072404,3.662105488182084
2025-09-30,-0.0006695628977386736,0.0055374243748747,-0.0062069872726133735,5.872203792555931,1.582378391001956,3.6393748460259703
2025-10-09,-0.00032184569802606866,0.01580284020028433,-0.016124685898310398,5.870313849027364,1.607384463851343,3.5806910697675898
2025-10-10,0.007733103150716403,-0.01975195002339314,0.02748505317410954,5.915709591548972,1.5756354862529727,3.679106554220211
2025-10-13,-0.0022945229341401197,-0.004398517175576044,0.0021039942414359247,5.902135860219451,1.568705026504242,3.686847373223919
2025-10-14,-0.001502901068933138,-0.015418470558299813,0.013915569489366675,5.893265533926138,1.5445179942384293,3.7381519540427055
2025-10-15,0.010875519946606405,0.01453138188363079,-0.003655861937024385,5.957357860791,1.5669619750388473,3.7244857865991072
2025-10-16,-0.008618445754632886,-0.0003942159904005704,-0.008224229764232316,5.906014695226837,1.5663442535719372,3.6938547597364986
2025-10-17,-0.012800144012268477,-0.02450018197674153,0.011700037964473053,5.830416856589359,1.5279685343212013,3.7370730006606654
2025-10-20,0.019345671539948706,0.005933081383274308,0.013412590156674398,5.943210186037917,1.5370340959864113,3.7871968292041003
2025-10-21,0.02215281599704788,0.015630581489475714,0.006522234507572167,6.074869027720996,1.5610588326758295,3.811897815050503
2025-10-22,0.005108645625163,-0.004559735097412698,0.009668380722575698,6.105903380802901,1.5539408179273513,3.848752694401966
2025-10-23,0.006745971456196154,0.002741072727830085,0.004004898728366069,6.147093630724089,1.558200282724034,3.864166559173572
2025-10-24,0.0012337973788936196,0.012964531896908937,-0.011730734518015318,6.15467789873349,1.5784016199911823,3.818837047134514
2025-10-27,0.0018794850930581308,0.01314961954149485,-0.01127013444843672,6.166245524096734,1.5991570007777456,3.775798240176637
2025-10-28,0.005407643711166754,-0.005125485485814929,0.010533129196981683,6.199590382926626,1.59096054478072,3.8155692108621535
2025-10-29,-0.009856720951299858,0.013824543063166939,-0.023681264014466796,6.138482750509756,1.6129548473438406,3.725211709014256
2025-10-30,-0.00841210199293585,-0.009266702175943498,0.0008546001830076477,6.086845207530591,1.5980080751502608,3.728395275622522
2025-10-31,0.01451792265436902,-0.01274304048031527,0.02726096313468429,6.175213555462637,1.5776445935607504,3.8300349217827985
2025-11-03,0.011702523670640064,0.002099242313116534,0.00960328135752353,6.247479138266696,1.5809564518466126,3.8668158247458195
2025-11-04,0.0022780378011317826,-0.00995883595670477,0.012236873757836553,6.26171113190545,1.5652119658879782,3.9141335618380384
2025-11-05,0.01220082532262623,0.0020441170970928457,0.010156708225533384,6.338109175646573,1.568411442428024,3.953888274381395
2025-11-06,0.002514646343544591,0.014777827732519455,-0.012263181388974864,6.354047278710099,1.5915891565379376,3.905401025280915
2025-11-07,0.0029257798539423785,-0.0029282622783312062,0.005854042132273585,6.372637822229146,1.5869285660482466,3.9282634074263334
2025-11-10,0.008097082555832413,0.0031242464360297095,0.004972836119802704,6.424237596774156,1.5918865219649565,3.9477980175868823
2025-11-11,0.005719904940042264,-0.008591119330170538,0.014311024270212802,6.46098362513995,1.5782104348946655,4.004295050830466
2025-11-12,-0.0017270668251869736,-0.0027638036601086435,0.00103673683492167,6.449825074662895,1.573848571118282,4.008446451007556
2025-11-13,0.008006168856585782,0.012992568330105314,-0.004986399473519532,6.501463463306087,1.5942969062197747,3.9884587357346204
2025-11-14,0.005913525037814615,-0.015875774688642208,0.021789299726456823,6.539910030278785,1.5689862077498302,4.075364458574147
2025-11-17,0.004114355085065746,-0.0047639172767171,0.008878272361782846,6.566817542367735,1.5615116872477999,4.1115466542108985
2025-11-18,-0.004065404303999154,-0.007883070611130472,0.0038176663071313177,6.540120774067416,1.54920218035712,4.127243167342878
2025-11-19,-0.01854952217596484,0.002160434101975861,-0.0207099562779407,6.418804658735365,1.552549129578419,4.041768141798777
2025-11-20,-0.005729321401731324,-0.006006421736090006,0.000277100334358682,6.38202926383054,1.5432238647401717,4.04288811710227
2025-11-21,-0.04386140747445999,-0.027111317109975275,-0.016750090364484715,6.1021044777757405,1.5013850331715193,3.975169375807305
2025-11-24,0.022426409965685012,0.0010753307795654532,0.02135107918611956,6.238952774447782,1.5029995187096674,4.060043531928404
2025-11-25,0.01487999752452418,0.010304196812654931,0.004575800711869249,6.331788376287188,1.5184867215597775,4.078621482012022
2025-11-26,-0.010287606423081574,0.004848837281113072,-0.015136443704194646,6.266649429517702,1.5258496165861517,4.016885657558828
2025-11-27,0.012226146977721841,-0.0008853098926615566,0.013111456870383398,6.343266406500843,1.524498766825874,4.069552880611172
2025-11-28,0.01431282656282673,0.004891129749970746,0.009421696812855984,6.434056478418895,1.5319552880980898,4.107894974016175
2025-12-01,0.005408349229248932,0.01073707885580677,-0.005328729626557838,6.468854102814896,1.5484040128299692,4.086005112365347
2025-12-02,-0.00522239020114168,-0.005858685298749888,0.0006362950976082082,6.43507122253574,1.539332401003477,4.088605017387147
2025-12-03,-0.008766214317368681,-0.0054128210764269324,-0.003353393240941749,6.37866000905146,1.5310002701396985,4.074894316956961
2025-12-04,-0.01206522637413443,0.00313987903236157,-0.015205105406496,6.301700032078616,1.53580742578645,4.012935119347299
2025-12-05,0.01625272895135632,0.00935233490265941,0.006900394048696912,6.404119854632743,1.550170811178396,4.04062595296265
2025-12-08,0.009739693061620258,0.008751667269989882,0.0009880257916303758,6.466494016346694,1.5637373903294798,4.044618195618508
2025-12-09,-0.008371600283910818,-0.005630999670744763,-0.0027406006131660554,6.4123591132035385,1.5549319855994033,4.033533512511573
2025-12-10,-0.008711420142768489,0.00027450646228288633,-0.008985926605051375,6.356498358862112,1.5553588244778607,3.9972884764091288
2025-12-11,-0.02218507734078523,-0.00905622726242794,-0.01312885007835729,6.215478951154181,1.5412731414887664,3.944808675282408
2025-12-12,-0.008033032122984118,0.007907584364380549,-0.015940616487364667,6.165549809079828,1.5534608888836425,3.881925993073702
2025-12-15,0.0032711640770235473,-0.006698964864755963,0.00997012894177951,6.18571833413039,1.5430543089702384,3.920629295767092
2025-12-16,-0.014859847511981994,-0.012995822281297142,-0.0018640252306848515,6.093799502933141,1.5230010494004715,3.91332114383962
2025-12-17,0.001307475468403485,0.01861893146995386,-0.017311456001550374,6.101766996292596,1.5513577015679267,3.845575857038104
2025-12-18,0.014374012624996935,-0.005720393536399859,0.020094406161396794,6.189473872132095,1.5424833249992334,3.922850420233889
2025-12-19,0.019271621414671092,0.005044633904901508,0.014226987509769584,6.3087550693518235,1.5502645886782698,3.9786607641652507
2025-12-22,0.0007114228140046031,0.01017453687578107,-0.009463114061776468,6.313243261636128,1.5660378129029944,3.9410102435408403
2025-12-23,-0.007072279111377866,0.0014911587585222374,-0.008563437869900103,6.268594243191812,1.5683730239038818,3.9072616471756385
2025-12-24,0.011824038428376094,0.005605772980805002,0.006218265447571092,6.342714342415209,1.5771649670251056,3.9315580372708907
2025-12-25,0.01115676845485547,0.003476369005507518,0.007680399449347952,6.413478537708826,1.5826477744330438,3.9617539734554255
2025-12-26,-0.006840324109585683,0.004062117599566095,-0.010902441709151778,6.369608265841026,1.5890766758114825,3.918561181693827
2025-12-29,0.0021089038927450954,-0.0038223828413673777,0.005931286734112473,6.38304115750812,1.5830026163922435,3.941803291647615
2025-12-30,-0.005951878774361319,0.0029025820539823055,-0.008854460828343624,6.345050070326873,1.5875974113779907,3.9069007488086855
2025-12-31,0.003925282924964302,-0.003109973178946457,0.007035256103910759,6.369956187025971,1.5826600260096404,3.934386796149115
2026-01-05,0.014761787196559295,0.020563307675788955,-0.00580152047922966,6.463988124710254,1.6152047510706489,3.911561370578045
2026-01-06,0.003307485340547256,0.017049459417319612,-0.013741974076772356,6.485367670674205,1.6427431189246897,3.8578087956238574
2026-01-07,-0.005781721410728413,2.670147802863454e-06,-0.005784391558531277,6.447871081556222,1.6427475052916194,3.835493718992023
2026-01-08,0.01772297968502179,-0.00523807941016774,0.02296105909518953,6.562146569746282,1.634142663408047,3.9235607169330273
2026-01-09,0.01025453748957239,0.008942368451718696,0.0013121690378536943,6.629438347757815,1.6487557692069146,3.928709091823926
2026-01-12,0.0183991762747564,0.011392611068004266,0.0070065652067521356,6.751414552520841,1.6675394024316172,3.95623584825415
2026-01-13,-0.0008053795174227663,-0.00796398288942346,0.007158603372000694,6.745977101526611,1.6542591471632124,3.984556971537893
2026-01-14,0.00680896861088498,5.6962817543748656e-05,0.006752005793341231,6.791910247860654,1.6543533784251823,4.011460723293615
2026-01-15,-0.0027017441689658472,0.001276424716175839,-0.003978168885141686,6.773560243952358,1.6564650359666933,3.9955024550602403
2026-01-16,-0.00030816706243297354,-0.0026147000472901416,0.002306532984857168,6.771472855789766,1.6521338767588167,4.004718213263914
2026-01-19,0.01512955149038575,0.002313028728247124,0.012816522762138627,6.873922203027187,1.6559553098786701,4.056044775400162
2026-01-20,0.0023739834149525407,-0.0037372445612614547,0.006111227976213995,6.890240780332848,1.6497665999031341,4.080832189704364
2026-01-21,0.008366350328694372,0.0038499138692706936,0.004516436459423678,6.947886948550169,1.6561180592171607,4.099263008990735
2026-01-22,0.011035790783717747,0.001744685868409812,0.009291104915307935,7.024562375303291,1.6590074649914952,4.137349691682709
2026-01-23,0.010455863050553349,0.003835033740711369,0.00662082930984198,7.098010237489532,1.6653698145958296,4.164742377786467
2026-01-26,-0.005133218290639174,-0.0022133586959838247,-0.0029198595946553496,7.061574601511307,1.661683753834665,4.1525819147954195
2026-01-27,-0.0025787233215358585,0.0012707028534197917,-0.00384942617495565,7.043364754399624,1.663795260122144,4.136596857278959
2026-01-28,-0.009899912838404745,0.0036464525564803285,-0.013546365394885074,6.9736360572419755,1.6698622106018761,4.080561004758925
2026-01-29,-0.006004336081717243,0.002484031645679119,-0.008488367727396362,6.931764002642713,1.6740102011769349,4.045923702416458
2026-01-30,0.007068142419271561,-0.012132866731643488,0.01920100915091505,6.980758697830171,1.6536996584986434,4.12360952045046
2026-02-02,-0.01713883423219209,-0.026712252338277898,0.009573418106085807,6.861116631693127,1.6095256159291036,4.1630865584959675
2026-02-03,0.018482860120292655,0.017295686730303572,0.0011871733899890824,6.987929690665725,1.6373634667666124,4.168028864078435
2026-02-04,0.007025465371086392,0.006302853835775668,0.0007226115353107243,7.037023148723083,1.6476835293736813,4.171040729815126
2026-02-05,-0.0016058341115436914,-0.009610882100631657,0.008005047989087966,7.025722856907141,1.6318478372337182,4.204430111021737
2026-02-06,0.006537095787107594,-0.00408386891244239,0.010620964699549984,7.071650680196414,1.625183584581403,4.249085214812624
2026-02-09,0.018604105067683507,0.017399880443704108,0.0012042246239793997,7.203212412452744,1.65346158465219,4.254202067857688
2026-02-10,0.002251115880403942,0.0006212216487009314,0.0016298942317030107,7.2194276783043385,1.6544887507838713,4.261135967268588
2026-02-11,-0.002140231320385655,-0.0009047877506164204,-0.0012354435697692345,7.203976433071973,1.6529917896286292,4.255871574237914
2026-02-12,-0.008246737852557584,0.004267892077470359,-0.012514629930027943,7.144567127932426,1.6600465801917088,4.202610916456601
2026-02-13,-0.0010557298108765378,-0.013173947643154715,0.012118217832278178,7.137024395429659,1.6381772134590653,4.253539071006532
2026-02-24,0.017111351313614298,0.010443708979205768,0.00666764233440853,7.259148527193692,1.655285859532798,4.281900148187436
2026-02-25,0.0062527524669833134,0.008941453050769432,-0.002688700583786119,7.304538186055301,1.670086520331413,4.27038740075929
2026-02-26,0.0005760472760896196,-0.00032377553977680495,0.0008998228158664245,7.308745945380471,1.6695457871668187,4.274229992775083
2026-02-27,0.00450401159843028,0.0010635054731258364,0.0034405061253044433,7.3416646218884445,1.6713213582491047,4.288935507246185
2026-03-02,-0.03156408301125824,0.0026825007303323822,-0.03424658374159062,7.10993171032234,1.675804679013228,4.142054118234997
2026-03-03,-0.02933778173412982,-0.023740715318196215,-0.005597066415933605,6.901342085660335,1.6360198771998737,4.118870766236844
2026-03-04,-0.008052954522516309,-0.009260406354367201,0.001207451831850892,6.845765891700185,1.620869668333181,4.123844104288694
2026-03-05,0.017586829440234153,0.009063187276693307,0.008523642163540845,6.966161208825288,1.6355599136883963,4.158994275771879
2026-03-06,0.02699525453090712,0.0037398281806040323,0.023255426350303088,7.154214503760858,1.6416766267446745,4.255713460843424
2026-03-09,-0.007150544994973473,-0.009657841500433362,0.0025072965054598884,7.103057971048025,1.6258215740886084,4.266383796332035
2026-03-10,0.023723838007034814,0.013712785075598477,0.010011052931436337,7.271569767707746,1.6481161159053568,4.309094790342938
2026-03-11,-0.004754277398436146,0.004252068009961141,-0.009006345408397287,7.236998707909981,1.6551240177184994,4.270285594263584
2026-03-12,-0.011140354719632706,-0.004072495240424301,-0.007067859479208405,7.1563759751983405,1.6483835330340288,4.240103815747241
2026-03-13,-0.002022523542869914,-0.006957993553562858,0.004935470010692944,7.141902036306873,1.636914091037379,4.261030720972086
2026-03-16,0.004442367361295885,-0.0015517057212691698,0.0059940730825650546,7.173628988810536,1.6343740820770902,4.286571650520648
2026-03-17,-0.021208387722601363,-0.011151274847205017,-0.010057112875396346,7.021487883837749,1.6161487274847002,4.243461115582888
2026-03-18,0.01637114970670739,0.006081612009962489,0.0102895376967449,7.136437713147889,1.6259775169956567,4.287124368696349
2026-03-19,-0.028366084332399844,-0.019260690580017892,-0.009105393752381952,6.934004919143818,1.5946600671507376,4.248088413253937
2026-03-20,-0.03464310518896885,-0.006757896242466255,-0.027885208946502593,6.693789457349091,1.5838835198749286,4.129629580227134
2026-03-23,-0.06266842348523038,-0.03502886547886597,-0.027639558006364418,6.274300224914968,1.528401877123037,4.015488443899648
2026-03-24,0.04596659858021379,0.015137952830057033,0.030828645750156758,6.562708464725379,1.551538752644296,4.139280514650479
2026-03-25,0.018902459859234888,0.01638494052448114,0.0025175193347537483,6.686759798047711,1.5769606228278006,4.149701233378081
2026-03-26,-0.018621897923880693,-0.014044532140509935,-0.004577365783370757,6.562239639646958,1.554812948676177,4.130706532941204
2026-03-27,0.01772898800746825,0.0075423068538187366,0.010186681153649513,6.678581507520391,1.5665398250353835,4.172784723331573
2026-03-30,0.008122729730553724,-0.0010974207618954512,0.009220150492449175,6.732829820089454,1.5648206717070536,4.211258426453283
2026-03-31,-0.012302346571062328,-0.011682305773849211,-0.0006200407972131172,6.65000021423873,1.5465399581389316,4.208647274421275
2026-04-01,0.014450082262586372,0.0171807035551359,-0.002730621292549529,6.746093264380697,1.573110602695889,4.19715505256091
2026-04-02,-0.021619487196688714,-0.012759539150887123,-0.008859948045801591,6.600246187423751,1.5530384363721152,4.159968476855046
2026-04-03,-0.030062395206169157,-0.00872011966790387,-0.021342275538265287,6.401826978079407,1.5394957553580961,4.071185283391508
2026-04-07,0.02513490631434112,0.0013230220275406435,0.023811884286800478,6.562736299414054,1.5415325421537402,4.168127876269752
2026-04-08,0.040565653319452055,0.03899220138310877,0.0015734519363432842,6.8289579849630675,1.6016402894760144,4.174686225147595
2026-04-09,-0.020351421086175048,-0.006232177975885489,-0.014119243110289559,6.689978985431287,1.591658582138651,4.115742815425559
2026-04-10,0.01225686180109653,0.013563516848010826,-0.0013066550469142957,6.771977133307958,1.6132470701337698,4.110364959303982
2026-04-13,-0.00032414023823978955,0.001421082614244451,-0.0017452228524842406,6.7697820630266135,1.6155396274976177,4.103191456444954
2026-04-14,0.003698651088886562,0.012802958233471218,-0.009104307144584656,6.7948211248255515,1.6362233138729874,4.065834741152443
2026-04-15,-0.008980809012264723,-0.004005281336163624,-0.004975527676101099,6.733798134030992,1.6296697791721362,4.045605067871386
2026-04-16,0.020227097584918363,0.012650090877543096,0.007577006707375267,6.870003326005178,1.6502852499790492,4.076258644606039
2026-04-17,-0.005649335457318938,-8.890366746894252e-06,-0.005640445090572044,6.831192372623678,1.6502705783379399,4.053266731546169
2026-04-20,0.0074498643234388595,0.006985232419624676,0.0004646319038141833,6.882083828967035,1.661798101882899,4.055150008584314
2026-04-21,-0.0031191136786526963,0.0009003529871567384,-0.004019466665809435,6.860617827158469,1.6632943067679806,4.038850468299953
2026-04-22,-0.0005089733410277297,0.00839706915551175,-0.008906042496539479,6.857125955581466,1.6772611040878804,4.002880294392105
2026-04-23,-0.013196662187434649,-0.00475181156446991,-0.008444850622964739,6.7666347807689675,1.66929107537684,3.969076568244354
2026-04-24,0.0068409430472953225,-0.004161252357099188,0.01100219540439451,6.812924943926055,1.6623447339547435,4.012745124223182
2026-04-27,0.0221653146320151,0.0020070213902732004,0.020158293241741898,6.96393556887248,1.6656810953937986,4.093635217141642
2026-04-28,-0.006383359937291999,-0.005188298287923332,-0.0011950616493686672,6.919482261556257,1.6570390450183408,4.088743070687132
2026-04-29,0.01751980582791446,0.012643242956082323,0.004876562871832135,7.040710247208421,1.6779893922522222,4.108682083338105
2026-04-30,0.009648992462753858,-0.00020822349393789796,0.009857215956691756,7.108646007316168,1.6776399954381767,4.149182249930959
2026-05-06,0.003873507667089937,0.01855306103147636,-0.014679553364386422,7.136181402128136,1.708765352662387,4.088274107674533
2026-05-07,0.0013630320209452318,0.007060877530168375,-0.005697845509223143,7.145908245886511,1.720830735545331,4.064979753409646
2026-05-08,0.012843551583102908,-0.004227003565938192,0.0170705551490411,7.237687087050674,1.7135567778898049,4.134371214469961
2026-05-11,0.004394744947185947,0.01650384116019432,-0.012109096213008375,7.269494875805804,1.7418370467710727,4.084307715653652
2026-05-12,-0.01985935308663933,-0.0023173903442444965,-0.017541962742394834,7.125127410305661,1.737800530417638,4.012660941877179
2026-05-13,0.0028670030292170523,0.011586448729093979,-0.008719445699876927,7.145555172174565,1.7579354671647143,3.9776727626824644
2026-05-14,-0.01226718461009979,-0.01998278497288508,0.007715600362785291,7.057899327735846,1.7228070207281534,4.008362896093259
2026-05-15,-0.006792222829547834,-0.012419935249350367,0.005627712419802533,7.009960502793349,1.7014098690835835,4.030920809746679
2026-05-18,0.006306736325101481,-0.0032113069867418798,0.00951804331184336,7.054170475333843,1.6959461196836838,4.069287288600458
2026-05-19,0.006569407113540482,0.005343022222919824,0.0012263848906206576,7.1005121930346276,1.7050075974900283,4.074277801046793
2026-05-20,-0.01332728581875875,0.000637748030002605,-0.013965033848761355,7.005881637578473,1.706094962726467,4.017380373645917
2026-05-21,-0.03292761706338787,-0.01784148573193567,-0.015086131331452202,6.7751946498248685,1.6756556937916554,3.956773645720696
2026-05-22,0.01931380397022564,0.014608310571363026,0.004705493398862615,6.9060494311517076,1.7001341925772366,3.9753922179914283
2026-05-25,-0.00938489144045851,0.015502759411995637,-0.024887650852454146,6.841236906957908,1.726490963932869,3.8764540444684945
2026-05-26,-0.020232048035132233,0.0022792038766090705,-0.022511251911741303,6.702824673236616,1.7304259888307953,3.789190210949176
2026-05-27,-0.02562525624773171,-0.009953823809530471,-0.015671432438201238,6.5310630734013095,1.713201633422541,3.7298081725627923
2026-05-28,0.0047165760787430955,0.0019608620412159272,0.0027557140375271683,6.561867329262077,1.7165609854744683,3.740086457301207
2026-05-29,-0.025223332455992398,-0.010029728974564,-0.015193603481428397,6.396355168083985,1.699344344021849,3.683261066682712
2026-06-01,0.02981518824519891,-0.009904642041613565,0.039719830286812474,6.58706370150356,1.682512946588872,3.829559571153373
2026-06-02,-0.02380065691640465,0.01202210835980222,-0.03582276527620687,6.430287258257571,1.7027402995495335,3.6923741575246947
2026-06-03,-0.011943892090105046,0.004922857117223511,-0.016866749207328557,6.353484601136565,1.7111226467519542,3.6300958086301045
2026-06-04,-0.016117588144391348,-0.005140412198245126,-0.010977175946146223,6.251081753053714,1.702326771025897,3.5902476082374037
2026-06-05,0.014832822474148744,-0.01641821904043561,0.031251041514584355,6.34380293896815,1.6743775972207962,3.702446585290068
2026-06-08,-0.029809092458715547,-0.02524740356116595,-0.004561688897549598,6.154699930620577,1.6321039103099872,3.6855571758081798
2026-06-09,0.007891556138657219,0.020953466212167315,-0.013061910073510097,6.203270090639659,1.6663021444494137,3.6374167594069933
2026-06-10,-0.013301949803370627,-0.011831893382519776,-0.0014700564208508515,6.12075450327722,1.6465866351332241,3.6320695515445167
2026-06-11,-0.012997159613534093,-0.004941378711993405,-0.008055780901540688,6.0412020800428685,1.6384502269869239,3.6028103950181167
2026-06-12,0.016063370133625687,0.010819353719014435,0.005244016414611252,6.1382441451066265,1.656177199543695,3.621703591868324
2026-06-15,0.0018778942419572786,0.027519352234411265,-0.025641457992453986,6.14977111844245,1.7017541232605387,3.5288378313563125
2026-06-16,0.004404126891712545,0.0021994553890345436,0.0022046715026780017,6.176855490803059,1.7054970555377558,3.536617759560676
2026-06-17,-0.02001952849523203,0.010859889747105056,-0.030879418242337087,6.053197756293997,1.724018565524908,3.4274090605999246
2026-06-18,-0.002379588424254453,0.0029786370895106273,-0.00535822551376508,6.038793636983397,1.7291537911671855,3.4090442299253083
2026-06-22,0.009245210014118488,0.02352057803467189,-0.014275368020553403,6.094623552389231,1.769824487846282,3.3603788689447804
2026-06-23,0.010842361462791272,-0.025659500930133583,0.036501862392924855,6.160703663923876,1.7244116747542173,3.483038956007096
2026-06-24,-0.03153823520927712,0.008436012846506413,-0.039974248055783534,5.966405942716389,1.7389588337951096,3.3438070927917107
2026-06-25,-0.024353858561565578,0.01422482604504749,-0.03857868460661307,5.82110093626659,1.7636952207053438,3.2148074135735434
2026-06-26,-0.02768229224866292,-0.029120575097911883,0.0014382828492489619,5.659959518939893,1.7123354015809655,3.2194312159401246
2026-06-29,0.0016991339098570979,0.012466561916677499,-0.010767428006820401,5.669576548086942,1.7336823368868934,3.184766222099579
2026-06-30,0.003339064551658444,0.014387469893056615,-0.011048405341398171,5.688507630161573,1.7586256393129776,3.1495796339602293
2026-07-01,0.02826588269894037,-0.003012135495009116,0.031278018193949486,5.8492983195677475,1.7533284206023698,3.2480922430545296
2026-07-02,-0.003906403075626397,-0.03172590967262179,0.02781950659699539,5.826448602621932,1.6977024815038984,3.338452566637835
2026-07-03,0.021744094449990703,0.006113854196921231,0.01563024025306947,5.9531394513453595,1.7080819869455646,3.3906333823278607
2026-07-06,-0.013671027015924486,-0.0030903753479096796,-0.010580651668014807,5.8717539210764516,1.7028033724808993,3.354758271575507
2026-07-07,-0.03241645607789012,-0.012018489409751587,-0.020397966668138534,5.681412467993698,1.6823382481818483,3.2863280241722475
2026-07-08,-0.009896059586892325,-0.009434663708605573,-0.0004613958782867522,5.625188871672719,1.6664659525661278,3.284811725967196
2026-07-09,-0.003503995036856389,0.027055556155602067,-0.030559551192458456,5.6054782377849985,1.7115531157271795,3.1844293538699135
2026-07-10,0.02510128693069169,-0.018917434740528094,0.044018721671219785,5.746182955415388,1.679174921355463,3.3246038632795756
2026-07-13,-0.040917000574968165,-0.02494873076497295,-0.015968269809995217,5.511066384124784,1.6372816383352709,3.271515691779375
2026-07-14,0.020496386824058188,0.020263168153911604,0.00023321867014658437,5.624023332546869,1.6704581514881702,3.2722786703183755
2026-07-15,0.014203102629309683,-0.0057414589584243725,0.019944561587734055,5.703901913128665,1.6608672845696355,3.337542833790769
2026-07-16,0.010939200604062727,-0.01984764469273581,0.030786845296798537,5.766298040382277,1.6279029808237084,3.440295248686124
2026-07-17,-0.040903292289616755,-0.0413425691749697,0.00043927688535294607,5.530437466207476,1.560601289228865,3.4418064908676613
2026-07-20,-0.039182168973061815,0.007541082115771314,-0.04672325108883313,5.313742930911583,1.5723699117009184,3.280994101995676
2026-07-21,0.036695488800860376,0.03637986882280564,0.0003156199780547375,5.5087333251235,1.6295725228295244,3.282029649282146
2026-07-22,-0.015822643923269264,-0.005074372460609378,-0.010748271462659886,5.421570599251824,1.6213034648971125,3.246753503663163
2026-07-23,0.02789765460957816,0.0010789176231233988,0.02681873698645476,5.572819703271195,1.6230527177778211,3.333827331937756
2026-07-24,-0.025077006631921472,-0.019159433252869063,-0.00591757337905241,5.433070066613761,1.5919559475656693,3.314099164067924
2026-07-27,0.043237819751868134,0.015001356763408635,0.0282364629884595,5.667984170853277,1.6158374466867322,3.4076776024542124
2026-07-28,-0.018894675693813645,-0.030292041384121116,0.01139736569030747,5.560889448107335,1.5668904318816852,3.446516150244053
2026-07-29,0.0073972143303489,0.007827340185127873,-0.00043012585477897325,5.60202453922236,1.5791550163248451,3.44503371453892
2026-07-30,-0.035730159470381606,-0.015644778905361645,-0.02008538056501996,5.401863309078954,1.5544494852371502,3.3758389013230814
2026-07-31,0.04020934330667303,0.012842950107024631,0.027366393199648398,5.619068685369431,1.574413202419941,3.468223436075358
2026-08-03,0.018655745488786568,-0.010021360225787812,0.02867710571457438,5.723896600647693,1.5586354405742546,3.5676820461934557
2026-08-04,0.04329826779871393,0.01623396504506225,0.02706430275365168,5.971731408514685,1.5839382738345322,3.6642388732204028
2026-08-05,0.03741356073864166,0.016198085568809972,0.021215475169831688,6.195155144282004,1.6095950415298172,3.7419774420515424
2026-08-06,0.018337889926315354,-0.00037663272117050006,0.018714522647485854,6.308761217394293,1.6089888153693432,3.8120067636371973
2026-08-07,0.02509371023634177,0.011973875079094087,0.013119835157247683,6.4670714433338565,1.6282546464482353,3.8620196639944306
2026-08-10,0.006869565625353902,0.0029117421191369175,0.003957823506216984,6.511497415017691,1.632995704082979,3.87730485620206
2026-08-11,-0.0018607755639111767,-0.008067242551159315,0.006206466987248138,6.499380979743355,1.6198219316531404,3.901369220791575
2026-08-12,0.023086372027622204,0.006895701027921586,0.016190670999700618,6.649428106990962,1.6309917394122908,3.9645350062937696
2026-08-13,-0.015116916361672339,-0.006794595520465352,-0.008322320841206987,6.548909258444627,1.619909810245764,3.9315408739851962
2026-08-14,0.015461326735921821,0.0010540752065713033,0.014407251529350518,6.650164084253342,1.6216173170136257,3.9881835722546235
2026-08-17,0.03325750006969308,0.018366964517149365,0.014890535552543716,6.8713319167488685,1.6514015047356099,4.047569761527352
2026-08-18,-6.235998358927741e-05,-0.0025867218608131015,0.002524361877223824,6.8709034206033035,1.6471297883623306,4.057787292328755
2026-08-19,-0.05921179670758547,-0.034297156684993224,-0.02491464002259225,6.464064884065087,1.590637919930348,3.956688982652135
2026-08-20,0.02044750779824156,0.0029836443003807833,0.017463863497860777,6.596238901190348,1.5953838176941177,4.025788058948661
2026-08-21,0.006928952271062272,0.004271922126042327,0.002657030145019945,6.6419439257052195,1.6021991731244551,4.036484699178749
2026-08-24,-0.015709254861709487,-0.013546126272920067,-0.0021631285887894203,6.537603935799133,1.580495580810943,4.027753263727745
2026-08-25,0.019026538368701607,-0.00198740984904322,0.021013948217744827,6.66199190792299,1.57735448832727,4.112392262245573
2026-08-26,-0.003075537157700148,0.008301376073595268,-0.011376913231295416,6.641502704265875,1.5904487011362483,4.065605932304954
2026-08-27,0.018706977941004732,0.012410363284816706,0.0062966146561880265,6.7657451488497,1.6101867473032139,4.09120548620459
2026-08-28,-6.269615364740133e-05,-0.00506341646612174,0.005000720312474338,6.765320962652308,1.6020337012133878,4.11166446058196
2026-08-31,0.022300552072320068,0.004472096767310418,0.01782845530500965,6.916191355065894,1.6091981509497066,4.1849690866466425
2026-09-01,-0.014581819387716521,-0.005373697615471573,-0.009208121772244948,6.815340701875437,1.6005508066831269,4.146433381683719
2026-09-02,-0.004674728109108406,-0.014499608386871476,0.00982488027776307,6.783480837123229,1.5773434467829304,4.1871715932384825
2026-09-03,-0.0007883193486537543,0.0016605553333532974,-0.0024488746820070517,6.778133287928103,1.5799627128560156,4.176917734734582
2026-09-04,-0.013842993256610425,-0.004336785197739612,-0.009506208058870813,6.684303634530908,1.5731107539499212,4.137211085703408
2026-09-07,0.019033613061006704,0.008097626498071442,0.010935986562935263,6.811530083492849,1.5858492172755072,4.182455570544687
